[2026-03-28T18:01:35.164+0000] {processor.py:161} INFO - Started process (PID=162) to work on /opt/airflow/dags/config.py
[2026-03-28T18:01:35.177+0000] {processor.py:830} INFO - Processing file /opt/airflow/dags/config.py for tasks to queue
[2026-03-28T18:01:35.191+0000] {logging_mixin.py:188} INFO - [2026-03-28T18:01:35.190+0000] {dagbag.py:545} INFO - Filling up the DagBag from /opt/airflow/dags/config.py
[2026-03-28T18:01:35.202+0000] {processor.py:842} WARNING - No viable dags retrieved from /opt/airflow/dags/config.py
[2026-03-28T18:01:35.334+0000] {processor.py:183} INFO - Processing /opt/airflow/dags/config.py took 0.333 seconds
[2026-03-28T18:02:05.725+0000] {processor.py:161} INFO - Started process (PID=170) to work on /opt/airflow/dags/config.py
[2026-03-28T18:02:05.734+0000] {processor.py:830} INFO - Processing file /opt/airflow/dags/config.py for tasks to queue
[2026-03-28T18:02:05.752+0000] {logging_mixin.py:188} INFO - [2026-03-28T18:02:05.751+0000] {dagbag.py:545} INFO - Filling up the DagBag from /opt/airflow/dags/config.py
[2026-03-28T18:02:05.792+0000] {processor.py:842} WARNING - No viable dags retrieved from /opt/airflow/dags/config.py
[2026-03-28T18:02:05.945+0000] {processor.py:183} INFO - Processing /opt/airflow/dags/config.py took 0.248 seconds
[2026-03-28T18:02:36.381+0000] {processor.py:161} INFO - Started process (PID=180) to work on /opt/airflow/dags/config.py
[2026-03-28T18:02:36.383+0000] {processor.py:830} INFO - Processing file /opt/airflow/dags/config.py for tasks to queue
[2026-03-28T18:02:36.396+0000] {logging_mixin.py:188} INFO - [2026-03-28T18:02:36.392+0000] {dagbag.py:545} INFO - Filling up the DagBag from /opt/airflow/dags/config.py
[2026-03-28T18:02:36.401+0000] {processor.py:842} WARNING - No viable dags retrieved from /opt/airflow/dags/config.py
[2026-03-28T18:02:36.488+0000] {processor.py:183} INFO - Processing /opt/airflow/dags/config.py took 0.136 seconds
[2026-03-28T18:03:06.884+0000] {processor.py:161} INFO - Started process (PID=190) to work on /opt/airflow/dags/config.py
[2026-03-28T18:03:06.887+0000] {processor.py:830} INFO - Processing file /opt/airflow/dags/config.py for tasks to queue
[2026-03-28T18:03:06.902+0000] {logging_mixin.py:188} INFO - [2026-03-28T18:03:06.901+0000] {dagbag.py:545} INFO - Filling up the DagBag from /opt/airflow/dags/config.py
[2026-03-28T18:03:06.907+0000] {processor.py:842} WARNING - No viable dags retrieved from /opt/airflow/dags/config.py
[2026-03-28T18:03:06.960+0000] {processor.py:183} INFO - Processing /opt/airflow/dags/config.py took 0.097 seconds
[2026-03-28T18:03:37.704+0000] {processor.py:161} INFO - Started process (PID=202) to work on /opt/airflow/dags/config.py
[2026-03-28T18:03:37.722+0000] {processor.py:830} INFO - Processing file /opt/airflow/dags/config.py for tasks to queue
[2026-03-28T18:03:37.793+0000] {logging_mixin.py:188} INFO - [2026-03-28T18:03:37.783+0000] {dagbag.py:545} INFO - Filling up the DagBag from /opt/airflow/dags/config.py
[2026-03-28T18:03:37.843+0000] {processor.py:842} WARNING - No viable dags retrieved from /opt/airflow/dags/config.py
[2026-03-28T18:03:38.325+0000] {processor.py:183} INFO - Processing /opt/airflow/dags/config.py took 0.765 seconds
[2026-03-28T18:04:09.173+0000] {processor.py:161} INFO - Started process (PID=213) to work on /opt/airflow/dags/config.py
[2026-03-28T18:04:09.176+0000] {processor.py:830} INFO - Processing file /opt/airflow/dags/config.py for tasks to queue
[2026-03-28T18:04:09.247+0000] {logging_mixin.py:188} INFO - [2026-03-28T18:04:09.242+0000] {dagbag.py:545} INFO - Filling up the DagBag from /opt/airflow/dags/config.py
[2026-03-28T18:04:09.337+0000] {processor.py:842} WARNING - No viable dags retrieved from /opt/airflow/dags/config.py
[2026-03-28T18:04:09.463+0000] {processor.py:183} INFO - Processing /opt/airflow/dags/config.py took 0.305 seconds
[2026-03-28T18:04:39.904+0000] {processor.py:161} INFO - Started process (PID=223) to work on /opt/airflow/dags/config.py
[2026-03-28T18:04:39.910+0000] {processor.py:830} INFO - Processing file /opt/airflow/dags/config.py for tasks to queue
[2026-03-28T18:04:39.917+0000] {logging_mixin.py:188} INFO - [2026-03-28T18:04:39.917+0000] {dagbag.py:545} INFO - Filling up the DagBag from /opt/airflow/dags/config.py
[2026-03-28T18:04:39.921+0000] {processor.py:842} WARNING - No viable dags retrieved from /opt/airflow/dags/config.py
[2026-03-28T18:04:40.018+0000] {processor.py:183} INFO - Processing /opt/airflow/dags/config.py took 0.134 seconds
[2026-03-28T18:05:10.407+0000] {processor.py:161} INFO - Started process (PID=233) to work on /opt/airflow/dags/config.py
[2026-03-28T18:05:10.410+0000] {processor.py:830} INFO - Processing file /opt/airflow/dags/config.py for tasks to queue
[2026-03-28T18:05:10.413+0000] {logging_mixin.py:188} INFO - [2026-03-28T18:05:10.413+0000] {dagbag.py:545} INFO - Filling up the DagBag from /opt/airflow/dags/config.py
[2026-03-28T18:05:10.417+0000] {processor.py:842} WARNING - No viable dags retrieved from /opt/airflow/dags/config.py
[2026-03-28T18:05:10.450+0000] {processor.py:183} INFO - Processing /opt/airflow/dags/config.py took 0.058 seconds
[2026-03-28T18:05:41.245+0000] {processor.py:161} INFO - Started process (PID=242) to work on /opt/airflow/dags/config.py
[2026-03-28T18:05:41.260+0000] {processor.py:830} INFO - Processing file /opt/airflow/dags/config.py for tasks to queue
[2026-03-28T18:05:41.291+0000] {logging_mixin.py:188} INFO - [2026-03-28T18:05:41.284+0000] {dagbag.py:545} INFO - Filling up the DagBag from /opt/airflow/dags/config.py
[2026-03-28T18:05:41.330+0000] {processor.py:842} WARNING - No viable dags retrieved from /opt/airflow/dags/config.py
[2026-03-28T18:05:41.483+0000] {processor.py:183} INFO - Processing /opt/airflow/dags/config.py took 0.490 seconds
[2026-03-28T18:06:11.885+0000] {processor.py:161} INFO - Started process (PID=253) to work on /opt/airflow/dags/config.py
[2026-03-28T18:06:11.890+0000] {processor.py:830} INFO - Processing file /opt/airflow/dags/config.py for tasks to queue
[2026-03-28T18:06:11.897+0000] {logging_mixin.py:188} INFO - [2026-03-28T18:06:11.894+0000] {dagbag.py:545} INFO - Filling up the DagBag from /opt/airflow/dags/config.py
[2026-03-28T18:06:11.901+0000] {processor.py:842} WARNING - No viable dags retrieved from /opt/airflow/dags/config.py
[2026-03-28T18:06:11.924+0000] {processor.py:183} INFO - Processing /opt/airflow/dags/config.py took 0.065 seconds
[2026-03-28T18:06:42.397+0000] {processor.py:161} INFO - Started process (PID=263) to work on /opt/airflow/dags/config.py
[2026-03-28T18:06:42.398+0000] {processor.py:830} INFO - Processing file /opt/airflow/dags/config.py for tasks to queue
[2026-03-28T18:06:42.400+0000] {logging_mixin.py:188} INFO - [2026-03-28T18:06:42.400+0000] {dagbag.py:545} INFO - Filling up the DagBag from /opt/airflow/dags/config.py
[2026-03-28T18:06:42.405+0000] {processor.py:842} WARNING - No viable dags retrieved from /opt/airflow/dags/config.py
[2026-03-28T18:06:42.474+0000] {processor.py:183} INFO - Processing /opt/airflow/dags/config.py took 0.094 seconds
[2026-03-28T18:07:12.903+0000] {processor.py:161} INFO - Started process (PID=273) to work on /opt/airflow/dags/config.py
[2026-03-28T18:07:12.904+0000] {processor.py:830} INFO - Processing file /opt/airflow/dags/config.py for tasks to queue
[2026-03-28T18:07:12.909+0000] {logging_mixin.py:188} INFO - [2026-03-28T18:07:12.908+0000] {dagbag.py:545} INFO - Filling up the DagBag from /opt/airflow/dags/config.py
[2026-03-28T18:07:12.913+0000] {processor.py:842} WARNING - No viable dags retrieved from /opt/airflow/dags/config.py
[2026-03-28T18:07:12.981+0000] {processor.py:183} INFO - Processing /opt/airflow/dags/config.py took 0.089 seconds
[2026-03-28T18:07:43.336+0000] {processor.py:161} INFO - Started process (PID=283) to work on /opt/airflow/dags/config.py
[2026-03-28T18:07:43.338+0000] {processor.py:830} INFO - Processing file /opt/airflow/dags/config.py for tasks to queue
[2026-03-28T18:07:43.347+0000] {logging_mixin.py:188} INFO - [2026-03-28T18:07:43.345+0000] {dagbag.py:545} INFO - Filling up the DagBag from /opt/airflow/dags/config.py
[2026-03-28T18:07:43.351+0000] {processor.py:842} WARNING - No viable dags retrieved from /opt/airflow/dags/config.py
[2026-03-28T18:07:43.381+0000] {processor.py:183} INFO - Processing /opt/airflow/dags/config.py took 0.058 seconds
[2026-03-28T18:08:13.776+0000] {processor.py:161} INFO - Started process (PID=293) to work on /opt/airflow/dags/config.py
[2026-03-28T18:08:13.783+0000] {processor.py:830} INFO - Processing file /opt/airflow/dags/config.py for tasks to queue
[2026-03-28T18:08:13.792+0000] {logging_mixin.py:188} INFO - [2026-03-28T18:08:13.791+0000] {dagbag.py:545} INFO - Filling up the DagBag from /opt/airflow/dags/config.py
[2026-03-28T18:08:13.808+0000] {processor.py:842} WARNING - No viable dags retrieved from /opt/airflow/dags/config.py
[2026-03-28T18:08:13.872+0000] {processor.py:183} INFO - Processing /opt/airflow/dags/config.py took 0.130 seconds
[2026-03-28T18:08:44.322+0000] {processor.py:161} INFO - Started process (PID=302) to work on /opt/airflow/dags/config.py
[2026-03-28T18:08:44.327+0000] {processor.py:830} INFO - Processing file /opt/airflow/dags/config.py for tasks to queue
[2026-03-28T18:08:44.369+0000] {logging_mixin.py:188} INFO - [2026-03-28T18:08:44.364+0000] {dagbag.py:545} INFO - Filling up the DagBag from /opt/airflow/dags/config.py
[2026-03-28T18:08:44.413+0000] {processor.py:842} WARNING - No viable dags retrieved from /opt/airflow/dags/config.py
[2026-03-28T18:08:44.558+0000] {processor.py:183} INFO - Processing /opt/airflow/dags/config.py took 0.300 seconds
[2026-03-28T18:09:15.059+0000] {processor.py:161} INFO - Started process (PID=310) to work on /opt/airflow/dags/config.py
[2026-03-28T18:09:15.064+0000] {processor.py:830} INFO - Processing file /opt/airflow/dags/config.py for tasks to queue
[2026-03-28T18:09:15.078+0000] {logging_mixin.py:188} INFO - [2026-03-28T18:09:15.077+0000] {dagbag.py:545} INFO - Filling up the DagBag from /opt/airflow/dags/config.py
[2026-03-28T18:09:15.092+0000] {processor.py:842} WARNING - No viable dags retrieved from /opt/airflow/dags/config.py
[2026-03-28T18:09:15.206+0000] {processor.py:183} INFO - Processing /opt/airflow/dags/config.py took 0.232 seconds
[2026-03-28T18:09:45.643+0000] {processor.py:161} INFO - Started process (PID=320) to work on /opt/airflow/dags/config.py
[2026-03-28T18:09:45.645+0000] {processor.py:830} INFO - Processing file /opt/airflow/dags/config.py for tasks to queue
[2026-03-28T18:09:45.648+0000] {logging_mixin.py:188} INFO - [2026-03-28T18:09:45.647+0000] {dagbag.py:545} INFO - Filling up the DagBag from /opt/airflow/dags/config.py
[2026-03-28T18:09:45.652+0000] {processor.py:842} WARNING - No viable dags retrieved from /opt/airflow/dags/config.py
[2026-03-28T18:09:45.692+0000] {processor.py:183} INFO - Processing /opt/airflow/dags/config.py took 0.057 seconds
[2026-03-28T18:10:16.235+0000] {processor.py:161} INFO - Started process (PID=331) to work on /opt/airflow/dags/config.py
[2026-03-28T18:10:16.240+0000] {processor.py:830} INFO - Processing file /opt/airflow/dags/config.py for tasks to queue
[2026-03-28T18:10:16.255+0000] {logging_mixin.py:188} INFO - [2026-03-28T18:10:16.252+0000] {dagbag.py:545} INFO - Filling up the DagBag from /opt/airflow/dags/config.py
[2026-03-28T18:10:16.268+0000] {processor.py:842} WARNING - No viable dags retrieved from /opt/airflow/dags/config.py
[2026-03-28T18:10:16.346+0000] {processor.py:183} INFO - Processing /opt/airflow/dags/config.py took 0.152 seconds
[2026-03-28T18:10:46.718+0000] {processor.py:161} INFO - Started process (PID=343) to work on /opt/airflow/dags/config.py
[2026-03-28T18:10:46.720+0000] {processor.py:830} INFO - Processing file /opt/airflow/dags/config.py for tasks to queue
[2026-03-28T18:10:46.722+0000] {logging_mixin.py:188} INFO - [2026-03-28T18:10:46.722+0000] {dagbag.py:545} INFO - Filling up the DagBag from /opt/airflow/dags/config.py
[2026-03-28T18:10:46.726+0000] {processor.py:842} WARNING - No viable dags retrieved from /opt/airflow/dags/config.py
[2026-03-28T18:10:46.750+0000] {processor.py:183} INFO - Processing /opt/airflow/dags/config.py took 0.041 seconds
[2026-03-28T18:11:17.093+0000] {processor.py:161} INFO - Started process (PID=353) to work on /opt/airflow/dags/config.py
[2026-03-28T18:11:17.095+0000] {processor.py:830} INFO - Processing file /opt/airflow/dags/config.py for tasks to queue
[2026-03-28T18:11:17.097+0000] {logging_mixin.py:188} INFO - [2026-03-28T18:11:17.097+0000] {dagbag.py:545} INFO - Filling up the DagBag from /opt/airflow/dags/config.py
[2026-03-28T18:11:17.100+0000] {processor.py:842} WARNING - No viable dags retrieved from /opt/airflow/dags/config.py
[2026-03-28T18:11:17.123+0000] {processor.py:183} INFO - Processing /opt/airflow/dags/config.py took 0.038 seconds
[2026-03-28T18:11:47.645+0000] {processor.py:161} INFO - Started process (PID=366) to work on /opt/airflow/dags/config.py
[2026-03-28T18:11:47.649+0000] {processor.py:830} INFO - Processing file /opt/airflow/dags/config.py for tasks to queue
[2026-03-28T18:11:47.659+0000] {logging_mixin.py:188} INFO - [2026-03-28T18:11:47.657+0000] {dagbag.py:545} INFO - Filling up the DagBag from /opt/airflow/dags/config.py
[2026-03-28T18:11:47.670+0000] {processor.py:842} WARNING - No viable dags retrieved from /opt/airflow/dags/config.py
[2026-03-28T18:11:47.740+0000] {processor.py:183} INFO - Processing /opt/airflow/dags/config.py took 0.133 seconds
[2026-03-28T18:12:18.169+0000] {processor.py:161} INFO - Started process (PID=383) to work on /opt/airflow/dags/config.py
[2026-03-28T18:12:18.171+0000] {processor.py:830} INFO - Processing file /opt/airflow/dags/config.py for tasks to queue
[2026-03-28T18:12:18.173+0000] {logging_mixin.py:188} INFO - [2026-03-28T18:12:18.173+0000] {dagbag.py:545} INFO - Filling up the DagBag from /opt/airflow/dags/config.py
[2026-03-28T18:12:18.176+0000] {processor.py:842} WARNING - No viable dags retrieved from /opt/airflow/dags/config.py
[2026-03-28T18:12:18.225+0000] {processor.py:183} INFO - Processing /opt/airflow/dags/config.py took 0.066 seconds
[2026-03-28T18:12:48.625+0000] {processor.py:161} INFO - Started process (PID=398) to work on /opt/airflow/dags/config.py
[2026-03-28T18:12:48.627+0000] {processor.py:830} INFO - Processing file /opt/airflow/dags/config.py for tasks to queue
[2026-03-28T18:12:48.630+0000] {logging_mixin.py:188} INFO - [2026-03-28T18:12:48.629+0000] {dagbag.py:545} INFO - Filling up the DagBag from /opt/airflow/dags/config.py
[2026-03-28T18:12:48.632+0000] {processor.py:842} WARNING - No viable dags retrieved from /opt/airflow/dags/config.py
[2026-03-28T18:12:48.660+0000] {processor.py:183} INFO - Processing /opt/airflow/dags/config.py took 0.042 seconds
[2026-03-28T18:13:19.056+0000] {processor.py:161} INFO - Started process (PID=413) to work on /opt/airflow/dags/config.py
[2026-03-28T18:13:19.058+0000] {processor.py:830} INFO - Processing file /opt/airflow/dags/config.py for tasks to queue
[2026-03-28T18:13:19.060+0000] {logging_mixin.py:188} INFO - [2026-03-28T18:13:19.060+0000] {dagbag.py:545} INFO - Filling up the DagBag from /opt/airflow/dags/config.py
[2026-03-28T18:13:19.062+0000] {processor.py:842} WARNING - No viable dags retrieved from /opt/airflow/dags/config.py
[2026-03-28T18:13:19.083+0000] {processor.py:183} INFO - Processing /opt/airflow/dags/config.py took 0.040 seconds
[2026-03-28T18:13:49.480+0000] {processor.py:161} INFO - Started process (PID=428) to work on /opt/airflow/dags/config.py
[2026-03-28T18:13:49.481+0000] {processor.py:830} INFO - Processing file /opt/airflow/dags/config.py for tasks to queue
[2026-03-28T18:13:49.483+0000] {logging_mixin.py:188} INFO - [2026-03-28T18:13:49.483+0000] {dagbag.py:545} INFO - Filling up the DagBag from /opt/airflow/dags/config.py
[2026-03-28T18:13:49.485+0000] {processor.py:842} WARNING - No viable dags retrieved from /opt/airflow/dags/config.py
[2026-03-28T18:13:49.516+0000] {processor.py:183} INFO - Processing /opt/airflow/dags/config.py took 0.044 seconds
[2026-03-28T18:14:19.919+0000] {processor.py:161} INFO - Started process (PID=443) to work on /opt/airflow/dags/config.py
[2026-03-28T18:14:19.931+0000] {processor.py:830} INFO - Processing file /opt/airflow/dags/config.py for tasks to queue
[2026-03-28T18:14:19.933+0000] {logging_mixin.py:188} INFO - [2026-03-28T18:14:19.933+0000] {dagbag.py:545} INFO - Filling up the DagBag from /opt/airflow/dags/config.py
[2026-03-28T18:14:19.935+0000] {processor.py:842} WARNING - No viable dags retrieved from /opt/airflow/dags/config.py
[2026-03-28T18:14:19.970+0000] {processor.py:183} INFO - Processing /opt/airflow/dags/config.py took 0.057 seconds
[2026-03-28T18:14:50.432+0000] {processor.py:161} INFO - Started process (PID=458) to work on /opt/airflow/dags/config.py
[2026-03-28T18:14:50.433+0000] {processor.py:830} INFO - Processing file /opt/airflow/dags/config.py for tasks to queue
[2026-03-28T18:14:50.436+0000] {logging_mixin.py:188} INFO - [2026-03-28T18:14:50.435+0000] {dagbag.py:545} INFO - Filling up the DagBag from /opt/airflow/dags/config.py
[2026-03-28T18:14:50.438+0000] {processor.py:842} WARNING - No viable dags retrieved from /opt/airflow/dags/config.py
[2026-03-28T18:14:50.511+0000] {processor.py:183} INFO - Processing /opt/airflow/dags/config.py took 0.086 seconds
[2026-03-28T18:15:20.957+0000] {processor.py:161} INFO - Started process (PID=473) to work on /opt/airflow/dags/config.py
[2026-03-28T18:15:20.958+0000] {processor.py:830} INFO - Processing file /opt/airflow/dags/config.py for tasks to queue
[2026-03-28T18:15:20.962+0000] {logging_mixin.py:188} INFO - [2026-03-28T18:15:20.962+0000] {dagbag.py:545} INFO - Filling up the DagBag from /opt/airflow/dags/config.py
[2026-03-28T18:15:20.964+0000] {processor.py:842} WARNING - No viable dags retrieved from /opt/airflow/dags/config.py
[2026-03-28T18:15:20.985+0000] {processor.py:183} INFO - Processing /opt/airflow/dags/config.py took 0.036 seconds
[2026-03-28T18:15:51.044+0000] {processor.py:161} INFO - Started process (PID=495) to work on /opt/airflow/dags/config.py
[2026-03-28T18:15:51.045+0000] {processor.py:830} INFO - Processing file /opt/airflow/dags/config.py for tasks to queue
[2026-03-28T18:15:51.047+0000] {logging_mixin.py:188} INFO - [2026-03-28T18:15:51.046+0000] {dagbag.py:545} INFO - Filling up the DagBag from /opt/airflow/dags/config.py
[2026-03-28T18:15:51.049+0000] {processor.py:842} WARNING - No viable dags retrieved from /opt/airflow/dags/config.py
[2026-03-28T18:15:51.081+0000] {processor.py:183} INFO - Processing /opt/airflow/dags/config.py took 0.046 seconds
[2026-03-28T18:16:21.557+0000] {processor.py:161} INFO - Started process (PID=518) to work on /opt/airflow/dags/config.py
[2026-03-28T18:16:21.559+0000] {processor.py:830} INFO - Processing file /opt/airflow/dags/config.py for tasks to queue
[2026-03-28T18:16:21.561+0000] {logging_mixin.py:188} INFO - [2026-03-28T18:16:21.561+0000] {dagbag.py:545} INFO - Filling up the DagBag from /opt/airflow/dags/config.py
[2026-03-28T18:16:21.563+0000] {processor.py:842} WARNING - No viable dags retrieved from /opt/airflow/dags/config.py
[2026-03-28T18:16:21.585+0000] {processor.py:183} INFO - Processing /opt/airflow/dags/config.py took 0.038 seconds
[2026-03-28T18:16:52.037+0000] {processor.py:161} INFO - Started process (PID=533) to work on /opt/airflow/dags/config.py
[2026-03-28T18:16:52.038+0000] {processor.py:830} INFO - Processing file /opt/airflow/dags/config.py for tasks to queue
[2026-03-28T18:16:52.040+0000] {logging_mixin.py:188} INFO - [2026-03-28T18:16:52.040+0000] {dagbag.py:545} INFO - Filling up the DagBag from /opt/airflow/dags/config.py
[2026-03-28T18:16:52.042+0000] {processor.py:842} WARNING - No viable dags retrieved from /opt/airflow/dags/config.py
[2026-03-28T18:16:52.061+0000] {processor.py:183} INFO - Processing /opt/airflow/dags/config.py took 0.034 seconds
[2026-03-28T18:17:22.856+0000] {processor.py:161} INFO - Started process (PID=548) to work on /opt/airflow/dags/config.py
[2026-03-28T18:17:22.866+0000] {processor.py:830} INFO - Processing file /opt/airflow/dags/config.py for tasks to queue
[2026-03-28T18:17:22.874+0000] {logging_mixin.py:188} INFO - [2026-03-28T18:17:22.873+0000] {dagbag.py:545} INFO - Filling up the DagBag from /opt/airflow/dags/config.py
[2026-03-28T18:17:22.910+0000] {processor.py:842} WARNING - No viable dags retrieved from /opt/airflow/dags/config.py
[2026-03-28T18:17:23.331+0000] {processor.py:183} INFO - Processing /opt/airflow/dags/config.py took 0.511 seconds
[2026-03-28T18:17:53.920+0000] {processor.py:161} INFO - Started process (PID=563) to work on /opt/airflow/dags/config.py
[2026-03-28T18:17:53.923+0000] {processor.py:830} INFO - Processing file /opt/airflow/dags/config.py for tasks to queue
[2026-03-28T18:17:53.925+0000] {logging_mixin.py:188} INFO - [2026-03-28T18:17:53.924+0000] {dagbag.py:545} INFO - Filling up the DagBag from /opt/airflow/dags/config.py
[2026-03-28T18:17:53.933+0000] {processor.py:842} WARNING - No viable dags retrieved from /opt/airflow/dags/config.py
[2026-03-28T18:17:53.988+0000] {processor.py:183} INFO - Processing /opt/airflow/dags/config.py took 0.078 seconds
[2026-03-28T18:18:24.488+0000] {processor.py:161} INFO - Started process (PID=578) to work on /opt/airflow/dags/config.py
[2026-03-28T18:18:24.492+0000] {processor.py:830} INFO - Processing file /opt/airflow/dags/config.py for tasks to queue
[2026-03-28T18:18:24.495+0000] {logging_mixin.py:188} INFO - [2026-03-28T18:18:24.494+0000] {dagbag.py:545} INFO - Filling up the DagBag from /opt/airflow/dags/config.py
[2026-03-28T18:18:24.507+0000] {processor.py:842} WARNING - No viable dags retrieved from /opt/airflow/dags/config.py
[2026-03-28T18:18:24.562+0000] {processor.py:183} INFO - Processing /opt/airflow/dags/config.py took 0.086 seconds
[2026-03-28T18:18:55.003+0000] {processor.py:161} INFO - Started process (PID=593) to work on /opt/airflow/dags/config.py
[2026-03-28T18:18:55.004+0000] {processor.py:830} INFO - Processing file /opt/airflow/dags/config.py for tasks to queue
[2026-03-28T18:18:55.006+0000] {logging_mixin.py:188} INFO - [2026-03-28T18:18:55.005+0000] {dagbag.py:545} INFO - Filling up the DagBag from /opt/airflow/dags/config.py
[2026-03-28T18:18:55.009+0000] {processor.py:842} WARNING - No viable dags retrieved from /opt/airflow/dags/config.py
[2026-03-28T18:18:55.039+0000] {processor.py:183} INFO - Processing /opt/airflow/dags/config.py took 0.047 seconds
[2026-03-28T18:19:25.476+0000] {processor.py:161} INFO - Started process (PID=608) to work on /opt/airflow/dags/config.py
[2026-03-28T18:19:25.478+0000] {processor.py:830} INFO - Processing file /opt/airflow/dags/config.py for tasks to queue
[2026-03-28T18:19:25.479+0000] {logging_mixin.py:188} INFO - [2026-03-28T18:19:25.479+0000] {dagbag.py:545} INFO - Filling up the DagBag from /opt/airflow/dags/config.py
[2026-03-28T18:19:25.483+0000] {processor.py:842} WARNING - No viable dags retrieved from /opt/airflow/dags/config.py
[2026-03-28T18:19:25.517+0000] {processor.py:183} INFO - Processing /opt/airflow/dags/config.py took 0.056 seconds
[2026-03-28T18:19:55.879+0000] {processor.py:161} INFO - Started process (PID=623) to work on /opt/airflow/dags/config.py
[2026-03-28T18:19:55.881+0000] {processor.py:830} INFO - Processing file /opt/airflow/dags/config.py for tasks to queue
[2026-03-28T18:19:55.883+0000] {logging_mixin.py:188} INFO - [2026-03-28T18:19:55.882+0000] {dagbag.py:545} INFO - Filling up the DagBag from /opt/airflow/dags/config.py
[2026-03-28T18:19:55.886+0000] {processor.py:842} WARNING - No viable dags retrieved from /opt/airflow/dags/config.py
[2026-03-28T18:19:55.926+0000] {processor.py:183} INFO - Processing /opt/airflow/dags/config.py took 0.057 seconds
[2026-03-28T18:20:26.321+0000] {processor.py:161} INFO - Started process (PID=638) to work on /opt/airflow/dags/config.py
[2026-03-28T18:20:26.323+0000] {processor.py:830} INFO - Processing file /opt/airflow/dags/config.py for tasks to queue
[2026-03-28T18:20:26.324+0000] {logging_mixin.py:188} INFO - [2026-03-28T18:20:26.324+0000] {dagbag.py:545} INFO - Filling up the DagBag from /opt/airflow/dags/config.py
[2026-03-28T18:20:26.327+0000] {processor.py:842} WARNING - No viable dags retrieved from /opt/airflow/dags/config.py
[2026-03-28T18:20:26.351+0000] {processor.py:183} INFO - Processing /opt/airflow/dags/config.py took 0.040 seconds
[2026-03-28T18:20:56.779+0000] {processor.py:161} INFO - Started process (PID=653) to work on /opt/airflow/dags/config.py
[2026-03-28T18:20:56.783+0000] {processor.py:830} INFO - Processing file /opt/airflow/dags/config.py for tasks to queue
[2026-03-28T18:20:56.785+0000] {logging_mixin.py:188} INFO - [2026-03-28T18:20:56.784+0000] {dagbag.py:545} INFO - Filling up the DagBag from /opt/airflow/dags/config.py
[2026-03-28T18:20:56.787+0000] {processor.py:842} WARNING - No viable dags retrieved from /opt/airflow/dags/config.py
[2026-03-28T18:20:56.835+0000] {processor.py:183} INFO - Processing /opt/airflow/dags/config.py took 0.063 seconds
[2026-03-28T18:21:27.254+0000] {processor.py:161} INFO - Started process (PID=668) to work on /opt/airflow/dags/config.py
[2026-03-28T18:21:27.258+0000] {processor.py:830} INFO - Processing file /opt/airflow/dags/config.py for tasks to queue
[2026-03-28T18:21:27.260+0000] {logging_mixin.py:188} INFO - [2026-03-28T18:21:27.259+0000] {dagbag.py:545} INFO - Filling up the DagBag from /opt/airflow/dags/config.py
[2026-03-28T18:21:27.263+0000] {processor.py:842} WARNING - No viable dags retrieved from /opt/airflow/dags/config.py
[2026-03-28T18:21:27.300+0000] {processor.py:183} INFO - Processing /opt/airflow/dags/config.py took 0.056 seconds
[2026-03-28T18:21:57.728+0000] {processor.py:161} INFO - Started process (PID=683) to work on /opt/airflow/dags/config.py
[2026-03-28T18:21:57.729+0000] {processor.py:830} INFO - Processing file /opt/airflow/dags/config.py for tasks to queue
[2026-03-28T18:21:57.730+0000] {logging_mixin.py:188} INFO - [2026-03-28T18:21:57.730+0000] {dagbag.py:545} INFO - Filling up the DagBag from /opt/airflow/dags/config.py
[2026-03-28T18:21:57.736+0000] {processor.py:842} WARNING - No viable dags retrieved from /opt/airflow/dags/config.py
[2026-03-28T18:21:57.761+0000] {processor.py:183} INFO - Processing /opt/airflow/dags/config.py took 0.040 seconds
[2026-03-28T18:22:28.186+0000] {processor.py:161} INFO - Started process (PID=696) to work on /opt/airflow/dags/config.py
[2026-03-28T18:22:28.187+0000] {processor.py:830} INFO - Processing file /opt/airflow/dags/config.py for tasks to queue
[2026-03-28T18:22:28.188+0000] {logging_mixin.py:188} INFO - [2026-03-28T18:22:28.188+0000] {dagbag.py:545} INFO - Filling up the DagBag from /opt/airflow/dags/config.py
[2026-03-28T18:22:28.191+0000] {processor.py:842} WARNING - No viable dags retrieved from /opt/airflow/dags/config.py
[2026-03-28T18:22:28.217+0000] {processor.py:183} INFO - Processing /opt/airflow/dags/config.py took 0.038 seconds
[2026-03-28T18:22:58.624+0000] {processor.py:161} INFO - Started process (PID=713) to work on /opt/airflow/dags/config.py
[2026-03-28T18:22:58.625+0000] {processor.py:830} INFO - Processing file /opt/airflow/dags/config.py for tasks to queue
[2026-03-28T18:22:58.626+0000] {logging_mixin.py:188} INFO - [2026-03-28T18:22:58.626+0000] {dagbag.py:545} INFO - Filling up the DagBag from /opt/airflow/dags/config.py
[2026-03-28T18:22:58.628+0000] {processor.py:842} WARNING - No viable dags retrieved from /opt/airflow/dags/config.py
[2026-03-28T18:22:58.650+0000] {processor.py:183} INFO - Processing /opt/airflow/dags/config.py took 0.034 seconds
[2026-03-28T18:23:29.089+0000] {processor.py:161} INFO - Started process (PID=728) to work on /opt/airflow/dags/config.py
[2026-03-28T18:23:29.091+0000] {processor.py:830} INFO - Processing file /opt/airflow/dags/config.py for tasks to queue
[2026-03-28T18:23:29.093+0000] {logging_mixin.py:188} INFO - [2026-03-28T18:23:29.092+0000] {dagbag.py:545} INFO - Filling up the DagBag from /opt/airflow/dags/config.py
[2026-03-28T18:23:29.095+0000] {processor.py:842} WARNING - No viable dags retrieved from /opt/airflow/dags/config.py
[2026-03-28T18:23:29.120+0000] {processor.py:183} INFO - Processing /opt/airflow/dags/config.py took 0.039 seconds
[2026-03-28T18:23:59.581+0000] {processor.py:161} INFO - Started process (PID=743) to work on /opt/airflow/dags/config.py
[2026-03-28T18:23:59.582+0000] {processor.py:830} INFO - Processing file /opt/airflow/dags/config.py for tasks to queue
[2026-03-28T18:23:59.583+0000] {logging_mixin.py:188} INFO - [2026-03-28T18:23:59.582+0000] {dagbag.py:545} INFO - Filling up the DagBag from /opt/airflow/dags/config.py
[2026-03-28T18:23:59.585+0000] {processor.py:842} WARNING - No viable dags retrieved from /opt/airflow/dags/config.py
[2026-03-28T18:23:59.613+0000] {processor.py:183} INFO - Processing /opt/airflow/dags/config.py took 0.040 seconds
[2026-03-28T18:24:30.053+0000] {processor.py:161} INFO - Started process (PID=758) to work on /opt/airflow/dags/config.py
[2026-03-28T18:24:30.055+0000] {processor.py:830} INFO - Processing file /opt/airflow/dags/config.py for tasks to queue
[2026-03-28T18:24:30.056+0000] {logging_mixin.py:188} INFO - [2026-03-28T18:24:30.056+0000] {dagbag.py:545} INFO - Filling up the DagBag from /opt/airflow/dags/config.py
[2026-03-28T18:24:30.059+0000] {processor.py:842} WARNING - No viable dags retrieved from /opt/airflow/dags/config.py
[2026-03-28T18:24:30.089+0000] {processor.py:183} INFO - Processing /opt/airflow/dags/config.py took 0.045 seconds
[2026-03-28T18:25:00.507+0000] {processor.py:161} INFO - Started process (PID=773) to work on /opt/airflow/dags/config.py
[2026-03-28T18:25:00.508+0000] {processor.py:830} INFO - Processing file /opt/airflow/dags/config.py for tasks to queue
[2026-03-28T18:25:00.509+0000] {logging_mixin.py:188} INFO - [2026-03-28T18:25:00.509+0000] {dagbag.py:545} INFO - Filling up the DagBag from /opt/airflow/dags/config.py
[2026-03-28T18:25:00.512+0000] {processor.py:842} WARNING - No viable dags retrieved from /opt/airflow/dags/config.py
[2026-03-28T18:25:00.536+0000] {processor.py:183} INFO - Processing /opt/airflow/dags/config.py took 0.036 seconds
[2026-03-28T18:25:30.943+0000] {processor.py:161} INFO - Started process (PID=788) to work on /opt/airflow/dags/config.py
[2026-03-28T18:25:30.944+0000] {processor.py:830} INFO - Processing file /opt/airflow/dags/config.py for tasks to queue
[2026-03-28T18:25:30.946+0000] {logging_mixin.py:188} INFO - [2026-03-28T18:25:30.946+0000] {dagbag.py:545} INFO - Filling up the DagBag from /opt/airflow/dags/config.py
[2026-03-28T18:25:30.948+0000] {processor.py:842} WARNING - No viable dags retrieved from /opt/airflow/dags/config.py
[2026-03-28T18:25:30.981+0000] {processor.py:183} INFO - Processing /opt/airflow/dags/config.py took 0.047 seconds
[2026-03-28T18:26:01.351+0000] {processor.py:161} INFO - Started process (PID=803) to work on /opt/airflow/dags/config.py
[2026-03-28T18:26:01.352+0000] {processor.py:830} INFO - Processing file /opt/airflow/dags/config.py for tasks to queue
[2026-03-28T18:26:01.353+0000] {logging_mixin.py:188} INFO - [2026-03-28T18:26:01.353+0000] {dagbag.py:545} INFO - Filling up the DagBag from /opt/airflow/dags/config.py
[2026-03-28T18:26:01.355+0000] {processor.py:842} WARNING - No viable dags retrieved from /opt/airflow/dags/config.py
[2026-03-28T18:26:01.376+0000] {processor.py:183} INFO - Processing /opt/airflow/dags/config.py took 0.034 seconds
[2026-03-28T18:26:31.773+0000] {processor.py:161} INFO - Started process (PID=818) to work on /opt/airflow/dags/config.py
[2026-03-28T18:26:31.775+0000] {processor.py:830} INFO - Processing file /opt/airflow/dags/config.py for tasks to queue
[2026-03-28T18:26:31.776+0000] {logging_mixin.py:188} INFO - [2026-03-28T18:26:31.775+0000] {dagbag.py:545} INFO - Filling up the DagBag from /opt/airflow/dags/config.py
[2026-03-28T18:26:31.779+0000] {processor.py:842} WARNING - No viable dags retrieved from /opt/airflow/dags/config.py
[2026-03-28T18:26:31.801+0000] {processor.py:183} INFO - Processing /opt/airflow/dags/config.py took 0.036 seconds
[2026-03-28T18:27:02.180+0000] {processor.py:161} INFO - Started process (PID=833) to work on /opt/airflow/dags/config.py
[2026-03-28T18:27:02.182+0000] {processor.py:830} INFO - Processing file /opt/airflow/dags/config.py for tasks to queue
[2026-03-28T18:27:02.183+0000] {logging_mixin.py:188} INFO - [2026-03-28T18:27:02.182+0000] {dagbag.py:545} INFO - Filling up the DagBag from /opt/airflow/dags/config.py
[2026-03-28T18:27:02.185+0000] {processor.py:842} WARNING - No viable dags retrieved from /opt/airflow/dags/config.py
[2026-03-28T18:27:02.208+0000] {processor.py:183} INFO - Processing /opt/airflow/dags/config.py took 0.035 seconds
[2026-03-28T18:27:32.623+0000] {processor.py:161} INFO - Started process (PID=848) to work on /opt/airflow/dags/config.py
[2026-03-28T18:27:32.625+0000] {processor.py:830} INFO - Processing file /opt/airflow/dags/config.py for tasks to queue
[2026-03-28T18:27:32.629+0000] {logging_mixin.py:188} INFO - [2026-03-28T18:27:32.628+0000] {dagbag.py:545} INFO - Filling up the DagBag from /opt/airflow/dags/config.py
[2026-03-28T18:27:32.634+0000] {processor.py:842} WARNING - No viable dags retrieved from /opt/airflow/dags/config.py
[2026-03-28T18:27:32.657+0000] {processor.py:183} INFO - Processing /opt/airflow/dags/config.py took 0.040 seconds
[2026-03-28T18:28:03.044+0000] {processor.py:161} INFO - Started process (PID=863) to work on /opt/airflow/dags/config.py
[2026-03-28T18:28:03.046+0000] {processor.py:830} INFO - Processing file /opt/airflow/dags/config.py for tasks to queue
[2026-03-28T18:28:03.047+0000] {logging_mixin.py:188} INFO - [2026-03-28T18:28:03.047+0000] {dagbag.py:545} INFO - Filling up the DagBag from /opt/airflow/dags/config.py
[2026-03-28T18:28:03.050+0000] {processor.py:842} WARNING - No viable dags retrieved from /opt/airflow/dags/config.py
[2026-03-28T18:28:03.074+0000] {processor.py:183} INFO - Processing /opt/airflow/dags/config.py took 0.038 seconds
[2026-03-28T18:28:33.502+0000] {processor.py:161} INFO - Started process (PID=878) to work on /opt/airflow/dags/config.py
[2026-03-28T18:28:33.504+0000] {processor.py:830} INFO - Processing file /opt/airflow/dags/config.py for tasks to queue
[2026-03-28T18:28:33.506+0000] {logging_mixin.py:188} INFO - [2026-03-28T18:28:33.505+0000] {dagbag.py:545} INFO - Filling up the DagBag from /opt/airflow/dags/config.py
[2026-03-28T18:28:33.509+0000] {processor.py:842} WARNING - No viable dags retrieved from /opt/airflow/dags/config.py
[2026-03-28T18:28:33.543+0000] {processor.py:183} INFO - Processing /opt/airflow/dags/config.py took 0.051 seconds
[2026-03-28T18:29:03.933+0000] {processor.py:161} INFO - Started process (PID=893) to work on /opt/airflow/dags/config.py
[2026-03-28T18:29:03.934+0000] {processor.py:830} INFO - Processing file /opt/airflow/dags/config.py for tasks to queue
[2026-03-28T18:29:03.935+0000] {logging_mixin.py:188} INFO - [2026-03-28T18:29:03.935+0000] {dagbag.py:545} INFO - Filling up the DagBag from /opt/airflow/dags/config.py
[2026-03-28T18:29:03.937+0000] {processor.py:842} WARNING - No viable dags retrieved from /opt/airflow/dags/config.py
[2026-03-28T18:29:03.962+0000] {processor.py:183} INFO - Processing /opt/airflow/dags/config.py took 0.037 seconds
[2026-03-28T18:29:34.350+0000] {processor.py:161} INFO - Started process (PID=908) to work on /opt/airflow/dags/config.py
[2026-03-28T18:29:34.351+0000] {processor.py:830} INFO - Processing file /opt/airflow/dags/config.py for tasks to queue
[2026-03-28T18:29:34.352+0000] {logging_mixin.py:188} INFO - [2026-03-28T18:29:34.351+0000] {dagbag.py:545} INFO - Filling up the DagBag from /opt/airflow/dags/config.py
[2026-03-28T18:29:34.354+0000] {processor.py:842} WARNING - No viable dags retrieved from /opt/airflow/dags/config.py
[2026-03-28T18:29:34.375+0000] {processor.py:183} INFO - Processing /opt/airflow/dags/config.py took 0.032 seconds
[2026-03-28T18:30:04.756+0000] {processor.py:161} INFO - Started process (PID=923) to work on /opt/airflow/dags/config.py
[2026-03-28T18:30:04.758+0000] {processor.py:830} INFO - Processing file /opt/airflow/dags/config.py for tasks to queue
[2026-03-28T18:30:04.761+0000] {logging_mixin.py:188} INFO - [2026-03-28T18:30:04.760+0000] {dagbag.py:545} INFO - Filling up the DagBag from /opt/airflow/dags/config.py
[2026-03-28T18:30:04.764+0000] {processor.py:842} WARNING - No viable dags retrieved from /opt/airflow/dags/config.py
[2026-03-28T18:30:04.789+0000] {processor.py:183} INFO - Processing /opt/airflow/dags/config.py took 0.039 seconds
[2026-03-28T18:30:35.186+0000] {processor.py:161} INFO - Started process (PID=938) to work on /opt/airflow/dags/config.py
[2026-03-28T18:30:35.188+0000] {processor.py:830} INFO - Processing file /opt/airflow/dags/config.py for tasks to queue
[2026-03-28T18:30:35.189+0000] {logging_mixin.py:188} INFO - [2026-03-28T18:30:35.189+0000] {dagbag.py:545} INFO - Filling up the DagBag from /opt/airflow/dags/config.py
[2026-03-28T18:30:35.192+0000] {processor.py:842} WARNING - No viable dags retrieved from /opt/airflow/dags/config.py
[2026-03-28T18:30:35.214+0000] {processor.py:183} INFO - Processing /opt/airflow/dags/config.py took 0.039 seconds
[2026-03-28T18:31:05.637+0000] {processor.py:161} INFO - Started process (PID=953) to work on /opt/airflow/dags/config.py
[2026-03-28T18:31:05.638+0000] {processor.py:830} INFO - Processing file /opt/airflow/dags/config.py for tasks to queue
[2026-03-28T18:31:05.639+0000] {logging_mixin.py:188} INFO - [2026-03-28T18:31:05.639+0000] {dagbag.py:545} INFO - Filling up the DagBag from /opt/airflow/dags/config.py
[2026-03-28T18:31:05.643+0000] {processor.py:842} WARNING - No viable dags retrieved from /opt/airflow/dags/config.py
[2026-03-28T18:31:05.686+0000] {processor.py:183} INFO - Processing /opt/airflow/dags/config.py took 0.058 seconds
[2026-03-28T18:31:36.046+0000] {processor.py:161} INFO - Started process (PID=968) to work on /opt/airflow/dags/config.py
[2026-03-28T18:31:36.048+0000] {processor.py:830} INFO - Processing file /opt/airflow/dags/config.py for tasks to queue
[2026-03-28T18:31:36.049+0000] {logging_mixin.py:188} INFO - [2026-03-28T18:31:36.048+0000] {dagbag.py:545} INFO - Filling up the DagBag from /opt/airflow/dags/config.py
[2026-03-28T18:31:36.052+0000] {processor.py:842} WARNING - No viable dags retrieved from /opt/airflow/dags/config.py
[2026-03-28T18:31:36.073+0000] {processor.py:183} INFO - Processing /opt/airflow/dags/config.py took 0.036 seconds
[2026-03-28T18:32:06.580+0000] {processor.py:161} INFO - Started process (PID=983) to work on /opt/airflow/dags/config.py
[2026-03-28T18:32:06.582+0000] {processor.py:830} INFO - Processing file /opt/airflow/dags/config.py for tasks to queue
[2026-03-28T18:32:06.584+0000] {logging_mixin.py:188} INFO - [2026-03-28T18:32:06.583+0000] {dagbag.py:545} INFO - Filling up the DagBag from /opt/airflow/dags/config.py
[2026-03-28T18:32:06.591+0000] {processor.py:842} WARNING - No viable dags retrieved from /opt/airflow/dags/config.py
[2026-03-28T18:32:06.647+0000] {processor.py:183} INFO - Processing /opt/airflow/dags/config.py took 0.082 seconds
[2026-03-28T18:32:37.357+0000] {processor.py:161} INFO - Started process (PID=1008) to work on /opt/airflow/dags/config.py
[2026-03-28T18:32:37.359+0000] {processor.py:830} INFO - Processing file /opt/airflow/dags/config.py for tasks to queue
[2026-03-28T18:32:37.360+0000] {logging_mixin.py:188} INFO - [2026-03-28T18:32:37.360+0000] {dagbag.py:545} INFO - Filling up the DagBag from /opt/airflow/dags/config.py
[2026-03-28T18:32:37.363+0000] {processor.py:842} WARNING - No viable dags retrieved from /opt/airflow/dags/config.py
[2026-03-28T18:32:37.406+0000] {processor.py:183} INFO - Processing /opt/airflow/dags/config.py took 0.067 seconds
[2026-03-28T18:33:08.052+0000] {processor.py:161} INFO - Started process (PID=1038) to work on /opt/airflow/dags/config.py
[2026-03-28T18:33:08.060+0000] {processor.py:830} INFO - Processing file /opt/airflow/dags/config.py for tasks to queue
[2026-03-28T18:33:08.064+0000] {logging_mixin.py:188} INFO - [2026-03-28T18:33:08.062+0000] {dagbag.py:545} INFO - Filling up the DagBag from /opt/airflow/dags/config.py
[2026-03-28T18:33:08.070+0000] {processor.py:842} WARNING - No viable dags retrieved from /opt/airflow/dags/config.py
[2026-03-28T18:33:08.122+0000] {processor.py:183} INFO - Processing /opt/airflow/dags/config.py took 0.124 seconds
[2026-03-28T18:33:38.479+0000] {processor.py:161} INFO - Started process (PID=1053) to work on /opt/airflow/dags/config.py
[2026-03-28T18:33:38.481+0000] {processor.py:830} INFO - Processing file /opt/airflow/dags/config.py for tasks to queue
[2026-03-28T18:33:38.482+0000] {logging_mixin.py:188} INFO - [2026-03-28T18:33:38.481+0000] {dagbag.py:545} INFO - Filling up the DagBag from /opt/airflow/dags/config.py
[2026-03-28T18:33:38.487+0000] {processor.py:842} WARNING - No viable dags retrieved from /opt/airflow/dags/config.py
[2026-03-28T18:33:38.515+0000] {processor.py:183} INFO - Processing /opt/airflow/dags/config.py took 0.050 seconds
[2026-03-28T18:34:08.964+0000] {processor.py:161} INFO - Started process (PID=1073) to work on /opt/airflow/dags/config.py
[2026-03-28T18:34:08.966+0000] {processor.py:830} INFO - Processing file /opt/airflow/dags/config.py for tasks to queue
[2026-03-28T18:34:08.967+0000] {logging_mixin.py:188} INFO - [2026-03-28T18:34:08.966+0000] {dagbag.py:545} INFO - Filling up the DagBag from /opt/airflow/dags/config.py
[2026-03-28T18:34:08.969+0000] {processor.py:842} WARNING - No viable dags retrieved from /opt/airflow/dags/config.py
[2026-03-28T18:34:08.994+0000] {processor.py:183} INFO - Processing /opt/airflow/dags/config.py took 0.038 seconds
[2026-03-28T18:34:39.387+0000] {processor.py:161} INFO - Started process (PID=1088) to work on /opt/airflow/dags/config.py
[2026-03-28T18:34:39.388+0000] {processor.py:830} INFO - Processing file /opt/airflow/dags/config.py for tasks to queue
[2026-03-28T18:34:39.389+0000] {logging_mixin.py:188} INFO - [2026-03-28T18:34:39.389+0000] {dagbag.py:545} INFO - Filling up the DagBag from /opt/airflow/dags/config.py
[2026-03-28T18:34:39.393+0000] {processor.py:842} WARNING - No viable dags retrieved from /opt/airflow/dags/config.py
[2026-03-28T18:34:39.414+0000] {processor.py:183} INFO - Processing /opt/airflow/dags/config.py took 0.034 seconds
[2026-03-28T18:35:09.812+0000] {processor.py:161} INFO - Started process (PID=1103) to work on /opt/airflow/dags/config.py
[2026-03-28T18:35:09.814+0000] {processor.py:830} INFO - Processing file /opt/airflow/dags/config.py for tasks to queue
[2026-03-28T18:35:09.815+0000] {logging_mixin.py:188} INFO - [2026-03-28T18:35:09.814+0000] {dagbag.py:545} INFO - Filling up the DagBag from /opt/airflow/dags/config.py
[2026-03-28T18:35:09.819+0000] {processor.py:842} WARNING - No viable dags retrieved from /opt/airflow/dags/config.py
[2026-03-28T18:35:09.845+0000] {processor.py:183} INFO - Processing /opt/airflow/dags/config.py took 0.040 seconds
[2026-03-28T18:35:40.375+0000] {processor.py:161} INFO - Started process (PID=1128) to work on /opt/airflow/dags/config.py
[2026-03-28T18:35:40.377+0000] {processor.py:830} INFO - Processing file /opt/airflow/dags/config.py for tasks to queue
[2026-03-28T18:35:40.379+0000] {logging_mixin.py:188} INFO - [2026-03-28T18:35:40.378+0000] {dagbag.py:545} INFO - Filling up the DagBag from /opt/airflow/dags/config.py
[2026-03-28T18:35:40.382+0000] {processor.py:842} WARNING - No viable dags retrieved from /opt/airflow/dags/config.py
[2026-03-28T18:35:40.420+0000] {processor.py:183} INFO - Processing /opt/airflow/dags/config.py took 0.065 seconds
[2026-03-28T18:36:11.270+0000] {processor.py:161} INFO - Started process (PID=1143) to work on /opt/airflow/dags/config.py
[2026-03-28T18:36:11.272+0000] {processor.py:830} INFO - Processing file /opt/airflow/dags/config.py for tasks to queue
[2026-03-28T18:36:11.275+0000] {logging_mixin.py:188} INFO - [2026-03-28T18:36:11.273+0000] {dagbag.py:545} INFO - Filling up the DagBag from /opt/airflow/dags/config.py
[2026-03-28T18:36:11.281+0000] {processor.py:842} WARNING - No viable dags retrieved from /opt/airflow/dags/config.py
[2026-03-28T18:36:11.307+0000] {processor.py:183} INFO - Processing /opt/airflow/dags/config.py took 0.056 seconds
[2026-03-28T18:36:41.822+0000] {processor.py:161} INFO - Started process (PID=1163) to work on /opt/airflow/dags/config.py
[2026-03-28T18:36:41.824+0000] {processor.py:830} INFO - Processing file /opt/airflow/dags/config.py for tasks to queue
[2026-03-28T18:36:41.826+0000] {logging_mixin.py:188} INFO - [2026-03-28T18:36:41.824+0000] {dagbag.py:545} INFO - Filling up the DagBag from /opt/airflow/dags/config.py
[2026-03-28T18:36:41.829+0000] {processor.py:842} WARNING - No viable dags retrieved from /opt/airflow/dags/config.py
[2026-03-28T18:36:41.870+0000] {processor.py:183} INFO - Processing /opt/airflow/dags/config.py took 0.059 seconds
[2026-03-28T18:37:12.322+0000] {processor.py:161} INFO - Started process (PID=1178) to work on /opt/airflow/dags/config.py
[2026-03-28T18:37:12.325+0000] {processor.py:830} INFO - Processing file /opt/airflow/dags/config.py for tasks to queue
[2026-03-28T18:37:12.328+0000] {logging_mixin.py:188} INFO - [2026-03-28T18:37:12.326+0000] {dagbag.py:545} INFO - Filling up the DagBag from /opt/airflow/dags/config.py
[2026-03-28T18:37:12.332+0000] {processor.py:842} WARNING - No viable dags retrieved from /opt/airflow/dags/config.py
[2026-03-28T18:37:12.358+0000] {processor.py:183} INFO - Processing /opt/airflow/dags/config.py took 0.045 seconds
[2026-03-28T18:37:43.045+0000] {processor.py:161} INFO - Started process (PID=1203) to work on /opt/airflow/dags/config.py
[2026-03-28T18:37:43.049+0000] {processor.py:830} INFO - Processing file /opt/airflow/dags/config.py for tasks to queue
[2026-03-28T18:37:43.052+0000] {logging_mixin.py:188} INFO - [2026-03-28T18:37:43.050+0000] {dagbag.py:545} INFO - Filling up the DagBag from /opt/airflow/dags/config.py
[2026-03-28T18:37:43.057+0000] {processor.py:842} WARNING - No viable dags retrieved from /opt/airflow/dags/config.py
[2026-03-28T18:37:43.127+0000] {processor.py:183} INFO - Processing /opt/airflow/dags/config.py took 0.094 seconds
[2026-03-28T18:38:13.589+0000] {processor.py:161} INFO - Started process (PID=1218) to work on /opt/airflow/dags/config.py
[2026-03-28T18:38:13.599+0000] {processor.py:830} INFO - Processing file /opt/airflow/dags/config.py for tasks to queue
[2026-03-28T18:38:13.606+0000] {logging_mixin.py:188} INFO - [2026-03-28T18:38:13.601+0000] {dagbag.py:545} INFO - Filling up the DagBag from /opt/airflow/dags/config.py
[2026-03-28T18:38:13.640+0000] {processor.py:842} WARNING - No viable dags retrieved from /opt/airflow/dags/config.py
[2026-03-28T18:38:13.726+0000] {processor.py:183} INFO - Processing /opt/airflow/dags/config.py took 0.171 seconds
[2026-03-28T18:38:44.147+0000] {processor.py:161} INFO - Started process (PID=1238) to work on /opt/airflow/dags/config.py
[2026-03-28T18:38:44.149+0000] {processor.py:830} INFO - Processing file /opt/airflow/dags/config.py for tasks to queue
[2026-03-28T18:38:44.150+0000] {logging_mixin.py:188} INFO - [2026-03-28T18:38:44.150+0000] {dagbag.py:545} INFO - Filling up the DagBag from /opt/airflow/dags/config.py
[2026-03-28T18:38:44.152+0000] {processor.py:842} WARNING - No viable dags retrieved from /opt/airflow/dags/config.py
[2026-03-28T18:38:44.208+0000] {processor.py:183} INFO - Processing /opt/airflow/dags/config.py took 0.067 seconds
[2026-03-28T18:39:14.836+0000] {processor.py:161} INFO - Started process (PID=1278) to work on /opt/airflow/dags/config.py
[2026-03-28T18:39:14.837+0000] {processor.py:830} INFO - Processing file /opt/airflow/dags/config.py for tasks to queue
[2026-03-28T18:39:14.838+0000] {logging_mixin.py:188} INFO - [2026-03-28T18:39:14.838+0000] {dagbag.py:545} INFO - Filling up the DagBag from /opt/airflow/dags/config.py
[2026-03-28T18:39:14.840+0000] {processor.py:842} WARNING - No viable dags retrieved from /opt/airflow/dags/config.py
[2026-03-28T18:39:14.887+0000] {processor.py:183} INFO - Processing /opt/airflow/dags/config.py took 0.057 seconds
[2026-03-28T18:39:45.235+0000] {processor.py:161} INFO - Started process (PID=1293) to work on /opt/airflow/dags/config.py
[2026-03-28T18:39:45.238+0000] {processor.py:830} INFO - Processing file /opt/airflow/dags/config.py for tasks to queue
[2026-03-28T18:39:45.240+0000] {logging_mixin.py:188} INFO - [2026-03-28T18:39:45.239+0000] {dagbag.py:545} INFO - Filling up the DagBag from /opt/airflow/dags/config.py
[2026-03-28T18:39:45.244+0000] {processor.py:842} WARNING - No viable dags retrieved from /opt/airflow/dags/config.py
[2026-03-28T18:39:45.272+0000] {processor.py:183} INFO - Processing /opt/airflow/dags/config.py took 0.048 seconds
[2026-03-28T18:40:15.759+0000] {processor.py:161} INFO - Started process (PID=1318) to work on /opt/airflow/dags/config.py
[2026-03-28T18:40:15.760+0000] {processor.py:830} INFO - Processing file /opt/airflow/dags/config.py for tasks to queue
[2026-03-28T18:40:15.761+0000] {logging_mixin.py:188} INFO - [2026-03-28T18:40:15.761+0000] {dagbag.py:545} INFO - Filling up the DagBag from /opt/airflow/dags/config.py
[2026-03-28T18:40:15.764+0000] {processor.py:842} WARNING - No viable dags retrieved from /opt/airflow/dags/config.py
[2026-03-28T18:40:15.788+0000] {processor.py:183} INFO - Processing /opt/airflow/dags/config.py took 0.039 seconds
[2026-03-28T18:40:46.226+0000] {processor.py:161} INFO - Started process (PID=1333) to work on /opt/airflow/dags/config.py
[2026-03-28T18:40:46.227+0000] {processor.py:830} INFO - Processing file /opt/airflow/dags/config.py for tasks to queue
[2026-03-28T18:40:46.229+0000] {logging_mixin.py:188} INFO - [2026-03-28T18:40:46.228+0000] {dagbag.py:545} INFO - Filling up the DagBag from /opt/airflow/dags/config.py
[2026-03-28T18:40:46.232+0000] {processor.py:842} WARNING - No viable dags retrieved from /opt/airflow/dags/config.py
[2026-03-28T18:40:46.279+0000] {processor.py:183} INFO - Processing /opt/airflow/dags/config.py took 0.065 seconds
[2026-03-28T18:41:16.718+0000] {processor.py:161} INFO - Started process (PID=1353) to work on /opt/airflow/dags/config.py
[2026-03-28T18:41:16.719+0000] {processor.py:830} INFO - Processing file /opt/airflow/dags/config.py for tasks to queue
[2026-03-28T18:41:16.720+0000] {logging_mixin.py:188} INFO - [2026-03-28T18:41:16.719+0000] {dagbag.py:545} INFO - Filling up the DagBag from /opt/airflow/dags/config.py
[2026-03-28T18:41:16.722+0000] {processor.py:842} WARNING - No viable dags retrieved from /opt/airflow/dags/config.py
[2026-03-28T18:41:16.765+0000] {processor.py:183} INFO - Processing /opt/airflow/dags/config.py took 0.056 seconds
[2026-03-28T18:41:47.207+0000] {processor.py:161} INFO - Started process (PID=1368) to work on /opt/airflow/dags/config.py
[2026-03-28T18:41:47.209+0000] {processor.py:830} INFO - Processing file /opt/airflow/dags/config.py for tasks to queue
[2026-03-28T18:41:47.210+0000] {logging_mixin.py:188} INFO - [2026-03-28T18:41:47.209+0000] {dagbag.py:545} INFO - Filling up the DagBag from /opt/airflow/dags/config.py
[2026-03-28T18:41:47.213+0000] {processor.py:842} WARNING - No viable dags retrieved from /opt/airflow/dags/config.py
[2026-03-28T18:41:47.237+0000] {processor.py:183} INFO - Processing /opt/airflow/dags/config.py took 0.038 seconds
[2026-03-28T18:42:17.619+0000] {processor.py:161} INFO - Started process (PID=1383) to work on /opt/airflow/dags/config.py
[2026-03-28T18:42:17.621+0000] {processor.py:830} INFO - Processing file /opt/airflow/dags/config.py for tasks to queue
[2026-03-28T18:42:17.623+0000] {logging_mixin.py:188} INFO - [2026-03-28T18:42:17.622+0000] {dagbag.py:545} INFO - Filling up the DagBag from /opt/airflow/dags/config.py
[2026-03-28T18:42:17.628+0000] {processor.py:842} WARNING - No viable dags retrieved from /opt/airflow/dags/config.py
[2026-03-28T18:42:17.654+0000] {processor.py:183} INFO - Processing /opt/airflow/dags/config.py took 0.042 seconds
[2026-03-28T18:42:48.076+0000] {processor.py:161} INFO - Started process (PID=1398) to work on /opt/airflow/dags/config.py
[2026-03-28T18:42:48.081+0000] {processor.py:830} INFO - Processing file /opt/airflow/dags/config.py for tasks to queue
[2026-03-28T18:42:48.083+0000] {logging_mixin.py:188} INFO - [2026-03-28T18:42:48.082+0000] {dagbag.py:545} INFO - Filling up the DagBag from /opt/airflow/dags/config.py
[2026-03-28T18:42:48.087+0000] {processor.py:842} WARNING - No viable dags retrieved from /opt/airflow/dags/config.py
[2026-03-28T18:42:48.121+0000] {processor.py:183} INFO - Processing /opt/airflow/dags/config.py took 0.058 seconds
[2026-03-28T18:43:18.543+0000] {processor.py:161} INFO - Started process (PID=1416) to work on /opt/airflow/dags/config.py
[2026-03-28T18:43:18.551+0000] {processor.py:830} INFO - Processing file /opt/airflow/dags/config.py for tasks to queue
[2026-03-28T18:43:18.553+0000] {logging_mixin.py:188} INFO - [2026-03-28T18:43:18.552+0000] {dagbag.py:545} INFO - Filling up the DagBag from /opt/airflow/dags/config.py
[2026-03-28T18:43:18.555+0000] {processor.py:842} WARNING - No viable dags retrieved from /opt/airflow/dags/config.py
[2026-03-28T18:43:18.577+0000] {processor.py:183} INFO - Processing /opt/airflow/dags/config.py took 0.040 seconds
[2026-03-28T18:43:48.969+0000] {processor.py:161} INFO - Started process (PID=1431) to work on /opt/airflow/dags/config.py
[2026-03-28T18:43:48.970+0000] {processor.py:830} INFO - Processing file /opt/airflow/dags/config.py for tasks to queue
[2026-03-28T18:43:48.972+0000] {logging_mixin.py:188} INFO - [2026-03-28T18:43:48.971+0000] {dagbag.py:545} INFO - Filling up the DagBag from /opt/airflow/dags/config.py
[2026-03-28T18:43:48.974+0000] {processor.py:842} WARNING - No viable dags retrieved from /opt/airflow/dags/config.py
[2026-03-28T18:43:48.999+0000] {processor.py:183} INFO - Processing /opt/airflow/dags/config.py took 0.039 seconds
[2026-03-28T18:44:19.411+0000] {processor.py:161} INFO - Started process (PID=1451) to work on /opt/airflow/dags/config.py
[2026-03-28T18:44:19.424+0000] {processor.py:830} INFO - Processing file /opt/airflow/dags/config.py for tasks to queue
[2026-03-28T18:44:19.429+0000] {logging_mixin.py:188} INFO - [2026-03-28T18:44:19.428+0000] {dagbag.py:545} INFO - Filling up the DagBag from /opt/airflow/dags/config.py
[2026-03-28T18:44:19.434+0000] {processor.py:842} WARNING - No viable dags retrieved from /opt/airflow/dags/config.py
[2026-03-28T18:44:19.473+0000] {processor.py:183} INFO - Processing /opt/airflow/dags/config.py took 0.073 seconds
[2026-03-28T18:44:50.128+0000] {processor.py:161} INFO - Started process (PID=1481) to work on /opt/airflow/dags/config.py
[2026-03-28T18:44:50.134+0000] {processor.py:830} INFO - Processing file /opt/airflow/dags/config.py for tasks to queue
[2026-03-28T18:44:50.140+0000] {logging_mixin.py:188} INFO - [2026-03-28T18:44:50.139+0000] {dagbag.py:545} INFO - Filling up the DagBag from /opt/airflow/dags/config.py
[2026-03-28T18:44:50.149+0000] {processor.py:842} WARNING - No viable dags retrieved from /opt/airflow/dags/config.py
[2026-03-28T18:44:50.199+0000] {processor.py:183} INFO - Processing /opt/airflow/dags/config.py took 0.087 seconds
[2026-03-28T18:45:20.324+0000] {processor.py:161} INFO - Started process (PID=1498) to work on /opt/airflow/dags/config.py
[2026-03-28T18:45:20.326+0000] {processor.py:830} INFO - Processing file /opt/airflow/dags/config.py for tasks to queue
[2026-03-28T18:45:20.333+0000] {logging_mixin.py:188} INFO - [2026-03-28T18:45:20.332+0000] {dagbag.py:545} INFO - Filling up the DagBag from /opt/airflow/dags/config.py
[2026-03-28T18:45:20.336+0000] {processor.py:842} WARNING - No viable dags retrieved from /opt/airflow/dags/config.py
[2026-03-28T18:45:20.359+0000] {processor.py:183} INFO - Processing /opt/airflow/dags/config.py took 0.043 seconds
[2026-03-28T18:45:50.828+0000] {processor.py:161} INFO - Started process (PID=1522) to work on /opt/airflow/dags/config.py
[2026-03-28T18:45:50.829+0000] {processor.py:830} INFO - Processing file /opt/airflow/dags/config.py for tasks to queue
[2026-03-28T18:45:50.830+0000] {logging_mixin.py:188} INFO - [2026-03-28T18:45:50.830+0000] {dagbag.py:545} INFO - Filling up the DagBag from /opt/airflow/dags/config.py
[2026-03-28T18:45:50.835+0000] {processor.py:842} WARNING - No viable dags retrieved from /opt/airflow/dags/config.py
[2026-03-28T18:45:50.859+0000] {processor.py:183} INFO - Processing /opt/airflow/dags/config.py took 0.038 seconds
[2026-03-28T18:46:21.255+0000] {processor.py:161} INFO - Started process (PID=1537) to work on /opt/airflow/dags/config.py
[2026-03-28T18:46:21.257+0000] {processor.py:830} INFO - Processing file /opt/airflow/dags/config.py for tasks to queue
[2026-03-28T18:46:21.258+0000] {logging_mixin.py:188} INFO - [2026-03-28T18:46:21.257+0000] {dagbag.py:545} INFO - Filling up the DagBag from /opt/airflow/dags/config.py
[2026-03-28T18:46:21.261+0000] {processor.py:842} WARNING - No viable dags retrieved from /opt/airflow/dags/config.py
[2026-03-28T18:46:21.285+0000] {processor.py:183} INFO - Processing /opt/airflow/dags/config.py took 0.039 seconds
[2026-03-28T18:46:51.714+0000] {processor.py:161} INFO - Started process (PID=1552) to work on /opt/airflow/dags/config.py
[2026-03-28T18:46:51.716+0000] {processor.py:830} INFO - Processing file /opt/airflow/dags/config.py for tasks to queue
[2026-03-28T18:46:51.717+0000] {logging_mixin.py:188} INFO - [2026-03-28T18:46:51.716+0000] {dagbag.py:545} INFO - Filling up the DagBag from /opt/airflow/dags/config.py
[2026-03-28T18:46:51.720+0000] {processor.py:842} WARNING - No viable dags retrieved from /opt/airflow/dags/config.py
[2026-03-28T18:46:51.796+0000] {processor.py:183} INFO - Processing /opt/airflow/dags/config.py took 0.096 seconds
[2026-03-28T18:47:22.274+0000] {processor.py:161} INFO - Started process (PID=1573) to work on /opt/airflow/dags/config.py
[2026-03-28T18:47:22.277+0000] {processor.py:830} INFO - Processing file /opt/airflow/dags/config.py for tasks to queue
[2026-03-28T18:47:22.279+0000] {logging_mixin.py:188} INFO - [2026-03-28T18:47:22.278+0000] {dagbag.py:545} INFO - Filling up the DagBag from /opt/airflow/dags/config.py
[2026-03-28T18:47:22.284+0000] {processor.py:842} WARNING - No viable dags retrieved from /opt/airflow/dags/config.py
[2026-03-28T18:47:22.309+0000] {processor.py:183} INFO - Processing /opt/airflow/dags/config.py took 0.052 seconds
[2026-03-28T18:47:52.727+0000] {processor.py:161} INFO - Started process (PID=1588) to work on /opt/airflow/dags/config.py
[2026-03-28T18:47:52.741+0000] {processor.py:830} INFO - Processing file /opt/airflow/dags/config.py for tasks to queue
[2026-03-28T18:47:52.748+0000] {logging_mixin.py:188} INFO - [2026-03-28T18:47:52.745+0000] {dagbag.py:545} INFO - Filling up the DagBag from /opt/airflow/dags/config.py
[2026-03-28T18:47:52.751+0000] {processor.py:842} WARNING - No viable dags retrieved from /opt/airflow/dags/config.py
[2026-03-28T18:47:52.860+0000] {processor.py:183} INFO - Processing /opt/airflow/dags/config.py took 0.154 seconds
[2026-03-28T18:48:23.259+0000] {processor.py:161} INFO - Started process (PID=1603) to work on /opt/airflow/dags/config.py
[2026-03-28T18:48:23.262+0000] {processor.py:830} INFO - Processing file /opt/airflow/dags/config.py for tasks to queue
[2026-03-28T18:48:23.263+0000] {logging_mixin.py:188} INFO - [2026-03-28T18:48:23.262+0000] {dagbag.py:545} INFO - Filling up the DagBag from /opt/airflow/dags/config.py
[2026-03-28T18:48:23.265+0000] {processor.py:842} WARNING - No viable dags retrieved from /opt/airflow/dags/config.py
[2026-03-28T18:48:23.290+0000] {processor.py:183} INFO - Processing /opt/airflow/dags/config.py took 0.048 seconds
[2026-03-28T18:51:26.177+0000] {processor.py:161} INFO - Started process (PID=1693) to work on /opt/airflow/dags/config.py
[2026-03-28T18:51:26.179+0000] {processor.py:830} INFO - Processing file /opt/airflow/dags/config.py for tasks to queue
[2026-03-28T18:51:26.180+0000] {logging_mixin.py:188} INFO - [2026-03-28T18:51:26.180+0000] {dagbag.py:545} INFO - Filling up the DagBag from /opt/airflow/dags/config.py
[2026-03-28T18:51:26.183+0000] {processor.py:842} WARNING - No viable dags retrieved from /opt/airflow/dags/config.py
[2026-03-28T18:51:26.211+0000] {processor.py:183} INFO - Processing /opt/airflow/dags/config.py took 0.044 seconds
[2026-03-28T18:51:56.683+0000] {processor.py:161} INFO - Started process (PID=1708) to work on /opt/airflow/dags/config.py
[2026-03-28T18:51:56.685+0000] {processor.py:830} INFO - Processing file /opt/airflow/dags/config.py for tasks to queue
[2026-03-28T18:51:56.687+0000] {logging_mixin.py:188} INFO - [2026-03-28T18:51:56.686+0000] {dagbag.py:545} INFO - Filling up the DagBag from /opt/airflow/dags/config.py
[2026-03-28T18:51:56.691+0000] {processor.py:842} WARNING - No viable dags retrieved from /opt/airflow/dags/config.py
[2026-03-28T18:51:56.722+0000] {processor.py:183} INFO - Processing /opt/airflow/dags/config.py took 0.055 seconds
[2026-03-28T18:52:27.161+0000] {processor.py:161} INFO - Started process (PID=1723) to work on /opt/airflow/dags/config.py
[2026-03-28T18:52:27.164+0000] {processor.py:830} INFO - Processing file /opt/airflow/dags/config.py for tasks to queue
[2026-03-28T18:52:27.166+0000] {logging_mixin.py:188} INFO - [2026-03-28T18:52:27.165+0000] {dagbag.py:545} INFO - Filling up the DagBag from /opt/airflow/dags/config.py
[2026-03-28T18:52:27.170+0000] {processor.py:842} WARNING - No viable dags retrieved from /opt/airflow/dags/config.py
[2026-03-28T18:52:27.198+0000] {processor.py:183} INFO - Processing /opt/airflow/dags/config.py took 0.046 seconds
[2026-03-28T18:52:57.600+0000] {processor.py:161} INFO - Started process (PID=1738) to work on /opt/airflow/dags/config.py
[2026-03-28T18:52:57.601+0000] {processor.py:830} INFO - Processing file /opt/airflow/dags/config.py for tasks to queue
[2026-03-28T18:52:57.602+0000] {logging_mixin.py:188} INFO - [2026-03-28T18:52:57.602+0000] {dagbag.py:545} INFO - Filling up the DagBag from /opt/airflow/dags/config.py
[2026-03-28T18:52:57.604+0000] {processor.py:842} WARNING - No viable dags retrieved from /opt/airflow/dags/config.py
[2026-03-28T18:52:57.628+0000] {processor.py:183} INFO - Processing /opt/airflow/dags/config.py took 0.036 seconds
[2026-03-28T18:53:28.098+0000] {processor.py:161} INFO - Started process (PID=1753) to work on /opt/airflow/dags/config.py
[2026-03-28T18:53:28.100+0000] {processor.py:830} INFO - Processing file /opt/airflow/dags/config.py for tasks to queue
[2026-03-28T18:53:28.101+0000] {logging_mixin.py:188} INFO - [2026-03-28T18:53:28.100+0000] {dagbag.py:545} INFO - Filling up the DagBag from /opt/airflow/dags/config.py
[2026-03-28T18:53:28.104+0000] {processor.py:842} WARNING - No viable dags retrieved from /opt/airflow/dags/config.py
[2026-03-28T18:53:28.133+0000] {processor.py:183} INFO - Processing /opt/airflow/dags/config.py took 0.048 seconds
[2026-03-28T18:53:58.549+0000] {processor.py:161} INFO - Started process (PID=1768) to work on /opt/airflow/dags/config.py
[2026-03-28T18:53:58.550+0000] {processor.py:830} INFO - Processing file /opt/airflow/dags/config.py for tasks to queue
[2026-03-28T18:53:58.552+0000] {logging_mixin.py:188} INFO - [2026-03-28T18:53:58.552+0000] {dagbag.py:545} INFO - Filling up the DagBag from /opt/airflow/dags/config.py
[2026-03-28T18:53:58.555+0000] {processor.py:842} WARNING - No viable dags retrieved from /opt/airflow/dags/config.py
[2026-03-28T18:53:58.609+0000] {processor.py:183} INFO - Processing /opt/airflow/dags/config.py took 0.068 seconds
[2026-03-28T18:54:29.049+0000] {processor.py:161} INFO - Started process (PID=1783) to work on /opt/airflow/dags/config.py
[2026-03-28T18:54:29.051+0000] {processor.py:830} INFO - Processing file /opt/airflow/dags/config.py for tasks to queue
[2026-03-28T18:54:29.053+0000] {logging_mixin.py:188} INFO - [2026-03-28T18:54:29.052+0000] {dagbag.py:545} INFO - Filling up the DagBag from /opt/airflow/dags/config.py
[2026-03-28T18:54:29.055+0000] {processor.py:842} WARNING - No viable dags retrieved from /opt/airflow/dags/config.py
[2026-03-28T18:54:29.080+0000] {processor.py:183} INFO - Processing /opt/airflow/dags/config.py took 0.039 seconds
[2026-03-28T18:54:59.508+0000] {processor.py:161} INFO - Started process (PID=1798) to work on /opt/airflow/dags/config.py
[2026-03-28T18:54:59.510+0000] {processor.py:830} INFO - Processing file /opt/airflow/dags/config.py for tasks to queue
[2026-03-28T18:54:59.510+0000] {logging_mixin.py:188} INFO - [2026-03-28T18:54:59.510+0000] {dagbag.py:545} INFO - Filling up the DagBag from /opt/airflow/dags/config.py
[2026-03-28T18:54:59.512+0000] {processor.py:842} WARNING - No viable dags retrieved from /opt/airflow/dags/config.py
[2026-03-28T18:54:59.532+0000] {processor.py:183} INFO - Processing /opt/airflow/dags/config.py took 0.036 seconds
[2026-03-28T18:55:29.927+0000] {processor.py:161} INFO - Started process (PID=1813) to work on /opt/airflow/dags/config.py
[2026-03-28T18:55:29.935+0000] {processor.py:830} INFO - Processing file /opt/airflow/dags/config.py for tasks to queue
[2026-03-28T18:55:29.936+0000] {logging_mixin.py:188} INFO - [2026-03-28T18:55:29.936+0000] {dagbag.py:545} INFO - Filling up the DagBag from /opt/airflow/dags/config.py
[2026-03-28T18:55:29.939+0000] {processor.py:842} WARNING - No viable dags retrieved from /opt/airflow/dags/config.py
[2026-03-28T18:55:29.961+0000] {processor.py:183} INFO - Processing /opt/airflow/dags/config.py took 0.042 seconds
[2026-03-28T18:56:00.349+0000] {processor.py:161} INFO - Started process (PID=1828) to work on /opt/airflow/dags/config.py
[2026-03-28T18:56:00.350+0000] {processor.py:830} INFO - Processing file /opt/airflow/dags/config.py for tasks to queue
[2026-03-28T18:56:00.351+0000] {logging_mixin.py:188} INFO - [2026-03-28T18:56:00.350+0000] {dagbag.py:545} INFO - Filling up the DagBag from /opt/airflow/dags/config.py
[2026-03-28T18:56:00.354+0000] {processor.py:842} WARNING - No viable dags retrieved from /opt/airflow/dags/config.py
[2026-03-28T18:56:00.373+0000] {processor.py:183} INFO - Processing /opt/airflow/dags/config.py took 0.032 seconds
[2026-03-28T18:56:30.756+0000] {processor.py:161} INFO - Started process (PID=1843) to work on /opt/airflow/dags/config.py
[2026-03-28T18:56:30.757+0000] {processor.py:830} INFO - Processing file /opt/airflow/dags/config.py for tasks to queue
[2026-03-28T18:56:30.758+0000] {logging_mixin.py:188} INFO - [2026-03-28T18:56:30.758+0000] {dagbag.py:545} INFO - Filling up the DagBag from /opt/airflow/dags/config.py
[2026-03-28T18:56:30.761+0000] {processor.py:842} WARNING - No viable dags retrieved from /opt/airflow/dags/config.py
[2026-03-28T18:56:30.793+0000] {processor.py:183} INFO - Processing /opt/airflow/dags/config.py took 0.047 seconds
[2026-03-28T18:57:01.185+0000] {processor.py:161} INFO - Started process (PID=1858) to work on /opt/airflow/dags/config.py
[2026-03-28T18:57:01.186+0000] {processor.py:830} INFO - Processing file /opt/airflow/dags/config.py for tasks to queue
[2026-03-28T18:57:01.187+0000] {logging_mixin.py:188} INFO - [2026-03-28T18:57:01.187+0000] {dagbag.py:545} INFO - Filling up the DagBag from /opt/airflow/dags/config.py
[2026-03-28T18:57:01.189+0000] {processor.py:842} WARNING - No viable dags retrieved from /opt/airflow/dags/config.py
[2026-03-28T18:57:01.212+0000] {processor.py:183} INFO - Processing /opt/airflow/dags/config.py took 0.034 seconds
[2026-03-28T18:57:31.587+0000] {processor.py:161} INFO - Started process (PID=1873) to work on /opt/airflow/dags/config.py
[2026-03-28T18:57:31.589+0000] {processor.py:830} INFO - Processing file /opt/airflow/dags/config.py for tasks to queue
[2026-03-28T18:57:31.590+0000] {logging_mixin.py:188} INFO - [2026-03-28T18:57:31.590+0000] {dagbag.py:545} INFO - Filling up the DagBag from /opt/airflow/dags/config.py
[2026-03-28T18:57:31.593+0000] {processor.py:842} WARNING - No viable dags retrieved from /opt/airflow/dags/config.py
[2026-03-28T18:57:31.612+0000] {processor.py:183} INFO - Processing /opt/airflow/dags/config.py took 0.032 seconds
[2026-03-28T18:58:01.989+0000] {processor.py:161} INFO - Started process (PID=1888) to work on /opt/airflow/dags/config.py
[2026-03-28T18:58:01.990+0000] {processor.py:830} INFO - Processing file /opt/airflow/dags/config.py for tasks to queue
[2026-03-28T18:58:01.991+0000] {logging_mixin.py:188} INFO - [2026-03-28T18:58:01.991+0000] {dagbag.py:545} INFO - Filling up the DagBag from /opt/airflow/dags/config.py
[2026-03-28T18:58:01.993+0000] {processor.py:842} WARNING - No viable dags retrieved from /opt/airflow/dags/config.py
[2026-03-28T18:58:02.011+0000] {processor.py:183} INFO - Processing /opt/airflow/dags/config.py took 0.029 seconds
[2026-03-28T18:58:32.409+0000] {processor.py:161} INFO - Started process (PID=1903) to work on /opt/airflow/dags/config.py
[2026-03-28T18:58:32.411+0000] {processor.py:830} INFO - Processing file /opt/airflow/dags/config.py for tasks to queue
[2026-03-28T18:58:32.412+0000] {logging_mixin.py:188} INFO - [2026-03-28T18:58:32.412+0000] {dagbag.py:545} INFO - Filling up the DagBag from /opt/airflow/dags/config.py
[2026-03-28T18:58:32.415+0000] {processor.py:842} WARNING - No viable dags retrieved from /opt/airflow/dags/config.py
[2026-03-28T18:58:32.435+0000] {processor.py:183} INFO - Processing /opt/airflow/dags/config.py took 0.033 seconds
[2026-03-28T18:59:02.806+0000] {processor.py:161} INFO - Started process (PID=1918) to work on /opt/airflow/dags/config.py
[2026-03-28T18:59:02.807+0000] {processor.py:830} INFO - Processing file /opt/airflow/dags/config.py for tasks to queue
[2026-03-28T18:59:02.808+0000] {logging_mixin.py:188} INFO - [2026-03-28T18:59:02.808+0000] {dagbag.py:545} INFO - Filling up the DagBag from /opt/airflow/dags/config.py
[2026-03-28T18:59:02.811+0000] {processor.py:842} WARNING - No viable dags retrieved from /opt/airflow/dags/config.py
[2026-03-28T18:59:02.833+0000] {processor.py:183} INFO - Processing /opt/airflow/dags/config.py took 0.035 seconds
[2026-03-28T18:59:33.213+0000] {processor.py:161} INFO - Started process (PID=1933) to work on /opt/airflow/dags/config.py
[2026-03-28T18:59:33.214+0000] {processor.py:830} INFO - Processing file /opt/airflow/dags/config.py for tasks to queue
[2026-03-28T18:59:33.215+0000] {logging_mixin.py:188} INFO - [2026-03-28T18:59:33.215+0000] {dagbag.py:545} INFO - Filling up the DagBag from /opt/airflow/dags/config.py
[2026-03-28T18:59:33.218+0000] {processor.py:842} WARNING - No viable dags retrieved from /opt/airflow/dags/config.py
[2026-03-28T18:59:33.236+0000] {processor.py:183} INFO - Processing /opt/airflow/dags/config.py took 0.031 seconds
[2026-03-28T19:00:03.647+0000] {processor.py:161} INFO - Started process (PID=1948) to work on /opt/airflow/dags/config.py
[2026-03-28T19:00:03.649+0000] {processor.py:830} INFO - Processing file /opt/airflow/dags/config.py for tasks to queue
[2026-03-28T19:00:03.650+0000] {logging_mixin.py:188} INFO - [2026-03-28T19:00:03.650+0000] {dagbag.py:545} INFO - Filling up the DagBag from /opt/airflow/dags/config.py
[2026-03-28T19:00:03.653+0000] {processor.py:842} WARNING - No viable dags retrieved from /opt/airflow/dags/config.py
[2026-03-28T19:00:03.675+0000] {processor.py:183} INFO - Processing /opt/airflow/dags/config.py took 0.036 seconds
[2026-03-28T19:00:34.056+0000] {processor.py:161} INFO - Started process (PID=1963) to work on /opt/airflow/dags/config.py
[2026-03-28T19:00:34.058+0000] {processor.py:830} INFO - Processing file /opt/airflow/dags/config.py for tasks to queue
[2026-03-28T19:00:34.059+0000] {logging_mixin.py:188} INFO - [2026-03-28T19:00:34.058+0000] {dagbag.py:545} INFO - Filling up the DagBag from /opt/airflow/dags/config.py
[2026-03-28T19:00:34.061+0000] {processor.py:842} WARNING - No viable dags retrieved from /opt/airflow/dags/config.py
[2026-03-28T19:00:34.078+0000] {processor.py:183} INFO - Processing /opt/airflow/dags/config.py took 0.030 seconds
[2026-03-28T19:01:04.464+0000] {processor.py:161} INFO - Started process (PID=1978) to work on /opt/airflow/dags/config.py
[2026-03-28T19:01:04.465+0000] {processor.py:830} INFO - Processing file /opt/airflow/dags/config.py for tasks to queue
[2026-03-28T19:01:04.466+0000] {logging_mixin.py:188} INFO - [2026-03-28T19:01:04.466+0000] {dagbag.py:545} INFO - Filling up the DagBag from /opt/airflow/dags/config.py
[2026-03-28T19:01:04.469+0000] {processor.py:842} WARNING - No viable dags retrieved from /opt/airflow/dags/config.py
[2026-03-28T19:01:04.487+0000] {processor.py:183} INFO - Processing /opt/airflow/dags/config.py took 0.032 seconds
[2026-03-28T19:01:34.896+0000] {processor.py:161} INFO - Started process (PID=1993) to work on /opt/airflow/dags/config.py
[2026-03-28T19:01:34.897+0000] {processor.py:830} INFO - Processing file /opt/airflow/dags/config.py for tasks to queue
[2026-03-28T19:01:34.899+0000] {logging_mixin.py:188} INFO - [2026-03-28T19:01:34.898+0000] {dagbag.py:545} INFO - Filling up the DagBag from /opt/airflow/dags/config.py
[2026-03-28T19:01:34.901+0000] {processor.py:842} WARNING - No viable dags retrieved from /opt/airflow/dags/config.py
[2026-03-28T19:01:34.924+0000] {processor.py:183} INFO - Processing /opt/airflow/dags/config.py took 0.049 seconds
[2026-03-28T19:02:05.465+0000] {processor.py:161} INFO - Started process (PID=2008) to work on /opt/airflow/dags/config.py
[2026-03-28T19:02:05.466+0000] {processor.py:830} INFO - Processing file /opt/airflow/dags/config.py for tasks to queue
[2026-03-28T19:02:05.467+0000] {logging_mixin.py:188} INFO - [2026-03-28T19:02:05.466+0000] {dagbag.py:545} INFO - Filling up the DagBag from /opt/airflow/dags/config.py
[2026-03-28T19:02:05.469+0000] {processor.py:842} WARNING - No viable dags retrieved from /opt/airflow/dags/config.py
[2026-03-28T19:02:05.488+0000] {processor.py:183} INFO - Processing /opt/airflow/dags/config.py took 0.031 seconds
[2026-03-28T19:02:35.868+0000] {processor.py:161} INFO - Started process (PID=2023) to work on /opt/airflow/dags/config.py
[2026-03-28T19:02:35.870+0000] {processor.py:830} INFO - Processing file /opt/airflow/dags/config.py for tasks to queue
[2026-03-28T19:02:35.871+0000] {logging_mixin.py:188} INFO - [2026-03-28T19:02:35.871+0000] {dagbag.py:545} INFO - Filling up the DagBag from /opt/airflow/dags/config.py
[2026-03-28T19:02:35.874+0000] {processor.py:842} WARNING - No viable dags retrieved from /opt/airflow/dags/config.py
[2026-03-28T19:02:35.895+0000] {processor.py:183} INFO - Processing /opt/airflow/dags/config.py took 0.035 seconds
[2026-03-28T19:03:06.267+0000] {processor.py:161} INFO - Started process (PID=2038) to work on /opt/airflow/dags/config.py
[2026-03-28T19:03:06.268+0000] {processor.py:830} INFO - Processing file /opt/airflow/dags/config.py for tasks to queue
[2026-03-28T19:03:06.269+0000] {logging_mixin.py:188} INFO - [2026-03-28T19:03:06.268+0000] {dagbag.py:545} INFO - Filling up the DagBag from /opt/airflow/dags/config.py
[2026-03-28T19:03:06.271+0000] {processor.py:842} WARNING - No viable dags retrieved from /opt/airflow/dags/config.py
[2026-03-28T19:03:06.292+0000] {processor.py:183} INFO - Processing /opt/airflow/dags/config.py took 0.033 seconds
[2026-03-28T19:03:36.689+0000] {processor.py:161} INFO - Started process (PID=2053) to work on /opt/airflow/dags/config.py
[2026-03-28T19:03:36.691+0000] {processor.py:830} INFO - Processing file /opt/airflow/dags/config.py for tasks to queue
[2026-03-28T19:03:36.692+0000] {logging_mixin.py:188} INFO - [2026-03-28T19:03:36.692+0000] {dagbag.py:545} INFO - Filling up the DagBag from /opt/airflow/dags/config.py
[2026-03-28T19:03:36.695+0000] {processor.py:842} WARNING - No viable dags retrieved from /opt/airflow/dags/config.py
[2026-03-28T19:03:36.714+0000] {processor.py:183} INFO - Processing /opt/airflow/dags/config.py took 0.032 seconds
[2026-03-28T19:04:07.076+0000] {processor.py:161} INFO - Started process (PID=2068) to work on /opt/airflow/dags/config.py
[2026-03-28T19:04:07.077+0000] {processor.py:830} INFO - Processing file /opt/airflow/dags/config.py for tasks to queue
[2026-03-28T19:04:07.078+0000] {logging_mixin.py:188} INFO - [2026-03-28T19:04:07.077+0000] {dagbag.py:545} INFO - Filling up the DagBag from /opt/airflow/dags/config.py
[2026-03-28T19:04:07.080+0000] {processor.py:842} WARNING - No viable dags retrieved from /opt/airflow/dags/config.py
[2026-03-28T19:04:07.109+0000] {processor.py:183} INFO - Processing /opt/airflow/dags/config.py took 0.041 seconds
[2026-03-28T19:04:37.531+0000] {processor.py:161} INFO - Started process (PID=2083) to work on /opt/airflow/dags/config.py
[2026-03-28T19:04:37.532+0000] {processor.py:830} INFO - Processing file /opt/airflow/dags/config.py for tasks to queue
[2026-03-28T19:04:37.534+0000] {logging_mixin.py:188} INFO - [2026-03-28T19:04:37.533+0000] {dagbag.py:545} INFO - Filling up the DagBag from /opt/airflow/dags/config.py
[2026-03-28T19:04:37.537+0000] {processor.py:842} WARNING - No viable dags retrieved from /opt/airflow/dags/config.py
[2026-03-28T19:04:37.561+0000] {processor.py:183} INFO - Processing /opt/airflow/dags/config.py took 0.038 seconds
[2026-03-28T19:05:07.940+0000] {processor.py:161} INFO - Started process (PID=2098) to work on /opt/airflow/dags/config.py
[2026-03-28T19:05:07.941+0000] {processor.py:830} INFO - Processing file /opt/airflow/dags/config.py for tasks to queue
[2026-03-28T19:05:07.942+0000] {logging_mixin.py:188} INFO - [2026-03-28T19:05:07.942+0000] {dagbag.py:545} INFO - Filling up the DagBag from /opt/airflow/dags/config.py
[2026-03-28T19:05:07.944+0000] {processor.py:842} WARNING - No viable dags retrieved from /opt/airflow/dags/config.py
[2026-03-28T19:05:07.964+0000] {processor.py:183} INFO - Processing /opt/airflow/dags/config.py took 0.031 seconds
[2026-03-28T19:05:38.333+0000] {processor.py:161} INFO - Started process (PID=2113) to work on /opt/airflow/dags/config.py
[2026-03-28T19:05:38.334+0000] {processor.py:830} INFO - Processing file /opt/airflow/dags/config.py for tasks to queue
[2026-03-28T19:05:38.336+0000] {logging_mixin.py:188} INFO - [2026-03-28T19:05:38.335+0000] {dagbag.py:545} INFO - Filling up the DagBag from /opt/airflow/dags/config.py
[2026-03-28T19:05:38.338+0000] {processor.py:842} WARNING - No viable dags retrieved from /opt/airflow/dags/config.py
[2026-03-28T19:05:38.360+0000] {processor.py:183} INFO - Processing /opt/airflow/dags/config.py took 0.035 seconds
[2026-03-28T19:06:08.745+0000] {processor.py:161} INFO - Started process (PID=2128) to work on /opt/airflow/dags/config.py
[2026-03-28T19:06:08.747+0000] {processor.py:830} INFO - Processing file /opt/airflow/dags/config.py for tasks to queue
[2026-03-28T19:06:08.748+0000] {logging_mixin.py:188} INFO - [2026-03-28T19:06:08.747+0000] {dagbag.py:545} INFO - Filling up the DagBag from /opt/airflow/dags/config.py
[2026-03-28T19:06:08.750+0000] {processor.py:842} WARNING - No viable dags retrieved from /opt/airflow/dags/config.py
[2026-03-28T19:06:08.770+0000] {processor.py:183} INFO - Processing /opt/airflow/dags/config.py took 0.032 seconds
[2026-03-28T19:06:39.181+0000] {processor.py:161} INFO - Started process (PID=2143) to work on /opt/airflow/dags/config.py
[2026-03-28T19:06:39.191+0000] {processor.py:830} INFO - Processing file /opt/airflow/dags/config.py for tasks to queue
[2026-03-28T19:06:39.192+0000] {logging_mixin.py:188} INFO - [2026-03-28T19:06:39.191+0000] {dagbag.py:545} INFO - Filling up the DagBag from /opt/airflow/dags/config.py
[2026-03-28T19:06:39.194+0000] {processor.py:842} WARNING - No viable dags retrieved from /opt/airflow/dags/config.py
[2026-03-28T19:06:39.215+0000] {processor.py:183} INFO - Processing /opt/airflow/dags/config.py took 0.041 seconds
[2026-03-28T19:07:09.634+0000] {processor.py:161} INFO - Started process (PID=2158) to work on /opt/airflow/dags/config.py
[2026-03-28T19:07:09.636+0000] {processor.py:830} INFO - Processing file /opt/airflow/dags/config.py for tasks to queue
[2026-03-28T19:07:09.637+0000] {logging_mixin.py:188} INFO - [2026-03-28T19:07:09.636+0000] {dagbag.py:545} INFO - Filling up the DagBag from /opt/airflow/dags/config.py
[2026-03-28T19:07:09.640+0000] {processor.py:842} WARNING - No viable dags retrieved from /opt/airflow/dags/config.py
[2026-03-28T19:07:09.665+0000] {processor.py:183} INFO - Processing /opt/airflow/dags/config.py took 0.039 seconds
[2026-03-28T19:07:40.028+0000] {processor.py:161} INFO - Started process (PID=2173) to work on /opt/airflow/dags/config.py
[2026-03-28T19:07:40.040+0000] {processor.py:830} INFO - Processing file /opt/airflow/dags/config.py for tasks to queue
[2026-03-28T19:07:40.041+0000] {logging_mixin.py:188} INFO - [2026-03-28T19:07:40.041+0000] {dagbag.py:545} INFO - Filling up the DagBag from /opt/airflow/dags/config.py
[2026-03-28T19:07:40.043+0000] {processor.py:842} WARNING - No viable dags retrieved from /opt/airflow/dags/config.py
[2026-03-28T19:07:40.066+0000] {processor.py:183} INFO - Processing /opt/airflow/dags/config.py took 0.045 seconds
[2026-03-28T19:08:10.445+0000] {processor.py:161} INFO - Started process (PID=2188) to work on /opt/airflow/dags/config.py
[2026-03-28T19:08:10.446+0000] {processor.py:830} INFO - Processing file /opt/airflow/dags/config.py for tasks to queue
[2026-03-28T19:08:10.449+0000] {logging_mixin.py:188} INFO - [2026-03-28T19:08:10.448+0000] {dagbag.py:545} INFO - Filling up the DagBag from /opt/airflow/dags/config.py
[2026-03-28T19:08:10.451+0000] {processor.py:842} WARNING - No viable dags retrieved from /opt/airflow/dags/config.py
[2026-03-28T19:08:10.473+0000] {processor.py:183} INFO - Processing /opt/airflow/dags/config.py took 0.035 seconds
[2026-03-28T19:08:40.839+0000] {processor.py:161} INFO - Started process (PID=2203) to work on /opt/airflow/dags/config.py
[2026-03-28T19:08:40.851+0000] {processor.py:830} INFO - Processing file /opt/airflow/dags/config.py for tasks to queue
[2026-03-28T19:08:40.852+0000] {logging_mixin.py:188} INFO - [2026-03-28T19:08:40.851+0000] {dagbag.py:545} INFO - Filling up the DagBag from /opt/airflow/dags/config.py
[2026-03-28T19:08:40.854+0000] {processor.py:842} WARNING - No viable dags retrieved from /opt/airflow/dags/config.py
[2026-03-28T19:08:40.875+0000] {processor.py:183} INFO - Processing /opt/airflow/dags/config.py took 0.043 seconds
[2026-03-28T19:09:11.256+0000] {processor.py:161} INFO - Started process (PID=2218) to work on /opt/airflow/dags/config.py
[2026-03-28T19:09:11.257+0000] {processor.py:830} INFO - Processing file /opt/airflow/dags/config.py for tasks to queue
[2026-03-28T19:09:11.258+0000] {logging_mixin.py:188} INFO - [2026-03-28T19:09:11.258+0000] {dagbag.py:545} INFO - Filling up the DagBag from /opt/airflow/dags/config.py
[2026-03-28T19:09:11.260+0000] {processor.py:842} WARNING - No viable dags retrieved from /opt/airflow/dags/config.py
[2026-03-28T19:09:11.282+0000] {processor.py:183} INFO - Processing /opt/airflow/dags/config.py took 0.034 seconds
[2026-03-28T19:09:41.694+0000] {processor.py:161} INFO - Started process (PID=2233) to work on /opt/airflow/dags/config.py
[2026-03-28T19:09:41.696+0000] {processor.py:830} INFO - Processing file /opt/airflow/dags/config.py for tasks to queue
[2026-03-28T19:09:41.697+0000] {logging_mixin.py:188} INFO - [2026-03-28T19:09:41.696+0000] {dagbag.py:545} INFO - Filling up the DagBag from /opt/airflow/dags/config.py
[2026-03-28T19:09:41.700+0000] {processor.py:842} WARNING - No viable dags retrieved from /opt/airflow/dags/config.py
[2026-03-28T19:09:41.721+0000] {processor.py:183} INFO - Processing /opt/airflow/dags/config.py took 0.049 seconds
[2026-03-28T19:10:12.092+0000] {processor.py:161} INFO - Started process (PID=2248) to work on /opt/airflow/dags/config.py
[2026-03-28T19:10:12.093+0000] {processor.py:830} INFO - Processing file /opt/airflow/dags/config.py for tasks to queue
[2026-03-28T19:10:12.094+0000] {logging_mixin.py:188} INFO - [2026-03-28T19:10:12.094+0000] {dagbag.py:545} INFO - Filling up the DagBag from /opt/airflow/dags/config.py
[2026-03-28T19:10:12.097+0000] {processor.py:842} WARNING - No viable dags retrieved from /opt/airflow/dags/config.py
[2026-03-28T19:10:12.117+0000] {processor.py:183} INFO - Processing /opt/airflow/dags/config.py took 0.033 seconds
[2026-03-28T19:10:42.489+0000] {processor.py:161} INFO - Started process (PID=2263) to work on /opt/airflow/dags/config.py
[2026-03-28T19:10:42.491+0000] {processor.py:830} INFO - Processing file /opt/airflow/dags/config.py for tasks to queue
[2026-03-28T19:10:42.492+0000] {logging_mixin.py:188} INFO - [2026-03-28T19:10:42.492+0000] {dagbag.py:545} INFO - Filling up the DagBag from /opt/airflow/dags/config.py
[2026-03-28T19:10:42.494+0000] {processor.py:842} WARNING - No viable dags retrieved from /opt/airflow/dags/config.py
[2026-03-28T19:10:42.514+0000] {processor.py:183} INFO - Processing /opt/airflow/dags/config.py took 0.032 seconds
[2026-03-28T19:11:12.891+0000] {processor.py:161} INFO - Started process (PID=2278) to work on /opt/airflow/dags/config.py
[2026-03-28T19:11:12.893+0000] {processor.py:830} INFO - Processing file /opt/airflow/dags/config.py for tasks to queue
[2026-03-28T19:11:12.894+0000] {logging_mixin.py:188} INFO - [2026-03-28T19:11:12.893+0000] {dagbag.py:545} INFO - Filling up the DagBag from /opt/airflow/dags/config.py
[2026-03-28T19:11:12.896+0000] {processor.py:842} WARNING - No viable dags retrieved from /opt/airflow/dags/config.py
[2026-03-28T19:11:12.918+0000] {processor.py:183} INFO - Processing /opt/airflow/dags/config.py took 0.036 seconds
[2026-03-28T19:11:43.319+0000] {processor.py:161} INFO - Started process (PID=2293) to work on /opt/airflow/dags/config.py
[2026-03-28T19:11:43.321+0000] {processor.py:830} INFO - Processing file /opt/airflow/dags/config.py for tasks to queue
[2026-03-28T19:11:43.322+0000] {logging_mixin.py:188} INFO - [2026-03-28T19:11:43.322+0000] {dagbag.py:545} INFO - Filling up the DagBag from /opt/airflow/dags/config.py
[2026-03-28T19:11:43.325+0000] {processor.py:842} WARNING - No viable dags retrieved from /opt/airflow/dags/config.py
[2026-03-28T19:11:43.349+0000] {processor.py:183} INFO - Processing /opt/airflow/dags/config.py took 0.038 seconds
[2026-03-28T19:12:13.717+0000] {processor.py:161} INFO - Started process (PID=2308) to work on /opt/airflow/dags/config.py
[2026-03-28T19:12:13.718+0000] {processor.py:830} INFO - Processing file /opt/airflow/dags/config.py for tasks to queue
[2026-03-28T19:12:13.719+0000] {logging_mixin.py:188} INFO - [2026-03-28T19:12:13.719+0000] {dagbag.py:545} INFO - Filling up the DagBag from /opt/airflow/dags/config.py
[2026-03-28T19:12:13.722+0000] {processor.py:842} WARNING - No viable dags retrieved from /opt/airflow/dags/config.py
[2026-03-28T19:12:13.742+0000] {processor.py:183} INFO - Processing /opt/airflow/dags/config.py took 0.033 seconds
[2026-03-28T19:12:44.126+0000] {processor.py:161} INFO - Started process (PID=2323) to work on /opt/airflow/dags/config.py
[2026-03-28T19:12:44.127+0000] {processor.py:830} INFO - Processing file /opt/airflow/dags/config.py for tasks to queue
[2026-03-28T19:12:44.129+0000] {logging_mixin.py:188} INFO - [2026-03-28T19:12:44.128+0000] {dagbag.py:545} INFO - Filling up the DagBag from /opt/airflow/dags/config.py
[2026-03-28T19:12:44.131+0000] {processor.py:842} WARNING - No viable dags retrieved from /opt/airflow/dags/config.py
[2026-03-28T19:12:44.153+0000] {processor.py:183} INFO - Processing /opt/airflow/dags/config.py took 0.034 seconds
[2026-03-28T19:13:14.561+0000] {processor.py:161} INFO - Started process (PID=2338) to work on /opt/airflow/dags/config.py
[2026-03-28T19:13:14.562+0000] {processor.py:830} INFO - Processing file /opt/airflow/dags/config.py for tasks to queue
[2026-03-28T19:13:14.563+0000] {logging_mixin.py:188} INFO - [2026-03-28T19:13:14.562+0000] {dagbag.py:545} INFO - Filling up the DagBag from /opt/airflow/dags/config.py
[2026-03-28T19:13:14.566+0000] {processor.py:842} WARNING - No viable dags retrieved from /opt/airflow/dags/config.py
[2026-03-28T19:13:14.586+0000] {processor.py:183} INFO - Processing /opt/airflow/dags/config.py took 0.032 seconds
[2026-03-28T19:13:44.957+0000] {processor.py:161} INFO - Started process (PID=2353) to work on /opt/airflow/dags/config.py
[2026-03-28T19:13:44.959+0000] {processor.py:830} INFO - Processing file /opt/airflow/dags/config.py for tasks to queue
[2026-03-28T19:13:44.960+0000] {logging_mixin.py:188} INFO - [2026-03-28T19:13:44.960+0000] {dagbag.py:545} INFO - Filling up the DagBag from /opt/airflow/dags/config.py
[2026-03-28T19:13:44.962+0000] {processor.py:842} WARNING - No viable dags retrieved from /opt/airflow/dags/config.py
[2026-03-28T19:13:44.984+0000] {processor.py:183} INFO - Processing /opt/airflow/dags/config.py took 0.034 seconds
[2026-03-28T19:14:15.358+0000] {processor.py:161} INFO - Started process (PID=2368) to work on /opt/airflow/dags/config.py
[2026-03-28T19:14:15.359+0000] {processor.py:830} INFO - Processing file /opt/airflow/dags/config.py for tasks to queue
[2026-03-28T19:14:15.360+0000] {logging_mixin.py:188} INFO - [2026-03-28T19:14:15.360+0000] {dagbag.py:545} INFO - Filling up the DagBag from /opt/airflow/dags/config.py
[2026-03-28T19:14:15.362+0000] {processor.py:842} WARNING - No viable dags retrieved from /opt/airflow/dags/config.py
[2026-03-28T19:14:15.381+0000] {processor.py:183} INFO - Processing /opt/airflow/dags/config.py took 0.031 seconds
[2026-03-28T20:25:01.958+0000] {processor.py:161} INFO - Started process (PID=2402) to work on /opt/airflow/dags/config.py
[2026-03-28T20:25:01.961+0000] {processor.py:830} INFO - Processing file /opt/airflow/dags/config.py for tasks to queue
[2026-03-28T20:25:01.963+0000] {logging_mixin.py:188} INFO - [2026-03-28T20:25:01.962+0000] {dagbag.py:545} INFO - Filling up the DagBag from /opt/airflow/dags/config.py
[2026-03-28T20:25:01.965+0000] {processor.py:842} WARNING - No viable dags retrieved from /opt/airflow/dags/config.py
[2026-03-28T20:25:01.984+0000] {processor.py:183} INFO - Processing /opt/airflow/dags/config.py took 0.035 seconds
[2026-03-28T20:25:32.343+0000] {processor.py:161} INFO - Started process (PID=2417) to work on /opt/airflow/dags/config.py
[2026-03-28T20:25:32.345+0000] {processor.py:830} INFO - Processing file /opt/airflow/dags/config.py for tasks to queue
[2026-03-28T20:25:32.346+0000] {logging_mixin.py:188} INFO - [2026-03-28T20:25:32.345+0000] {dagbag.py:545} INFO - Filling up the DagBag from /opt/airflow/dags/config.py
[2026-03-28T20:25:32.348+0000] {processor.py:842} WARNING - No viable dags retrieved from /opt/airflow/dags/config.py
[2026-03-28T20:25:32.369+0000] {processor.py:183} INFO - Processing /opt/airflow/dags/config.py took 0.033 seconds
[2026-03-28T20:26:02.718+0000] {processor.py:161} INFO - Started process (PID=2432) to work on /opt/airflow/dags/config.py
[2026-03-28T20:26:02.720+0000] {processor.py:830} INFO - Processing file /opt/airflow/dags/config.py for tasks to queue
[2026-03-28T20:26:02.722+0000] {logging_mixin.py:188} INFO - [2026-03-28T20:26:02.721+0000] {dagbag.py:545} INFO - Filling up the DagBag from /opt/airflow/dags/config.py
[2026-03-28T20:26:02.725+0000] {processor.py:842} WARNING - No viable dags retrieved from /opt/airflow/dags/config.py
[2026-03-28T20:26:02.746+0000] {processor.py:183} INFO - Processing /opt/airflow/dags/config.py took 0.035 seconds
[2026-03-28T20:26:33.101+0000] {processor.py:161} INFO - Started process (PID=2447) to work on /opt/airflow/dags/config.py
[2026-03-28T20:26:33.103+0000] {processor.py:830} INFO - Processing file /opt/airflow/dags/config.py for tasks to queue
[2026-03-28T20:26:33.105+0000] {logging_mixin.py:188} INFO - [2026-03-28T20:26:33.104+0000] {dagbag.py:545} INFO - Filling up the DagBag from /opt/airflow/dags/config.py
[2026-03-28T20:26:33.107+0000] {processor.py:842} WARNING - No viable dags retrieved from /opt/airflow/dags/config.py
[2026-03-28T20:26:33.126+0000] {processor.py:183} INFO - Processing /opt/airflow/dags/config.py took 0.033 seconds
[2026-03-28T20:27:03.583+0000] {processor.py:161} INFO - Started process (PID=2462) to work on /opt/airflow/dags/config.py
[2026-03-28T20:27:03.585+0000] {processor.py:830} INFO - Processing file /opt/airflow/dags/config.py for tasks to queue
[2026-03-28T20:27:03.586+0000] {logging_mixin.py:188} INFO - [2026-03-28T20:27:03.585+0000] {dagbag.py:545} INFO - Filling up the DagBag from /opt/airflow/dags/config.py
[2026-03-28T20:27:03.588+0000] {processor.py:842} WARNING - No viable dags retrieved from /opt/airflow/dags/config.py
[2026-03-28T20:27:03.608+0000] {processor.py:183} INFO - Processing /opt/airflow/dags/config.py took 0.033 seconds
[2026-03-28T20:27:34.057+0000] {processor.py:161} INFO - Started process (PID=2477) to work on /opt/airflow/dags/config.py
[2026-03-28T20:27:34.058+0000] {processor.py:830} INFO - Processing file /opt/airflow/dags/config.py for tasks to queue
[2026-03-28T20:27:34.060+0000] {logging_mixin.py:188} INFO - [2026-03-28T20:27:34.059+0000] {dagbag.py:545} INFO - Filling up the DagBag from /opt/airflow/dags/config.py
[2026-03-28T20:27:34.062+0000] {processor.py:842} WARNING - No viable dags retrieved from /opt/airflow/dags/config.py
[2026-03-28T20:27:34.086+0000] {processor.py:183} INFO - Processing /opt/airflow/dags/config.py took 0.037 seconds
[2026-03-28T20:28:04.595+0000] {processor.py:161} INFO - Started process (PID=2492) to work on /opt/airflow/dags/config.py
[2026-03-28T20:28:04.603+0000] {processor.py:830} INFO - Processing file /opt/airflow/dags/config.py for tasks to queue
[2026-03-28T20:28:04.604+0000] {logging_mixin.py:188} INFO - [2026-03-28T20:28:04.604+0000] {dagbag.py:545} INFO - Filling up the DagBag from /opt/airflow/dags/config.py
[2026-03-28T20:28:04.606+0000] {processor.py:842} WARNING - No viable dags retrieved from /opt/airflow/dags/config.py
[2026-03-28T20:28:04.624+0000] {processor.py:183} INFO - Processing /opt/airflow/dags/config.py took 0.048 seconds
[2026-03-28T20:28:35.135+0000] {processor.py:161} INFO - Started process (PID=2507) to work on /opt/airflow/dags/config.py
[2026-03-28T20:28:35.138+0000] {processor.py:830} INFO - Processing file /opt/airflow/dags/config.py for tasks to queue
[2026-03-28T20:28:35.140+0000] {logging_mixin.py:188} INFO - [2026-03-28T20:28:35.139+0000] {dagbag.py:545} INFO - Filling up the DagBag from /opt/airflow/dags/config.py
[2026-03-28T20:28:35.143+0000] {processor.py:842} WARNING - No viable dags retrieved from /opt/airflow/dags/config.py
[2026-03-28T20:28:35.162+0000] {processor.py:183} INFO - Processing /opt/airflow/dags/config.py took 0.036 seconds
[2026-03-28T20:29:06.109+0000] {processor.py:161} INFO - Started process (PID=2522) to work on /opt/airflow/dags/config.py
[2026-03-28T20:29:06.112+0000] {processor.py:830} INFO - Processing file /opt/airflow/dags/config.py for tasks to queue
[2026-03-28T20:29:06.114+0000] {logging_mixin.py:188} INFO - [2026-03-28T20:29:06.113+0000] {dagbag.py:545} INFO - Filling up the DagBag from /opt/airflow/dags/config.py
[2026-03-28T20:29:06.117+0000] {processor.py:842} WARNING - No viable dags retrieved from /opt/airflow/dags/config.py
[2026-03-28T20:29:06.151+0000] {processor.py:183} INFO - Processing /opt/airflow/dags/config.py took 0.058 seconds
[2026-03-28T20:29:36.564+0000] {processor.py:161} INFO - Started process (PID=2537) to work on /opt/airflow/dags/config.py
[2026-03-28T20:29:36.566+0000] {processor.py:830} INFO - Processing file /opt/airflow/dags/config.py for tasks to queue
[2026-03-28T20:29:36.567+0000] {logging_mixin.py:188} INFO - [2026-03-28T20:29:36.567+0000] {dagbag.py:545} INFO - Filling up the DagBag from /opt/airflow/dags/config.py
[2026-03-28T20:29:36.569+0000] {processor.py:842} WARNING - No viable dags retrieved from /opt/airflow/dags/config.py
[2026-03-28T20:29:36.592+0000] {processor.py:183} INFO - Processing /opt/airflow/dags/config.py took 0.039 seconds
[2026-03-28T20:30:07.079+0000] {processor.py:161} INFO - Started process (PID=2552) to work on /opt/airflow/dags/config.py
[2026-03-28T20:30:07.080+0000] {processor.py:830} INFO - Processing file /opt/airflow/dags/config.py for tasks to queue
[2026-03-28T20:30:07.081+0000] {logging_mixin.py:188} INFO - [2026-03-28T20:30:07.081+0000] {dagbag.py:545} INFO - Filling up the DagBag from /opt/airflow/dags/config.py
[2026-03-28T20:30:07.083+0000] {processor.py:842} WARNING - No viable dags retrieved from /opt/airflow/dags/config.py
[2026-03-28T20:30:07.101+0000] {processor.py:183} INFO - Processing /opt/airflow/dags/config.py took 0.032 seconds
[2026-03-28T20:30:37.728+0000] {processor.py:161} INFO - Started process (PID=2567) to work on /opt/airflow/dags/config.py
[2026-03-28T20:30:37.731+0000] {processor.py:830} INFO - Processing file /opt/airflow/dags/config.py for tasks to queue
[2026-03-28T20:30:37.734+0000] {logging_mixin.py:188} INFO - [2026-03-28T20:30:37.733+0000] {dagbag.py:545} INFO - Filling up the DagBag from /opt/airflow/dags/config.py
[2026-03-28T20:30:37.741+0000] {processor.py:842} WARNING - No viable dags retrieved from /opt/airflow/dags/config.py
[2026-03-28T20:30:37.788+0000] {processor.py:183} INFO - Processing /opt/airflow/dags/config.py took 0.075 seconds
[2026-03-28T20:31:08.156+0000] {processor.py:161} INFO - Started process (PID=2582) to work on /opt/airflow/dags/config.py
[2026-03-28T20:31:08.157+0000] {processor.py:830} INFO - Processing file /opt/airflow/dags/config.py for tasks to queue
[2026-03-28T20:31:08.158+0000] {logging_mixin.py:188} INFO - [2026-03-28T20:31:08.158+0000] {dagbag.py:545} INFO - Filling up the DagBag from /opt/airflow/dags/config.py
[2026-03-28T20:31:08.160+0000] {processor.py:842} WARNING - No viable dags retrieved from /opt/airflow/dags/config.py
[2026-03-28T20:31:08.178+0000] {processor.py:183} INFO - Processing /opt/airflow/dags/config.py took 0.032 seconds
[2026-03-28T20:31:38.791+0000] {processor.py:161} INFO - Started process (PID=2595) to work on /opt/airflow/dags/config.py
[2026-03-28T20:31:38.794+0000] {processor.py:830} INFO - Processing file /opt/airflow/dags/config.py for tasks to queue
[2026-03-28T20:31:38.796+0000] {logging_mixin.py:188} INFO - [2026-03-28T20:31:38.795+0000] {dagbag.py:545} INFO - Filling up the DagBag from /opt/airflow/dags/config.py
[2026-03-28T20:31:38.800+0000] {processor.py:842} WARNING - No viable dags retrieved from /opt/airflow/dags/config.py
[2026-03-28T20:31:38.829+0000] {processor.py:183} INFO - Processing /opt/airflow/dags/config.py took 0.051 seconds
[2026-03-28T20:32:09.205+0000] {processor.py:161} INFO - Started process (PID=2610) to work on /opt/airflow/dags/config.py
[2026-03-28T20:32:09.206+0000] {processor.py:830} INFO - Processing file /opt/airflow/dags/config.py for tasks to queue
[2026-03-28T20:32:09.207+0000] {logging_mixin.py:188} INFO - [2026-03-28T20:32:09.207+0000] {dagbag.py:545} INFO - Filling up the DagBag from /opt/airflow/dags/config.py
[2026-03-28T20:32:09.210+0000] {processor.py:842} WARNING - No viable dags retrieved from /opt/airflow/dags/config.py
[2026-03-28T20:32:09.229+0000] {processor.py:183} INFO - Processing /opt/airflow/dags/config.py took 0.033 seconds
[2026-03-28T20:32:39.664+0000] {processor.py:161} INFO - Started process (PID=2623) to work on /opt/airflow/dags/config.py
[2026-03-28T20:32:39.666+0000] {processor.py:830} INFO - Processing file /opt/airflow/dags/config.py for tasks to queue
[2026-03-28T20:32:39.667+0000] {logging_mixin.py:188} INFO - [2026-03-28T20:32:39.667+0000] {dagbag.py:545} INFO - Filling up the DagBag from /opt/airflow/dags/config.py
[2026-03-28T20:32:39.671+0000] {processor.py:842} WARNING - No viable dags retrieved from /opt/airflow/dags/config.py
[2026-03-28T20:32:39.709+0000] {processor.py:183} INFO - Processing /opt/airflow/dags/config.py took 0.056 seconds
[2026-03-28T20:33:10.124+0000] {processor.py:161} INFO - Started process (PID=2640) to work on /opt/airflow/dags/config.py
[2026-03-28T20:33:10.125+0000] {processor.py:830} INFO - Processing file /opt/airflow/dags/config.py for tasks to queue
[2026-03-28T20:33:10.126+0000] {logging_mixin.py:188} INFO - [2026-03-28T20:33:10.126+0000] {dagbag.py:545} INFO - Filling up the DagBag from /opt/airflow/dags/config.py
[2026-03-28T20:33:10.128+0000] {processor.py:842} WARNING - No viable dags retrieved from /opt/airflow/dags/config.py
[2026-03-28T20:33:10.152+0000] {processor.py:183} INFO - Processing /opt/airflow/dags/config.py took 0.055 seconds
[2026-03-28T20:33:40.585+0000] {processor.py:161} INFO - Started process (PID=2655) to work on /opt/airflow/dags/config.py
[2026-03-28T20:33:40.587+0000] {processor.py:830} INFO - Processing file /opt/airflow/dags/config.py for tasks to queue
[2026-03-28T20:33:40.588+0000] {logging_mixin.py:188} INFO - [2026-03-28T20:33:40.588+0000] {dagbag.py:545} INFO - Filling up the DagBag from /opt/airflow/dags/config.py
[2026-03-28T20:33:40.591+0000] {processor.py:842} WARNING - No viable dags retrieved from /opt/airflow/dags/config.py
[2026-03-28T20:33:40.612+0000] {processor.py:183} INFO - Processing /opt/airflow/dags/config.py took 0.037 seconds
[2026-03-28T20:34:11.036+0000] {processor.py:161} INFO - Started process (PID=2670) to work on /opt/airflow/dags/config.py
[2026-03-28T20:34:11.036+0000] {processor.py:830} INFO - Processing file /opt/airflow/dags/config.py for tasks to queue
[2026-03-28T20:34:11.037+0000] {logging_mixin.py:188} INFO - [2026-03-28T20:34:11.037+0000] {dagbag.py:545} INFO - Filling up the DagBag from /opt/airflow/dags/config.py
[2026-03-28T20:34:11.040+0000] {processor.py:842} WARNING - No viable dags retrieved from /opt/airflow/dags/config.py
[2026-03-28T20:34:11.059+0000] {processor.py:183} INFO - Processing /opt/airflow/dags/config.py took 0.031 seconds
[2026-03-28T20:34:41.498+0000] {processor.py:161} INFO - Started process (PID=2684) to work on /opt/airflow/dags/config.py
[2026-03-28T20:34:41.500+0000] {processor.py:830} INFO - Processing file /opt/airflow/dags/config.py for tasks to queue
[2026-03-28T20:34:41.501+0000] {logging_mixin.py:188} INFO - [2026-03-28T20:34:41.501+0000] {dagbag.py:545} INFO - Filling up the DagBag from /opt/airflow/dags/config.py
[2026-03-28T20:34:41.504+0000] {processor.py:842} WARNING - No viable dags retrieved from /opt/airflow/dags/config.py
[2026-03-28T20:34:41.539+0000] {processor.py:183} INFO - Processing /opt/airflow/dags/config.py took 0.062 seconds
[2026-03-28T20:35:11.977+0000] {processor.py:161} INFO - Started process (PID=2700) to work on /opt/airflow/dags/config.py
[2026-03-28T20:35:11.977+0000] {processor.py:830} INFO - Processing file /opt/airflow/dags/config.py for tasks to queue
[2026-03-28T20:35:11.978+0000] {logging_mixin.py:188} INFO - [2026-03-28T20:35:11.978+0000] {dagbag.py:545} INFO - Filling up the DagBag from /opt/airflow/dags/config.py
[2026-03-28T20:35:11.982+0000] {processor.py:842} WARNING - No viable dags retrieved from /opt/airflow/dags/config.py
[2026-03-28T20:35:12.002+0000] {processor.py:183} INFO - Processing /opt/airflow/dags/config.py took 0.033 seconds
[2026-03-28T20:35:42.405+0000] {processor.py:161} INFO - Started process (PID=2715) to work on /opt/airflow/dags/config.py
[2026-03-28T20:35:42.406+0000] {processor.py:830} INFO - Processing file /opt/airflow/dags/config.py for tasks to queue
[2026-03-28T20:35:42.407+0000] {logging_mixin.py:188} INFO - [2026-03-28T20:35:42.407+0000] {dagbag.py:545} INFO - Filling up the DagBag from /opt/airflow/dags/config.py
[2026-03-28T20:35:42.410+0000] {processor.py:842} WARNING - No viable dags retrieved from /opt/airflow/dags/config.py
[2026-03-28T20:35:42.434+0000] {processor.py:183} INFO - Processing /opt/airflow/dags/config.py took 0.037 seconds
[2026-03-28T20:36:12.839+0000] {processor.py:161} INFO - Started process (PID=2730) to work on /opt/airflow/dags/config.py
[2026-03-28T20:36:12.840+0000] {processor.py:830} INFO - Processing file /opt/airflow/dags/config.py for tasks to queue
[2026-03-28T20:36:12.841+0000] {logging_mixin.py:188} INFO - [2026-03-28T20:36:12.841+0000] {dagbag.py:545} INFO - Filling up the DagBag from /opt/airflow/dags/config.py
[2026-03-28T20:36:12.843+0000] {processor.py:842} WARNING - No viable dags retrieved from /opt/airflow/dags/config.py
[2026-03-28T20:36:12.861+0000] {processor.py:183} INFO - Processing /opt/airflow/dags/config.py took 0.028 seconds
[2026-03-28T20:36:43.289+0000] {processor.py:161} INFO - Started process (PID=2745) to work on /opt/airflow/dags/config.py
[2026-03-28T20:36:43.290+0000] {processor.py:830} INFO - Processing file /opt/airflow/dags/config.py for tasks to queue
[2026-03-28T20:36:43.292+0000] {logging_mixin.py:188} INFO - [2026-03-28T20:36:43.291+0000] {dagbag.py:545} INFO - Filling up the DagBag from /opt/airflow/dags/config.py
[2026-03-28T20:36:43.300+0000] {processor.py:842} WARNING - No viable dags retrieved from /opt/airflow/dags/config.py
[2026-03-28T20:36:43.322+0000] {processor.py:183} INFO - Processing /opt/airflow/dags/config.py took 0.041 seconds
[2026-03-28T20:37:13.745+0000] {processor.py:161} INFO - Started process (PID=2760) to work on /opt/airflow/dags/config.py
[2026-03-28T20:37:13.746+0000] {processor.py:830} INFO - Processing file /opt/airflow/dags/config.py for tasks to queue
[2026-03-28T20:37:13.747+0000] {logging_mixin.py:188} INFO - [2026-03-28T20:37:13.747+0000] {dagbag.py:545} INFO - Filling up the DagBag from /opt/airflow/dags/config.py
[2026-03-28T20:37:13.749+0000] {processor.py:842} WARNING - No viable dags retrieved from /opt/airflow/dags/config.py
[2026-03-28T20:37:13.767+0000] {processor.py:183} INFO - Processing /opt/airflow/dags/config.py took 0.030 seconds
[2026-03-28T20:37:44.205+0000] {processor.py:161} INFO - Started process (PID=2775) to work on /opt/airflow/dags/config.py
[2026-03-28T20:37:44.212+0000] {processor.py:830} INFO - Processing file /opt/airflow/dags/config.py for tasks to queue
[2026-03-28T20:37:44.213+0000] {logging_mixin.py:188} INFO - [2026-03-28T20:37:44.213+0000] {dagbag.py:545} INFO - Filling up the DagBag from /opt/airflow/dags/config.py
[2026-03-28T20:37:44.215+0000] {processor.py:842} WARNING - No viable dags retrieved from /opt/airflow/dags/config.py
[2026-03-28T20:37:44.238+0000] {processor.py:183} INFO - Processing /opt/airflow/dags/config.py took 0.040 seconds
[2026-03-28T20:38:55.277+0000] {processor.py:161} INFO - Started process (PID=168) to work on /opt/airflow/dags/config.py
[2026-03-28T20:38:55.281+0000] {processor.py:830} INFO - Processing file /opt/airflow/dags/config.py for tasks to queue
[2026-03-28T20:38:55.283+0000] {logging_mixin.py:188} INFO - [2026-03-28T20:38:55.283+0000] {dagbag.py:545} INFO - Filling up the DagBag from /opt/airflow/dags/config.py
[2026-03-28T20:38:55.285+0000] {processor.py:842} WARNING - No viable dags retrieved from /opt/airflow/dags/config.py
[2026-03-28T20:38:55.369+0000] {processor.py:183} INFO - Processing /opt/airflow/dags/config.py took 0.098 seconds
[2026-03-28T20:39:28.958+0000] {processor.py:161} INFO - Started process (PID=183) to work on /opt/airflow/dags/config.py
[2026-03-28T20:39:29.138+0000] {processor.py:830} INFO - Processing file /opt/airflow/dags/config.py for tasks to queue
[2026-03-28T20:39:29.224+0000] {logging_mixin.py:188} INFO - [2026-03-28T20:39:29.223+0000] {dagbag.py:545} INFO - Filling up the DagBag from /opt/airflow/dags/config.py
[2026-03-28T20:39:29.233+0000] {processor.py:842} WARNING - No viable dags retrieved from /opt/airflow/dags/config.py
[2026-03-28T20:39:30.752+0000] {processor.py:183} INFO - Processing /opt/airflow/dags/config.py took 2.011 seconds
[2026-03-28T20:40:01.209+0000] {processor.py:161} INFO - Started process (PID=195) to work on /opt/airflow/dags/config.py
[2026-03-28T20:40:01.211+0000] {processor.py:830} INFO - Processing file /opt/airflow/dags/config.py for tasks to queue
[2026-03-28T20:40:01.216+0000] {logging_mixin.py:188} INFO - [2026-03-28T20:40:01.216+0000] {dagbag.py:545} INFO - Filling up the DagBag from /opt/airflow/dags/config.py
[2026-03-28T20:40:01.219+0000] {processor.py:842} WARNING - No viable dags retrieved from /opt/airflow/dags/config.py
[2026-03-28T20:40:01.240+0000] {processor.py:183} INFO - Processing /opt/airflow/dags/config.py took 0.039 seconds
[2026-03-28T20:40:31.745+0000] {processor.py:161} INFO - Started process (PID=210) to work on /opt/airflow/dags/config.py
[2026-03-28T20:40:31.754+0000] {processor.py:830} INFO - Processing file /opt/airflow/dags/config.py for tasks to queue
[2026-03-28T20:40:31.757+0000] {logging_mixin.py:188} INFO - [2026-03-28T20:40:31.756+0000] {dagbag.py:545} INFO - Filling up the DagBag from /opt/airflow/dags/config.py
[2026-03-28T20:40:31.761+0000] {processor.py:842} WARNING - No viable dags retrieved from /opt/airflow/dags/config.py
[2026-03-28T20:40:31.789+0000] {processor.py:183} INFO - Processing /opt/airflow/dags/config.py took 0.053 seconds
[2026-03-28T20:41:02.285+0000] {processor.py:161} INFO - Started process (PID=225) to work on /opt/airflow/dags/config.py
[2026-03-28T20:41:02.286+0000] {processor.py:830} INFO - Processing file /opt/airflow/dags/config.py for tasks to queue
[2026-03-28T20:41:02.289+0000] {logging_mixin.py:188} INFO - [2026-03-28T20:41:02.288+0000] {dagbag.py:545} INFO - Filling up the DagBag from /opt/airflow/dags/config.py
[2026-03-28T20:41:02.292+0000] {processor.py:842} WARNING - No viable dags retrieved from /opt/airflow/dags/config.py
[2026-03-28T20:41:02.314+0000] {processor.py:183} INFO - Processing /opt/airflow/dags/config.py took 0.039 seconds
[2026-03-28T20:41:32.674+0000] {processor.py:161} INFO - Started process (PID=240) to work on /opt/airflow/dags/config.py
[2026-03-28T20:41:32.676+0000] {processor.py:830} INFO - Processing file /opt/airflow/dags/config.py for tasks to queue
[2026-03-28T20:41:32.679+0000] {logging_mixin.py:188} INFO - [2026-03-28T20:41:32.678+0000] {dagbag.py:545} INFO - Filling up the DagBag from /opt/airflow/dags/config.py
[2026-03-28T20:41:32.682+0000] {processor.py:842} WARNING - No viable dags retrieved from /opt/airflow/dags/config.py
[2026-03-28T20:41:32.704+0000] {processor.py:183} INFO - Processing /opt/airflow/dags/config.py took 0.037 seconds
[2026-03-28T20:42:03.165+0000] {processor.py:161} INFO - Started process (PID=255) to work on /opt/airflow/dags/config.py
[2026-03-28T20:42:03.167+0000] {processor.py:830} INFO - Processing file /opt/airflow/dags/config.py for tasks to queue
[2026-03-28T20:42:03.169+0000] {logging_mixin.py:188} INFO - [2026-03-28T20:42:03.168+0000] {dagbag.py:545} INFO - Filling up the DagBag from /opt/airflow/dags/config.py
[2026-03-28T20:42:03.173+0000] {processor.py:842} WARNING - No viable dags retrieved from /opt/airflow/dags/config.py
[2026-03-28T20:42:03.192+0000] {processor.py:183} INFO - Processing /opt/airflow/dags/config.py took 0.034 seconds
[2026-03-28T20:42:33.603+0000] {processor.py:161} INFO - Started process (PID=270) to work on /opt/airflow/dags/config.py
[2026-03-28T20:42:33.605+0000] {processor.py:830} INFO - Processing file /opt/airflow/dags/config.py for tasks to queue
[2026-03-28T20:42:33.607+0000] {logging_mixin.py:188} INFO - [2026-03-28T20:42:33.607+0000] {dagbag.py:545} INFO - Filling up the DagBag from /opt/airflow/dags/config.py
[2026-03-28T20:42:33.611+0000] {processor.py:842} WARNING - No viable dags retrieved from /opt/airflow/dags/config.py
[2026-03-28T20:42:33.634+0000] {processor.py:183} INFO - Processing /opt/airflow/dags/config.py took 0.039 seconds
[2026-03-28T20:43:04.062+0000] {processor.py:161} INFO - Started process (PID=285) to work on /opt/airflow/dags/config.py
[2026-03-28T20:43:04.064+0000] {processor.py:830} INFO - Processing file /opt/airflow/dags/config.py for tasks to queue
[2026-03-28T20:43:04.067+0000] {logging_mixin.py:188} INFO - [2026-03-28T20:43:04.067+0000] {dagbag.py:545} INFO - Filling up the DagBag from /opt/airflow/dags/config.py
[2026-03-28T20:43:04.072+0000] {processor.py:842} WARNING - No viable dags retrieved from /opt/airflow/dags/config.py
[2026-03-28T20:43:04.102+0000] {processor.py:183} INFO - Processing /opt/airflow/dags/config.py took 0.050 seconds
[2026-03-28T20:43:34.531+0000] {processor.py:161} INFO - Started process (PID=300) to work on /opt/airflow/dags/config.py
[2026-03-28T20:43:34.534+0000] {processor.py:830} INFO - Processing file /opt/airflow/dags/config.py for tasks to queue
[2026-03-28T20:43:34.537+0000] {logging_mixin.py:188} INFO - [2026-03-28T20:43:34.536+0000] {dagbag.py:545} INFO - Filling up the DagBag from /opt/airflow/dags/config.py
[2026-03-28T20:43:34.542+0000] {processor.py:842} WARNING - No viable dags retrieved from /opt/airflow/dags/config.py
[2026-03-28T20:43:34.570+0000] {processor.py:183} INFO - Processing /opt/airflow/dags/config.py took 0.048 seconds
[2026-03-28T20:44:05.037+0000] {processor.py:161} INFO - Started process (PID=315) to work on /opt/airflow/dags/config.py
[2026-03-28T20:44:05.040+0000] {processor.py:830} INFO - Processing file /opt/airflow/dags/config.py for tasks to queue
[2026-03-28T20:44:05.043+0000] {logging_mixin.py:188} INFO - [2026-03-28T20:44:05.042+0000] {dagbag.py:545} INFO - Filling up the DagBag from /opt/airflow/dags/config.py
[2026-03-28T20:44:05.045+0000] {processor.py:842} WARNING - No viable dags retrieved from /opt/airflow/dags/config.py
[2026-03-28T20:44:05.076+0000] {processor.py:183} INFO - Processing /opt/airflow/dags/config.py took 0.046 seconds
[2026-03-28T20:44:35.847+0000] {processor.py:161} INFO - Started process (PID=333) to work on /opt/airflow/dags/config.py
[2026-03-28T20:44:35.855+0000] {processor.py:830} INFO - Processing file /opt/airflow/dags/config.py for tasks to queue
[2026-03-28T20:44:35.859+0000] {logging_mixin.py:188} INFO - [2026-03-28T20:44:35.858+0000] {dagbag.py:545} INFO - Filling up the DagBag from /opt/airflow/dags/config.py
[2026-03-28T20:44:35.873+0000] {processor.py:842} WARNING - No viable dags retrieved from /opt/airflow/dags/config.py
[2026-03-28T20:44:35.957+0000] {processor.py:183} INFO - Processing /opt/airflow/dags/config.py took 0.270 seconds
[2026-03-28T20:45:06.612+0000] {processor.py:161} INFO - Started process (PID=355) to work on /opt/airflow/dags/config.py
[2026-03-28T20:45:06.616+0000] {processor.py:830} INFO - Processing file /opt/airflow/dags/config.py for tasks to queue
[2026-03-28T20:45:06.621+0000] {logging_mixin.py:188} INFO - [2026-03-28T20:45:06.620+0000] {dagbag.py:545} INFO - Filling up the DagBag from /opt/airflow/dags/config.py
[2026-03-28T20:45:06.632+0000] {processor.py:842} WARNING - No viable dags retrieved from /opt/airflow/dags/config.py
[2026-03-28T20:45:06.685+0000] {processor.py:183} INFO - Processing /opt/airflow/dags/config.py took 0.089 seconds
[2026-03-28T20:45:37.577+0000] {processor.py:161} INFO - Started process (PID=370) to work on /opt/airflow/dags/config.py
[2026-03-28T20:45:37.578+0000] {processor.py:830} INFO - Processing file /opt/airflow/dags/config.py for tasks to queue
[2026-03-28T20:45:37.581+0000] {logging_mixin.py:188} INFO - [2026-03-28T20:45:37.580+0000] {dagbag.py:545} INFO - Filling up the DagBag from /opt/airflow/dags/config.py
[2026-03-28T20:45:37.583+0000] {processor.py:842} WARNING - No viable dags retrieved from /opt/airflow/dags/config.py
[2026-03-28T20:45:37.610+0000] {processor.py:183} INFO - Processing /opt/airflow/dags/config.py took 0.043 seconds
[2026-03-28T20:46:07.996+0000] {processor.py:161} INFO - Started process (PID=385) to work on /opt/airflow/dags/config.py
[2026-03-28T20:46:07.998+0000] {processor.py:830} INFO - Processing file /opt/airflow/dags/config.py for tasks to queue
[2026-03-28T20:46:08.001+0000] {logging_mixin.py:188} INFO - [2026-03-28T20:46:08.001+0000] {dagbag.py:545} INFO - Filling up the DagBag from /opt/airflow/dags/config.py
[2026-03-28T20:46:08.004+0000] {processor.py:842} WARNING - No viable dags retrieved from /opt/airflow/dags/config.py
[2026-03-28T20:46:08.030+0000] {processor.py:183} INFO - Processing /opt/airflow/dags/config.py took 0.041 seconds
[2026-03-28T20:46:38.411+0000] {processor.py:161} INFO - Started process (PID=400) to work on /opt/airflow/dags/config.py
[2026-03-28T20:46:38.413+0000] {processor.py:830} INFO - Processing file /opt/airflow/dags/config.py for tasks to queue
[2026-03-28T20:46:38.415+0000] {logging_mixin.py:188} INFO - [2026-03-28T20:46:38.415+0000] {dagbag.py:545} INFO - Filling up the DagBag from /opt/airflow/dags/config.py
[2026-03-28T20:46:38.418+0000] {processor.py:842} WARNING - No viable dags retrieved from /opt/airflow/dags/config.py
[2026-03-28T20:46:38.441+0000] {processor.py:183} INFO - Processing /opt/airflow/dags/config.py took 0.039 seconds
[2026-03-28T20:47:08.834+0000] {processor.py:161} INFO - Started process (PID=415) to work on /opt/airflow/dags/config.py
[2026-03-28T20:47:08.853+0000] {processor.py:830} INFO - Processing file /opt/airflow/dags/config.py for tasks to queue
[2026-03-28T20:47:08.856+0000] {logging_mixin.py:188} INFO - [2026-03-28T20:47:08.855+0000] {dagbag.py:545} INFO - Filling up the DagBag from /opt/airflow/dags/config.py
[2026-03-28T20:47:08.858+0000] {processor.py:842} WARNING - No viable dags retrieved from /opt/airflow/dags/config.py
[2026-03-28T20:47:08.881+0000] {processor.py:183} INFO - Processing /opt/airflow/dags/config.py took 0.056 seconds
[2026-03-28T20:47:39.301+0000] {processor.py:161} INFO - Started process (PID=430) to work on /opt/airflow/dags/config.py
[2026-03-28T20:47:39.305+0000] {processor.py:830} INFO - Processing file /opt/airflow/dags/config.py for tasks to queue
[2026-03-28T20:47:39.310+0000] {logging_mixin.py:188} INFO - [2026-03-28T20:47:39.310+0000] {dagbag.py:545} INFO - Filling up the DagBag from /opt/airflow/dags/config.py
[2026-03-28T20:47:39.313+0000] {processor.py:842} WARNING - No viable dags retrieved from /opt/airflow/dags/config.py
[2026-03-28T20:47:39.340+0000] {processor.py:183} INFO - Processing /opt/airflow/dags/config.py took 0.076 seconds
[2026-03-28T20:48:09.899+0000] {processor.py:161} INFO - Started process (PID=455) to work on /opt/airflow/dags/config.py
[2026-03-28T20:48:09.905+0000] {processor.py:830} INFO - Processing file /opt/airflow/dags/config.py for tasks to queue
[2026-03-28T20:48:09.915+0000] {logging_mixin.py:188} INFO - [2026-03-28T20:48:09.913+0000] {dagbag.py:545} INFO - Filling up the DagBag from /opt/airflow/dags/config.py
[2026-03-28T20:48:09.924+0000] {processor.py:842} WARNING - No viable dags retrieved from /opt/airflow/dags/config.py
[2026-03-28T20:48:09.987+0000] {processor.py:183} INFO - Processing /opt/airflow/dags/config.py took 0.126 seconds
[2026-03-28T20:48:40.401+0000] {processor.py:161} INFO - Started process (PID=470) to work on /opt/airflow/dags/config.py
[2026-03-28T20:48:40.404+0000] {processor.py:830} INFO - Processing file /opt/airflow/dags/config.py for tasks to queue
[2026-03-28T20:48:40.407+0000] {logging_mixin.py:188} INFO - [2026-03-28T20:48:40.406+0000] {dagbag.py:545} INFO - Filling up the DagBag from /opt/airflow/dags/config.py
[2026-03-28T20:48:40.410+0000] {processor.py:842} WARNING - No viable dags retrieved from /opt/airflow/dags/config.py
[2026-03-28T20:48:40.445+0000] {processor.py:183} INFO - Processing /opt/airflow/dags/config.py took 0.054 seconds
[2026-03-28T20:49:11.070+0000] {processor.py:161} INFO - Started process (PID=500) to work on /opt/airflow/dags/config.py
[2026-03-28T20:49:11.071+0000] {processor.py:830} INFO - Processing file /opt/airflow/dags/config.py for tasks to queue
[2026-03-28T20:49:11.074+0000] {logging_mixin.py:188} INFO - [2026-03-28T20:49:11.074+0000] {dagbag.py:545} INFO - Filling up the DagBag from /opt/airflow/dags/config.py
[2026-03-28T20:49:11.076+0000] {processor.py:842} WARNING - No viable dags retrieved from /opt/airflow/dags/config.py
[2026-03-28T20:49:11.110+0000] {processor.py:183} INFO - Processing /opt/airflow/dags/config.py took 0.048 seconds
[2026-03-28T20:49:41.940+0000] {processor.py:161} INFO - Started process (PID=530) to work on /opt/airflow/dags/config.py
[2026-03-28T20:49:41.941+0000] {processor.py:830} INFO - Processing file /opt/airflow/dags/config.py for tasks to queue
[2026-03-28T20:49:41.944+0000] {logging_mixin.py:188} INFO - [2026-03-28T20:49:41.944+0000] {dagbag.py:545} INFO - Filling up the DagBag from /opt/airflow/dags/config.py
[2026-03-28T20:49:41.946+0000] {processor.py:842} WARNING - No viable dags retrieved from /opt/airflow/dags/config.py
[2026-03-28T20:49:41.966+0000] {processor.py:183} INFO - Processing /opt/airflow/dags/config.py took 0.033 seconds
[2026-03-28T20:50:12.336+0000] {processor.py:161} INFO - Started process (PID=545) to work on /opt/airflow/dags/config.py
[2026-03-28T20:50:12.338+0000] {processor.py:830} INFO - Processing file /opt/airflow/dags/config.py for tasks to queue
[2026-03-28T20:50:12.342+0000] {logging_mixin.py:188} INFO - [2026-03-28T20:50:12.340+0000] {dagbag.py:545} INFO - Filling up the DagBag from /opt/airflow/dags/config.py
[2026-03-28T20:50:12.344+0000] {processor.py:842} WARNING - No viable dags retrieved from /opt/airflow/dags/config.py
[2026-03-28T20:50:12.374+0000] {processor.py:183} INFO - Processing /opt/airflow/dags/config.py took 0.047 seconds
[2026-03-28T20:50:42.897+0000] {processor.py:161} INFO - Started process (PID=560) to work on /opt/airflow/dags/config.py
[2026-03-28T20:50:42.898+0000] {processor.py:830} INFO - Processing file /opt/airflow/dags/config.py for tasks to queue
[2026-03-28T20:50:42.902+0000] {logging_mixin.py:188} INFO - [2026-03-28T20:50:42.901+0000] {dagbag.py:545} INFO - Filling up the DagBag from /opt/airflow/dags/config.py
[2026-03-28T20:50:42.904+0000] {processor.py:842} WARNING - No viable dags retrieved from /opt/airflow/dags/config.py
[2026-03-28T20:50:42.932+0000] {processor.py:183} INFO - Processing /opt/airflow/dags/config.py took 0.044 seconds
[2026-03-28T20:51:13.425+0000] {processor.py:161} INFO - Started process (PID=585) to work on /opt/airflow/dags/config.py
[2026-03-28T20:51:13.430+0000] {processor.py:830} INFO - Processing file /opt/airflow/dags/config.py for tasks to queue
[2026-03-28T20:51:13.433+0000] {logging_mixin.py:188} INFO - [2026-03-28T20:51:13.433+0000] {dagbag.py:545} INFO - Filling up the DagBag from /opt/airflow/dags/config.py
[2026-03-28T20:51:13.436+0000] {processor.py:842} WARNING - No viable dags retrieved from /opt/airflow/dags/config.py
[2026-03-28T20:51:13.463+0000] {processor.py:183} INFO - Processing /opt/airflow/dags/config.py took 0.046 seconds
[2026-03-28T20:51:43.971+0000] {processor.py:161} INFO - Started process (PID=600) to work on /opt/airflow/dags/config.py
[2026-03-28T20:51:43.972+0000] {processor.py:830} INFO - Processing file /opt/airflow/dags/config.py for tasks to queue
[2026-03-28T20:51:43.975+0000] {logging_mixin.py:188} INFO - [2026-03-28T20:51:43.975+0000] {dagbag.py:545} INFO - Filling up the DagBag from /opt/airflow/dags/config.py
[2026-03-28T20:51:43.978+0000] {processor.py:842} WARNING - No viable dags retrieved from /opt/airflow/dags/config.py
[2026-03-28T20:51:44.028+0000] {processor.py:183} INFO - Processing /opt/airflow/dags/config.py took 0.069 seconds
[2026-03-28T20:52:14.529+0000] {processor.py:161} INFO - Started process (PID=620) to work on /opt/airflow/dags/config.py
[2026-03-28T20:52:14.531+0000] {processor.py:830} INFO - Processing file /opt/airflow/dags/config.py for tasks to queue
[2026-03-28T20:52:14.534+0000] {logging_mixin.py:188} INFO - [2026-03-28T20:52:14.533+0000] {dagbag.py:545} INFO - Filling up the DagBag from /opt/airflow/dags/config.py
[2026-03-28T20:52:14.536+0000] {processor.py:842} WARNING - No viable dags retrieved from /opt/airflow/dags/config.py
[2026-03-28T20:52:14.578+0000] {processor.py:183} INFO - Processing /opt/airflow/dags/config.py took 0.063 seconds
[2026-03-28T20:52:44.991+0000] {processor.py:161} INFO - Started process (PID=635) to work on /opt/airflow/dags/config.py
[2026-03-28T20:52:44.992+0000] {processor.py:830} INFO - Processing file /opt/airflow/dags/config.py for tasks to queue
[2026-03-28T20:52:44.995+0000] {logging_mixin.py:188} INFO - [2026-03-28T20:52:44.994+0000] {dagbag.py:545} INFO - Filling up the DagBag from /opt/airflow/dags/config.py
[2026-03-28T20:52:45.002+0000] {processor.py:842} WARNING - No viable dags retrieved from /opt/airflow/dags/config.py
[2026-03-28T20:52:45.046+0000] {processor.py:183} INFO - Processing /opt/airflow/dags/config.py took 0.066 seconds
[2026-03-28T20:53:15.521+0000] {processor.py:161} INFO - Started process (PID=650) to work on /opt/airflow/dags/config.py
[2026-03-28T20:53:15.523+0000] {processor.py:830} INFO - Processing file /opt/airflow/dags/config.py for tasks to queue
[2026-03-28T20:53:15.526+0000] {logging_mixin.py:188} INFO - [2026-03-28T20:53:15.525+0000] {dagbag.py:545} INFO - Filling up the DagBag from /opt/airflow/dags/config.py
[2026-03-28T20:53:15.529+0000] {processor.py:842} WARNING - No viable dags retrieved from /opt/airflow/dags/config.py
[2026-03-28T20:53:15.551+0000] {processor.py:183} INFO - Processing /opt/airflow/dags/config.py took 0.037 seconds
[2026-03-28T20:53:46.111+0000] {processor.py:161} INFO - Started process (PID=670) to work on /opt/airflow/dags/config.py
[2026-03-28T20:53:46.114+0000] {processor.py:830} INFO - Processing file /opt/airflow/dags/config.py for tasks to queue
[2026-03-28T20:53:46.128+0000] {logging_mixin.py:188} INFO - [2026-03-28T20:53:46.121+0000] {dagbag.py:545} INFO - Filling up the DagBag from /opt/airflow/dags/config.py
[2026-03-28T20:53:46.143+0000] {processor.py:842} WARNING - No viable dags retrieved from /opt/airflow/dags/config.py
[2026-03-28T20:53:46.206+0000] {processor.py:183} INFO - Processing /opt/airflow/dags/config.py took 0.111 seconds
[2026-03-28T20:54:16.606+0000] {processor.py:161} INFO - Started process (PID=690) to work on /opt/airflow/dags/config.py
[2026-03-28T20:54:16.608+0000] {processor.py:830} INFO - Processing file /opt/airflow/dags/config.py for tasks to queue
[2026-03-28T20:54:16.612+0000] {logging_mixin.py:188} INFO - [2026-03-28T20:54:16.611+0000] {dagbag.py:545} INFO - Filling up the DagBag from /opt/airflow/dags/config.py
[2026-03-28T20:54:16.616+0000] {processor.py:842} WARNING - No viable dags retrieved from /opt/airflow/dags/config.py
[2026-03-28T20:54:16.639+0000] {processor.py:183} INFO - Processing /opt/airflow/dags/config.py took 0.042 seconds
[2026-03-28T20:54:47.126+0000] {processor.py:161} INFO - Started process (PID=705) to work on /opt/airflow/dags/config.py
[2026-03-28T20:54:47.136+0000] {processor.py:830} INFO - Processing file /opt/airflow/dags/config.py for tasks to queue
[2026-03-28T20:54:47.156+0000] {logging_mixin.py:188} INFO - [2026-03-28T20:54:47.154+0000] {dagbag.py:545} INFO - Filling up the DagBag from /opt/airflow/dags/config.py
[2026-03-28T20:54:47.177+0000] {processor.py:842} WARNING - No viable dags retrieved from /opt/airflow/dags/config.py
[2026-03-28T20:54:47.271+0000] {processor.py:183} INFO - Processing /opt/airflow/dags/config.py took 0.223 seconds
[2026-03-28T20:55:17.664+0000] {processor.py:161} INFO - Started process (PID=720) to work on /opt/airflow/dags/config.py
[2026-03-28T20:55:17.666+0000] {processor.py:830} INFO - Processing file /opt/airflow/dags/config.py for tasks to queue
[2026-03-28T20:55:17.670+0000] {logging_mixin.py:188} INFO - [2026-03-28T20:55:17.669+0000] {dagbag.py:545} INFO - Filling up the DagBag from /opt/airflow/dags/config.py
[2026-03-28T20:55:17.673+0000] {processor.py:842} WARNING - No viable dags retrieved from /opt/airflow/dags/config.py
[2026-03-28T20:55:17.700+0000] {processor.py:183} INFO - Processing /opt/airflow/dags/config.py took 0.043 seconds
[2026-03-28T20:55:48.175+0000] {processor.py:161} INFO - Started process (PID=735) to work on /opt/airflow/dags/config.py
[2026-03-28T20:55:48.178+0000] {processor.py:830} INFO - Processing file /opt/airflow/dags/config.py for tasks to queue
[2026-03-28T20:55:48.183+0000] {logging_mixin.py:188} INFO - [2026-03-28T20:55:48.182+0000] {dagbag.py:545} INFO - Filling up the DagBag from /opt/airflow/dags/config.py
[2026-03-28T20:55:48.189+0000] {processor.py:842} WARNING - No viable dags retrieved from /opt/airflow/dags/config.py
[2026-03-28T20:55:48.236+0000] {processor.py:183} INFO - Processing /opt/airflow/dags/config.py took 0.079 seconds
[2026-03-28T20:56:18.621+0000] {processor.py:161} INFO - Started process (PID=750) to work on /opt/airflow/dags/config.py
[2026-03-28T20:56:18.623+0000] {processor.py:830} INFO - Processing file /opt/airflow/dags/config.py for tasks to queue
[2026-03-28T20:56:18.626+0000] {logging_mixin.py:188} INFO - [2026-03-28T20:56:18.626+0000] {dagbag.py:545} INFO - Filling up the DagBag from /opt/airflow/dags/config.py
[2026-03-28T20:56:18.628+0000] {processor.py:842} WARNING - No viable dags retrieved from /opt/airflow/dags/config.py
[2026-03-28T20:56:18.656+0000] {processor.py:183} INFO - Processing /opt/airflow/dags/config.py took 0.045 seconds
[2026-03-28T20:56:49.128+0000] {processor.py:161} INFO - Started process (PID=770) to work on /opt/airflow/dags/config.py
[2026-03-28T20:56:49.129+0000] {processor.py:830} INFO - Processing file /opt/airflow/dags/config.py for tasks to queue
[2026-03-28T20:56:49.131+0000] {logging_mixin.py:188} INFO - [2026-03-28T20:56:49.130+0000] {dagbag.py:545} INFO - Filling up the DagBag from /opt/airflow/dags/config.py
[2026-03-28T20:56:49.137+0000] {processor.py:842} WARNING - No viable dags retrieved from /opt/airflow/dags/config.py
[2026-03-28T20:56:49.161+0000] {processor.py:183} INFO - Processing /opt/airflow/dags/config.py took 0.040 seconds
[2026-03-28T20:57:19.538+0000] {processor.py:161} INFO - Started process (PID=785) to work on /opt/airflow/dags/config.py
[2026-03-28T20:57:19.556+0000] {processor.py:830} INFO - Processing file /opt/airflow/dags/config.py for tasks to queue
[2026-03-28T20:57:19.560+0000] {logging_mixin.py:188} INFO - [2026-03-28T20:57:19.560+0000] {dagbag.py:545} INFO - Filling up the DagBag from /opt/airflow/dags/config.py
[2026-03-28T20:57:19.562+0000] {processor.py:842} WARNING - No viable dags retrieved from /opt/airflow/dags/config.py
[2026-03-28T20:57:19.583+0000] {processor.py:183} INFO - Processing /opt/airflow/dags/config.py took 0.055 seconds
[2026-03-28T20:57:50.087+0000] {processor.py:161} INFO - Started process (PID=800) to work on /opt/airflow/dags/config.py
[2026-03-28T20:57:50.088+0000] {processor.py:830} INFO - Processing file /opt/airflow/dags/config.py for tasks to queue
[2026-03-28T20:57:50.100+0000] {logging_mixin.py:188} INFO - [2026-03-28T20:57:50.098+0000] {dagbag.py:545} INFO - Filling up the DagBag from /opt/airflow/dags/config.py
[2026-03-28T20:57:50.103+0000] {processor.py:842} WARNING - No viable dags retrieved from /opt/airflow/dags/config.py
[2026-03-28T20:57:50.125+0000] {processor.py:183} INFO - Processing /opt/airflow/dags/config.py took 0.045 seconds
[2026-03-28T20:58:20.510+0000] {processor.py:161} INFO - Started process (PID=815) to work on /opt/airflow/dags/config.py
[2026-03-28T20:58:20.511+0000] {processor.py:830} INFO - Processing file /opt/airflow/dags/config.py for tasks to queue
[2026-03-28T20:58:20.514+0000] {logging_mixin.py:188} INFO - [2026-03-28T20:58:20.513+0000] {dagbag.py:545} INFO - Filling up the DagBag from /opt/airflow/dags/config.py
[2026-03-28T20:58:20.516+0000] {processor.py:842} WARNING - No viable dags retrieved from /opt/airflow/dags/config.py
[2026-03-28T20:58:20.536+0000] {processor.py:183} INFO - Processing /opt/airflow/dags/config.py took 0.034 seconds
[2026-03-28T20:58:50.927+0000] {processor.py:161} INFO - Started process (PID=830) to work on /opt/airflow/dags/config.py
[2026-03-28T20:58:50.928+0000] {processor.py:830} INFO - Processing file /opt/airflow/dags/config.py for tasks to queue
[2026-03-28T20:58:50.930+0000] {logging_mixin.py:188} INFO - [2026-03-28T20:58:50.930+0000] {dagbag.py:545} INFO - Filling up the DagBag from /opt/airflow/dags/config.py
[2026-03-28T20:58:50.932+0000] {processor.py:842} WARNING - No viable dags retrieved from /opt/airflow/dags/config.py
[2026-03-28T20:58:50.963+0000] {processor.py:183} INFO - Processing /opt/airflow/dags/config.py took 0.044 seconds
[2026-03-28T20:59:21.042+0000] {processor.py:161} INFO - Started process (PID=860) to work on /opt/airflow/dags/config.py
[2026-03-28T20:59:21.044+0000] {processor.py:830} INFO - Processing file /opt/airflow/dags/config.py for tasks to queue
[2026-03-28T20:59:21.046+0000] {logging_mixin.py:188} INFO - [2026-03-28T20:59:21.046+0000] {dagbag.py:545} INFO - Filling up the DagBag from /opt/airflow/dags/config.py
[2026-03-28T20:59:21.048+0000] {processor.py:842} WARNING - No viable dags retrieved from /opt/airflow/dags/config.py
[2026-03-28T20:59:21.079+0000] {processor.py:183} INFO - Processing /opt/airflow/dags/config.py took 0.047 seconds
[2026-03-28T20:59:51.175+0000] {processor.py:161} INFO - Started process (PID=880) to work on /opt/airflow/dags/config.py
[2026-03-28T20:59:51.176+0000] {processor.py:830} INFO - Processing file /opt/airflow/dags/config.py for tasks to queue
[2026-03-28T20:59:51.178+0000] {logging_mixin.py:188} INFO - [2026-03-28T20:59:51.178+0000] {dagbag.py:545} INFO - Filling up the DagBag from /opt/airflow/dags/config.py
[2026-03-28T20:59:51.181+0000] {processor.py:842} WARNING - No viable dags retrieved from /opt/airflow/dags/config.py
[2026-03-28T20:59:51.220+0000] {processor.py:183} INFO - Processing /opt/airflow/dags/config.py took 0.055 seconds
[2026-03-28T21:00:21.689+0000] {processor.py:161} INFO - Started process (PID=900) to work on /opt/airflow/dags/config.py
[2026-03-28T21:00:21.696+0000] {processor.py:830} INFO - Processing file /opt/airflow/dags/config.py for tasks to queue
[2026-03-28T21:00:21.711+0000] {logging_mixin.py:188} INFO - [2026-03-28T21:00:21.708+0000] {dagbag.py:545} INFO - Filling up the DagBag from /opt/airflow/dags/config.py
[2026-03-28T21:00:21.726+0000] {processor.py:842} WARNING - No viable dags retrieved from /opt/airflow/dags/config.py
[2026-03-28T21:00:21.782+0000] {processor.py:183} INFO - Processing /opt/airflow/dags/config.py took 0.143 seconds
[2026-03-28T21:00:52.382+0000] {processor.py:161} INFO - Started process (PID=930) to work on /opt/airflow/dags/config.py
[2026-03-28T21:00:52.383+0000] {processor.py:830} INFO - Processing file /opt/airflow/dags/config.py for tasks to queue
[2026-03-28T21:00:52.386+0000] {logging_mixin.py:188} INFO - [2026-03-28T21:00:52.385+0000] {dagbag.py:545} INFO - Filling up the DagBag from /opt/airflow/dags/config.py
[2026-03-28T21:00:52.388+0000] {processor.py:842} WARNING - No viable dags retrieved from /opt/airflow/dags/config.py
[2026-03-28T21:00:52.413+0000] {processor.py:183} INFO - Processing /opt/airflow/dags/config.py took 0.044 seconds
[2026-03-28T21:01:23.195+0000] {processor.py:161} INFO - Started process (PID=960) to work on /opt/airflow/dags/config.py
[2026-03-28T21:01:23.196+0000] {processor.py:830} INFO - Processing file /opt/airflow/dags/config.py for tasks to queue
[2026-03-28T21:01:23.200+0000] {logging_mixin.py:188} INFO - [2026-03-28T21:01:23.199+0000] {dagbag.py:545} INFO - Filling up the DagBag from /opt/airflow/dags/config.py
[2026-03-28T21:01:23.203+0000] {processor.py:842} WARNING - No viable dags retrieved from /opt/airflow/dags/config.py
[2026-03-28T21:01:23.226+0000] {processor.py:183} INFO - Processing /opt/airflow/dags/config.py took 0.039 seconds
[2026-03-28T21:01:53.673+0000] {processor.py:161} INFO - Started process (PID=975) to work on /opt/airflow/dags/config.py
[2026-03-28T21:01:53.675+0000] {processor.py:830} INFO - Processing file /opt/airflow/dags/config.py for tasks to queue
[2026-03-28T21:01:53.677+0000] {logging_mixin.py:188} INFO - [2026-03-28T21:01:53.677+0000] {dagbag.py:545} INFO - Filling up the DagBag from /opt/airflow/dags/config.py
[2026-03-28T21:01:53.679+0000] {processor.py:842} WARNING - No viable dags retrieved from /opt/airflow/dags/config.py
[2026-03-28T21:01:53.701+0000] {processor.py:183} INFO - Processing /opt/airflow/dags/config.py took 0.035 seconds
[2026-03-28T21:02:24.220+0000] {processor.py:161} INFO - Started process (PID=990) to work on /opt/airflow/dags/config.py
[2026-03-28T21:02:24.222+0000] {processor.py:830} INFO - Processing file /opt/airflow/dags/config.py for tasks to queue
[2026-03-28T21:02:24.225+0000] {logging_mixin.py:188} INFO - [2026-03-28T21:02:24.224+0000] {dagbag.py:545} INFO - Filling up the DagBag from /opt/airflow/dags/config.py
[2026-03-28T21:02:24.227+0000] {processor.py:842} WARNING - No viable dags retrieved from /opt/airflow/dags/config.py
[2026-03-28T21:02:24.249+0000] {processor.py:183} INFO - Processing /opt/airflow/dags/config.py took 0.038 seconds
[2026-03-28T21:02:54.625+0000] {processor.py:161} INFO - Started process (PID=1005) to work on /opt/airflow/dags/config.py
[2026-03-28T21:02:54.627+0000] {processor.py:830} INFO - Processing file /opt/airflow/dags/config.py for tasks to queue
[2026-03-28T21:02:54.630+0000] {logging_mixin.py:188} INFO - [2026-03-28T21:02:54.629+0000] {dagbag.py:545} INFO - Filling up the DagBag from /opt/airflow/dags/config.py
[2026-03-28T21:02:54.633+0000] {processor.py:842} WARNING - No viable dags retrieved from /opt/airflow/dags/config.py
[2026-03-28T21:02:54.659+0000] {processor.py:183} INFO - Processing /opt/airflow/dags/config.py took 0.043 seconds
[2026-03-28T21:03:25.067+0000] {processor.py:161} INFO - Started process (PID=1020) to work on /opt/airflow/dags/config.py
[2026-03-28T21:03:25.069+0000] {processor.py:830} INFO - Processing file /opt/airflow/dags/config.py for tasks to queue
[2026-03-28T21:03:25.071+0000] {logging_mixin.py:188} INFO - [2026-03-28T21:03:25.071+0000] {dagbag.py:545} INFO - Filling up the DagBag from /opt/airflow/dags/config.py
[2026-03-28T21:03:25.073+0000] {processor.py:842} WARNING - No viable dags retrieved from /opt/airflow/dags/config.py
[2026-03-28T21:03:25.093+0000] {processor.py:183} INFO - Processing /opt/airflow/dags/config.py took 0.034 seconds
[2026-03-28T21:03:55.495+0000] {processor.py:161} INFO - Started process (PID=1035) to work on /opt/airflow/dags/config.py
[2026-03-28T21:03:55.497+0000] {processor.py:830} INFO - Processing file /opt/airflow/dags/config.py for tasks to queue
[2026-03-28T21:03:55.500+0000] {logging_mixin.py:188} INFO - [2026-03-28T21:03:55.499+0000] {dagbag.py:545} INFO - Filling up the DagBag from /opt/airflow/dags/config.py
[2026-03-28T21:03:55.502+0000] {processor.py:842} WARNING - No viable dags retrieved from /opt/airflow/dags/config.py
[2026-03-28T21:03:55.525+0000] {processor.py:183} INFO - Processing /opt/airflow/dags/config.py took 0.048 seconds
[2026-03-28T21:04:26.355+0000] {processor.py:161} INFO - Started process (PID=1050) to work on /opt/airflow/dags/config.py
[2026-03-28T21:04:26.363+0000] {processor.py:830} INFO - Processing file /opt/airflow/dags/config.py for tasks to queue
[2026-03-28T21:04:26.366+0000] {logging_mixin.py:188} INFO - [2026-03-28T21:04:26.365+0000] {dagbag.py:545} INFO - Filling up the DagBag from /opt/airflow/dags/config.py
[2026-03-28T21:04:26.371+0000] {processor.py:842} WARNING - No viable dags retrieved from /opt/airflow/dags/config.py
[2026-03-28T21:04:26.395+0000] {processor.py:183} INFO - Processing /opt/airflow/dags/config.py took 0.050 seconds
[2026-03-28T21:04:57.164+0000] {processor.py:161} INFO - Started process (PID=1065) to work on /opt/airflow/dags/config.py
[2026-03-28T21:04:57.173+0000] {processor.py:830} INFO - Processing file /opt/airflow/dags/config.py for tasks to queue
[2026-03-28T21:04:57.176+0000] {logging_mixin.py:188} INFO - [2026-03-28T21:04:57.175+0000] {dagbag.py:545} INFO - Filling up the DagBag from /opt/airflow/dags/config.py
[2026-03-28T21:04:57.178+0000] {processor.py:842} WARNING - No viable dags retrieved from /opt/airflow/dags/config.py
[2026-03-28T21:04:57.200+0000] {processor.py:183} INFO - Processing /opt/airflow/dags/config.py took 0.045 seconds
[2026-03-28T21:06:27.187+0000] {processor.py:161} INFO - Started process (PID=168) to work on /opt/airflow/dags/config.py
[2026-03-28T21:06:27.188+0000] {processor.py:830} INFO - Processing file /opt/airflow/dags/config.py for tasks to queue
[2026-03-28T21:06:27.191+0000] {logging_mixin.py:188} INFO - [2026-03-28T21:06:27.190+0000] {dagbag.py:545} INFO - Filling up the DagBag from /opt/airflow/dags/config.py
[2026-03-28T21:06:27.194+0000] {processor.py:842} WARNING - No viable dags retrieved from /opt/airflow/dags/config.py
[2026-03-28T21:06:27.239+0000] {processor.py:183} INFO - Processing /opt/airflow/dags/config.py took 0.062 seconds
[2026-03-28T21:06:57.650+0000] {processor.py:161} INFO - Started process (PID=178) to work on /opt/airflow/dags/config.py
[2026-03-28T21:06:57.651+0000] {processor.py:830} INFO - Processing file /opt/airflow/dags/config.py for tasks to queue
[2026-03-28T21:06:57.654+0000] {logging_mixin.py:188} INFO - [2026-03-28T21:06:57.654+0000] {dagbag.py:545} INFO - Filling up the DagBag from /opt/airflow/dags/config.py
[2026-03-28T21:06:57.656+0000] {processor.py:842} WARNING - No viable dags retrieved from /opt/airflow/dags/config.py
[2026-03-28T21:06:57.690+0000] {processor.py:183} INFO - Processing /opt/airflow/dags/config.py took 0.050 seconds
[2026-03-28T21:07:28.217+0000] {processor.py:161} INFO - Started process (PID=198) to work on /opt/airflow/dags/config.py
[2026-03-28T21:07:28.218+0000] {processor.py:830} INFO - Processing file /opt/airflow/dags/config.py for tasks to queue
[2026-03-28T21:07:28.220+0000] {logging_mixin.py:188} INFO - [2026-03-28T21:07:28.220+0000] {dagbag.py:545} INFO - Filling up the DagBag from /opt/airflow/dags/config.py
[2026-03-28T21:07:28.223+0000] {processor.py:842} WARNING - No viable dags retrieved from /opt/airflow/dags/config.py
[2026-03-28T21:07:28.248+0000] {processor.py:183} INFO - Processing /opt/airflow/dags/config.py took 0.040 seconds
[2026-03-28T21:07:59.135+0000] {processor.py:161} INFO - Started process (PID=213) to work on /opt/airflow/dags/config.py
[2026-03-28T21:07:59.138+0000] {processor.py:830} INFO - Processing file /opt/airflow/dags/config.py for tasks to queue
[2026-03-28T21:07:59.141+0000] {logging_mixin.py:188} INFO - [2026-03-28T21:07:59.140+0000] {dagbag.py:545} INFO - Filling up the DagBag from /opt/airflow/dags/config.py
[2026-03-28T21:07:59.143+0000] {processor.py:842} WARNING - No viable dags retrieved from /opt/airflow/dags/config.py
[2026-03-28T21:07:59.171+0000] {processor.py:183} INFO - Processing /opt/airflow/dags/config.py took 0.045 seconds
[2026-03-28T21:08:38.752+0000] {processor.py:161} INFO - Started process (PID=168) to work on /opt/airflow/dags/config.py
[2026-03-28T21:08:38.753+0000] {processor.py:830} INFO - Processing file /opt/airflow/dags/config.py for tasks to queue
[2026-03-28T21:08:38.755+0000] {logging_mixin.py:188} INFO - [2026-03-28T21:08:38.755+0000] {dagbag.py:545} INFO - Filling up the DagBag from /opt/airflow/dags/config.py
[2026-03-28T21:08:38.758+0000] {processor.py:842} WARNING - No viable dags retrieved from /opt/airflow/dags/config.py
[2026-03-28T21:08:38.842+0000] {processor.py:183} INFO - Processing /opt/airflow/dags/config.py took 0.098 seconds
[2026-03-28T21:09:09.909+0000] {processor.py:161} INFO - Started process (PID=183) to work on /opt/airflow/dags/config.py
[2026-03-28T21:09:09.920+0000] {processor.py:830} INFO - Processing file /opt/airflow/dags/config.py for tasks to queue
[2026-03-28T21:09:09.946+0000] {logging_mixin.py:188} INFO - [2026-03-28T21:09:09.944+0000] {dagbag.py:545} INFO - Filling up the DagBag from /opt/airflow/dags/config.py
[2026-03-28T21:09:09.963+0000] {processor.py:842} WARNING - No viable dags retrieved from /opt/airflow/dags/config.py
[2026-03-28T21:09:10.090+0000] {processor.py:183} INFO - Processing /opt/airflow/dags/config.py took 0.247 seconds
[2026-03-28T21:09:58.267+0000] {processor.py:161} INFO - Started process (PID=170) to work on /opt/airflow/dags/config.py
[2026-03-28T21:09:58.276+0000] {processor.py:830} INFO - Processing file /opt/airflow/dags/config.py for tasks to queue
[2026-03-28T21:09:58.280+0000] {logging_mixin.py:188} INFO - [2026-03-28T21:09:58.280+0000] {dagbag.py:545} INFO - Filling up the DagBag from /opt/airflow/dags/config.py
[2026-03-28T21:09:58.283+0000] {processor.py:842} WARNING - No viable dags retrieved from /opt/airflow/dags/config.py
[2026-03-28T21:09:58.408+0000] {processor.py:183} INFO - Processing /opt/airflow/dags/config.py took 0.154 seconds
[2026-03-28T21:10:28.511+0000] {processor.py:161} INFO - Started process (PID=180) to work on /opt/airflow/dags/config.py
[2026-03-28T21:10:28.513+0000] {processor.py:830} INFO - Processing file /opt/airflow/dags/config.py for tasks to queue
[2026-03-28T21:10:28.515+0000] {logging_mixin.py:188} INFO - [2026-03-28T21:10:28.515+0000] {dagbag.py:545} INFO - Filling up the DagBag from /opt/airflow/dags/config.py
[2026-03-28T21:10:28.518+0000] {processor.py:842} WARNING - No viable dags retrieved from /opt/airflow/dags/config.py
[2026-03-28T21:10:28.571+0000] {processor.py:183} INFO - Processing /opt/airflow/dags/config.py took 0.067 seconds
[2026-03-28T21:10:59.494+0000] {processor.py:161} INFO - Started process (PID=195) to work on /opt/airflow/dags/config.py
[2026-03-28T21:10:59.497+0000] {processor.py:830} INFO - Processing file /opt/airflow/dags/config.py for tasks to queue
[2026-03-28T21:10:59.508+0000] {logging_mixin.py:188} INFO - [2026-03-28T21:10:59.508+0000] {dagbag.py:545} INFO - Filling up the DagBag from /opt/airflow/dags/config.py
[2026-03-28T21:10:59.522+0000] {processor.py:842} WARNING - No viable dags retrieved from /opt/airflow/dags/config.py
[2026-03-28T21:10:59.687+0000] {processor.py:183} INFO - Processing /opt/airflow/dags/config.py took 0.229 seconds
[2026-03-28T21:11:29.864+0000] {processor.py:161} INFO - Started process (PID=210) to work on /opt/airflow/dags/config.py
[2026-03-28T21:11:29.866+0000] {processor.py:830} INFO - Processing file /opt/airflow/dags/config.py for tasks to queue
[2026-03-28T21:11:29.873+0000] {logging_mixin.py:188} INFO - [2026-03-28T21:11:29.871+0000] {dagbag.py:545} INFO - Filling up the DagBag from /opt/airflow/dags/config.py
[2026-03-28T21:11:29.884+0000] {processor.py:842} WARNING - No viable dags retrieved from /opt/airflow/dags/config.py
[2026-03-28T21:11:29.913+0000] {processor.py:183} INFO - Processing /opt/airflow/dags/config.py took 0.122 seconds
[2026-03-28T21:12:00.762+0000] {processor.py:161} INFO - Started process (PID=224) to work on /opt/airflow/dags/config.py
[2026-03-28T21:12:00.774+0000] {processor.py:830} INFO - Processing file /opt/airflow/dags/config.py for tasks to queue
[2026-03-28T21:12:00.788+0000] {logging_mixin.py:188} INFO - [2026-03-28T21:12:00.787+0000] {dagbag.py:545} INFO - Filling up the DagBag from /opt/airflow/dags/config.py
[2026-03-28T21:12:00.793+0000] {processor.py:842} WARNING - No viable dags retrieved from /opt/airflow/dags/config.py
[2026-03-28T21:12:00.878+0000] {processor.py:183} INFO - Processing /opt/airflow/dags/config.py took 0.158 seconds
[2026-03-28T21:12:31.738+0000] {processor.py:161} INFO - Started process (PID=240) to work on /opt/airflow/dags/config.py
[2026-03-28T21:12:31.740+0000] {processor.py:830} INFO - Processing file /opt/airflow/dags/config.py for tasks to queue
[2026-03-28T21:12:31.744+0000] {logging_mixin.py:188} INFO - [2026-03-28T21:12:31.742+0000] {dagbag.py:545} INFO - Filling up the DagBag from /opt/airflow/dags/config.py
[2026-03-28T21:12:31.765+0000] {processor.py:842} WARNING - No viable dags retrieved from /opt/airflow/dags/config.py
[2026-03-28T21:12:31.837+0000] {processor.py:183} INFO - Processing /opt/airflow/dags/config.py took 0.107 seconds
[2026-03-28T21:13:01.944+0000] {processor.py:161} INFO - Started process (PID=255) to work on /opt/airflow/dags/config.py
[2026-03-28T21:13:01.946+0000] {processor.py:830} INFO - Processing file /opt/airflow/dags/config.py for tasks to queue
[2026-03-28T21:13:01.949+0000] {logging_mixin.py:188} INFO - [2026-03-28T21:13:01.948+0000] {dagbag.py:545} INFO - Filling up the DagBag from /opt/airflow/dags/config.py
[2026-03-28T21:13:01.952+0000] {processor.py:842} WARNING - No viable dags retrieved from /opt/airflow/dags/config.py
[2026-03-28T21:13:01.981+0000] {processor.py:183} INFO - Processing /opt/airflow/dags/config.py took 0.049 seconds
[2026-03-28T21:13:32.231+0000] {processor.py:161} INFO - Started process (PID=269) to work on /opt/airflow/dags/config.py
[2026-03-28T21:13:32.233+0000] {processor.py:830} INFO - Processing file /opt/airflow/dags/config.py for tasks to queue
[2026-03-28T21:13:32.235+0000] {logging_mixin.py:188} INFO - [2026-03-28T21:13:32.235+0000] {dagbag.py:545} INFO - Filling up the DagBag from /opt/airflow/dags/config.py
[2026-03-28T21:13:32.274+0000] {processor.py:842} WARNING - No viable dags retrieved from /opt/airflow/dags/config.py
[2026-03-28T21:13:32.368+0000] {processor.py:183} INFO - Processing /opt/airflow/dags/config.py took 0.146 seconds
[2026-03-28T21:14:02.910+0000] {processor.py:161} INFO - Started process (PID=285) to work on /opt/airflow/dags/config.py
[2026-03-28T21:14:02.912+0000] {processor.py:830} INFO - Processing file /opt/airflow/dags/config.py for tasks to queue
[2026-03-28T21:14:02.920+0000] {logging_mixin.py:188} INFO - [2026-03-28T21:14:02.919+0000] {dagbag.py:545} INFO - Filling up the DagBag from /opt/airflow/dags/config.py
[2026-03-28T21:14:02.922+0000] {processor.py:842} WARNING - No viable dags retrieved from /opt/airflow/dags/config.py
[2026-03-28T21:14:02.972+0000] {processor.py:183} INFO - Processing /opt/airflow/dags/config.py took 0.071 seconds
[2026-03-28T21:14:33.800+0000] {processor.py:161} INFO - Started process (PID=300) to work on /opt/airflow/dags/config.py
[2026-03-28T21:14:33.802+0000] {processor.py:830} INFO - Processing file /opt/airflow/dags/config.py for tasks to queue
[2026-03-28T21:14:33.807+0000] {logging_mixin.py:188} INFO - [2026-03-28T21:14:33.806+0000] {dagbag.py:545} INFO - Filling up the DagBag from /opt/airflow/dags/config.py
[2026-03-28T21:14:33.809+0000] {processor.py:842} WARNING - No viable dags retrieved from /opt/airflow/dags/config.py
[2026-03-28T21:14:33.854+0000] {processor.py:183} INFO - Processing /opt/airflow/dags/config.py took 0.063 seconds
[2026-03-28T21:15:04.759+0000] {processor.py:161} INFO - Started process (PID=315) to work on /opt/airflow/dags/config.py
[2026-03-28T21:15:04.761+0000] {processor.py:830} INFO - Processing file /opt/airflow/dags/config.py for tasks to queue
[2026-03-28T21:15:04.763+0000] {logging_mixin.py:188} INFO - [2026-03-28T21:15:04.763+0000] {dagbag.py:545} INFO - Filling up the DagBag from /opt/airflow/dags/config.py
[2026-03-28T21:15:04.765+0000] {processor.py:842} WARNING - No viable dags retrieved from /opt/airflow/dags/config.py
[2026-03-28T21:15:04.792+0000] {processor.py:183} INFO - Processing /opt/airflow/dags/config.py took 0.041 seconds
[2026-03-28T21:15:35.722+0000] {processor.py:161} INFO - Started process (PID=330) to work on /opt/airflow/dags/config.py
[2026-03-28T21:15:35.723+0000] {processor.py:830} INFO - Processing file /opt/airflow/dags/config.py for tasks to queue
[2026-03-28T21:15:35.725+0000] {logging_mixin.py:188} INFO - [2026-03-28T21:15:35.725+0000] {dagbag.py:545} INFO - Filling up the DagBag from /opt/airflow/dags/config.py
[2026-03-28T21:15:35.728+0000] {processor.py:842} WARNING - No viable dags retrieved from /opt/airflow/dags/config.py
[2026-03-28T21:15:35.751+0000] {processor.py:183} INFO - Processing /opt/airflow/dags/config.py took 0.037 seconds
[2026-03-28T21:16:06.587+0000] {processor.py:161} INFO - Started process (PID=345) to work on /opt/airflow/dags/config.py
[2026-03-28T21:16:06.589+0000] {processor.py:830} INFO - Processing file /opt/airflow/dags/config.py for tasks to queue
[2026-03-28T21:16:06.593+0000] {logging_mixin.py:188} INFO - [2026-03-28T21:16:06.592+0000] {dagbag.py:545} INFO - Filling up the DagBag from /opt/airflow/dags/config.py
[2026-03-28T21:16:06.597+0000] {processor.py:842} WARNING - No viable dags retrieved from /opt/airflow/dags/config.py
[2026-03-28T21:16:06.631+0000] {processor.py:183} INFO - Processing /opt/airflow/dags/config.py took 0.056 seconds
[2026-03-28T21:16:37.498+0000] {processor.py:161} INFO - Started process (PID=360) to work on /opt/airflow/dags/config.py
[2026-03-28T21:16:37.500+0000] {processor.py:830} INFO - Processing file /opt/airflow/dags/config.py for tasks to queue
[2026-03-28T21:16:37.503+0000] {logging_mixin.py:188} INFO - [2026-03-28T21:16:37.502+0000] {dagbag.py:545} INFO - Filling up the DagBag from /opt/airflow/dags/config.py
[2026-03-28T21:16:37.507+0000] {processor.py:842} WARNING - No viable dags retrieved from /opt/airflow/dags/config.py
[2026-03-28T21:16:37.552+0000] {processor.py:183} INFO - Processing /opt/airflow/dags/config.py took 0.064 seconds
[2026-03-28T21:17:08.423+0000] {processor.py:161} INFO - Started process (PID=375) to work on /opt/airflow/dags/config.py
[2026-03-28T21:17:08.425+0000] {processor.py:830} INFO - Processing file /opt/airflow/dags/config.py for tasks to queue
[2026-03-28T21:17:08.429+0000] {logging_mixin.py:188} INFO - [2026-03-28T21:17:08.428+0000] {dagbag.py:545} INFO - Filling up the DagBag from /opt/airflow/dags/config.py
[2026-03-28T21:17:08.432+0000] {processor.py:842} WARNING - No viable dags retrieved from /opt/airflow/dags/config.py
[2026-03-28T21:17:08.549+0000] {processor.py:183} INFO - Processing /opt/airflow/dags/config.py took 0.139 seconds
[2026-03-28T21:17:39.561+0000] {processor.py:161} INFO - Started process (PID=390) to work on /opt/airflow/dags/config.py
[2026-03-28T21:17:39.568+0000] {processor.py:830} INFO - Processing file /opt/airflow/dags/config.py for tasks to queue
[2026-03-28T21:17:39.572+0000] {logging_mixin.py:188} INFO - [2026-03-28T21:17:39.571+0000] {dagbag.py:545} INFO - Filling up the DagBag from /opt/airflow/dags/config.py
[2026-03-28T21:17:39.581+0000] {processor.py:842} WARNING - No viable dags retrieved from /opt/airflow/dags/config.py
[2026-03-28T21:17:39.602+0000] {processor.py:183} INFO - Processing /opt/airflow/dags/config.py took 0.052 seconds
[2026-03-28T21:18:10.504+0000] {processor.py:161} INFO - Started process (PID=405) to work on /opt/airflow/dags/config.py
[2026-03-28T21:18:10.513+0000] {processor.py:830} INFO - Processing file /opt/airflow/dags/config.py for tasks to queue
[2026-03-28T21:18:10.517+0000] {logging_mixin.py:188} INFO - [2026-03-28T21:18:10.516+0000] {dagbag.py:545} INFO - Filling up the DagBag from /opt/airflow/dags/config.py
[2026-03-28T21:18:10.519+0000] {processor.py:842} WARNING - No viable dags retrieved from /opt/airflow/dags/config.py
[2026-03-28T21:18:10.552+0000] {processor.py:183} INFO - Processing /opt/airflow/dags/config.py took 0.056 seconds
[2026-03-28T21:18:41.425+0000] {processor.py:161} INFO - Started process (PID=420) to work on /opt/airflow/dags/config.py
[2026-03-28T21:18:41.426+0000] {processor.py:830} INFO - Processing file /opt/airflow/dags/config.py for tasks to queue
[2026-03-28T21:18:41.429+0000] {logging_mixin.py:188} INFO - [2026-03-28T21:18:41.428+0000] {dagbag.py:545} INFO - Filling up the DagBag from /opt/airflow/dags/config.py
[2026-03-28T21:18:41.431+0000] {processor.py:842} WARNING - No viable dags retrieved from /opt/airflow/dags/config.py
[2026-03-28T21:18:41.452+0000] {processor.py:183} INFO - Processing /opt/airflow/dags/config.py took 0.036 seconds
[2026-03-28T21:19:12.318+0000] {processor.py:161} INFO - Started process (PID=435) to work on /opt/airflow/dags/config.py
[2026-03-28T21:19:12.320+0000] {processor.py:830} INFO - Processing file /opt/airflow/dags/config.py for tasks to queue
[2026-03-28T21:19:12.323+0000] {logging_mixin.py:188} INFO - [2026-03-28T21:19:12.322+0000] {dagbag.py:545} INFO - Filling up the DagBag from /opt/airflow/dags/config.py
[2026-03-28T21:19:12.325+0000] {processor.py:842} WARNING - No viable dags retrieved from /opt/airflow/dags/config.py
[2026-03-28T21:19:12.348+0000] {processor.py:183} INFO - Processing /opt/airflow/dags/config.py took 0.038 seconds
[2026-03-28T21:20:23.877+0000] {processor.py:161} INFO - Started process (PID=190) to work on /opt/airflow/dags/config.py
[2026-03-28T21:20:23.879+0000] {processor.py:830} INFO - Processing file /opt/airflow/dags/config.py for tasks to queue
[2026-03-28T21:20:23.882+0000] {logging_mixin.py:188} INFO - [2026-03-28T21:20:23.881+0000] {dagbag.py:545} INFO - Filling up the DagBag from /opt/airflow/dags/config.py
[2026-03-28T21:20:23.884+0000] {processor.py:842} WARNING - No viable dags retrieved from /opt/airflow/dags/config.py
[2026-03-28T21:20:23.905+0000] {processor.py:183} INFO - Processing /opt/airflow/dags/config.py took 0.040 seconds
[2026-03-28T21:20:54.095+0000] {processor.py:161} INFO - Started process (PID=201) to work on /opt/airflow/dags/config.py
[2026-03-28T21:20:54.097+0000] {processor.py:830} INFO - Processing file /opt/airflow/dags/config.py for tasks to queue
[2026-03-28T21:20:54.103+0000] {logging_mixin.py:188} INFO - [2026-03-28T21:20:54.102+0000] {dagbag.py:545} INFO - Filling up the DagBag from /opt/airflow/dags/config.py
[2026-03-28T21:20:54.113+0000] {processor.py:842} WARNING - No viable dags retrieved from /opt/airflow/dags/config.py
[2026-03-28T21:20:54.420+0000] {processor.py:183} INFO - Processing /opt/airflow/dags/config.py took 0.341 seconds
[2026-03-28T21:21:25.641+0000] {processor.py:161} INFO - Started process (PID=214) to work on /opt/airflow/dags/config.py
[2026-03-28T21:21:25.654+0000] {processor.py:830} INFO - Processing file /opt/airflow/dags/config.py for tasks to queue
[2026-03-28T21:21:25.719+0000] {logging_mixin.py:188} INFO - [2026-03-28T21:21:25.704+0000] {dagbag.py:545} INFO - Filling up the DagBag from /opt/airflow/dags/config.py
[2026-03-28T21:21:25.738+0000] {processor.py:842} WARNING - No viable dags retrieved from /opt/airflow/dags/config.py
[2026-03-28T21:21:26.121+0000] {processor.py:183} INFO - Processing /opt/airflow/dags/config.py took 0.677 seconds
[2026-03-28T21:22:00.834+0000] {processor.py:161} INFO - Started process (PID=239) to work on /opt/airflow/dags/config.py
[2026-03-28T21:22:00.956+0000] {processor.py:830} INFO - Processing file /opt/airflow/dags/config.py for tasks to queue
[2026-03-28T21:22:01.480+0000] {logging_mixin.py:188} INFO - [2026-03-28T21:22:01.469+0000] {dagbag.py:545} INFO - Filling up the DagBag from /opt/airflow/dags/config.py
[2026-03-28T21:22:01.511+0000] {processor.py:842} WARNING - No viable dags retrieved from /opt/airflow/dags/config.py
[2026-03-28T21:22:05.308+0000] {processor.py:183} INFO - Processing /opt/airflow/dags/config.py took 5.387 seconds
[2026-03-28T21:22:37.650+0000] {processor.py:161} INFO - Started process (PID=281) to work on /opt/airflow/dags/config.py
[2026-03-28T21:22:37.653+0000] {processor.py:830} INFO - Processing file /opt/airflow/dags/config.py for tasks to queue
[2026-03-28T21:22:37.662+0000] {logging_mixin.py:188} INFO - [2026-03-28T21:22:37.661+0000] {dagbag.py:545} INFO - Filling up the DagBag from /opt/airflow/dags/config.py
[2026-03-28T21:22:37.669+0000] {processor.py:842} WARNING - No viable dags retrieved from /opt/airflow/dags/config.py
[2026-03-28T21:22:37.717+0000] {processor.py:183} INFO - Processing /opt/airflow/dags/config.py took 0.091 seconds
[2026-03-28T21:23:07.990+0000] {processor.py:161} INFO - Started process (PID=324) to work on /opt/airflow/dags/config.py
[2026-03-28T21:23:07.992+0000] {processor.py:830} INFO - Processing file /opt/airflow/dags/config.py for tasks to queue
[2026-03-28T21:23:07.995+0000] {logging_mixin.py:188} INFO - [2026-03-28T21:23:07.994+0000] {dagbag.py:545} INFO - Filling up the DagBag from /opt/airflow/dags/config.py
[2026-03-28T21:23:07.998+0000] {processor.py:842} WARNING - No viable dags retrieved from /opt/airflow/dags/config.py
[2026-03-28T21:23:08.031+0000] {processor.py:183} INFO - Processing /opt/airflow/dags/config.py took 0.051 seconds
[2026-03-28T21:23:38.881+0000] {processor.py:161} INFO - Started process (PID=340) to work on /opt/airflow/dags/config.py
[2026-03-28T21:23:38.882+0000] {processor.py:830} INFO - Processing file /opt/airflow/dags/config.py for tasks to queue
[2026-03-28T21:23:38.884+0000] {logging_mixin.py:188} INFO - [2026-03-28T21:23:38.884+0000] {dagbag.py:545} INFO - Filling up the DagBag from /opt/airflow/dags/config.py
[2026-03-28T21:23:38.888+0000] {processor.py:842} WARNING - No viable dags retrieved from /opt/airflow/dags/config.py
[2026-03-28T21:23:38.908+0000] {processor.py:183} INFO - Processing /opt/airflow/dags/config.py took 0.034 seconds
[2026-03-28T21:24:09.745+0000] {processor.py:161} INFO - Started process (PID=356) to work on /opt/airflow/dags/config.py
[2026-03-28T21:24:09.748+0000] {processor.py:830} INFO - Processing file /opt/airflow/dags/config.py for tasks to queue
[2026-03-28T21:24:09.751+0000] {logging_mixin.py:188} INFO - [2026-03-28T21:24:09.751+0000] {dagbag.py:545} INFO - Filling up the DagBag from /opt/airflow/dags/config.py
[2026-03-28T21:24:09.754+0000] {processor.py:842} WARNING - No viable dags retrieved from /opt/airflow/dags/config.py
[2026-03-28T21:24:09.775+0000] {processor.py:183} INFO - Processing /opt/airflow/dags/config.py took 0.038 seconds
[2026-03-28T21:24:40.002+0000] {processor.py:161} INFO - Started process (PID=369) to work on /opt/airflow/dags/config.py
[2026-03-28T21:24:40.003+0000] {processor.py:830} INFO - Processing file /opt/airflow/dags/config.py for tasks to queue
[2026-03-28T21:24:40.005+0000] {logging_mixin.py:188} INFO - [2026-03-28T21:24:40.005+0000] {dagbag.py:545} INFO - Filling up the DagBag from /opt/airflow/dags/config.py
[2026-03-28T21:24:40.008+0000] {processor.py:842} WARNING - No viable dags retrieved from /opt/airflow/dags/config.py
[2026-03-28T21:24:40.054+0000] {processor.py:183} INFO - Processing /opt/airflow/dags/config.py took 0.064 seconds
[2026-03-28T21:25:10.554+0000] {processor.py:161} INFO - Started process (PID=382) to work on /opt/airflow/dags/config.py
[2026-03-28T21:25:10.558+0000] {processor.py:830} INFO - Processing file /opt/airflow/dags/config.py for tasks to queue
[2026-03-28T21:25:10.562+0000] {logging_mixin.py:188} INFO - [2026-03-28T21:25:10.562+0000] {dagbag.py:545} INFO - Filling up the DagBag from /opt/airflow/dags/config.py
[2026-03-28T21:25:10.565+0000] {processor.py:842} WARNING - No viable dags retrieved from /opt/airflow/dags/config.py
[2026-03-28T21:25:10.597+0000] {processor.py:183} INFO - Processing /opt/airflow/dags/config.py took 0.055 seconds
[2026-03-28T21:25:41.522+0000] {processor.py:161} INFO - Started process (PID=398) to work on /opt/airflow/dags/config.py
[2026-03-28T21:25:41.524+0000] {processor.py:830} INFO - Processing file /opt/airflow/dags/config.py for tasks to queue
[2026-03-28T21:25:41.527+0000] {logging_mixin.py:188} INFO - [2026-03-28T21:25:41.527+0000] {dagbag.py:545} INFO - Filling up the DagBag from /opt/airflow/dags/config.py
[2026-03-28T21:25:41.529+0000] {processor.py:842} WARNING - No viable dags retrieved from /opt/airflow/dags/config.py
[2026-03-28T21:25:41.550+0000] {processor.py:183} INFO - Processing /opt/airflow/dags/config.py took 0.035 seconds
[2026-03-28T21:26:12.424+0000] {processor.py:161} INFO - Started process (PID=414) to work on /opt/airflow/dags/config.py
[2026-03-28T21:26:12.426+0000] {processor.py:830} INFO - Processing file /opt/airflow/dags/config.py for tasks to queue
[2026-03-28T21:26:12.431+0000] {logging_mixin.py:188} INFO - [2026-03-28T21:26:12.430+0000] {dagbag.py:545} INFO - Filling up the DagBag from /opt/airflow/dags/config.py
[2026-03-28T21:26:12.434+0000] {processor.py:842} WARNING - No viable dags retrieved from /opt/airflow/dags/config.py
[2026-03-28T21:26:12.457+0000] {processor.py:183} INFO - Processing /opt/airflow/dags/config.py took 0.042 seconds
[2026-03-28T21:26:43.391+0000] {processor.py:161} INFO - Started process (PID=430) to work on /opt/airflow/dags/config.py
[2026-03-28T21:26:43.393+0000] {processor.py:830} INFO - Processing file /opt/airflow/dags/config.py for tasks to queue
[2026-03-28T21:26:43.396+0000] {logging_mixin.py:188} INFO - [2026-03-28T21:26:43.396+0000] {dagbag.py:545} INFO - Filling up the DagBag from /opt/airflow/dags/config.py
[2026-03-28T21:26:43.400+0000] {processor.py:842} WARNING - No viable dags retrieved from /opt/airflow/dags/config.py
[2026-03-28T21:26:43.420+0000] {processor.py:183} INFO - Processing /opt/airflow/dags/config.py took 0.036 seconds
[2026-03-28T21:27:13.599+0000] {processor.py:161} INFO - Started process (PID=446) to work on /opt/airflow/dags/config.py
[2026-03-28T21:27:13.617+0000] {processor.py:830} INFO - Processing file /opt/airflow/dags/config.py for tasks to queue
[2026-03-28T21:27:13.620+0000] {logging_mixin.py:188} INFO - [2026-03-28T21:27:13.620+0000] {dagbag.py:545} INFO - Filling up the DagBag from /opt/airflow/dags/config.py
[2026-03-28T21:27:13.623+0000] {processor.py:842} WARNING - No viable dags retrieved from /opt/airflow/dags/config.py
[2026-03-28T21:27:13.643+0000] {processor.py:183} INFO - Processing /opt/airflow/dags/config.py took 0.052 seconds
[2026-03-28T21:27:44.478+0000] {processor.py:161} INFO - Started process (PID=462) to work on /opt/airflow/dags/config.py
[2026-03-28T21:27:44.480+0000] {processor.py:830} INFO - Processing file /opt/airflow/dags/config.py for tasks to queue
[2026-03-28T21:27:44.483+0000] {logging_mixin.py:188} INFO - [2026-03-28T21:27:44.482+0000] {dagbag.py:545} INFO - Filling up the DagBag from /opt/airflow/dags/config.py
[2026-03-28T21:27:44.486+0000] {processor.py:842} WARNING - No viable dags retrieved from /opt/airflow/dags/config.py
[2026-03-28T21:27:44.518+0000] {processor.py:183} INFO - Processing /opt/airflow/dags/config.py took 0.047 seconds
[2026-03-28T21:28:15.445+0000] {processor.py:161} INFO - Started process (PID=478) to work on /opt/airflow/dags/config.py
[2026-03-28T21:28:15.447+0000] {processor.py:830} INFO - Processing file /opt/airflow/dags/config.py for tasks to queue
[2026-03-28T21:28:15.450+0000] {logging_mixin.py:188} INFO - [2026-03-28T21:28:15.450+0000] {dagbag.py:545} INFO - Filling up the DagBag from /opt/airflow/dags/config.py
[2026-03-28T21:28:15.452+0000] {processor.py:842} WARNING - No viable dags retrieved from /opt/airflow/dags/config.py
[2026-03-28T21:28:15.474+0000] {processor.py:183} INFO - Processing /opt/airflow/dags/config.py took 0.036 seconds
[2026-03-28T21:28:46.485+0000] {processor.py:161} INFO - Started process (PID=494) to work on /opt/airflow/dags/config.py
[2026-03-28T21:28:46.490+0000] {processor.py:830} INFO - Processing file /opt/airflow/dags/config.py for tasks to queue
[2026-03-28T21:28:46.493+0000] {logging_mixin.py:188} INFO - [2026-03-28T21:28:46.493+0000] {dagbag.py:545} INFO - Filling up the DagBag from /opt/airflow/dags/config.py
[2026-03-28T21:28:46.497+0000] {processor.py:842} WARNING - No viable dags retrieved from /opt/airflow/dags/config.py
[2026-03-28T21:28:46.516+0000] {processor.py:183} INFO - Processing /opt/airflow/dags/config.py took 0.040 seconds
[2026-03-28T21:29:17.396+0000] {processor.py:161} INFO - Started process (PID=510) to work on /opt/airflow/dags/config.py
[2026-03-28T21:29:17.397+0000] {processor.py:830} INFO - Processing file /opt/airflow/dags/config.py for tasks to queue
[2026-03-28T21:29:17.399+0000] {logging_mixin.py:188} INFO - [2026-03-28T21:29:17.399+0000] {dagbag.py:545} INFO - Filling up the DagBag from /opt/airflow/dags/config.py
[2026-03-28T21:29:17.402+0000] {processor.py:842} WARNING - No viable dags retrieved from /opt/airflow/dags/config.py
[2026-03-28T21:29:17.427+0000] {processor.py:183} INFO - Processing /opt/airflow/dags/config.py took 0.040 seconds
[2026-03-28T21:29:48.305+0000] {processor.py:161} INFO - Started process (PID=526) to work on /opt/airflow/dags/config.py
[2026-03-28T21:29:48.307+0000] {processor.py:830} INFO - Processing file /opt/airflow/dags/config.py for tasks to queue
[2026-03-28T21:29:48.310+0000] {logging_mixin.py:188} INFO - [2026-03-28T21:29:48.309+0000] {dagbag.py:545} INFO - Filling up the DagBag from /opt/airflow/dags/config.py
[2026-03-28T21:29:48.313+0000] {processor.py:842} WARNING - No viable dags retrieved from /opt/airflow/dags/config.py
[2026-03-28T21:29:48.346+0000] {processor.py:183} INFO - Processing /opt/airflow/dags/config.py took 0.052 seconds
[2026-03-28T21:30:18.422+0000] {processor.py:161} INFO - Started process (PID=542) to work on /opt/airflow/dags/config.py
[2026-03-28T21:30:18.424+0000] {processor.py:830} INFO - Processing file /opt/airflow/dags/config.py for tasks to queue
[2026-03-28T21:30:18.427+0000] {logging_mixin.py:188} INFO - [2026-03-28T21:30:18.426+0000] {dagbag.py:545} INFO - Filling up the DagBag from /opt/airflow/dags/config.py
[2026-03-28T21:30:18.430+0000] {processor.py:842} WARNING - No viable dags retrieved from /opt/airflow/dags/config.py
[2026-03-28T21:30:18.465+0000] {processor.py:183} INFO - Processing /opt/airflow/dags/config.py took 0.058 seconds
[2026-03-28T21:30:48.557+0000] {processor.py:161} INFO - Started process (PID=558) to work on /opt/airflow/dags/config.py
[2026-03-28T21:30:48.560+0000] {processor.py:830} INFO - Processing file /opt/airflow/dags/config.py for tasks to queue
[2026-03-28T21:30:48.564+0000] {logging_mixin.py:188} INFO - [2026-03-28T21:30:48.564+0000] {dagbag.py:545} INFO - Filling up the DagBag from /opt/airflow/dags/config.py
[2026-03-28T21:30:48.567+0000] {processor.py:842} WARNING - No viable dags retrieved from /opt/airflow/dags/config.py
[2026-03-28T21:30:48.592+0000] {processor.py:183} INFO - Processing /opt/airflow/dags/config.py took 0.043 seconds
[2026-03-28T21:31:19.434+0000] {processor.py:161} INFO - Started process (PID=574) to work on /opt/airflow/dags/config.py
[2026-03-28T21:31:19.435+0000] {processor.py:830} INFO - Processing file /opt/airflow/dags/config.py for tasks to queue
[2026-03-28T21:31:19.437+0000] {logging_mixin.py:188} INFO - [2026-03-28T21:31:19.437+0000] {dagbag.py:545} INFO - Filling up the DagBag from /opt/airflow/dags/config.py
[2026-03-28T21:31:19.439+0000] {processor.py:842} WARNING - No viable dags retrieved from /opt/airflow/dags/config.py
[2026-03-28T21:31:19.462+0000] {processor.py:183} INFO - Processing /opt/airflow/dags/config.py took 0.036 seconds
[2026-03-28T21:31:50.282+0000] {processor.py:161} INFO - Started process (PID=596) to work on /opt/airflow/dags/config.py
[2026-03-28T21:31:50.283+0000] {processor.py:830} INFO - Processing file /opt/airflow/dags/config.py for tasks to queue
[2026-03-28T21:31:50.286+0000] {logging_mixin.py:188} INFO - [2026-03-28T21:31:50.286+0000] {dagbag.py:545} INFO - Filling up the DagBag from /opt/airflow/dags/config.py
[2026-03-28T21:31:50.289+0000] {processor.py:842} WARNING - No viable dags retrieved from /opt/airflow/dags/config.py
[2026-03-28T21:31:50.311+0000] {processor.py:183} INFO - Processing /opt/airflow/dags/config.py took 0.038 seconds
[2026-03-28T21:32:20.696+0000] {processor.py:161} INFO - Started process (PID=618) to work on /opt/airflow/dags/config.py
[2026-03-28T21:32:20.698+0000] {processor.py:830} INFO - Processing file /opt/airflow/dags/config.py for tasks to queue
[2026-03-28T21:32:20.701+0000] {logging_mixin.py:188} INFO - [2026-03-28T21:32:20.700+0000] {dagbag.py:545} INFO - Filling up the DagBag from /opt/airflow/dags/config.py
[2026-03-28T21:32:20.704+0000] {processor.py:842} WARNING - No viable dags retrieved from /opt/airflow/dags/config.py
[2026-03-28T21:32:20.739+0000] {processor.py:183} INFO - Processing /opt/airflow/dags/config.py took 0.052 seconds
[2026-03-28T21:32:51.163+0000] {processor.py:161} INFO - Started process (PID=657) to work on /opt/airflow/dags/config.py
[2026-03-28T21:32:51.165+0000] {processor.py:830} INFO - Processing file /opt/airflow/dags/config.py for tasks to queue
[2026-03-28T21:32:51.167+0000] {logging_mixin.py:188} INFO - [2026-03-28T21:32:51.167+0000] {dagbag.py:545} INFO - Filling up the DagBag from /opt/airflow/dags/config.py
[2026-03-28T21:32:51.170+0000] {processor.py:842} WARNING - No viable dags retrieved from /opt/airflow/dags/config.py
[2026-03-28T21:32:51.191+0000] {processor.py:183} INFO - Processing /opt/airflow/dags/config.py took 0.035 seconds
[2026-03-28T21:33:22.087+0000] {processor.py:161} INFO - Started process (PID=678) to work on /opt/airflow/dags/config.py
[2026-03-28T21:33:22.088+0000] {processor.py:830} INFO - Processing file /opt/airflow/dags/config.py for tasks to queue
[2026-03-28T21:33:22.091+0000] {logging_mixin.py:188} INFO - [2026-03-28T21:33:22.091+0000] {dagbag.py:545} INFO - Filling up the DagBag from /opt/airflow/dags/config.py
[2026-03-28T21:33:22.095+0000] {processor.py:842} WARNING - No viable dags retrieved from /opt/airflow/dags/config.py
[2026-03-28T21:33:22.115+0000] {processor.py:183} INFO - Processing /opt/airflow/dags/config.py took 0.035 seconds
[2026-03-28T21:33:53.026+0000] {processor.py:161} INFO - Started process (PID=700) to work on /opt/airflow/dags/config.py
[2026-03-28T21:33:53.028+0000] {processor.py:830} INFO - Processing file /opt/airflow/dags/config.py for tasks to queue
[2026-03-28T21:33:53.032+0000] {logging_mixin.py:188} INFO - [2026-03-28T21:33:53.031+0000] {dagbag.py:545} INFO - Filling up the DagBag from /opt/airflow/dags/config.py
[2026-03-28T21:33:53.034+0000] {processor.py:842} WARNING - No viable dags retrieved from /opt/airflow/dags/config.py
[2026-03-28T21:33:53.054+0000] {processor.py:183} INFO - Processing /opt/airflow/dags/config.py took 0.035 seconds
[2026-03-28T21:34:23.958+0000] {processor.py:161} INFO - Started process (PID=722) to work on /opt/airflow/dags/config.py
[2026-03-28T21:34:23.959+0000] {processor.py:830} INFO - Processing file /opt/airflow/dags/config.py for tasks to queue
[2026-03-28T21:34:23.963+0000] {logging_mixin.py:188} INFO - [2026-03-28T21:34:23.962+0000] {dagbag.py:545} INFO - Filling up the DagBag from /opt/airflow/dags/config.py
[2026-03-28T21:34:23.966+0000] {processor.py:842} WARNING - No viable dags retrieved from /opt/airflow/dags/config.py
[2026-03-28T21:34:23.986+0000] {processor.py:183} INFO - Processing /opt/airflow/dags/config.py took 0.037 seconds
[2026-03-28T21:34:54.068+0000] {processor.py:161} INFO - Started process (PID=743) to work on /opt/airflow/dags/config.py
[2026-03-28T21:34:54.069+0000] {processor.py:830} INFO - Processing file /opt/airflow/dags/config.py for tasks to queue
[2026-03-28T21:34:54.071+0000] {logging_mixin.py:188} INFO - [2026-03-28T21:34:54.071+0000] {dagbag.py:545} INFO - Filling up the DagBag from /opt/airflow/dags/config.py
[2026-03-28T21:34:54.073+0000] {processor.py:842} WARNING - No viable dags retrieved from /opt/airflow/dags/config.py
[2026-03-28T21:34:54.093+0000] {processor.py:183} INFO - Processing /opt/airflow/dags/config.py took 0.033 seconds
[2026-03-28T21:35:25.028+0000] {processor.py:161} INFO - Started process (PID=765) to work on /opt/airflow/dags/config.py
[2026-03-28T21:35:25.029+0000] {processor.py:830} INFO - Processing file /opt/airflow/dags/config.py for tasks to queue
[2026-03-28T21:35:25.033+0000] {logging_mixin.py:188} INFO - [2026-03-28T21:35:25.033+0000] {dagbag.py:545} INFO - Filling up the DagBag from /opt/airflow/dags/config.py
[2026-03-28T21:35:25.035+0000] {processor.py:842} WARNING - No viable dags retrieved from /opt/airflow/dags/config.py
[2026-03-28T21:35:25.054+0000] {processor.py:183} INFO - Processing /opt/airflow/dags/config.py took 0.033 seconds
[2026-03-28T21:35:55.942+0000] {processor.py:161} INFO - Started process (PID=787) to work on /opt/airflow/dags/config.py
[2026-03-28T21:35:55.944+0000] {processor.py:830} INFO - Processing file /opt/airflow/dags/config.py for tasks to queue
[2026-03-28T21:35:55.947+0000] {logging_mixin.py:188} INFO - [2026-03-28T21:35:55.946+0000] {dagbag.py:545} INFO - Filling up the DagBag from /opt/airflow/dags/config.py
[2026-03-28T21:35:55.949+0000] {processor.py:842} WARNING - No viable dags retrieved from /opt/airflow/dags/config.py
[2026-03-28T21:35:55.971+0000] {processor.py:183} INFO - Processing /opt/airflow/dags/config.py took 0.036 seconds
[2026-03-28T21:36:26.932+0000] {processor.py:161} INFO - Started process (PID=808) to work on /opt/airflow/dags/config.py
[2026-03-28T21:36:26.933+0000] {processor.py:830} INFO - Processing file /opt/airflow/dags/config.py for tasks to queue
[2026-03-28T21:36:26.935+0000] {logging_mixin.py:188} INFO - [2026-03-28T21:36:26.935+0000] {dagbag.py:545} INFO - Filling up the DagBag from /opt/airflow/dags/config.py
[2026-03-28T21:36:26.937+0000] {processor.py:842} WARNING - No viable dags retrieved from /opt/airflow/dags/config.py
[2026-03-28T21:36:26.960+0000] {processor.py:183} INFO - Processing /opt/airflow/dags/config.py took 0.035 seconds
[2026-03-28T21:36:57.162+0000] {processor.py:161} INFO - Started process (PID=824) to work on /opt/airflow/dags/config.py
[2026-03-28T21:36:57.164+0000] {processor.py:830} INFO - Processing file /opt/airflow/dags/config.py for tasks to queue
[2026-03-28T21:36:57.166+0000] {logging_mixin.py:188} INFO - [2026-03-28T21:36:57.165+0000] {dagbag.py:545} INFO - Filling up the DagBag from /opt/airflow/dags/config.py
[2026-03-28T21:36:57.168+0000] {processor.py:842} WARNING - No viable dags retrieved from /opt/airflow/dags/config.py
[2026-03-28T21:36:57.188+0000] {processor.py:183} INFO - Processing /opt/airflow/dags/config.py took 0.033 seconds
[2026-03-28T21:37:28.049+0000] {processor.py:161} INFO - Started process (PID=840) to work on /opt/airflow/dags/config.py
[2026-03-28T21:37:28.050+0000] {processor.py:830} INFO - Processing file /opt/airflow/dags/config.py for tasks to queue
[2026-03-28T21:37:28.053+0000] {logging_mixin.py:188} INFO - [2026-03-28T21:37:28.052+0000] {dagbag.py:545} INFO - Filling up the DagBag from /opt/airflow/dags/config.py
[2026-03-28T21:37:28.055+0000] {processor.py:842} WARNING - No viable dags retrieved from /opt/airflow/dags/config.py
[2026-03-28T21:37:28.077+0000] {processor.py:183} INFO - Processing /opt/airflow/dags/config.py took 0.036 seconds
[2026-03-28T21:37:58.962+0000] {processor.py:161} INFO - Started process (PID=856) to work on /opt/airflow/dags/config.py
[2026-03-28T21:37:58.964+0000] {processor.py:830} INFO - Processing file /opt/airflow/dags/config.py for tasks to queue
[2026-03-28T21:37:58.966+0000] {logging_mixin.py:188} INFO - [2026-03-28T21:37:58.966+0000] {dagbag.py:545} INFO - Filling up the DagBag from /opt/airflow/dags/config.py
[2026-03-28T21:37:58.968+0000] {processor.py:842} WARNING - No viable dags retrieved from /opt/airflow/dags/config.py
[2026-03-28T21:37:58.989+0000] {processor.py:183} INFO - Processing /opt/airflow/dags/config.py took 0.034 seconds
[2026-03-28T21:38:29.775+0000] {processor.py:161} INFO - Started process (PID=872) to work on /opt/airflow/dags/config.py
[2026-03-28T21:38:29.776+0000] {processor.py:830} INFO - Processing file /opt/airflow/dags/config.py for tasks to queue
[2026-03-28T21:38:29.778+0000] {logging_mixin.py:188} INFO - [2026-03-28T21:38:29.778+0000] {dagbag.py:545} INFO - Filling up the DagBag from /opt/airflow/dags/config.py
[2026-03-28T21:38:29.782+0000] {processor.py:842} WARNING - No viable dags retrieved from /opt/airflow/dags/config.py
[2026-03-28T21:38:29.820+0000] {processor.py:183} INFO - Processing /opt/airflow/dags/config.py took 0.056 seconds
[2026-03-28T21:39:00.019+0000] {processor.py:161} INFO - Started process (PID=888) to work on /opt/airflow/dags/config.py
[2026-03-28T21:39:00.022+0000] {processor.py:830} INFO - Processing file /opt/airflow/dags/config.py for tasks to queue
[2026-03-28T21:39:00.024+0000] {logging_mixin.py:188} INFO - [2026-03-28T21:39:00.024+0000] {dagbag.py:545} INFO - Filling up the DagBag from /opt/airflow/dags/config.py
[2026-03-28T21:39:00.027+0000] {processor.py:842} WARNING - No viable dags retrieved from /opt/airflow/dags/config.py
[2026-03-28T21:39:00.053+0000] {processor.py:183} INFO - Processing /opt/airflow/dags/config.py took 0.042 seconds
[2026-03-28T21:39:30.396+0000] {processor.py:161} INFO - Started process (PID=904) to work on /opt/airflow/dags/config.py
[2026-03-28T21:39:30.397+0000] {processor.py:830} INFO - Processing file /opt/airflow/dags/config.py for tasks to queue
[2026-03-28T21:39:30.400+0000] {logging_mixin.py:188} INFO - [2026-03-28T21:39:30.399+0000] {dagbag.py:545} INFO - Filling up the DagBag from /opt/airflow/dags/config.py
[2026-03-28T21:39:30.402+0000] {processor.py:842} WARNING - No viable dags retrieved from /opt/airflow/dags/config.py
[2026-03-28T21:39:30.420+0000] {processor.py:183} INFO - Processing /opt/airflow/dags/config.py took 0.032 seconds
[2026-03-28T21:40:00.719+0000] {processor.py:161} INFO - Started process (PID=920) to work on /opt/airflow/dags/config.py
[2026-03-28T21:40:00.721+0000] {processor.py:830} INFO - Processing file /opt/airflow/dags/config.py for tasks to queue
[2026-03-28T21:40:00.724+0000] {logging_mixin.py:188} INFO - [2026-03-28T21:40:00.723+0000] {dagbag.py:545} INFO - Filling up the DagBag from /opt/airflow/dags/config.py
[2026-03-28T21:40:00.726+0000] {processor.py:842} WARNING - No viable dags retrieved from /opt/airflow/dags/config.py
[2026-03-28T21:40:00.752+0000] {processor.py:183} INFO - Processing /opt/airflow/dags/config.py took 0.045 seconds
[2026-03-28T21:40:31.014+0000] {processor.py:161} INFO - Started process (PID=936) to work on /opt/airflow/dags/config.py
[2026-03-28T21:40:31.016+0000] {processor.py:830} INFO - Processing file /opt/airflow/dags/config.py for tasks to queue
[2026-03-28T21:40:31.022+0000] {logging_mixin.py:188} INFO - [2026-03-28T21:40:31.021+0000] {dagbag.py:545} INFO - Filling up the DagBag from /opt/airflow/dags/config.py
[2026-03-28T21:40:31.025+0000] {processor.py:842} WARNING - No viable dags retrieved from /opt/airflow/dags/config.py
[2026-03-28T21:40:31.061+0000] {processor.py:183} INFO - Processing /opt/airflow/dags/config.py took 0.063 seconds
[2026-03-28T21:41:01.272+0000] {processor.py:161} INFO - Started process (PID=952) to work on /opt/airflow/dags/config.py
[2026-03-28T21:41:01.274+0000] {processor.py:830} INFO - Processing file /opt/airflow/dags/config.py for tasks to queue
[2026-03-28T21:41:01.276+0000] {logging_mixin.py:188} INFO - [2026-03-28T21:41:01.276+0000] {dagbag.py:545} INFO - Filling up the DagBag from /opt/airflow/dags/config.py
[2026-03-28T21:41:01.280+0000] {processor.py:842} WARNING - No viable dags retrieved from /opt/airflow/dags/config.py
[2026-03-28T21:41:01.306+0000] {processor.py:183} INFO - Processing /opt/airflow/dags/config.py took 0.043 seconds
[2026-03-28T21:41:31.531+0000] {processor.py:161} INFO - Started process (PID=968) to work on /opt/airflow/dags/config.py
[2026-03-28T21:41:31.532+0000] {processor.py:830} INFO - Processing file /opt/airflow/dags/config.py for tasks to queue
[2026-03-28T21:41:31.534+0000] {logging_mixin.py:188} INFO - [2026-03-28T21:41:31.534+0000] {dagbag.py:545} INFO - Filling up the DagBag from /opt/airflow/dags/config.py
[2026-03-28T21:41:31.536+0000] {processor.py:842} WARNING - No viable dags retrieved from /opt/airflow/dags/config.py
[2026-03-28T21:41:31.556+0000] {processor.py:183} INFO - Processing /opt/airflow/dags/config.py took 0.033 seconds
[2026-03-28T21:42:02.120+0000] {processor.py:161} INFO - Started process (PID=984) to work on /opt/airflow/dags/config.py
[2026-03-28T21:42:02.123+0000] {processor.py:830} INFO - Processing file /opt/airflow/dags/config.py for tasks to queue
[2026-03-28T21:42:02.126+0000] {logging_mixin.py:188} INFO - [2026-03-28T21:42:02.125+0000] {dagbag.py:545} INFO - Filling up the DagBag from /opt/airflow/dags/config.py
[2026-03-28T21:42:02.128+0000] {processor.py:842} WARNING - No viable dags retrieved from /opt/airflow/dags/config.py
[2026-03-28T21:42:02.150+0000] {processor.py:183} INFO - Processing /opt/airflow/dags/config.py took 0.038 seconds
[2026-03-28T21:42:32.584+0000] {processor.py:161} INFO - Started process (PID=1006) to work on /opt/airflow/dags/config.py
[2026-03-28T21:42:32.585+0000] {processor.py:830} INFO - Processing file /opt/airflow/dags/config.py for tasks to queue
[2026-03-28T21:42:32.587+0000] {logging_mixin.py:188} INFO - [2026-03-28T21:42:32.587+0000] {dagbag.py:545} INFO - Filling up the DagBag from /opt/airflow/dags/config.py
[2026-03-28T21:42:32.590+0000] {processor.py:842} WARNING - No viable dags retrieved from /opt/airflow/dags/config.py
[2026-03-28T21:42:32.620+0000] {processor.py:183} INFO - Processing /opt/airflow/dags/config.py took 0.077 seconds
[2026-03-28T21:43:03.617+0000] {processor.py:161} INFO - Started process (PID=1023) to work on /opt/airflow/dags/config.py
[2026-03-28T21:43:03.619+0000] {processor.py:830} INFO - Processing file /opt/airflow/dags/config.py for tasks to queue
[2026-03-28T21:43:03.623+0000] {logging_mixin.py:188} INFO - [2026-03-28T21:43:03.622+0000] {dagbag.py:545} INFO - Filling up the DagBag from /opt/airflow/dags/config.py
[2026-03-28T21:43:03.627+0000] {processor.py:842} WARNING - No viable dags retrieved from /opt/airflow/dags/config.py
[2026-03-28T21:43:03.679+0000] {processor.py:183} INFO - Processing /opt/airflow/dags/config.py took 0.074 seconds
[2026-03-28T21:43:33.869+0000] {processor.py:161} INFO - Started process (PID=1043) to work on /opt/airflow/dags/config.py
[2026-03-28T21:43:33.871+0000] {processor.py:830} INFO - Processing file /opt/airflow/dags/config.py for tasks to queue
[2026-03-28T21:43:33.873+0000] {logging_mixin.py:188} INFO - [2026-03-28T21:43:33.872+0000] {dagbag.py:545} INFO - Filling up the DagBag from /opt/airflow/dags/config.py
[2026-03-28T21:43:33.875+0000] {processor.py:842} WARNING - No viable dags retrieved from /opt/airflow/dags/config.py
[2026-03-28T21:43:33.998+0000] {processor.py:183} INFO - Processing /opt/airflow/dags/config.py took 0.167 seconds
[2026-03-28T21:44:04.933+0000] {processor.py:161} INFO - Started process (PID=1060) to work on /opt/airflow/dags/config.py
[2026-03-28T21:44:04.934+0000] {processor.py:830} INFO - Processing file /opt/airflow/dags/config.py for tasks to queue
[2026-03-28T21:44:04.937+0000] {logging_mixin.py:188} INFO - [2026-03-28T21:44:04.937+0000] {dagbag.py:545} INFO - Filling up the DagBag from /opt/airflow/dags/config.py
[2026-03-28T21:44:04.940+0000] {processor.py:842} WARNING - No viable dags retrieved from /opt/airflow/dags/config.py
[2026-03-28T21:44:04.960+0000] {processor.py:183} INFO - Processing /opt/airflow/dags/config.py took 0.037 seconds
[2026-03-28T21:44:35.906+0000] {processor.py:161} INFO - Started process (PID=1097) to work on /opt/airflow/dags/config.py
[2026-03-28T21:44:35.908+0000] {processor.py:830} INFO - Processing file /opt/airflow/dags/config.py for tasks to queue
[2026-03-28T21:44:35.910+0000] {logging_mixin.py:188} INFO - [2026-03-28T21:44:35.910+0000] {dagbag.py:545} INFO - Filling up the DagBag from /opt/airflow/dags/config.py
[2026-03-28T21:44:35.913+0000] {processor.py:842} WARNING - No viable dags retrieved from /opt/airflow/dags/config.py
[2026-03-28T21:44:35.932+0000] {processor.py:183} INFO - Processing /opt/airflow/dags/config.py took 0.035 seconds
[2026-03-28T21:45:06.020+0000] {processor.py:161} INFO - Started process (PID=1116) to work on /opt/airflow/dags/config.py
[2026-03-28T21:45:06.022+0000] {processor.py:830} INFO - Processing file /opt/airflow/dags/config.py for tasks to queue
[2026-03-28T21:45:06.026+0000] {logging_mixin.py:188} INFO - [2026-03-28T21:45:06.025+0000] {dagbag.py:545} INFO - Filling up the DagBag from /opt/airflow/dags/config.py
[2026-03-28T21:45:06.028+0000] {processor.py:842} WARNING - No viable dags retrieved from /opt/airflow/dags/config.py
[2026-03-28T21:45:06.049+0000] {processor.py:183} INFO - Processing /opt/airflow/dags/config.py took 0.038 seconds
[2026-03-28T21:45:36.978+0000] {processor.py:161} INFO - Started process (PID=1134) to work on /opt/airflow/dags/config.py
[2026-03-28T21:45:36.980+0000] {processor.py:830} INFO - Processing file /opt/airflow/dags/config.py for tasks to queue
[2026-03-28T21:45:36.982+0000] {logging_mixin.py:188} INFO - [2026-03-28T21:45:36.981+0000] {dagbag.py:545} INFO - Filling up the DagBag from /opt/airflow/dags/config.py
[2026-03-28T21:45:36.984+0000] {processor.py:842} WARNING - No viable dags retrieved from /opt/airflow/dags/config.py
[2026-03-28T21:45:37.004+0000] {processor.py:183} INFO - Processing /opt/airflow/dags/config.py took 0.034 seconds
[2026-03-28T21:46:07.908+0000] {processor.py:161} INFO - Started process (PID=1153) to work on /opt/airflow/dags/config.py
[2026-03-28T21:46:07.910+0000] {processor.py:830} INFO - Processing file /opt/airflow/dags/config.py for tasks to queue
[2026-03-28T21:46:07.912+0000] {logging_mixin.py:188} INFO - [2026-03-28T21:46:07.912+0000] {dagbag.py:545} INFO - Filling up the DagBag from /opt/airflow/dags/config.py
[2026-03-28T21:46:07.915+0000] {processor.py:842} WARNING - No viable dags retrieved from /opt/airflow/dags/config.py
[2026-03-28T21:46:07.938+0000] {processor.py:183} INFO - Processing /opt/airflow/dags/config.py took 0.041 seconds
[2026-03-28T21:46:38.877+0000] {processor.py:161} INFO - Started process (PID=1172) to work on /opt/airflow/dags/config.py
[2026-03-28T21:46:38.879+0000] {processor.py:830} INFO - Processing file /opt/airflow/dags/config.py for tasks to queue
[2026-03-28T21:46:38.882+0000] {logging_mixin.py:188} INFO - [2026-03-28T21:46:38.882+0000] {dagbag.py:545} INFO - Filling up the DagBag from /opt/airflow/dags/config.py
[2026-03-28T21:46:38.884+0000] {processor.py:842} WARNING - No viable dags retrieved from /opt/airflow/dags/config.py
[2026-03-28T21:46:38.907+0000] {processor.py:183} INFO - Processing /opt/airflow/dags/config.py took 0.038 seconds
[2026-03-28T21:47:08.958+0000] {processor.py:161} INFO - Started process (PID=1191) to work on /opt/airflow/dags/config.py
[2026-03-28T21:47:08.960+0000] {processor.py:830} INFO - Processing file /opt/airflow/dags/config.py for tasks to queue
[2026-03-28T21:47:08.964+0000] {logging_mixin.py:188} INFO - [2026-03-28T21:47:08.963+0000] {dagbag.py:545} INFO - Filling up the DagBag from /opt/airflow/dags/config.py
[2026-03-28T21:47:08.966+0000] {processor.py:842} WARNING - No viable dags retrieved from /opt/airflow/dags/config.py
[2026-03-28T21:47:08.986+0000] {processor.py:183} INFO - Processing /opt/airflow/dags/config.py took 0.035 seconds
[2026-03-28T21:47:39.090+0000] {processor.py:161} INFO - Started process (PID=1210) to work on /opt/airflow/dags/config.py
[2026-03-28T21:47:39.092+0000] {processor.py:830} INFO - Processing file /opt/airflow/dags/config.py for tasks to queue
[2026-03-28T21:47:39.096+0000] {logging_mixin.py:188} INFO - [2026-03-28T21:47:39.095+0000] {dagbag.py:545} INFO - Filling up the DagBag from /opt/airflow/dags/config.py
[2026-03-28T21:47:39.099+0000] {processor.py:842} WARNING - No viable dags retrieved from /opt/airflow/dags/config.py
[2026-03-28T21:47:39.120+0000] {processor.py:183} INFO - Processing /opt/airflow/dags/config.py took 0.037 seconds
[2026-03-28T21:48:10.546+0000] {processor.py:161} INFO - Started process (PID=1229) to work on /opt/airflow/dags/config.py
[2026-03-28T21:48:10.548+0000] {processor.py:830} INFO - Processing file /opt/airflow/dags/config.py for tasks to queue
[2026-03-28T21:48:10.551+0000] {logging_mixin.py:188} INFO - [2026-03-28T21:48:10.550+0000] {dagbag.py:545} INFO - Filling up the DagBag from /opt/airflow/dags/config.py
[2026-03-28T21:48:10.553+0000] {processor.py:842} WARNING - No viable dags retrieved from /opt/airflow/dags/config.py
[2026-03-28T21:48:10.572+0000] {processor.py:183} INFO - Processing /opt/airflow/dags/config.py took 0.034 seconds
[2026-03-28T21:48:41.521+0000] {processor.py:161} INFO - Started process (PID=1248) to work on /opt/airflow/dags/config.py
[2026-03-28T21:48:41.522+0000] {processor.py:830} INFO - Processing file /opt/airflow/dags/config.py for tasks to queue
[2026-03-28T21:48:41.525+0000] {logging_mixin.py:188} INFO - [2026-03-28T21:48:41.524+0000] {dagbag.py:545} INFO - Filling up the DagBag from /opt/airflow/dags/config.py
[2026-03-28T21:48:41.528+0000] {processor.py:842} WARNING - No viable dags retrieved from /opt/airflow/dags/config.py
[2026-03-28T21:48:41.552+0000] {processor.py:183} INFO - Processing /opt/airflow/dags/config.py took 0.039 seconds
[2026-03-28T21:49:12.486+0000] {processor.py:161} INFO - Started process (PID=1267) to work on /opt/airflow/dags/config.py
[2026-03-28T21:49:12.488+0000] {processor.py:830} INFO - Processing file /opt/airflow/dags/config.py for tasks to queue
[2026-03-28T21:49:12.491+0000] {logging_mixin.py:188} INFO - [2026-03-28T21:49:12.490+0000] {dagbag.py:545} INFO - Filling up the DagBag from /opt/airflow/dags/config.py
[2026-03-28T21:49:12.494+0000] {processor.py:842} WARNING - No viable dags retrieved from /opt/airflow/dags/config.py
[2026-03-28T21:49:12.514+0000] {processor.py:183} INFO - Processing /opt/airflow/dags/config.py took 0.035 seconds
[2026-03-28T21:49:43.536+0000] {processor.py:161} INFO - Started process (PID=1286) to work on /opt/airflow/dags/config.py
[2026-03-28T21:49:43.537+0000] {processor.py:830} INFO - Processing file /opt/airflow/dags/config.py for tasks to queue
[2026-03-28T21:49:43.539+0000] {logging_mixin.py:188} INFO - [2026-03-28T21:49:43.538+0000] {dagbag.py:545} INFO - Filling up the DagBag from /opt/airflow/dags/config.py
[2026-03-28T21:49:43.541+0000] {processor.py:842} WARNING - No viable dags retrieved from /opt/airflow/dags/config.py
[2026-03-28T21:49:43.561+0000] {processor.py:183} INFO - Processing /opt/airflow/dags/config.py took 0.033 seconds
[2026-03-28T21:50:13.687+0000] {processor.py:161} INFO - Started process (PID=1305) to work on /opt/airflow/dags/config.py
[2026-03-28T21:50:13.688+0000] {processor.py:830} INFO - Processing file /opt/airflow/dags/config.py for tasks to queue
[2026-03-28T21:50:13.690+0000] {logging_mixin.py:188} INFO - [2026-03-28T21:50:13.690+0000] {dagbag.py:545} INFO - Filling up the DagBag from /opt/airflow/dags/config.py
[2026-03-28T21:50:13.693+0000] {processor.py:842} WARNING - No viable dags retrieved from /opt/airflow/dags/config.py
[2026-03-28T21:50:13.715+0000] {processor.py:183} INFO - Processing /opt/airflow/dags/config.py took 0.037 seconds
[2026-03-28T21:50:44.481+0000] {processor.py:161} INFO - Started process (PID=1324) to work on /opt/airflow/dags/config.py
[2026-03-28T21:50:44.483+0000] {processor.py:830} INFO - Processing file /opt/airflow/dags/config.py for tasks to queue
[2026-03-28T21:50:44.489+0000] {logging_mixin.py:188} INFO - [2026-03-28T21:50:44.485+0000] {dagbag.py:545} INFO - Filling up the DagBag from /opt/airflow/dags/config.py
[2026-03-28T21:50:44.508+0000] {processor.py:842} WARNING - No viable dags retrieved from /opt/airflow/dags/config.py
[2026-03-28T21:50:44.545+0000] {processor.py:183} INFO - Processing /opt/airflow/dags/config.py took 0.105 seconds
[2026-03-28T21:51:15.549+0000] {processor.py:161} INFO - Started process (PID=1343) to work on /opt/airflow/dags/config.py
[2026-03-28T21:51:15.551+0000] {processor.py:830} INFO - Processing file /opt/airflow/dags/config.py for tasks to queue
[2026-03-28T21:51:15.554+0000] {logging_mixin.py:188} INFO - [2026-03-28T21:51:15.553+0000] {dagbag.py:545} INFO - Filling up the DagBag from /opt/airflow/dags/config.py
[2026-03-28T21:51:15.557+0000] {processor.py:842} WARNING - No viable dags retrieved from /opt/airflow/dags/config.py
[2026-03-28T21:51:15.579+0000] {processor.py:183} INFO - Processing /opt/airflow/dags/config.py took 0.038 seconds
[2026-03-28T21:51:46.688+0000] {processor.py:161} INFO - Started process (PID=1361) to work on /opt/airflow/dags/config.py
[2026-03-28T21:51:46.699+0000] {processor.py:830} INFO - Processing file /opt/airflow/dags/config.py for tasks to queue
[2026-03-28T21:51:46.723+0000] {logging_mixin.py:188} INFO - [2026-03-28T21:51:46.720+0000] {dagbag.py:545} INFO - Filling up the DagBag from /opt/airflow/dags/config.py
[2026-03-28T21:51:46.745+0000] {processor.py:842} WARNING - No viable dags retrieved from /opt/airflow/dags/config.py
[2026-03-28T21:51:46.817+0000] {processor.py:183} INFO - Processing /opt/airflow/dags/config.py took 0.220 seconds
[2026-03-28T21:52:16.920+0000] {processor.py:161} INFO - Started process (PID=1377) to work on /opt/airflow/dags/config.py
[2026-03-28T21:52:16.921+0000] {processor.py:830} INFO - Processing file /opt/airflow/dags/config.py for tasks to queue
[2026-03-28T21:52:16.924+0000] {logging_mixin.py:188} INFO - [2026-03-28T21:52:16.923+0000] {dagbag.py:545} INFO - Filling up the DagBag from /opt/airflow/dags/config.py
[2026-03-28T21:52:16.928+0000] {processor.py:842} WARNING - No viable dags retrieved from /opt/airflow/dags/config.py
[2026-03-28T21:52:16.950+0000] {processor.py:183} INFO - Processing /opt/airflow/dags/config.py took 0.040 seconds
[2026-03-28T21:52:48.165+0000] {processor.py:161} INFO - Started process (PID=1393) to work on /opt/airflow/dags/config.py
[2026-03-28T21:52:48.166+0000] {processor.py:830} INFO - Processing file /opt/airflow/dags/config.py for tasks to queue
[2026-03-28T21:52:48.168+0000] {logging_mixin.py:188} INFO - [2026-03-28T21:52:48.167+0000] {dagbag.py:545} INFO - Filling up the DagBag from /opt/airflow/dags/config.py
[2026-03-28T21:52:48.170+0000] {processor.py:842} WARNING - No viable dags retrieved from /opt/airflow/dags/config.py
[2026-03-28T21:52:48.189+0000] {processor.py:183} INFO - Processing /opt/airflow/dags/config.py took 0.032 seconds
[2026-03-28T21:53:18.637+0000] {processor.py:161} INFO - Started process (PID=1409) to work on /opt/airflow/dags/config.py
[2026-03-28T21:53:18.639+0000] {processor.py:830} INFO - Processing file /opt/airflow/dags/config.py for tasks to queue
[2026-03-28T21:53:18.642+0000] {logging_mixin.py:188} INFO - [2026-03-28T21:53:18.642+0000] {dagbag.py:545} INFO - Filling up the DagBag from /opt/airflow/dags/config.py
[2026-03-28T21:53:18.645+0000] {processor.py:842} WARNING - No viable dags retrieved from /opt/airflow/dags/config.py
[2026-03-28T21:53:18.669+0000] {processor.py:183} INFO - Processing /opt/airflow/dags/config.py took 0.042 seconds
[2026-03-28T21:53:48.952+0000] {processor.py:161} INFO - Started process (PID=1425) to work on /opt/airflow/dags/config.py
[2026-03-28T21:53:48.953+0000] {processor.py:830} INFO - Processing file /opt/airflow/dags/config.py for tasks to queue
[2026-03-28T21:53:48.957+0000] {logging_mixin.py:188} INFO - [2026-03-28T21:53:48.956+0000] {dagbag.py:545} INFO - Filling up the DagBag from /opt/airflow/dags/config.py
[2026-03-28T21:53:48.960+0000] {processor.py:842} WARNING - No viable dags retrieved from /opt/airflow/dags/config.py
[2026-03-28T21:53:48.979+0000] {processor.py:183} INFO - Processing /opt/airflow/dags/config.py took 0.035 seconds
[2026-03-28T21:54:19.073+0000] {processor.py:161} INFO - Started process (PID=1441) to work on /opt/airflow/dags/config.py
[2026-03-28T21:54:19.075+0000] {processor.py:830} INFO - Processing file /opt/airflow/dags/config.py for tasks to queue
[2026-03-28T21:54:19.078+0000] {logging_mixin.py:188} INFO - [2026-03-28T21:54:19.077+0000] {dagbag.py:545} INFO - Filling up the DagBag from /opt/airflow/dags/config.py
[2026-03-28T21:54:19.082+0000] {processor.py:842} WARNING - No viable dags retrieved from /opt/airflow/dags/config.py
[2026-03-28T21:54:19.106+0000] {processor.py:183} INFO - Processing /opt/airflow/dags/config.py took 0.042 seconds
[2026-03-28T21:54:50.546+0000] {processor.py:161} INFO - Started process (PID=1457) to work on /opt/airflow/dags/config.py
[2026-03-28T21:54:50.548+0000] {processor.py:830} INFO - Processing file /opt/airflow/dags/config.py for tasks to queue
[2026-03-28T21:54:50.551+0000] {logging_mixin.py:188} INFO - [2026-03-28T21:54:50.550+0000] {dagbag.py:545} INFO - Filling up the DagBag from /opt/airflow/dags/config.py
[2026-03-28T21:54:50.554+0000] {processor.py:842} WARNING - No viable dags retrieved from /opt/airflow/dags/config.py
[2026-03-28T21:54:50.578+0000] {processor.py:183} INFO - Processing /opt/airflow/dags/config.py took 0.039 seconds
[2026-03-28T21:55:21.525+0000] {processor.py:161} INFO - Started process (PID=1473) to work on /opt/airflow/dags/config.py
[2026-03-28T21:55:21.527+0000] {processor.py:830} INFO - Processing file /opt/airflow/dags/config.py for tasks to queue
[2026-03-28T21:55:21.530+0000] {logging_mixin.py:188} INFO - [2026-03-28T21:55:21.530+0000] {dagbag.py:545} INFO - Filling up the DagBag from /opt/airflow/dags/config.py
[2026-03-28T21:55:21.532+0000] {processor.py:842} WARNING - No viable dags retrieved from /opt/airflow/dags/config.py
[2026-03-28T21:55:21.553+0000] {processor.py:183} INFO - Processing /opt/airflow/dags/config.py took 0.035 seconds
[2026-03-28T21:55:52.747+0000] {processor.py:161} INFO - Started process (PID=1489) to work on /opt/airflow/dags/config.py
[2026-03-28T21:55:52.748+0000] {processor.py:830} INFO - Processing file /opt/airflow/dags/config.py for tasks to queue
[2026-03-28T21:55:52.750+0000] {logging_mixin.py:188} INFO - [2026-03-28T21:55:52.749+0000] {dagbag.py:545} INFO - Filling up the DagBag from /opt/airflow/dags/config.py
[2026-03-28T21:55:52.752+0000] {processor.py:842} WARNING - No viable dags retrieved from /opt/airflow/dags/config.py
[2026-03-28T21:55:52.772+0000] {processor.py:183} INFO - Processing /opt/airflow/dags/config.py took 0.034 seconds
[2026-03-28T21:56:22.940+0000] {processor.py:161} INFO - Started process (PID=1526) to work on /opt/airflow/dags/config.py
[2026-03-28T21:56:22.942+0000] {processor.py:830} INFO - Processing file /opt/airflow/dags/config.py for tasks to queue
[2026-03-28T21:56:22.944+0000] {logging_mixin.py:188} INFO - [2026-03-28T21:56:22.944+0000] {dagbag.py:545} INFO - Filling up the DagBag from /opt/airflow/dags/config.py
[2026-03-28T21:56:22.948+0000] {processor.py:842} WARNING - No viable dags retrieved from /opt/airflow/dags/config.py
[2026-03-28T21:56:22.971+0000] {processor.py:183} INFO - Processing /opt/airflow/dags/config.py took 0.040 seconds
[2026-03-28T21:56:53.931+0000] {processor.py:161} INFO - Started process (PID=1542) to work on /opt/airflow/dags/config.py
[2026-03-28T21:56:53.933+0000] {processor.py:830} INFO - Processing file /opt/airflow/dags/config.py for tasks to queue
[2026-03-28T21:56:53.936+0000] {logging_mixin.py:188} INFO - [2026-03-28T21:56:53.936+0000] {dagbag.py:545} INFO - Filling up the DagBag from /opt/airflow/dags/config.py
[2026-03-28T21:56:53.939+0000] {processor.py:842} WARNING - No viable dags retrieved from /opt/airflow/dags/config.py
[2026-03-28T21:56:53.962+0000] {processor.py:183} INFO - Processing /opt/airflow/dags/config.py took 0.040 seconds
[2026-03-28T21:57:25.009+0000] {processor.py:161} INFO - Started process (PID=1559) to work on /opt/airflow/dags/config.py
[2026-03-28T21:57:25.024+0000] {processor.py:830} INFO - Processing file /opt/airflow/dags/config.py for tasks to queue
[2026-03-28T21:57:25.027+0000] {logging_mixin.py:188} INFO - [2026-03-28T21:57:25.027+0000] {dagbag.py:545} INFO - Filling up the DagBag from /opt/airflow/dags/config.py
[2026-03-28T21:57:25.029+0000] {processor.py:842} WARNING - No viable dags retrieved from /opt/airflow/dags/config.py
[2026-03-28T21:57:25.051+0000] {processor.py:183} INFO - Processing /opt/airflow/dags/config.py took 0.051 seconds
[2026-03-28T21:57:55.101+0000] {processor.py:161} INFO - Started process (PID=1575) to work on /opt/airflow/dags/config.py
[2026-03-28T21:57:55.102+0000] {processor.py:830} INFO - Processing file /opt/airflow/dags/config.py for tasks to queue
[2026-03-28T21:57:55.105+0000] {logging_mixin.py:188} INFO - [2026-03-28T21:57:55.105+0000] {dagbag.py:545} INFO - Filling up the DagBag from /opt/airflow/dags/config.py
[2026-03-28T21:57:55.107+0000] {processor.py:842} WARNING - No viable dags retrieved from /opt/airflow/dags/config.py
[2026-03-28T21:57:55.127+0000] {processor.py:183} INFO - Processing /opt/airflow/dags/config.py took 0.034 seconds
[2026-03-28T21:58:26.211+0000] {processor.py:161} INFO - Started process (PID=1592) to work on /opt/airflow/dags/config.py
[2026-03-28T21:58:26.212+0000] {processor.py:830} INFO - Processing file /opt/airflow/dags/config.py for tasks to queue
[2026-03-28T21:58:26.215+0000] {logging_mixin.py:188} INFO - [2026-03-28T21:58:26.214+0000] {dagbag.py:545} INFO - Filling up the DagBag from /opt/airflow/dags/config.py
[2026-03-28T21:58:26.218+0000] {processor.py:842} WARNING - No viable dags retrieved from /opt/airflow/dags/config.py
[2026-03-28T21:58:26.237+0000] {processor.py:183} INFO - Processing /opt/airflow/dags/config.py took 0.032 seconds
[2026-03-28T21:58:57.271+0000] {processor.py:161} INFO - Started process (PID=1608) to work on /opt/airflow/dags/config.py
[2026-03-28T21:58:57.273+0000] {processor.py:830} INFO - Processing file /opt/airflow/dags/config.py for tasks to queue
[2026-03-28T21:58:57.276+0000] {logging_mixin.py:188} INFO - [2026-03-28T21:58:57.276+0000] {dagbag.py:545} INFO - Filling up the DagBag from /opt/airflow/dags/config.py
[2026-03-28T21:58:57.279+0000] {processor.py:842} WARNING - No viable dags retrieved from /opt/airflow/dags/config.py
[2026-03-28T21:58:57.298+0000] {processor.py:183} INFO - Processing /opt/airflow/dags/config.py took 0.034 seconds
[2026-03-28T21:59:28.242+0000] {processor.py:161} INFO - Started process (PID=1625) to work on /opt/airflow/dags/config.py
[2026-03-28T21:59:28.243+0000] {processor.py:830} INFO - Processing file /opt/airflow/dags/config.py for tasks to queue
[2026-03-28T21:59:28.245+0000] {logging_mixin.py:188} INFO - [2026-03-28T21:59:28.244+0000] {dagbag.py:545} INFO - Filling up the DagBag from /opt/airflow/dags/config.py
[2026-03-28T21:59:28.247+0000] {processor.py:842} WARNING - No viable dags retrieved from /opt/airflow/dags/config.py
[2026-03-28T21:59:28.268+0000] {processor.py:183} INFO - Processing /opt/airflow/dags/config.py took 0.035 seconds
[2026-03-28T21:59:58.337+0000] {processor.py:161} INFO - Started process (PID=1641) to work on /opt/airflow/dags/config.py
[2026-03-28T21:59:58.339+0000] {processor.py:830} INFO - Processing file /opt/airflow/dags/config.py for tasks to queue
[2026-03-28T21:59:58.342+0000] {logging_mixin.py:188} INFO - [2026-03-28T21:59:58.342+0000] {dagbag.py:545} INFO - Filling up the DagBag from /opt/airflow/dags/config.py
[2026-03-28T21:59:58.344+0000] {processor.py:842} WARNING - No viable dags retrieved from /opt/airflow/dags/config.py
[2026-03-28T21:59:58.365+0000] {processor.py:183} INFO - Processing /opt/airflow/dags/config.py took 0.035 seconds
[2026-03-28T22:00:29.344+0000] {processor.py:161} INFO - Started process (PID=1658) to work on /opt/airflow/dags/config.py
[2026-03-28T22:00:29.345+0000] {processor.py:830} INFO - Processing file /opt/airflow/dags/config.py for tasks to queue
[2026-03-28T22:00:29.348+0000] {logging_mixin.py:188} INFO - [2026-03-28T22:00:29.348+0000] {dagbag.py:545} INFO - Filling up the DagBag from /opt/airflow/dags/config.py
[2026-03-28T22:00:29.351+0000] {processor.py:842} WARNING - No viable dags retrieved from /opt/airflow/dags/config.py
[2026-03-28T22:00:29.370+0000] {processor.py:183} INFO - Processing /opt/airflow/dags/config.py took 0.035 seconds
[2026-03-28T22:01:00.363+0000] {processor.py:161} INFO - Started process (PID=1674) to work on /opt/airflow/dags/config.py
[2026-03-28T22:01:00.364+0000] {processor.py:830} INFO - Processing file /opt/airflow/dags/config.py for tasks to queue
[2026-03-28T22:01:00.367+0000] {logging_mixin.py:188} INFO - [2026-03-28T22:01:00.366+0000] {dagbag.py:545} INFO - Filling up the DagBag from /opt/airflow/dags/config.py
[2026-03-28T22:01:00.369+0000] {processor.py:842} WARNING - No viable dags retrieved from /opt/airflow/dags/config.py
[2026-03-28T22:01:00.390+0000] {processor.py:183} INFO - Processing /opt/airflow/dags/config.py took 0.034 seconds
[2026-03-28T22:01:31.357+0000] {processor.py:161} INFO - Started process (PID=1691) to work on /opt/airflow/dags/config.py
[2026-03-28T22:01:31.358+0000] {processor.py:830} INFO - Processing file /opt/airflow/dags/config.py for tasks to queue
[2026-03-28T22:01:31.361+0000] {logging_mixin.py:188} INFO - [2026-03-28T22:01:31.361+0000] {dagbag.py:545} INFO - Filling up the DagBag from /opt/airflow/dags/config.py
[2026-03-28T22:01:31.364+0000] {processor.py:842} WARNING - No viable dags retrieved from /opt/airflow/dags/config.py
[2026-03-28T22:01:31.386+0000] {processor.py:183} INFO - Processing /opt/airflow/dags/config.py took 0.037 seconds
[2026-03-28T22:02:01.430+0000] {processor.py:161} INFO - Started process (PID=1707) to work on /opt/airflow/dags/config.py
[2026-03-28T22:02:01.431+0000] {processor.py:830} INFO - Processing file /opt/airflow/dags/config.py for tasks to queue
[2026-03-28T22:02:01.434+0000] {logging_mixin.py:188} INFO - [2026-03-28T22:02:01.433+0000] {dagbag.py:545} INFO - Filling up the DagBag from /opt/airflow/dags/config.py
[2026-03-28T22:02:01.436+0000] {processor.py:842} WARNING - No viable dags retrieved from /opt/airflow/dags/config.py
[2026-03-28T22:02:01.459+0000] {processor.py:183} INFO - Processing /opt/airflow/dags/config.py took 0.037 seconds
[2026-03-28T22:02:32.431+0000] {processor.py:161} INFO - Started process (PID=1724) to work on /opt/airflow/dags/config.py
[2026-03-28T22:02:32.432+0000] {processor.py:830} INFO - Processing file /opt/airflow/dags/config.py for tasks to queue
[2026-03-28T22:02:32.434+0000] {logging_mixin.py:188} INFO - [2026-03-28T22:02:32.434+0000] {dagbag.py:545} INFO - Filling up the DagBag from /opt/airflow/dags/config.py
[2026-03-28T22:02:32.437+0000] {processor.py:842} WARNING - No viable dags retrieved from /opt/airflow/dags/config.py
[2026-03-28T22:02:32.459+0000] {processor.py:183} INFO - Processing /opt/airflow/dags/config.py took 0.035 seconds
[2026-03-28T22:03:03.474+0000] {processor.py:161} INFO - Started process (PID=1740) to work on /opt/airflow/dags/config.py
[2026-03-28T22:03:03.492+0000] {processor.py:830} INFO - Processing file /opt/airflow/dags/config.py for tasks to queue
[2026-03-28T22:03:03.494+0000] {logging_mixin.py:188} INFO - [2026-03-28T22:03:03.494+0000] {dagbag.py:545} INFO - Filling up the DagBag from /opt/airflow/dags/config.py
[2026-03-28T22:03:03.496+0000] {processor.py:842} WARNING - No viable dags retrieved from /opt/airflow/dags/config.py
[2026-03-28T22:03:03.518+0000] {processor.py:183} INFO - Processing /opt/airflow/dags/config.py took 0.052 seconds
[2026-03-28T22:03:34.485+0000] {processor.py:161} INFO - Started process (PID=1757) to work on /opt/airflow/dags/config.py
[2026-03-28T22:03:34.487+0000] {processor.py:830} INFO - Processing file /opt/airflow/dags/config.py for tasks to queue
[2026-03-28T22:03:34.489+0000] {logging_mixin.py:188} INFO - [2026-03-28T22:03:34.489+0000] {dagbag.py:545} INFO - Filling up the DagBag from /opt/airflow/dags/config.py
[2026-03-28T22:03:34.492+0000] {processor.py:842} WARNING - No viable dags retrieved from /opt/airflow/dags/config.py
[2026-03-28T22:03:34.511+0000] {processor.py:183} INFO - Processing /opt/airflow/dags/config.py took 0.035 seconds
[2026-03-28T22:04:04.583+0000] {processor.py:161} INFO - Started process (PID=1773) to work on /opt/airflow/dags/config.py
[2026-03-28T22:04:04.584+0000] {processor.py:830} INFO - Processing file /opt/airflow/dags/config.py for tasks to queue
[2026-03-28T22:04:04.587+0000] {logging_mixin.py:188} INFO - [2026-03-28T22:04:04.586+0000] {dagbag.py:545} INFO - Filling up the DagBag from /opt/airflow/dags/config.py
[2026-03-28T22:04:04.589+0000] {processor.py:842} WARNING - No viable dags retrieved from /opt/airflow/dags/config.py
[2026-03-28T22:04:04.611+0000] {processor.py:183} INFO - Processing /opt/airflow/dags/config.py took 0.035 seconds
[2026-03-28T22:04:35.521+0000] {processor.py:161} INFO - Started process (PID=1788) to work on /opt/airflow/dags/config.py
[2026-03-28T22:04:35.523+0000] {processor.py:830} INFO - Processing file /opt/airflow/dags/config.py for tasks to queue
[2026-03-28T22:04:35.528+0000] {logging_mixin.py:188} INFO - [2026-03-28T22:04:35.527+0000] {dagbag.py:545} INFO - Filling up the DagBag from /opt/airflow/dags/config.py
[2026-03-28T22:04:35.531+0000] {processor.py:842} WARNING - No viable dags retrieved from /opt/airflow/dags/config.py
[2026-03-28T22:04:35.560+0000] {processor.py:183} INFO - Processing /opt/airflow/dags/config.py took 0.048 seconds
[2026-03-28T22:05:06.601+0000] {processor.py:161} INFO - Started process (PID=1804) to work on /opt/airflow/dags/config.py
[2026-03-28T22:05:06.602+0000] {processor.py:830} INFO - Processing file /opt/airflow/dags/config.py for tasks to queue
[2026-03-28T22:05:06.606+0000] {logging_mixin.py:188} INFO - [2026-03-28T22:05:06.605+0000] {dagbag.py:545} INFO - Filling up the DagBag from /opt/airflow/dags/config.py
[2026-03-28T22:05:06.610+0000] {processor.py:842} WARNING - No viable dags retrieved from /opt/airflow/dags/config.py
[2026-03-28T22:05:06.634+0000] {processor.py:183} INFO - Processing /opt/airflow/dags/config.py took 0.040 seconds
[2026-03-28T22:05:36.932+0000] {processor.py:161} INFO - Started process (PID=1821) to work on /opt/airflow/dags/config.py
[2026-03-28T22:05:36.934+0000] {processor.py:830} INFO - Processing file /opt/airflow/dags/config.py for tasks to queue
[2026-03-28T22:05:36.938+0000] {logging_mixin.py:188} INFO - [2026-03-28T22:05:36.937+0000] {dagbag.py:545} INFO - Filling up the DagBag from /opt/airflow/dags/config.py
[2026-03-28T22:05:36.942+0000] {processor.py:842} WARNING - No viable dags retrieved from /opt/airflow/dags/config.py
[2026-03-28T22:05:36.961+0000] {processor.py:183} INFO - Processing /opt/airflow/dags/config.py took 0.039 seconds
[2026-03-28T22:06:08.021+0000] {processor.py:161} INFO - Started process (PID=1837) to work on /opt/airflow/dags/config.py
[2026-03-28T22:06:08.022+0000] {processor.py:830} INFO - Processing file /opt/airflow/dags/config.py for tasks to queue
[2026-03-28T22:06:08.025+0000] {logging_mixin.py:188} INFO - [2026-03-28T22:06:08.025+0000] {dagbag.py:545} INFO - Filling up the DagBag from /opt/airflow/dags/config.py
[2026-03-28T22:06:08.029+0000] {processor.py:842} WARNING - No viable dags retrieved from /opt/airflow/dags/config.py
[2026-03-28T22:06:08.053+0000] {processor.py:183} INFO - Processing /opt/airflow/dags/config.py took 0.044 seconds
[2026-03-28T22:06:39.134+0000] {processor.py:161} INFO - Started process (PID=1854) to work on /opt/airflow/dags/config.py
[2026-03-28T22:06:39.136+0000] {processor.py:830} INFO - Processing file /opt/airflow/dags/config.py for tasks to queue
[2026-03-28T22:06:39.138+0000] {logging_mixin.py:188} INFO - [2026-03-28T22:06:39.138+0000] {dagbag.py:545} INFO - Filling up the DagBag from /opt/airflow/dags/config.py
[2026-03-28T22:06:39.141+0000] {processor.py:842} WARNING - No viable dags retrieved from /opt/airflow/dags/config.py
[2026-03-28T22:06:39.165+0000] {processor.py:183} INFO - Processing /opt/airflow/dags/config.py took 0.040 seconds
[2026-03-28T22:07:10.282+0000] {processor.py:161} INFO - Started process (PID=1870) to work on /opt/airflow/dags/config.py
[2026-03-28T22:07:10.284+0000] {processor.py:830} INFO - Processing file /opt/airflow/dags/config.py for tasks to queue
[2026-03-28T22:07:10.287+0000] {logging_mixin.py:188} INFO - [2026-03-28T22:07:10.286+0000] {dagbag.py:545} INFO - Filling up the DagBag from /opt/airflow/dags/config.py
[2026-03-28T22:07:10.291+0000] {processor.py:842} WARNING - No viable dags retrieved from /opt/airflow/dags/config.py
[2026-03-28T22:07:10.328+0000] {processor.py:183} INFO - Processing /opt/airflow/dags/config.py took 0.058 seconds
[2026-03-28T22:07:40.392+0000] {processor.py:161} INFO - Started process (PID=1884) to work on /opt/airflow/dags/config.py
[2026-03-28T22:07:40.395+0000] {processor.py:830} INFO - Processing file /opt/airflow/dags/config.py for tasks to queue
[2026-03-28T22:07:40.397+0000] {logging_mixin.py:188} INFO - [2026-03-28T22:07:40.397+0000] {dagbag.py:545} INFO - Filling up the DagBag from /opt/airflow/dags/config.py
[2026-03-28T22:07:40.399+0000] {processor.py:842} WARNING - No viable dags retrieved from /opt/airflow/dags/config.py
[2026-03-28T22:07:40.425+0000] {processor.py:183} INFO - Processing /opt/airflow/dags/config.py took 0.041 seconds
[2026-03-28T22:08:11.492+0000] {processor.py:161} INFO - Started process (PID=1903) to work on /opt/airflow/dags/config.py
[2026-03-28T22:08:11.494+0000] {processor.py:830} INFO - Processing file /opt/airflow/dags/config.py for tasks to queue
[2026-03-28T22:08:11.497+0000] {logging_mixin.py:188} INFO - [2026-03-28T22:08:11.497+0000] {dagbag.py:545} INFO - Filling up the DagBag from /opt/airflow/dags/config.py
[2026-03-28T22:08:11.500+0000] {processor.py:842} WARNING - No viable dags retrieved from /opt/airflow/dags/config.py
[2026-03-28T22:08:11.520+0000] {processor.py:183} INFO - Processing /opt/airflow/dags/config.py took 0.035 seconds
[2026-03-28T22:08:42.547+0000] {processor.py:161} INFO - Started process (PID=1920) to work on /opt/airflow/dags/config.py
[2026-03-28T22:08:42.550+0000] {processor.py:830} INFO - Processing file /opt/airflow/dags/config.py for tasks to queue
[2026-03-28T22:08:42.553+0000] {logging_mixin.py:188} INFO - [2026-03-28T22:08:42.552+0000] {dagbag.py:545} INFO - Filling up the DagBag from /opt/airflow/dags/config.py
[2026-03-28T22:08:42.557+0000] {processor.py:842} WARNING - No viable dags retrieved from /opt/airflow/dags/config.py
[2026-03-28T22:08:42.580+0000] {processor.py:183} INFO - Processing /opt/airflow/dags/config.py took 0.045 seconds
[2026-03-28T22:09:12.689+0000] {processor.py:161} INFO - Started process (PID=1933) to work on /opt/airflow/dags/config.py
[2026-03-28T22:09:12.690+0000] {processor.py:830} INFO - Processing file /opt/airflow/dags/config.py for tasks to queue
[2026-03-28T22:09:12.693+0000] {logging_mixin.py:188} INFO - [2026-03-28T22:09:12.693+0000] {dagbag.py:545} INFO - Filling up the DagBag from /opt/airflow/dags/config.py
[2026-03-28T22:09:12.696+0000] {processor.py:842} WARNING - No viable dags retrieved from /opt/airflow/dags/config.py
[2026-03-28T22:09:12.718+0000] {processor.py:183} INFO - Processing /opt/airflow/dags/config.py took 0.038 seconds
[2026-03-28T22:09:43.766+0000] {processor.py:161} INFO - Started process (PID=1953) to work on /opt/airflow/dags/config.py
[2026-03-28T22:09:43.768+0000] {processor.py:830} INFO - Processing file /opt/airflow/dags/config.py for tasks to queue
[2026-03-28T22:09:43.770+0000] {logging_mixin.py:188} INFO - [2026-03-28T22:09:43.769+0000] {dagbag.py:545} INFO - Filling up the DagBag from /opt/airflow/dags/config.py
[2026-03-28T22:09:43.773+0000] {processor.py:842} WARNING - No viable dags retrieved from /opt/airflow/dags/config.py
[2026-03-28T22:09:43.795+0000] {processor.py:183} INFO - Processing /opt/airflow/dags/config.py took 0.037 seconds
[2026-03-28T22:10:14.847+0000] {processor.py:161} INFO - Started process (PID=1969) to work on /opt/airflow/dags/config.py
[2026-03-28T22:10:14.849+0000] {processor.py:830} INFO - Processing file /opt/airflow/dags/config.py for tasks to queue
[2026-03-28T22:10:14.851+0000] {logging_mixin.py:188} INFO - [2026-03-28T22:10:14.850+0000] {dagbag.py:545} INFO - Filling up the DagBag from /opt/airflow/dags/config.py
[2026-03-28T22:10:14.854+0000] {processor.py:842} WARNING - No viable dags retrieved from /opt/airflow/dags/config.py
[2026-03-28T22:10:14.877+0000] {processor.py:183} INFO - Processing /opt/airflow/dags/config.py took 0.040 seconds
[2026-03-28T22:10:44.984+0000] {processor.py:161} INFO - Started process (PID=1983) to work on /opt/airflow/dags/config.py
[2026-03-28T22:10:44.988+0000] {processor.py:830} INFO - Processing file /opt/airflow/dags/config.py for tasks to queue
[2026-03-28T22:10:44.990+0000] {logging_mixin.py:188} INFO - [2026-03-28T22:10:44.989+0000] {dagbag.py:545} INFO - Filling up the DagBag from /opt/airflow/dags/config.py
[2026-03-28T22:10:44.992+0000] {processor.py:842} WARNING - No viable dags retrieved from /opt/airflow/dags/config.py
[2026-03-28T22:10:45.089+0000] {processor.py:183} INFO - Processing /opt/airflow/dags/config.py took 0.115 seconds
[2026-03-28T22:11:16.381+0000] {processor.py:161} INFO - Started process (PID=2000) to work on /opt/airflow/dags/config.py
[2026-03-28T22:11:16.384+0000] {processor.py:830} INFO - Processing file /opt/airflow/dags/config.py for tasks to queue
[2026-03-28T22:11:16.391+0000] {logging_mixin.py:188} INFO - [2026-03-28T22:11:16.390+0000] {dagbag.py:545} INFO - Filling up the DagBag from /opt/airflow/dags/config.py
[2026-03-28T22:11:16.396+0000] {processor.py:842} WARNING - No viable dags retrieved from /opt/airflow/dags/config.py
[2026-03-28T22:11:16.436+0000] {processor.py:183} INFO - Processing /opt/airflow/dags/config.py took 0.073 seconds
[2026-03-28T22:11:46.634+0000] {processor.py:161} INFO - Started process (PID=2025) to work on /opt/airflow/dags/config.py
[2026-03-28T22:11:46.636+0000] {processor.py:830} INFO - Processing file /opt/airflow/dags/config.py for tasks to queue
[2026-03-28T22:11:46.639+0000] {logging_mixin.py:188} INFO - [2026-03-28T22:11:46.638+0000] {dagbag.py:545} INFO - Filling up the DagBag from /opt/airflow/dags/config.py
[2026-03-28T22:11:46.644+0000] {processor.py:842} WARNING - No viable dags retrieved from /opt/airflow/dags/config.py
[2026-03-28T22:11:46.666+0000] {processor.py:183} INFO - Processing /opt/airflow/dags/config.py took 0.046 seconds
