[2026-03-28T18:01:35.129+0000] {processor.py:161} INFO - Started process (PID=160) to work on /opt/airflow/dags/extract_data_git_repo.py
[2026-03-28T18:01:35.138+0000] {processor.py:830} INFO - Processing file /opt/airflow/dags/extract_data_git_repo.py for tasks to queue
[2026-03-28T18:01:35.151+0000] {logging_mixin.py:188} INFO - [2026-03-28T18:01:35.149+0000] {dagbag.py:545} INFO - Filling up the DagBag from /opt/airflow/dags/extract_data_git_repo.py
[2026-03-28T18:01:35.344+0000] {processor.py:840} INFO - DAG(s) 'dag_enem_extraction' retrieved from /opt/airflow/dags/extract_data_git_repo.py
[2026-03-28T18:01:36.155+0000] {logging_mixin.py:188} INFO - [2026-03-28T18:01:36.154+0000] {dag.py:3096} INFO - Sync 1 DAGs
[2026-03-28T18:01:36.203+0000] {logging_mixin.py:188} INFO - [2026-03-28T18:01:36.203+0000] {dag.py:3954} INFO - Setting next_dagrun for dag_enem_extraction to None, run_after=None
[2026-03-28T18:01:36.275+0000] {processor.py:183} INFO - Processing /opt/airflow/dags/extract_data_git_repo.py took 1.227 seconds
[2026-03-28T18:02:06.742+0000] {processor.py:161} INFO - Started process (PID=175) to work on /opt/airflow/dags/extract_data_git_repo.py
[2026-03-28T18:02:06.747+0000] {processor.py:830} INFO - Processing file /opt/airflow/dags/extract_data_git_repo.py for tasks to queue
[2026-03-28T18:02:06.760+0000] {logging_mixin.py:188} INFO - [2026-03-28T18:02:06.758+0000] {dagbag.py:545} INFO - Filling up the DagBag from /opt/airflow/dags/extract_data_git_repo.py
[2026-03-28T18:02:06.824+0000] {processor.py:840} INFO - DAG(s) 'dag_enem_extraction' retrieved from /opt/airflow/dags/extract_data_git_repo.py
[2026-03-28T18:02:06.978+0000] {logging_mixin.py:188} INFO - [2026-03-28T18:02:06.978+0000] {dag.py:3096} INFO - Sync 1 DAGs
[2026-03-28T18:02:07.012+0000] {logging_mixin.py:188} INFO - [2026-03-28T18:02:07.012+0000] {dag.py:3954} INFO - Setting next_dagrun for dag_enem_extraction to None, run_after=None
[2026-03-28T18:02:07.059+0000] {processor.py:183} INFO - Processing /opt/airflow/dags/extract_data_git_repo.py took 0.338 seconds
[2026-03-28T18:02:37.430+0000] {processor.py:161} INFO - Started process (PID=185) to work on /opt/airflow/dags/extract_data_git_repo.py
[2026-03-28T18:02:37.432+0000] {processor.py:830} INFO - Processing file /opt/airflow/dags/extract_data_git_repo.py for tasks to queue
[2026-03-28T18:02:37.438+0000] {logging_mixin.py:188} INFO - [2026-03-28T18:02:37.434+0000] {dagbag.py:545} INFO - Filling up the DagBag from /opt/airflow/dags/extract_data_git_repo.py
[2026-03-28T18:02:37.464+0000] {processor.py:840} INFO - DAG(s) 'dag_enem_extraction' retrieved from /opt/airflow/dags/extract_data_git_repo.py
[2026-03-28T18:02:37.570+0000] {logging_mixin.py:188} INFO - [2026-03-28T18:02:37.569+0000] {dag.py:3096} INFO - Sync 1 DAGs
[2026-03-28T18:02:37.625+0000] {logging_mixin.py:188} INFO - [2026-03-28T18:02:37.624+0000] {dag.py:3954} INFO - Setting next_dagrun for dag_enem_extraction to None, run_after=None
[2026-03-28T18:02:37.687+0000] {processor.py:183} INFO - Processing /opt/airflow/dags/extract_data_git_repo.py took 0.264 seconds
[2026-03-28T18:03:07.879+0000] {processor.py:161} INFO - Started process (PID=195) to work on /opt/airflow/dags/extract_data_git_repo.py
[2026-03-28T18:03:07.881+0000] {processor.py:830} INFO - Processing file /opt/airflow/dags/extract_data_git_repo.py for tasks to queue
[2026-03-28T18:03:07.883+0000] {logging_mixin.py:188} INFO - [2026-03-28T18:03:07.883+0000] {dagbag.py:545} INFO - Filling up the DagBag from /opt/airflow/dags/extract_data_git_repo.py
[2026-03-28T18:03:07.909+0000] {processor.py:840} INFO - DAG(s) 'dag_enem_extraction' retrieved from /opt/airflow/dags/extract_data_git_repo.py
[2026-03-28T18:03:08.046+0000] {logging_mixin.py:188} INFO - [2026-03-28T18:03:08.045+0000] {dag.py:3096} INFO - Sync 1 DAGs
[2026-03-28T18:03:08.161+0000] {logging_mixin.py:188} INFO - [2026-03-28T18:03:08.160+0000] {dag.py:3954} INFO - Setting next_dagrun for dag_enem_extraction to None, run_after=None
[2026-03-28T18:03:08.266+0000] {processor.py:183} INFO - Processing /opt/airflow/dags/extract_data_git_repo.py took 0.397 seconds
[2026-03-28T18:03:37.692+0000] {processor.py:161} INFO - Started process (PID=200) to work on /opt/airflow/dags/extract_data_git_repo.py
[2026-03-28T18:03:37.719+0000] {processor.py:830} INFO - Processing file /opt/airflow/dags/extract_data_git_repo.py for tasks to queue
[2026-03-28T18:03:37.793+0000] {logging_mixin.py:188} INFO - [2026-03-28T18:03:37.790+0000] {dagbag.py:545} INFO - Filling up the DagBag from /opt/airflow/dags/extract_data_git_repo.py
[2026-03-28T18:03:38.300+0000] {processor.py:840} INFO - DAG(s) 'dag_enem_extraction' retrieved from /opt/airflow/dags/extract_data_git_repo.py
[2026-03-28T18:03:38.735+0000] {logging_mixin.py:188} INFO - [2026-03-28T18:03:38.735+0000] {dag.py:3096} INFO - Sync 1 DAGs
[2026-03-28T18:03:38.878+0000] {logging_mixin.py:188} INFO - [2026-03-28T18:03:38.877+0000] {dag.py:3954} INFO - Setting next_dagrun for dag_enem_extraction to None, run_after=None
[2026-03-28T18:03:39.003+0000] {processor.py:183} INFO - Processing /opt/airflow/dags/extract_data_git_repo.py took 1.449 seconds
[2026-03-28T18:04:09.175+0000] {processor.py:161} INFO - Started process (PID=210) to work on /opt/airflow/dags/extract_data_git_repo.py
[2026-03-28T18:04:09.205+0000] {processor.py:830} INFO - Processing file /opt/airflow/dags/extract_data_git_repo.py for tasks to queue
[2026-03-28T18:04:09.287+0000] {logging_mixin.py:188} INFO - [2026-03-28T18:04:09.275+0000] {dagbag.py:545} INFO - Filling up the DagBag from /opt/airflow/dags/extract_data_git_repo.py
[2026-03-28T18:04:09.445+0000] {processor.py:840} INFO - DAG(s) 'dag_enem_extraction' retrieved from /opt/airflow/dags/extract_data_git_repo.py
[2026-03-28T18:04:09.511+0000] {logging_mixin.py:188} INFO - [2026-03-28T18:04:09.510+0000] {dag.py:3096} INFO - Sync 1 DAGs
[2026-03-28T18:04:09.527+0000] {logging_mixin.py:188} INFO - [2026-03-28T18:04:09.526+0000] {dag.py:3954} INFO - Setting next_dagrun for dag_enem_extraction to None, run_after=None
[2026-03-28T18:04:09.553+0000] {processor.py:183} INFO - Processing /opt/airflow/dags/extract_data_git_repo.py took 0.403 seconds
[2026-03-28T18:04:39.884+0000] {processor.py:161} INFO - Started process (PID=220) to work on /opt/airflow/dags/extract_data_git_repo.py
[2026-03-28T18:04:39.885+0000] {processor.py:830} INFO - Processing file /opt/airflow/dags/extract_data_git_repo.py for tasks to queue
[2026-03-28T18:04:39.891+0000] {logging_mixin.py:188} INFO - [2026-03-28T18:04:39.888+0000] {dagbag.py:545} INFO - Filling up the DagBag from /opt/airflow/dags/extract_data_git_repo.py
[2026-03-28T18:04:39.954+0000] {processor.py:840} INFO - DAG(s) 'dag_enem_extraction' retrieved from /opt/airflow/dags/extract_data_git_repo.py
[2026-03-28T18:04:40.052+0000] {logging_mixin.py:188} INFO - [2026-03-28T18:04:40.052+0000] {dag.py:3096} INFO - Sync 1 DAGs
[2026-03-28T18:04:40.108+0000] {logging_mixin.py:188} INFO - [2026-03-28T18:04:40.108+0000] {dag.py:3954} INFO - Setting next_dagrun for dag_enem_extraction to None, run_after=None
[2026-03-28T18:04:40.148+0000] {processor.py:183} INFO - Processing /opt/airflow/dags/extract_data_git_repo.py took 0.299 seconds
[2026-03-28T18:05:10.391+0000] {processor.py:161} INFO - Started process (PID=230) to work on /opt/airflow/dags/extract_data_git_repo.py
[2026-03-28T18:05:10.392+0000] {processor.py:830} INFO - Processing file /opt/airflow/dags/extract_data_git_repo.py for tasks to queue
[2026-03-28T18:05:10.397+0000] {logging_mixin.py:188} INFO - [2026-03-28T18:05:10.396+0000] {dagbag.py:545} INFO - Filling up the DagBag from /opt/airflow/dags/extract_data_git_repo.py
[2026-03-28T18:05:10.429+0000] {processor.py:840} INFO - DAG(s) 'dag_enem_extraction' retrieved from /opt/airflow/dags/extract_data_git_repo.py
[2026-03-28T18:05:10.481+0000] {logging_mixin.py:188} INFO - [2026-03-28T18:05:10.481+0000] {dag.py:3096} INFO - Sync 1 DAGs
[2026-03-28T18:05:10.498+0000] {logging_mixin.py:188} INFO - [2026-03-28T18:05:10.498+0000] {dag.py:3954} INFO - Setting next_dagrun for dag_enem_extraction to None, run_after=None
[2026-03-28T18:05:10.524+0000] {processor.py:183} INFO - Processing /opt/airflow/dags/extract_data_git_repo.py took 0.144 seconds
[2026-03-28T18:05:41.244+0000] {processor.py:161} INFO - Started process (PID=240) to work on /opt/airflow/dags/extract_data_git_repo.py
[2026-03-28T18:05:41.260+0000] {processor.py:830} INFO - Processing file /opt/airflow/dags/extract_data_git_repo.py for tasks to queue
[2026-03-28T18:05:41.292+0000] {logging_mixin.py:188} INFO - [2026-03-28T18:05:41.283+0000] {dagbag.py:545} INFO - Filling up the DagBag from /opt/airflow/dags/extract_data_git_repo.py
[2026-03-28T18:05:41.467+0000] {processor.py:840} INFO - DAG(s) 'dag_enem_extraction' retrieved from /opt/airflow/dags/extract_data_git_repo.py
[2026-03-28T18:05:41.621+0000] {logging_mixin.py:188} INFO - [2026-03-28T18:05:41.621+0000] {dag.py:3096} INFO - Sync 1 DAGs
[2026-03-28T18:05:41.679+0000] {logging_mixin.py:188} INFO - [2026-03-28T18:05:41.679+0000] {dag.py:3954} INFO - Setting next_dagrun for dag_enem_extraction to None, run_after=None
[2026-03-28T18:05:41.763+0000] {processor.py:183} INFO - Processing /opt/airflow/dags/extract_data_git_repo.py took 0.769 seconds
[2026-03-28T18:06:11.892+0000] {processor.py:161} INFO - Started process (PID=250) to work on /opt/airflow/dags/extract_data_git_repo.py
[2026-03-28T18:06:11.894+0000] {processor.py:830} INFO - Processing file /opt/airflow/dags/extract_data_git_repo.py for tasks to queue
[2026-03-28T18:06:11.899+0000] {logging_mixin.py:188} INFO - [2026-03-28T18:06:11.897+0000] {dagbag.py:545} INFO - Filling up the DagBag from /opt/airflow/dags/extract_data_git_repo.py
[2026-03-28T18:06:11.915+0000] {processor.py:840} INFO - DAG(s) 'dag_enem_extraction' retrieved from /opt/airflow/dags/extract_data_git_repo.py
[2026-03-28T18:06:11.957+0000] {logging_mixin.py:188} INFO - [2026-03-28T18:06:11.957+0000] {dag.py:3096} INFO - Sync 1 DAGs
[2026-03-28T18:06:11.977+0000] {logging_mixin.py:188} INFO - [2026-03-28T18:06:11.976+0000] {dag.py:3954} INFO - Setting next_dagrun for dag_enem_extraction to None, run_after=None
[2026-03-28T18:06:12.005+0000] {processor.py:183} INFO - Processing /opt/airflow/dags/extract_data_git_repo.py took 0.152 seconds
[2026-03-28T18:06:42.394+0000] {processor.py:161} INFO - Started process (PID=260) to work on /opt/airflow/dags/extract_data_git_repo.py
[2026-03-28T18:06:42.396+0000] {processor.py:830} INFO - Processing file /opt/airflow/dags/extract_data_git_repo.py for tasks to queue
[2026-03-28T18:06:42.398+0000] {logging_mixin.py:188} INFO - [2026-03-28T18:06:42.398+0000] {dagbag.py:545} INFO - Filling up the DagBag from /opt/airflow/dags/extract_data_git_repo.py
[2026-03-28T18:06:42.434+0000] {processor.py:840} INFO - DAG(s) 'dag_enem_extraction' retrieved from /opt/airflow/dags/extract_data_git_repo.py
[2026-03-28T18:06:42.570+0000] {logging_mixin.py:188} INFO - [2026-03-28T18:06:42.570+0000] {dag.py:3096} INFO - Sync 1 DAGs
[2026-03-28T18:06:42.593+0000] {logging_mixin.py:188} INFO - [2026-03-28T18:06:42.593+0000] {dag.py:3954} INFO - Setting next_dagrun for dag_enem_extraction to None, run_after=None
[2026-03-28T18:06:42.621+0000] {processor.py:183} INFO - Processing /opt/airflow/dags/extract_data_git_repo.py took 0.248 seconds
[2026-03-28T18:07:12.899+0000] {processor.py:161} INFO - Started process (PID=270) to work on /opt/airflow/dags/extract_data_git_repo.py
[2026-03-28T18:07:12.901+0000] {processor.py:830} INFO - Processing file /opt/airflow/dags/extract_data_git_repo.py for tasks to queue
[2026-03-28T18:07:12.903+0000] {logging_mixin.py:188} INFO - [2026-03-28T18:07:12.903+0000] {dagbag.py:545} INFO - Filling up the DagBag from /opt/airflow/dags/extract_data_git_repo.py
[2026-03-28T18:07:12.925+0000] {processor.py:840} INFO - DAG(s) 'dag_enem_extraction' retrieved from /opt/airflow/dags/extract_data_git_repo.py
[2026-03-28T18:07:13.012+0000] {logging_mixin.py:188} INFO - [2026-03-28T18:07:13.011+0000] {dag.py:3096} INFO - Sync 1 DAGs
[2026-03-28T18:07:13.029+0000] {logging_mixin.py:188} INFO - [2026-03-28T18:07:13.029+0000] {dag.py:3954} INFO - Setting next_dagrun for dag_enem_extraction to None, run_after=None
[2026-03-28T18:07:13.053+0000] {processor.py:183} INFO - Processing /opt/airflow/dags/extract_data_git_repo.py took 0.169 seconds
[2026-03-28T18:07:43.327+0000] {processor.py:161} INFO - Started process (PID=280) to work on /opt/airflow/dags/extract_data_git_repo.py
[2026-03-28T18:07:43.329+0000] {processor.py:830} INFO - Processing file /opt/airflow/dags/extract_data_git_repo.py for tasks to queue
[2026-03-28T18:07:43.333+0000] {logging_mixin.py:188} INFO - [2026-03-28T18:07:43.333+0000] {dagbag.py:545} INFO - Filling up the DagBag from /opt/airflow/dags/extract_data_git_repo.py
[2026-03-28T18:07:43.355+0000] {processor.py:840} INFO - DAG(s) 'dag_enem_extraction' retrieved from /opt/airflow/dags/extract_data_git_repo.py
[2026-03-28T18:07:43.413+0000] {logging_mixin.py:188} INFO - [2026-03-28T18:07:43.413+0000] {dag.py:3096} INFO - Sync 1 DAGs
[2026-03-28T18:07:43.430+0000] {logging_mixin.py:188} INFO - [2026-03-28T18:07:43.430+0000] {dag.py:3954} INFO - Setting next_dagrun for dag_enem_extraction to None, run_after=None
[2026-03-28T18:07:43.458+0000] {processor.py:183} INFO - Processing /opt/airflow/dags/extract_data_git_repo.py took 0.147 seconds
[2026-03-28T18:08:13.754+0000] {processor.py:161} INFO - Started process (PID=290) to work on /opt/airflow/dags/extract_data_git_repo.py
[2026-03-28T18:08:13.759+0000] {processor.py:830} INFO - Processing file /opt/airflow/dags/extract_data_git_repo.py for tasks to queue
[2026-03-28T18:08:13.766+0000] {logging_mixin.py:188} INFO - [2026-03-28T18:08:13.765+0000] {dagbag.py:545} INFO - Filling up the DagBag from /opt/airflow/dags/extract_data_git_repo.py
[2026-03-28T18:08:13.828+0000] {processor.py:840} INFO - DAG(s) 'dag_enem_extraction' retrieved from /opt/airflow/dags/extract_data_git_repo.py
[2026-03-28T18:08:13.925+0000] {logging_mixin.py:188} INFO - [2026-03-28T18:08:13.924+0000] {dag.py:3096} INFO - Sync 1 DAGs
[2026-03-28T18:08:13.952+0000] {logging_mixin.py:188} INFO - [2026-03-28T18:08:13.951+0000] {dag.py:3954} INFO - Setting next_dagrun for dag_enem_extraction to None, run_after=None
[2026-03-28T18:08:13.984+0000] {processor.py:183} INFO - Processing /opt/airflow/dags/extract_data_git_repo.py took 0.263 seconds
[2026-03-28T18:08:44.316+0000] {processor.py:161} INFO - Started process (PID=300) to work on /opt/airflow/dags/extract_data_git_repo.py
[2026-03-28T18:08:44.318+0000] {processor.py:830} INFO - Processing file /opt/airflow/dags/extract_data_git_repo.py for tasks to queue
[2026-03-28T18:08:44.377+0000] {logging_mixin.py:188} INFO - [2026-03-28T18:08:44.374+0000] {dagbag.py:545} INFO - Filling up the DagBag from /opt/airflow/dags/extract_data_git_repo.py
[2026-03-28T18:08:44.535+0000] {processor.py:840} INFO - DAG(s) 'dag_enem_extraction' retrieved from /opt/airflow/dags/extract_data_git_repo.py
[2026-03-28T18:08:44.669+0000] {logging_mixin.py:188} INFO - [2026-03-28T18:08:44.668+0000] {dag.py:3096} INFO - Sync 1 DAGs
[2026-03-28T18:08:44.765+0000] {logging_mixin.py:188} INFO - [2026-03-28T18:08:44.765+0000] {dag.py:3954} INFO - Setting next_dagrun for dag_enem_extraction to None, run_after=None
[2026-03-28T18:08:44.885+0000] {processor.py:183} INFO - Processing /opt/airflow/dags/extract_data_git_repo.py took 0.667 seconds
[2026-03-28T18:09:15.272+0000] {processor.py:161} INFO - Started process (PID=314) to work on /opt/airflow/dags/extract_data_git_repo.py
[2026-03-28T18:09:15.277+0000] {processor.py:830} INFO - Processing file /opt/airflow/dags/extract_data_git_repo.py for tasks to queue
[2026-03-28T18:09:15.282+0000] {logging_mixin.py:188} INFO - [2026-03-28T18:09:15.281+0000] {dagbag.py:545} INFO - Filling up the DagBag from /opt/airflow/dags/extract_data_git_repo.py
[2026-03-28T18:09:15.381+0000] {processor.py:840} INFO - DAG(s) 'dag_enem_extraction' retrieved from /opt/airflow/dags/extract_data_git_repo.py
[2026-03-28T18:09:15.577+0000] {logging_mixin.py:188} INFO - [2026-03-28T18:09:15.576+0000] {dag.py:3096} INFO - Sync 1 DAGs
[2026-03-28T18:09:15.605+0000] {logging_mixin.py:188} INFO - [2026-03-28T18:09:15.604+0000] {dag.py:3954} INFO - Setting next_dagrun for dag_enem_extraction to None, run_after=None
[2026-03-28T18:09:15.676+0000] {processor.py:183} INFO - Processing /opt/airflow/dags/extract_data_git_repo.py took 0.415 seconds
[2026-03-28T18:09:45.750+0000] {processor.py:161} INFO - Started process (PID=325) to work on /opt/airflow/dags/extract_data_git_repo.py
[2026-03-28T18:09:45.751+0000] {processor.py:830} INFO - Processing file /opt/airflow/dags/extract_data_git_repo.py for tasks to queue
[2026-03-28T18:09:45.754+0000] {logging_mixin.py:188} INFO - [2026-03-28T18:09:45.753+0000] {dagbag.py:545} INFO - Filling up the DagBag from /opt/airflow/dags/extract_data_git_repo.py
[2026-03-28T18:09:45.773+0000] {processor.py:840} INFO - DAG(s) 'dag_enem_extraction' retrieved from /opt/airflow/dags/extract_data_git_repo.py
[2026-03-28T18:09:45.824+0000] {logging_mixin.py:188} INFO - [2026-03-28T18:09:45.824+0000] {dag.py:3096} INFO - Sync 1 DAGs
[2026-03-28T18:09:45.853+0000] {logging_mixin.py:188} INFO - [2026-03-28T18:09:45.853+0000] {dag.py:3954} INFO - Setting next_dagrun for dag_enem_extraction to None, run_after=None
[2026-03-28T18:09:45.882+0000] {processor.py:183} INFO - Processing /opt/airflow/dags/extract_data_git_repo.py took 0.142 seconds
[2026-03-28T18:10:16.235+0000] {processor.py:161} INFO - Started process (PID=330) to work on /opt/airflow/dags/extract_data_git_repo.py
[2026-03-28T18:10:16.240+0000] {processor.py:830} INFO - Processing file /opt/airflow/dags/extract_data_git_repo.py for tasks to queue
[2026-03-28T18:10:16.255+0000] {logging_mixin.py:188} INFO - [2026-03-28T18:10:16.252+0000] {dagbag.py:545} INFO - Filling up the DagBag from /opt/airflow/dags/extract_data_git_repo.py
[2026-03-28T18:10:16.334+0000] {processor.py:840} INFO - DAG(s) 'dag_enem_extraction' retrieved from /opt/airflow/dags/extract_data_git_repo.py
[2026-03-28T18:10:16.428+0000] {logging_mixin.py:188} INFO - [2026-03-28T18:10:16.427+0000] {dag.py:3096} INFO - Sync 1 DAGs
[2026-03-28T18:10:16.462+0000] {logging_mixin.py:188} INFO - [2026-03-28T18:10:16.462+0000] {dag.py:3954} INFO - Setting next_dagrun for dag_enem_extraction to None, run_after=None
[2026-03-28T18:10:16.502+0000] {processor.py:183} INFO - Processing /opt/airflow/dags/extract_data_git_repo.py took 0.310 seconds
[2026-03-28T18:10:46.706+0000] {processor.py:161} INFO - Started process (PID=340) to work on /opt/airflow/dags/extract_data_git_repo.py
[2026-03-28T18:10:46.707+0000] {processor.py:830} INFO - Processing file /opt/airflow/dags/extract_data_git_repo.py for tasks to queue
[2026-03-28T18:10:46.710+0000] {logging_mixin.py:188} INFO - [2026-03-28T18:10:46.709+0000] {dagbag.py:545} INFO - Filling up the DagBag from /opt/airflow/dags/extract_data_git_repo.py
[2026-03-28T18:10:46.724+0000] {processor.py:840} INFO - DAG(s) 'dag_enem_extraction' retrieved from /opt/airflow/dags/extract_data_git_repo.py
[2026-03-28T18:10:46.778+0000] {logging_mixin.py:188} INFO - [2026-03-28T18:10:46.777+0000] {dag.py:3096} INFO - Sync 1 DAGs
[2026-03-28T18:10:46.797+0000] {logging_mixin.py:188} INFO - [2026-03-28T18:10:46.796+0000] {dag.py:3954} INFO - Setting next_dagrun for dag_enem_extraction to None, run_after=None
[2026-03-28T18:10:46.822+0000] {processor.py:183} INFO - Processing /opt/airflow/dags/extract_data_git_repo.py took 0.128 seconds
[2026-03-28T18:11:17.088+0000] {processor.py:161} INFO - Started process (PID=350) to work on /opt/airflow/dags/extract_data_git_repo.py
[2026-03-28T18:11:17.090+0000] {processor.py:830} INFO - Processing file /opt/airflow/dags/extract_data_git_repo.py for tasks to queue
[2026-03-28T18:11:17.094+0000] {logging_mixin.py:188} INFO - [2026-03-28T18:11:17.093+0000] {dagbag.py:545} INFO - Filling up the DagBag from /opt/airflow/dags/extract_data_git_repo.py
[2026-03-28T18:11:17.108+0000] {processor.py:840} INFO - DAG(s) 'dag_enem_extraction' retrieved from /opt/airflow/dags/extract_data_git_repo.py
[2026-03-28T18:11:17.159+0000] {logging_mixin.py:188} INFO - [2026-03-28T18:11:17.159+0000] {dag.py:3096} INFO - Sync 1 DAGs
[2026-03-28T18:11:17.177+0000] {logging_mixin.py:188} INFO - [2026-03-28T18:11:17.177+0000] {dag.py:3954} INFO - Setting next_dagrun for dag_enem_extraction to None, run_after=None
[2026-03-28T18:11:17.203+0000] {processor.py:183} INFO - Processing /opt/airflow/dags/extract_data_git_repo.py took 0.123 seconds
[2026-03-28T18:11:47.589+0000] {processor.py:161} INFO - Started process (PID=365) to work on /opt/airflow/dags/extract_data_git_repo.py
[2026-03-28T18:11:47.590+0000] {processor.py:830} INFO - Processing file /opt/airflow/dags/extract_data_git_repo.py for tasks to queue
[2026-03-28T18:11:47.592+0000] {logging_mixin.py:188} INFO - [2026-03-28T18:11:47.592+0000] {dagbag.py:545} INFO - Filling up the DagBag from /opt/airflow/dags/extract_data_git_repo.py
[2026-03-28T18:11:47.640+0000] {processor.py:840} INFO - DAG(s) 'dag_enem_extraction' retrieved from /opt/airflow/dags/extract_data_git_repo.py
[2026-03-28T18:11:47.762+0000] {logging_mixin.py:188} INFO - [2026-03-28T18:11:47.761+0000] {dag.py:3096} INFO - Sync 1 DAGs
[2026-03-28T18:11:47.792+0000] {logging_mixin.py:188} INFO - [2026-03-28T18:11:47.792+0000] {dag.py:3954} INFO - Setting next_dagrun for dag_enem_extraction to None, run_after=None
[2026-03-28T18:11:47.822+0000] {processor.py:183} INFO - Processing /opt/airflow/dags/extract_data_git_repo.py took 0.242 seconds
[2026-03-28T18:12:18.160+0000] {processor.py:161} INFO - Started process (PID=380) to work on /opt/airflow/dags/extract_data_git_repo.py
[2026-03-28T18:12:18.162+0000] {processor.py:830} INFO - Processing file /opt/airflow/dags/extract_data_git_repo.py for tasks to queue
[2026-03-28T18:12:18.166+0000] {logging_mixin.py:188} INFO - [2026-03-28T18:12:18.165+0000] {dagbag.py:545} INFO - Filling up the DagBag from /opt/airflow/dags/extract_data_git_repo.py
[2026-03-28T18:12:18.186+0000] {processor.py:840} INFO - DAG(s) 'dag_enem_extraction' retrieved from /opt/airflow/dags/extract_data_git_repo.py
[2026-03-28T18:12:18.258+0000] {logging_mixin.py:188} INFO - [2026-03-28T18:12:18.257+0000] {dag.py:3096} INFO - Sync 1 DAGs
[2026-03-28T18:12:18.275+0000] {logging_mixin.py:188} INFO - [2026-03-28T18:12:18.274+0000] {dag.py:3954} INFO - Setting next_dagrun for dag_enem_extraction to None, run_after=None
[2026-03-28T18:12:18.302+0000] {processor.py:183} INFO - Processing /opt/airflow/dags/extract_data_git_repo.py took 0.149 seconds
[2026-03-28T18:12:48.619+0000] {processor.py:161} INFO - Started process (PID=395) to work on /opt/airflow/dags/extract_data_git_repo.py
[2026-03-28T18:12:48.620+0000] {processor.py:830} INFO - Processing file /opt/airflow/dags/extract_data_git_repo.py for tasks to queue
[2026-03-28T18:12:48.628+0000] {logging_mixin.py:188} INFO - [2026-03-28T18:12:48.628+0000] {dagbag.py:545} INFO - Filling up the DagBag from /opt/airflow/dags/extract_data_git_repo.py
[2026-03-28T18:12:48.648+0000] {processor.py:840} INFO - DAG(s) 'dag_enem_extraction' retrieved from /opt/airflow/dags/extract_data_git_repo.py
[2026-03-28T18:12:48.685+0000] {logging_mixin.py:188} INFO - [2026-03-28T18:12:48.685+0000] {dag.py:3096} INFO - Sync 1 DAGs
[2026-03-28T18:12:48.701+0000] {logging_mixin.py:188} INFO - [2026-03-28T18:12:48.701+0000] {dag.py:3954} INFO - Setting next_dagrun for dag_enem_extraction to None, run_after=None
[2026-03-28T18:12:48.726+0000] {processor.py:183} INFO - Processing /opt/airflow/dags/extract_data_git_repo.py took 0.115 seconds
[2026-03-28T18:13:19.043+0000] {processor.py:161} INFO - Started process (PID=410) to work on /opt/airflow/dags/extract_data_git_repo.py
[2026-03-28T18:13:19.044+0000] {processor.py:830} INFO - Processing file /opt/airflow/dags/extract_data_git_repo.py for tasks to queue
[2026-03-28T18:13:19.046+0000] {logging_mixin.py:188} INFO - [2026-03-28T18:13:19.046+0000] {dagbag.py:545} INFO - Filling up the DagBag from /opt/airflow/dags/extract_data_git_repo.py
[2026-03-28T18:13:19.064+0000] {processor.py:840} INFO - DAG(s) 'dag_enem_extraction' retrieved from /opt/airflow/dags/extract_data_git_repo.py
[2026-03-28T18:13:19.102+0000] {logging_mixin.py:188} INFO - [2026-03-28T18:13:19.102+0000] {dag.py:3096} INFO - Sync 1 DAGs
[2026-03-28T18:13:19.118+0000] {logging_mixin.py:188} INFO - [2026-03-28T18:13:19.118+0000] {dag.py:3954} INFO - Setting next_dagrun for dag_enem_extraction to None, run_after=None
[2026-03-28T18:13:19.145+0000] {processor.py:183} INFO - Processing /opt/airflow/dags/extract_data_git_repo.py took 0.110 seconds
[2026-03-28T18:13:49.473+0000] {processor.py:161} INFO - Started process (PID=425) to work on /opt/airflow/dags/extract_data_git_repo.py
[2026-03-28T18:13:49.475+0000] {processor.py:830} INFO - Processing file /opt/airflow/dags/extract_data_git_repo.py for tasks to queue
[2026-03-28T18:13:49.477+0000] {logging_mixin.py:188} INFO - [2026-03-28T18:13:49.476+0000] {dagbag.py:545} INFO - Filling up the DagBag from /opt/airflow/dags/extract_data_git_repo.py
[2026-03-28T18:13:49.491+0000] {processor.py:840} INFO - DAG(s) 'dag_enem_extraction' retrieved from /opt/airflow/dags/extract_data_git_repo.py
[2026-03-28T18:13:49.550+0000] {logging_mixin.py:188} INFO - [2026-03-28T18:13:49.549+0000] {dag.py:3096} INFO - Sync 1 DAGs
[2026-03-28T18:13:49.567+0000] {logging_mixin.py:188} INFO - [2026-03-28T18:13:49.566+0000] {dag.py:3954} INFO - Setting next_dagrun for dag_enem_extraction to None, run_after=None
[2026-03-28T18:13:49.591+0000] {processor.py:183} INFO - Processing /opt/airflow/dags/extract_data_git_repo.py took 0.127 seconds
[2026-03-28T18:14:19.913+0000] {processor.py:161} INFO - Started process (PID=440) to work on /opt/airflow/dags/extract_data_git_repo.py
[2026-03-28T18:14:19.931+0000] {processor.py:830} INFO - Processing file /opt/airflow/dags/extract_data_git_repo.py for tasks to queue
[2026-03-28T18:14:19.933+0000] {logging_mixin.py:188} INFO - [2026-03-28T18:14:19.933+0000] {dagbag.py:545} INFO - Filling up the DagBag from /opt/airflow/dags/extract_data_git_repo.py
[2026-03-28T18:14:19.946+0000] {processor.py:840} INFO - DAG(s) 'dag_enem_extraction' retrieved from /opt/airflow/dags/extract_data_git_repo.py
[2026-03-28T18:14:20.005+0000] {logging_mixin.py:188} INFO - [2026-03-28T18:14:20.004+0000] {dag.py:3096} INFO - Sync 1 DAGs
[2026-03-28T18:14:20.021+0000] {logging_mixin.py:188} INFO - [2026-03-28T18:14:20.021+0000] {dag.py:3954} INFO - Setting next_dagrun for dag_enem_extraction to None, run_after=None
[2026-03-28T18:14:20.047+0000] {processor.py:183} INFO - Processing /opt/airflow/dags/extract_data_git_repo.py took 0.142 seconds
[2026-03-28T18:14:50.410+0000] {processor.py:161} INFO - Started process (PID=455) to work on /opt/airflow/dags/extract_data_git_repo.py
[2026-03-28T18:14:50.411+0000] {processor.py:830} INFO - Processing file /opt/airflow/dags/extract_data_git_repo.py for tasks to queue
[2026-03-28T18:14:50.414+0000] {logging_mixin.py:188} INFO - [2026-03-28T18:14:50.413+0000] {dagbag.py:545} INFO - Filling up the DagBag from /opt/airflow/dags/extract_data_git_repo.py
[2026-03-28T18:14:50.433+0000] {processor.py:840} INFO - DAG(s) 'dag_enem_extraction' retrieved from /opt/airflow/dags/extract_data_git_repo.py
[2026-03-28T18:14:50.539+0000] {logging_mixin.py:188} INFO - [2026-03-28T18:14:50.538+0000] {dag.py:3096} INFO - Sync 1 DAGs
[2026-03-28T18:14:50.557+0000] {logging_mixin.py:188} INFO - [2026-03-28T18:14:50.557+0000] {dag.py:3954} INFO - Setting next_dagrun for dag_enem_extraction to None, run_after=None
[2026-03-28T18:14:50.586+0000] {processor.py:183} INFO - Processing /opt/airflow/dags/extract_data_git_repo.py took 0.184 seconds
[2026-03-28T18:15:20.949+0000] {processor.py:161} INFO - Started process (PID=470) to work on /opt/airflow/dags/extract_data_git_repo.py
[2026-03-28T18:15:20.951+0000] {processor.py:830} INFO - Processing file /opt/airflow/dags/extract_data_git_repo.py for tasks to queue
[2026-03-28T18:15:20.954+0000] {logging_mixin.py:188} INFO - [2026-03-28T18:15:20.953+0000] {dagbag.py:545} INFO - Filling up the DagBag from /opt/airflow/dags/extract_data_git_repo.py
[2026-03-28T18:15:20.967+0000] {processor.py:840} INFO - DAG(s) 'dag_enem_extraction' retrieved from /opt/airflow/dags/extract_data_git_repo.py
[2026-03-28T18:15:21.015+0000] {logging_mixin.py:188} INFO - [2026-03-28T18:15:21.015+0000] {dag.py:3096} INFO - Sync 1 DAGs
[2026-03-28T18:15:21.031+0000] {logging_mixin.py:188} INFO - [2026-03-28T18:15:21.031+0000] {dag.py:3954} INFO - Setting next_dagrun for dag_enem_extraction to None, run_after=None
[2026-03-28T18:15:21.057+0000] {processor.py:183} INFO - Processing /opt/airflow/dags/extract_data_git_repo.py took 0.115 seconds
[2026-03-28T18:15:51.128+0000] {processor.py:161} INFO - Started process (PID=500) to work on /opt/airflow/dags/extract_data_git_repo.py
[2026-03-28T18:15:51.129+0000] {processor.py:830} INFO - Processing file /opt/airflow/dags/extract_data_git_repo.py for tasks to queue
[2026-03-28T18:15:51.131+0000] {logging_mixin.py:188} INFO - [2026-03-28T18:15:51.131+0000] {dagbag.py:545} INFO - Filling up the DagBag from /opt/airflow/dags/extract_data_git_repo.py
[2026-03-28T18:15:51.146+0000] {processor.py:840} INFO - DAG(s) 'dag_enem_extraction' retrieved from /opt/airflow/dags/extract_data_git_repo.py
[2026-03-28T18:15:51.248+0000] {logging_mixin.py:188} INFO - [2026-03-28T18:15:51.247+0000] {dag.py:3096} INFO - Sync 1 DAGs
[2026-03-28T18:15:51.294+0000] {logging_mixin.py:188} INFO - [2026-03-28T18:15:51.294+0000] {dag.py:3954} INFO - Setting next_dagrun for dag_enem_extraction to None, run_after=None
[2026-03-28T18:15:51.343+0000] {processor.py:183} INFO - Processing /opt/airflow/dags/extract_data_git_repo.py took 0.222 seconds
[2026-03-28T18:16:21.548+0000] {processor.py:161} INFO - Started process (PID=515) to work on /opt/airflow/dags/extract_data_git_repo.py
[2026-03-28T18:16:21.550+0000] {processor.py:830} INFO - Processing file /opt/airflow/dags/extract_data_git_repo.py for tasks to queue
[2026-03-28T18:16:21.552+0000] {logging_mixin.py:188} INFO - [2026-03-28T18:16:21.552+0000] {dagbag.py:545} INFO - Filling up the DagBag from /opt/airflow/dags/extract_data_git_repo.py
[2026-03-28T18:16:21.564+0000] {processor.py:840} INFO - DAG(s) 'dag_enem_extraction' retrieved from /opt/airflow/dags/extract_data_git_repo.py
[2026-03-28T18:16:21.604+0000] {logging_mixin.py:188} INFO - [2026-03-28T18:16:21.604+0000] {dag.py:3096} INFO - Sync 1 DAGs
[2026-03-28T18:16:21.625+0000] {logging_mixin.py:188} INFO - [2026-03-28T18:16:21.624+0000] {dag.py:3954} INFO - Setting next_dagrun for dag_enem_extraction to None, run_after=None
[2026-03-28T18:16:21.658+0000] {processor.py:183} INFO - Processing /opt/airflow/dags/extract_data_git_repo.py took 0.118 seconds
[2026-03-28T18:16:52.023+0000] {processor.py:161} INFO - Started process (PID=530) to work on /opt/airflow/dags/extract_data_git_repo.py
[2026-03-28T18:16:52.025+0000] {processor.py:830} INFO - Processing file /opt/airflow/dags/extract_data_git_repo.py for tasks to queue
[2026-03-28T18:16:52.028+0000] {logging_mixin.py:188} INFO - [2026-03-28T18:16:52.027+0000] {dagbag.py:545} INFO - Filling up the DagBag from /opt/airflow/dags/extract_data_git_repo.py
[2026-03-28T18:16:52.049+0000] {processor.py:840} INFO - DAG(s) 'dag_enem_extraction' retrieved from /opt/airflow/dags/extract_data_git_repo.py
[2026-03-28T18:16:52.093+0000] {logging_mixin.py:188} INFO - [2026-03-28T18:16:52.092+0000] {dag.py:3096} INFO - Sync 1 DAGs
[2026-03-28T18:16:52.113+0000] {logging_mixin.py:188} INFO - [2026-03-28T18:16:52.113+0000] {dag.py:3954} INFO - Setting next_dagrun for dag_enem_extraction to None, run_after=None
[2026-03-28T18:16:52.193+0000] {processor.py:183} INFO - Processing /opt/airflow/dags/extract_data_git_repo.py took 0.178 seconds
[2026-03-28T18:17:22.807+0000] {processor.py:161} INFO - Started process (PID=545) to work on /opt/airflow/dags/extract_data_git_repo.py
[2026-03-28T18:17:22.829+0000] {processor.py:830} INFO - Processing file /opt/airflow/dags/extract_data_git_repo.py for tasks to queue
[2026-03-28T18:17:22.840+0000] {logging_mixin.py:188} INFO - [2026-03-28T18:17:22.838+0000] {dagbag.py:545} INFO - Filling up the DagBag from /opt/airflow/dags/extract_data_git_repo.py
[2026-03-28T18:17:23.027+0000] {processor.py:840} INFO - DAG(s) 'dag_enem_extraction' retrieved from /opt/airflow/dags/extract_data_git_repo.py
[2026-03-28T18:17:23.537+0000] {logging_mixin.py:188} INFO - [2026-03-28T18:17:23.536+0000] {dag.py:3096} INFO - Sync 1 DAGs
[2026-03-28T18:17:23.579+0000] {logging_mixin.py:188} INFO - [2026-03-28T18:17:23.579+0000] {dag.py:3954} INFO - Setting next_dagrun for dag_enem_extraction to None, run_after=None
[2026-03-28T18:17:23.623+0000] {processor.py:183} INFO - Processing /opt/airflow/dags/extract_data_git_repo.py took 0.841 seconds
[2026-03-28T18:17:53.909+0000] {processor.py:161} INFO - Started process (PID=560) to work on /opt/airflow/dags/extract_data_git_repo.py
[2026-03-28T18:17:53.911+0000] {processor.py:830} INFO - Processing file /opt/airflow/dags/extract_data_git_repo.py for tasks to queue
[2026-03-28T18:17:53.912+0000] {logging_mixin.py:188} INFO - [2026-03-28T18:17:53.911+0000] {dagbag.py:545} INFO - Filling up the DagBag from /opt/airflow/dags/extract_data_git_repo.py
[2026-03-28T18:17:53.937+0000] {processor.py:840} INFO - DAG(s) 'dag_enem_extraction' retrieved from /opt/airflow/dags/extract_data_git_repo.py
[2026-03-28T18:17:54.093+0000] {logging_mixin.py:188} INFO - [2026-03-28T18:17:54.093+0000] {dag.py:3096} INFO - Sync 1 DAGs
[2026-03-28T18:17:54.245+0000] {logging_mixin.py:188} INFO - [2026-03-28T18:17:54.245+0000] {dag.py:3954} INFO - Setting next_dagrun for dag_enem_extraction to None, run_after=None
[2026-03-28T18:17:54.271+0000] {processor.py:183} INFO - Processing /opt/airflow/dags/extract_data_git_repo.py took 0.242 seconds
[2026-03-28T18:18:24.473+0000] {processor.py:161} INFO - Started process (PID=575) to work on /opt/airflow/dags/extract_data_git_repo.py
[2026-03-28T18:18:24.475+0000] {processor.py:830} INFO - Processing file /opt/airflow/dags/extract_data_git_repo.py for tasks to queue
[2026-03-28T18:18:24.476+0000] {logging_mixin.py:188} INFO - [2026-03-28T18:18:24.476+0000] {dagbag.py:545} INFO - Filling up the DagBag from /opt/airflow/dags/extract_data_git_repo.py
[2026-03-28T18:18:24.530+0000] {processor.py:840} INFO - DAG(s) 'dag_enem_extraction' retrieved from /opt/airflow/dags/extract_data_git_repo.py
[2026-03-28T18:18:24.599+0000] {logging_mixin.py:188} INFO - [2026-03-28T18:18:24.599+0000] {dag.py:3096} INFO - Sync 1 DAGs
[2026-03-28T18:18:24.616+0000] {logging_mixin.py:188} INFO - [2026-03-28T18:18:24.616+0000] {dag.py:3954} INFO - Setting next_dagrun for dag_enem_extraction to None, run_after=None
[2026-03-28T18:18:24.654+0000] {processor.py:183} INFO - Processing /opt/airflow/dags/extract_data_git_repo.py took 0.189 seconds
[2026-03-28T18:18:54.997+0000] {processor.py:161} INFO - Started process (PID=590) to work on /opt/airflow/dags/extract_data_git_repo.py
[2026-03-28T18:18:54.998+0000] {processor.py:830} INFO - Processing file /opt/airflow/dags/extract_data_git_repo.py for tasks to queue
[2026-03-28T18:18:54.999+0000] {logging_mixin.py:188} INFO - [2026-03-28T18:18:54.999+0000] {dagbag.py:545} INFO - Filling up the DagBag from /opt/airflow/dags/extract_data_git_repo.py
[2026-03-28T18:18:55.024+0000] {processor.py:840} INFO - DAG(s) 'dag_enem_extraction' retrieved from /opt/airflow/dags/extract_data_git_repo.py
[2026-03-28T18:18:55.075+0000] {logging_mixin.py:188} INFO - [2026-03-28T18:18:55.075+0000] {dag.py:3096} INFO - Sync 1 DAGs
[2026-03-28T18:18:55.095+0000] {logging_mixin.py:188} INFO - [2026-03-28T18:18:55.094+0000] {dag.py:3954} INFO - Setting next_dagrun for dag_enem_extraction to None, run_after=None
[2026-03-28T18:18:55.126+0000] {processor.py:183} INFO - Processing /opt/airflow/dags/extract_data_git_repo.py took 0.140 seconds
[2026-03-28T18:19:25.465+0000] {processor.py:161} INFO - Started process (PID=605) to work on /opt/airflow/dags/extract_data_git_repo.py
[2026-03-28T18:19:25.469+0000] {processor.py:830} INFO - Processing file /opt/airflow/dags/extract_data_git_repo.py for tasks to queue
[2026-03-28T18:19:25.472+0000] {logging_mixin.py:188} INFO - [2026-03-28T18:19:25.470+0000] {dagbag.py:545} INFO - Filling up the DagBag from /opt/airflow/dags/extract_data_git_repo.py
[2026-03-28T18:19:25.499+0000] {processor.py:840} INFO - DAG(s) 'dag_enem_extraction' retrieved from /opt/airflow/dags/extract_data_git_repo.py
[2026-03-28T18:19:25.559+0000] {logging_mixin.py:188} INFO - [2026-03-28T18:19:25.558+0000] {dag.py:3096} INFO - Sync 1 DAGs
[2026-03-28T18:19:25.579+0000] {logging_mixin.py:188} INFO - [2026-03-28T18:19:25.579+0000] {dag.py:3954} INFO - Setting next_dagrun for dag_enem_extraction to None, run_after=None
[2026-03-28T18:19:25.615+0000] {processor.py:183} INFO - Processing /opt/airflow/dags/extract_data_git_repo.py took 0.170 seconds
[2026-03-28T18:19:55.866+0000] {processor.py:161} INFO - Started process (PID=620) to work on /opt/airflow/dags/extract_data_git_repo.py
[2026-03-28T18:19:55.867+0000] {processor.py:830} INFO - Processing file /opt/airflow/dags/extract_data_git_repo.py for tasks to queue
[2026-03-28T18:19:55.868+0000] {logging_mixin.py:188} INFO - [2026-03-28T18:19:55.868+0000] {dagbag.py:545} INFO - Filling up the DagBag from /opt/airflow/dags/extract_data_git_repo.py
[2026-03-28T18:19:55.886+0000] {processor.py:840} INFO - DAG(s) 'dag_enem_extraction' retrieved from /opt/airflow/dags/extract_data_git_repo.py
[2026-03-28T18:19:55.952+0000] {logging_mixin.py:188} INFO - [2026-03-28T18:19:55.952+0000] {dag.py:3096} INFO - Sync 1 DAGs
[2026-03-28T18:19:55.968+0000] {logging_mixin.py:188} INFO - [2026-03-28T18:19:55.968+0000] {dag.py:3954} INFO - Setting next_dagrun for dag_enem_extraction to None, run_after=None
[2026-03-28T18:19:55.995+0000] {processor.py:183} INFO - Processing /opt/airflow/dags/extract_data_git_repo.py took 0.138 seconds
[2026-03-28T18:20:26.313+0000] {processor.py:161} INFO - Started process (PID=635) to work on /opt/airflow/dags/extract_data_git_repo.py
[2026-03-28T18:20:26.315+0000] {processor.py:830} INFO - Processing file /opt/airflow/dags/extract_data_git_repo.py for tasks to queue
[2026-03-28T18:20:26.316+0000] {logging_mixin.py:188} INFO - [2026-03-28T18:20:26.315+0000] {dagbag.py:545} INFO - Filling up the DagBag from /opt/airflow/dags/extract_data_git_repo.py
[2026-03-28T18:20:26.333+0000] {processor.py:840} INFO - DAG(s) 'dag_enem_extraction' retrieved from /opt/airflow/dags/extract_data_git_repo.py
[2026-03-28T18:20:26.385+0000] {logging_mixin.py:188} INFO - [2026-03-28T18:20:26.385+0000] {dag.py:3096} INFO - Sync 1 DAGs
[2026-03-28T18:20:26.408+0000] {logging_mixin.py:188} INFO - [2026-03-28T18:20:26.407+0000] {dag.py:3954} INFO - Setting next_dagrun for dag_enem_extraction to None, run_after=None
[2026-03-28T18:20:26.434+0000] {processor.py:183} INFO - Processing /opt/airflow/dags/extract_data_git_repo.py took 0.129 seconds
[2026-03-28T18:20:56.773+0000] {processor.py:161} INFO - Started process (PID=650) to work on /opt/airflow/dags/extract_data_git_repo.py
[2026-03-28T18:20:56.774+0000] {processor.py:830} INFO - Processing file /opt/airflow/dags/extract_data_git_repo.py for tasks to queue
[2026-03-28T18:20:56.776+0000] {logging_mixin.py:188} INFO - [2026-03-28T18:20:56.775+0000] {dagbag.py:545} INFO - Filling up the DagBag from /opt/airflow/dags/extract_data_git_repo.py
[2026-03-28T18:20:56.794+0000] {processor.py:840} INFO - DAG(s) 'dag_enem_extraction' retrieved from /opt/airflow/dags/extract_data_git_repo.py
[2026-03-28T18:20:56.840+0000] {logging_mixin.py:188} INFO - [2026-03-28T18:20:56.840+0000] {dag.py:3096} INFO - Sync 1 DAGs
[2026-03-28T18:20:56.860+0000] {logging_mixin.py:188} INFO - [2026-03-28T18:20:56.859+0000] {dag.py:3954} INFO - Setting next_dagrun for dag_enem_extraction to None, run_after=None
[2026-03-28T18:20:56.898+0000] {processor.py:183} INFO - Processing /opt/airflow/dags/extract_data_git_repo.py took 0.135 seconds
[2026-03-28T18:21:27.247+0000] {processor.py:161} INFO - Started process (PID=665) to work on /opt/airflow/dags/extract_data_git_repo.py
[2026-03-28T18:21:27.249+0000] {processor.py:830} INFO - Processing file /opt/airflow/dags/extract_data_git_repo.py for tasks to queue
[2026-03-28T18:21:27.252+0000] {logging_mixin.py:188} INFO - [2026-03-28T18:21:27.252+0000] {dagbag.py:545} INFO - Filling up the DagBag from /opt/airflow/dags/extract_data_git_repo.py
[2026-03-28T18:21:27.291+0000] {processor.py:840} INFO - DAG(s) 'dag_enem_extraction' retrieved from /opt/airflow/dags/extract_data_git_repo.py
[2026-03-28T18:21:27.352+0000] {logging_mixin.py:188} INFO - [2026-03-28T18:21:27.352+0000] {dag.py:3096} INFO - Sync 1 DAGs
[2026-03-28T18:21:27.372+0000] {logging_mixin.py:188} INFO - [2026-03-28T18:21:27.372+0000] {dag.py:3954} INFO - Setting next_dagrun for dag_enem_extraction to None, run_after=None
[2026-03-28T18:21:27.402+0000] {processor.py:183} INFO - Processing /opt/airflow/dags/extract_data_git_repo.py took 0.166 seconds
[2026-03-28T18:21:57.720+0000] {processor.py:161} INFO - Started process (PID=680) to work on /opt/airflow/dags/extract_data_git_repo.py
[2026-03-28T18:21:57.722+0000] {processor.py:830} INFO - Processing file /opt/airflow/dags/extract_data_git_repo.py for tasks to queue
[2026-03-28T18:21:57.723+0000] {logging_mixin.py:188} INFO - [2026-03-28T18:21:57.722+0000] {dagbag.py:545} INFO - Filling up the DagBag from /opt/airflow/dags/extract_data_git_repo.py
[2026-03-28T18:21:57.742+0000] {processor.py:840} INFO - DAG(s) 'dag_enem_extraction' retrieved from /opt/airflow/dags/extract_data_git_repo.py
[2026-03-28T18:21:57.784+0000] {logging_mixin.py:188} INFO - [2026-03-28T18:21:57.783+0000] {dag.py:3096} INFO - Sync 1 DAGs
[2026-03-28T18:21:57.801+0000] {logging_mixin.py:188} INFO - [2026-03-28T18:21:57.801+0000] {dag.py:3954} INFO - Setting next_dagrun for dag_enem_extraction to None, run_after=None
[2026-03-28T18:21:57.828+0000] {processor.py:183} INFO - Processing /opt/airflow/dags/extract_data_git_repo.py took 0.117 seconds
[2026-03-28T18:22:28.186+0000] {processor.py:161} INFO - Started process (PID=695) to work on /opt/airflow/dags/extract_data_git_repo.py
[2026-03-28T18:22:28.187+0000] {processor.py:830} INFO - Processing file /opt/airflow/dags/extract_data_git_repo.py for tasks to queue
[2026-03-28T18:22:28.188+0000] {logging_mixin.py:188} INFO - [2026-03-28T18:22:28.188+0000] {dagbag.py:545} INFO - Filling up the DagBag from /opt/airflow/dags/extract_data_git_repo.py
[2026-03-28T18:22:28.203+0000] {processor.py:840} INFO - DAG(s) 'dag_enem_extraction' retrieved from /opt/airflow/dags/extract_data_git_repo.py
[2026-03-28T18:22:28.248+0000] {logging_mixin.py:188} INFO - [2026-03-28T18:22:28.248+0000] {dag.py:3096} INFO - Sync 1 DAGs
[2026-03-28T18:22:28.264+0000] {logging_mixin.py:188} INFO - [2026-03-28T18:22:28.263+0000] {dag.py:3954} INFO - Setting next_dagrun for dag_enem_extraction to None, run_after=None
[2026-03-28T18:22:28.293+0000] {processor.py:183} INFO - Processing /opt/airflow/dags/extract_data_git_repo.py took 0.115 seconds
[2026-03-28T18:22:58.622+0000] {processor.py:161} INFO - Started process (PID=710) to work on /opt/airflow/dags/extract_data_git_repo.py
[2026-03-28T18:22:58.623+0000] {processor.py:830} INFO - Processing file /opt/airflow/dags/extract_data_git_repo.py for tasks to queue
[2026-03-28T18:22:58.624+0000] {logging_mixin.py:188} INFO - [2026-03-28T18:22:58.624+0000] {dagbag.py:545} INFO - Filling up the DagBag from /opt/airflow/dags/extract_data_git_repo.py
[2026-03-28T18:22:58.643+0000] {processor.py:840} INFO - DAG(s) 'dag_enem_extraction' retrieved from /opt/airflow/dags/extract_data_git_repo.py
[2026-03-28T18:22:58.697+0000] {logging_mixin.py:188} INFO - [2026-03-28T18:22:58.697+0000] {dag.py:3096} INFO - Sync 1 DAGs
[2026-03-28T18:22:58.717+0000] {logging_mixin.py:188} INFO - [2026-03-28T18:22:58.716+0000] {dag.py:3954} INFO - Setting next_dagrun for dag_enem_extraction to None, run_after=None
[2026-03-28T18:22:58.741+0000] {processor.py:183} INFO - Processing /opt/airflow/dags/extract_data_git_repo.py took 0.133 seconds
[2026-03-28T18:23:29.078+0000] {processor.py:161} INFO - Started process (PID=725) to work on /opt/airflow/dags/extract_data_git_repo.py
[2026-03-28T18:23:29.080+0000] {processor.py:830} INFO - Processing file /opt/airflow/dags/extract_data_git_repo.py for tasks to queue
[2026-03-28T18:23:29.081+0000] {logging_mixin.py:188} INFO - [2026-03-28T18:23:29.081+0000] {dagbag.py:545} INFO - Filling up the DagBag from /opt/airflow/dags/extract_data_git_repo.py
[2026-03-28T18:23:29.096+0000] {processor.py:840} INFO - DAG(s) 'dag_enem_extraction' retrieved from /opt/airflow/dags/extract_data_git_repo.py
[2026-03-28T18:23:29.144+0000] {logging_mixin.py:188} INFO - [2026-03-28T18:23:29.144+0000] {dag.py:3096} INFO - Sync 1 DAGs
[2026-03-28T18:23:29.163+0000] {logging_mixin.py:188} INFO - [2026-03-28T18:23:29.163+0000] {dag.py:3954} INFO - Setting next_dagrun for dag_enem_extraction to None, run_after=None
[2026-03-28T18:23:29.223+0000] {processor.py:183} INFO - Processing /opt/airflow/dags/extract_data_git_repo.py took 0.159 seconds
[2026-03-28T18:23:59.571+0000] {processor.py:161} INFO - Started process (PID=740) to work on /opt/airflow/dags/extract_data_git_repo.py
[2026-03-28T18:23:59.573+0000] {processor.py:830} INFO - Processing file /opt/airflow/dags/extract_data_git_repo.py for tasks to queue
[2026-03-28T18:23:59.574+0000] {logging_mixin.py:188} INFO - [2026-03-28T18:23:59.574+0000] {dagbag.py:545} INFO - Filling up the DagBag from /opt/airflow/dags/extract_data_git_repo.py
[2026-03-28T18:23:59.588+0000] {processor.py:840} INFO - DAG(s) 'dag_enem_extraction' retrieved from /opt/airflow/dags/extract_data_git_repo.py
[2026-03-28T18:23:59.636+0000] {logging_mixin.py:188} INFO - [2026-03-28T18:23:59.636+0000] {dag.py:3096} INFO - Sync 1 DAGs
[2026-03-28T18:23:59.652+0000] {logging_mixin.py:188} INFO - [2026-03-28T18:23:59.652+0000] {dag.py:3954} INFO - Setting next_dagrun for dag_enem_extraction to None, run_after=None
[2026-03-28T18:23:59.680+0000] {processor.py:183} INFO - Processing /opt/airflow/dags/extract_data_git_repo.py took 0.117 seconds
[2026-03-28T18:24:30.048+0000] {processor.py:161} INFO - Started process (PID=755) to work on /opt/airflow/dags/extract_data_git_repo.py
[2026-03-28T18:24:30.050+0000] {processor.py:830} INFO - Processing file /opt/airflow/dags/extract_data_git_repo.py for tasks to queue
[2026-03-28T18:24:30.051+0000] {logging_mixin.py:188} INFO - [2026-03-28T18:24:30.051+0000] {dagbag.py:545} INFO - Filling up the DagBag from /opt/airflow/dags/extract_data_git_repo.py
[2026-03-28T18:24:30.072+0000] {processor.py:840} INFO - DAG(s) 'dag_enem_extraction' retrieved from /opt/airflow/dags/extract_data_git_repo.py
[2026-03-28T18:24:30.123+0000] {logging_mixin.py:188} INFO - [2026-03-28T18:24:30.123+0000] {dag.py:3096} INFO - Sync 1 DAGs
[2026-03-28T18:24:30.141+0000] {logging_mixin.py:188} INFO - [2026-03-28T18:24:30.141+0000] {dag.py:3954} INFO - Setting next_dagrun for dag_enem_extraction to None, run_after=None
[2026-03-28T18:24:30.171+0000] {processor.py:183} INFO - Processing /opt/airflow/dags/extract_data_git_repo.py took 0.133 seconds
[2026-03-28T18:25:00.499+0000] {processor.py:161} INFO - Started process (PID=770) to work on /opt/airflow/dags/extract_data_git_repo.py
[2026-03-28T18:25:00.501+0000] {processor.py:830} INFO - Processing file /opt/airflow/dags/extract_data_git_repo.py for tasks to queue
[2026-03-28T18:25:00.502+0000] {logging_mixin.py:188} INFO - [2026-03-28T18:25:00.502+0000] {dagbag.py:545} INFO - Filling up the DagBag from /opt/airflow/dags/extract_data_git_repo.py
[2026-03-28T18:25:00.515+0000] {processor.py:840} INFO - DAG(s) 'dag_enem_extraction' retrieved from /opt/airflow/dags/extract_data_git_repo.py
[2026-03-28T18:25:00.559+0000] {logging_mixin.py:188} INFO - [2026-03-28T18:25:00.559+0000] {dag.py:3096} INFO - Sync 1 DAGs
[2026-03-28T18:25:00.576+0000] {logging_mixin.py:188} INFO - [2026-03-28T18:25:00.576+0000] {dag.py:3954} INFO - Setting next_dagrun for dag_enem_extraction to None, run_after=None
[2026-03-28T18:25:00.609+0000] {processor.py:183} INFO - Processing /opt/airflow/dags/extract_data_git_repo.py took 0.118 seconds
[2026-03-28T18:25:30.933+0000] {processor.py:161} INFO - Started process (PID=785) to work on /opt/airflow/dags/extract_data_git_repo.py
[2026-03-28T18:25:30.935+0000] {processor.py:830} INFO - Processing file /opt/airflow/dags/extract_data_git_repo.py for tasks to queue
[2026-03-28T18:25:30.937+0000] {logging_mixin.py:188} INFO - [2026-03-28T18:25:30.937+0000] {dagbag.py:545} INFO - Filling up the DagBag from /opt/airflow/dags/extract_data_git_repo.py
[2026-03-28T18:25:30.951+0000] {processor.py:840} INFO - DAG(s) 'dag_enem_extraction' retrieved from /opt/airflow/dags/extract_data_git_repo.py
[2026-03-28T18:25:31.012+0000] {logging_mixin.py:188} INFO - [2026-03-28T18:25:31.012+0000] {dag.py:3096} INFO - Sync 1 DAGs
[2026-03-28T18:25:31.047+0000] {logging_mixin.py:188} INFO - [2026-03-28T18:25:31.046+0000] {dag.py:3954} INFO - Setting next_dagrun for dag_enem_extraction to None, run_after=None
[2026-03-28T18:25:31.087+0000] {processor.py:183} INFO - Processing /opt/airflow/dags/extract_data_git_repo.py took 0.161 seconds
[2026-03-28T18:26:01.342+0000] {processor.py:161} INFO - Started process (PID=800) to work on /opt/airflow/dags/extract_data_git_repo.py
[2026-03-28T18:26:01.343+0000] {processor.py:830} INFO - Processing file /opt/airflow/dags/extract_data_git_repo.py for tasks to queue
[2026-03-28T18:26:01.344+0000] {logging_mixin.py:188} INFO - [2026-03-28T18:26:01.344+0000] {dagbag.py:545} INFO - Filling up the DagBag from /opt/airflow/dags/extract_data_git_repo.py
[2026-03-28T18:26:01.359+0000] {processor.py:840} INFO - DAG(s) 'dag_enem_extraction' retrieved from /opt/airflow/dags/extract_data_git_repo.py
[2026-03-28T18:26:01.398+0000] {logging_mixin.py:188} INFO - [2026-03-28T18:26:01.398+0000] {dag.py:3096} INFO - Sync 1 DAGs
[2026-03-28T18:26:01.415+0000] {logging_mixin.py:188} INFO - [2026-03-28T18:26:01.415+0000] {dag.py:3954} INFO - Setting next_dagrun for dag_enem_extraction to None, run_after=None
[2026-03-28T18:26:01.447+0000] {processor.py:183} INFO - Processing /opt/airflow/dags/extract_data_git_repo.py took 0.113 seconds
[2026-03-28T18:26:31.764+0000] {processor.py:161} INFO - Started process (PID=815) to work on /opt/airflow/dags/extract_data_git_repo.py
[2026-03-28T18:26:31.765+0000] {processor.py:830} INFO - Processing file /opt/airflow/dags/extract_data_git_repo.py for tasks to queue
[2026-03-28T18:26:31.766+0000] {logging_mixin.py:188} INFO - [2026-03-28T18:26:31.766+0000] {dagbag.py:545} INFO - Filling up the DagBag from /opt/airflow/dags/extract_data_git_repo.py
[2026-03-28T18:26:31.781+0000] {processor.py:840} INFO - DAG(s) 'dag_enem_extraction' retrieved from /opt/airflow/dags/extract_data_git_repo.py
[2026-03-28T18:26:31.826+0000] {logging_mixin.py:188} INFO - [2026-03-28T18:26:31.826+0000] {dag.py:3096} INFO - Sync 1 DAGs
[2026-03-28T18:26:31.841+0000] {logging_mixin.py:188} INFO - [2026-03-28T18:26:31.841+0000] {dag.py:3954} INFO - Setting next_dagrun for dag_enem_extraction to None, run_after=None
[2026-03-28T18:26:31.866+0000] {processor.py:183} INFO - Processing /opt/airflow/dags/extract_data_git_repo.py took 0.110 seconds
[2026-03-28T18:27:02.173+0000] {processor.py:161} INFO - Started process (PID=830) to work on /opt/airflow/dags/extract_data_git_repo.py
[2026-03-28T18:27:02.174+0000] {processor.py:830} INFO - Processing file /opt/airflow/dags/extract_data_git_repo.py for tasks to queue
[2026-03-28T18:27:02.175+0000] {logging_mixin.py:188} INFO - [2026-03-28T18:27:02.175+0000] {dagbag.py:545} INFO - Filling up the DagBag from /opt/airflow/dags/extract_data_git_repo.py
[2026-03-28T18:27:02.188+0000] {processor.py:840} INFO - DAG(s) 'dag_enem_extraction' retrieved from /opt/airflow/dags/extract_data_git_repo.py
[2026-03-28T18:27:02.227+0000] {logging_mixin.py:188} INFO - [2026-03-28T18:27:02.227+0000] {dag.py:3096} INFO - Sync 1 DAGs
[2026-03-28T18:27:02.245+0000] {logging_mixin.py:188} INFO - [2026-03-28T18:27:02.245+0000] {dag.py:3954} INFO - Setting next_dagrun for dag_enem_extraction to None, run_after=None
[2026-03-28T18:27:02.278+0000] {processor.py:183} INFO - Processing /opt/airflow/dags/extract_data_git_repo.py took 0.113 seconds
[2026-03-28T18:27:32.614+0000] {processor.py:161} INFO - Started process (PID=845) to work on /opt/airflow/dags/extract_data_git_repo.py
[2026-03-28T18:27:32.615+0000] {processor.py:830} INFO - Processing file /opt/airflow/dags/extract_data_git_repo.py for tasks to queue
[2026-03-28T18:27:32.616+0000] {logging_mixin.py:188} INFO - [2026-03-28T18:27:32.616+0000] {dagbag.py:545} INFO - Filling up the DagBag from /opt/airflow/dags/extract_data_git_repo.py
[2026-03-28T18:27:32.634+0000] {processor.py:840} INFO - DAG(s) 'dag_enem_extraction' retrieved from /opt/airflow/dags/extract_data_git_repo.py
[2026-03-28T18:27:32.680+0000] {logging_mixin.py:188} INFO - [2026-03-28T18:27:32.680+0000] {dag.py:3096} INFO - Sync 1 DAGs
[2026-03-28T18:27:32.698+0000] {logging_mixin.py:188} INFO - [2026-03-28T18:27:32.697+0000] {dag.py:3954} INFO - Setting next_dagrun for dag_enem_extraction to None, run_after=None
[2026-03-28T18:27:32.722+0000] {processor.py:183} INFO - Processing /opt/airflow/dags/extract_data_git_repo.py took 0.116 seconds
[2026-03-28T18:28:03.036+0000] {processor.py:161} INFO - Started process (PID=860) to work on /opt/airflow/dags/extract_data_git_repo.py
[2026-03-28T18:28:03.038+0000] {processor.py:830} INFO - Processing file /opt/airflow/dags/extract_data_git_repo.py for tasks to queue
[2026-03-28T18:28:03.039+0000] {logging_mixin.py:188} INFO - [2026-03-28T18:28:03.039+0000] {dagbag.py:545} INFO - Filling up the DagBag from /opt/airflow/dags/extract_data_git_repo.py
[2026-03-28T18:28:03.054+0000] {processor.py:840} INFO - DAG(s) 'dag_enem_extraction' retrieved from /opt/airflow/dags/extract_data_git_repo.py
[2026-03-28T18:28:03.097+0000] {logging_mixin.py:188} INFO - [2026-03-28T18:28:03.097+0000] {dag.py:3096} INFO - Sync 1 DAGs
[2026-03-28T18:28:03.113+0000] {logging_mixin.py:188} INFO - [2026-03-28T18:28:03.113+0000] {dag.py:3954} INFO - Setting next_dagrun for dag_enem_extraction to None, run_after=None
[2026-03-28T18:28:03.143+0000] {processor.py:183} INFO - Processing /opt/airflow/dags/extract_data_git_repo.py took 0.114 seconds
[2026-03-28T18:28:33.478+0000] {processor.py:161} INFO - Started process (PID=875) to work on /opt/airflow/dags/extract_data_git_repo.py
[2026-03-28T18:28:33.480+0000] {processor.py:830} INFO - Processing file /opt/airflow/dags/extract_data_git_repo.py for tasks to queue
[2026-03-28T18:28:33.482+0000] {logging_mixin.py:188} INFO - [2026-03-28T18:28:33.481+0000] {dagbag.py:545} INFO - Filling up the DagBag from /opt/airflow/dags/extract_data_git_repo.py
[2026-03-28T18:28:33.503+0000] {processor.py:840} INFO - DAG(s) 'dag_enem_extraction' retrieved from /opt/airflow/dags/extract_data_git_repo.py
[2026-03-28T18:28:33.564+0000] {logging_mixin.py:188} INFO - [2026-03-28T18:28:33.564+0000] {dag.py:3096} INFO - Sync 1 DAGs
[2026-03-28T18:28:33.579+0000] {logging_mixin.py:188} INFO - [2026-03-28T18:28:33.579+0000] {dag.py:3954} INFO - Setting next_dagrun for dag_enem_extraction to None, run_after=None
[2026-03-28T18:28:33.602+0000] {processor.py:183} INFO - Processing /opt/airflow/dags/extract_data_git_repo.py took 0.132 seconds
[2026-03-28T18:29:03.923+0000] {processor.py:161} INFO - Started process (PID=890) to work on /opt/airflow/dags/extract_data_git_repo.py
[2026-03-28T18:29:03.924+0000] {processor.py:830} INFO - Processing file /opt/airflow/dags/extract_data_git_repo.py for tasks to queue
[2026-03-28T18:29:03.926+0000] {logging_mixin.py:188} INFO - [2026-03-28T18:29:03.925+0000] {dagbag.py:545} INFO - Filling up the DagBag from /opt/airflow/dags/extract_data_git_repo.py
[2026-03-28T18:29:03.940+0000] {processor.py:840} INFO - DAG(s) 'dag_enem_extraction' retrieved from /opt/airflow/dags/extract_data_git_repo.py
[2026-03-28T18:29:03.984+0000] {logging_mixin.py:188} INFO - [2026-03-28T18:29:03.984+0000] {dag.py:3096} INFO - Sync 1 DAGs
[2026-03-28T18:29:03.999+0000] {logging_mixin.py:188} INFO - [2026-03-28T18:29:03.998+0000] {dag.py:3954} INFO - Setting next_dagrun for dag_enem_extraction to None, run_after=None
[2026-03-28T18:29:04.025+0000] {processor.py:183} INFO - Processing /opt/airflow/dags/extract_data_git_repo.py took 0.110 seconds
[2026-03-28T18:29:34.342+0000] {processor.py:161} INFO - Started process (PID=905) to work on /opt/airflow/dags/extract_data_git_repo.py
[2026-03-28T18:29:34.344+0000] {processor.py:830} INFO - Processing file /opt/airflow/dags/extract_data_git_repo.py for tasks to queue
[2026-03-28T18:29:34.345+0000] {logging_mixin.py:188} INFO - [2026-03-28T18:29:34.345+0000] {dagbag.py:545} INFO - Filling up the DagBag from /opt/airflow/dags/extract_data_git_repo.py
[2026-03-28T18:29:34.358+0000] {processor.py:840} INFO - DAG(s) 'dag_enem_extraction' retrieved from /opt/airflow/dags/extract_data_git_repo.py
[2026-03-28T18:29:34.395+0000] {logging_mixin.py:188} INFO - [2026-03-28T18:29:34.395+0000] {dag.py:3096} INFO - Sync 1 DAGs
[2026-03-28T18:29:34.413+0000] {logging_mixin.py:188} INFO - [2026-03-28T18:29:34.412+0000] {dag.py:3954} INFO - Setting next_dagrun for dag_enem_extraction to None, run_after=None
[2026-03-28T18:29:34.436+0000] {processor.py:183} INFO - Processing /opt/airflow/dags/extract_data_git_repo.py took 0.101 seconds
[2026-03-28T18:30:04.749+0000] {processor.py:161} INFO - Started process (PID=920) to work on /opt/airflow/dags/extract_data_git_repo.py
[2026-03-28T18:30:04.751+0000] {processor.py:830} INFO - Processing file /opt/airflow/dags/extract_data_git_repo.py for tasks to queue
[2026-03-28T18:30:04.752+0000] {logging_mixin.py:188} INFO - [2026-03-28T18:30:04.751+0000] {dagbag.py:545} INFO - Filling up the DagBag from /opt/airflow/dags/extract_data_git_repo.py
[2026-03-28T18:30:04.771+0000] {processor.py:840} INFO - DAG(s) 'dag_enem_extraction' retrieved from /opt/airflow/dags/extract_data_git_repo.py
[2026-03-28T18:30:04.813+0000] {logging_mixin.py:188} INFO - [2026-03-28T18:30:04.813+0000] {dag.py:3096} INFO - Sync 1 DAGs
[2026-03-28T18:30:04.829+0000] {logging_mixin.py:188} INFO - [2026-03-28T18:30:04.828+0000] {dag.py:3954} INFO - Setting next_dagrun for dag_enem_extraction to None, run_after=None
[2026-03-28T18:30:04.852+0000] {processor.py:183} INFO - Processing /opt/airflow/dags/extract_data_git_repo.py took 0.113 seconds
[2026-03-28T18:30:35.177+0000] {processor.py:161} INFO - Started process (PID=935) to work on /opt/airflow/dags/extract_data_git_repo.py
[2026-03-28T18:30:35.179+0000] {processor.py:830} INFO - Processing file /opt/airflow/dags/extract_data_git_repo.py for tasks to queue
[2026-03-28T18:30:35.180+0000] {logging_mixin.py:188} INFO - [2026-03-28T18:30:35.179+0000] {dagbag.py:545} INFO - Filling up the DagBag from /opt/airflow/dags/extract_data_git_repo.py
[2026-03-28T18:30:35.198+0000] {processor.py:840} INFO - DAG(s) 'dag_enem_extraction' retrieved from /opt/airflow/dags/extract_data_git_repo.py
[2026-03-28T18:30:35.239+0000] {logging_mixin.py:188} INFO - [2026-03-28T18:30:35.238+0000] {dag.py:3096} INFO - Sync 1 DAGs
[2026-03-28T18:30:35.255+0000] {logging_mixin.py:188} INFO - [2026-03-28T18:30:35.254+0000] {dag.py:3954} INFO - Setting next_dagrun for dag_enem_extraction to None, run_after=None
[2026-03-28T18:30:35.277+0000] {processor.py:183} INFO - Processing /opt/airflow/dags/extract_data_git_repo.py took 0.107 seconds
[2026-03-28T18:31:05.618+0000] {processor.py:161} INFO - Started process (PID=950) to work on /opt/airflow/dags/extract_data_git_repo.py
[2026-03-28T18:31:05.619+0000] {processor.py:830} INFO - Processing file /opt/airflow/dags/extract_data_git_repo.py for tasks to queue
[2026-03-28T18:31:05.621+0000] {logging_mixin.py:188} INFO - [2026-03-28T18:31:05.621+0000] {dagbag.py:545} INFO - Filling up the DagBag from /opt/airflow/dags/extract_data_git_repo.py
[2026-03-28T18:31:05.639+0000] {processor.py:840} INFO - DAG(s) 'dag_enem_extraction' retrieved from /opt/airflow/dags/extract_data_git_repo.py
[2026-03-28T18:31:05.748+0000] {logging_mixin.py:188} INFO - [2026-03-28T18:31:05.747+0000] {dag.py:3096} INFO - Sync 1 DAGs
[2026-03-28T18:31:05.770+0000] {logging_mixin.py:188} INFO - [2026-03-28T18:31:05.770+0000] {dag.py:3954} INFO - Setting next_dagrun for dag_enem_extraction to None, run_after=None
[2026-03-28T18:31:05.806+0000] {processor.py:183} INFO - Processing /opt/airflow/dags/extract_data_git_repo.py took 0.203 seconds
[2026-03-28T18:31:36.033+0000] {processor.py:161} INFO - Started process (PID=965) to work on /opt/airflow/dags/extract_data_git_repo.py
[2026-03-28T18:31:36.035+0000] {processor.py:830} INFO - Processing file /opt/airflow/dags/extract_data_git_repo.py for tasks to queue
[2026-03-28T18:31:36.036+0000] {logging_mixin.py:188} INFO - [2026-03-28T18:31:36.036+0000] {dagbag.py:545} INFO - Filling up the DagBag from /opt/airflow/dags/extract_data_git_repo.py
[2026-03-28T18:31:36.051+0000] {processor.py:840} INFO - DAG(s) 'dag_enem_extraction' retrieved from /opt/airflow/dags/extract_data_git_repo.py
[2026-03-28T18:31:36.096+0000] {logging_mixin.py:188} INFO - [2026-03-28T18:31:36.096+0000] {dag.py:3096} INFO - Sync 1 DAGs
[2026-03-28T18:31:36.114+0000] {logging_mixin.py:188} INFO - [2026-03-28T18:31:36.113+0000] {dag.py:3954} INFO - Setting next_dagrun for dag_enem_extraction to None, run_after=None
[2026-03-28T18:31:36.141+0000] {processor.py:183} INFO - Processing /opt/airflow/dags/extract_data_git_repo.py took 0.118 seconds
[2026-03-28T18:32:06.519+0000] {processor.py:161} INFO - Started process (PID=980) to work on /opt/airflow/dags/extract_data_git_repo.py
[2026-03-28T18:32:06.528+0000] {processor.py:830} INFO - Processing file /opt/airflow/dags/extract_data_git_repo.py for tasks to queue
[2026-03-28T18:32:06.529+0000] {logging_mixin.py:188} INFO - [2026-03-28T18:32:06.529+0000] {dagbag.py:545} INFO - Filling up the DagBag from /opt/airflow/dags/extract_data_git_repo.py
[2026-03-28T18:32:06.545+0000] {processor.py:840} INFO - DAG(s) 'dag_enem_extraction' retrieved from /opt/airflow/dags/extract_data_git_repo.py
[2026-03-28T18:32:06.601+0000] {logging_mixin.py:188} INFO - [2026-03-28T18:32:06.600+0000] {dag.py:3096} INFO - Sync 1 DAGs
[2026-03-28T18:32:06.635+0000] {logging_mixin.py:188} INFO - [2026-03-28T18:32:06.634+0000] {dag.py:3954} INFO - Setting next_dagrun for dag_enem_extraction to None, run_after=None
[2026-03-28T18:32:06.667+0000] {processor.py:183} INFO - Processing /opt/airflow/dags/extract_data_git_repo.py took 0.156 seconds
[2026-03-28T18:32:37.151+0000] {processor.py:161} INFO - Started process (PID=1001) to work on /opt/airflow/dags/extract_data_git_repo.py
[2026-03-28T18:32:37.157+0000] {processor.py:830} INFO - Processing file /opt/airflow/dags/extract_data_git_repo.py for tasks to queue
[2026-03-28T18:32:37.167+0000] {logging_mixin.py:188} INFO - [2026-03-28T18:32:37.163+0000] {dagbag.py:545} INFO - Filling up the DagBag from /opt/airflow/dags/extract_data_git_repo.py
[2026-03-28T18:32:37.198+0000] {processor.py:840} INFO - DAG(s) 'dag_enem_extraction' retrieved from /opt/airflow/dags/extract_data_git_repo.py
[2026-03-28T18:32:37.296+0000] {logging_mixin.py:188} INFO - [2026-03-28T18:32:37.296+0000] {dag.py:3096} INFO - Sync 1 DAGs
[2026-03-28T18:32:37.326+0000] {logging_mixin.py:188} INFO - [2026-03-28T18:32:37.326+0000] {dag.py:3954} INFO - Setting next_dagrun for dag_enem_extraction to None, run_after=None
[2026-03-28T18:32:37.364+0000] {processor.py:183} INFO - Processing /opt/airflow/dags/extract_data_git_repo.py took 0.237 seconds
[2026-03-28T18:33:07.997+0000] {processor.py:161} INFO - Started process (PID=1035) to work on /opt/airflow/dags/extract_data_git_repo.py
[2026-03-28T18:33:07.999+0000] {processor.py:830} INFO - Processing file /opt/airflow/dags/extract_data_git_repo.py for tasks to queue
[2026-03-28T18:33:08.000+0000] {logging_mixin.py:188} INFO - [2026-03-28T18:33:07.999+0000] {dagbag.py:545} INFO - Filling up the DagBag from /opt/airflow/dags/extract_data_git_repo.py
[2026-03-28T18:33:08.085+0000] {processor.py:840} INFO - DAG(s) 'dag_enem_extraction' retrieved from /opt/airflow/dags/extract_data_git_repo.py
[2026-03-28T18:33:08.173+0000] {logging_mixin.py:188} INFO - [2026-03-28T18:33:08.172+0000] {dag.py:3096} INFO - Sync 1 DAGs
[2026-03-28T18:33:08.197+0000] {logging_mixin.py:188} INFO - [2026-03-28T18:33:08.197+0000] {dag.py:3954} INFO - Setting next_dagrun for dag_enem_extraction to None, run_after=None
[2026-03-28T18:33:08.235+0000] {processor.py:183} INFO - Processing /opt/airflow/dags/extract_data_git_repo.py took 0.248 seconds
[2026-03-28T18:33:38.464+0000] {processor.py:161} INFO - Started process (PID=1050) to work on /opt/airflow/dags/extract_data_git_repo.py
[2026-03-28T18:33:38.469+0000] {processor.py:830} INFO - Processing file /opt/airflow/dags/extract_data_git_repo.py for tasks to queue
[2026-03-28T18:33:38.470+0000] {logging_mixin.py:188} INFO - [2026-03-28T18:33:38.469+0000] {dagbag.py:545} INFO - Filling up the DagBag from /opt/airflow/dags/extract_data_git_repo.py
[2026-03-28T18:33:38.489+0000] {processor.py:840} INFO - DAG(s) 'dag_enem_extraction' retrieved from /opt/airflow/dags/extract_data_git_repo.py
[2026-03-28T18:33:38.538+0000] {logging_mixin.py:188} INFO - [2026-03-28T18:33:38.538+0000] {dag.py:3096} INFO - Sync 1 DAGs
[2026-03-28T18:33:38.560+0000] {logging_mixin.py:188} INFO - [2026-03-28T18:33:38.559+0000] {dag.py:3954} INFO - Setting next_dagrun for dag_enem_extraction to None, run_after=None
[2026-03-28T18:33:38.587+0000] {processor.py:183} INFO - Processing /opt/airflow/dags/extract_data_git_repo.py took 0.132 seconds
[2026-03-28T18:34:08.962+0000] {processor.py:161} INFO - Started process (PID=1070) to work on /opt/airflow/dags/extract_data_git_repo.py
[2026-03-28T18:34:08.963+0000] {processor.py:830} INFO - Processing file /opt/airflow/dags/extract_data_git_repo.py for tasks to queue
[2026-03-28T18:34:08.965+0000] {logging_mixin.py:188} INFO - [2026-03-28T18:34:08.965+0000] {dagbag.py:545} INFO - Filling up the DagBag from /opt/airflow/dags/extract_data_git_repo.py
[2026-03-28T18:34:08.982+0000] {processor.py:840} INFO - DAG(s) 'dag_enem_extraction' retrieved from /opt/airflow/dags/extract_data_git_repo.py
[2026-03-28T18:34:09.020+0000] {logging_mixin.py:188} INFO - [2026-03-28T18:34:09.019+0000] {dag.py:3096} INFO - Sync 1 DAGs
[2026-03-28T18:34:09.035+0000] {logging_mixin.py:188} INFO - [2026-03-28T18:34:09.035+0000] {dag.py:3954} INFO - Setting next_dagrun for dag_enem_extraction to None, run_after=None
[2026-03-28T18:34:09.061+0000] {processor.py:183} INFO - Processing /opt/airflow/dags/extract_data_git_repo.py took 0.108 seconds
[2026-03-28T18:34:39.380+0000] {processor.py:161} INFO - Started process (PID=1085) to work on /opt/airflow/dags/extract_data_git_repo.py
[2026-03-28T18:34:39.381+0000] {processor.py:830} INFO - Processing file /opt/airflow/dags/extract_data_git_repo.py for tasks to queue
[2026-03-28T18:34:39.382+0000] {logging_mixin.py:188} INFO - [2026-03-28T18:34:39.382+0000] {dagbag.py:545} INFO - Filling up the DagBag from /opt/airflow/dags/extract_data_git_repo.py
[2026-03-28T18:34:39.394+0000] {processor.py:840} INFO - DAG(s) 'dag_enem_extraction' retrieved from /opt/airflow/dags/extract_data_git_repo.py
[2026-03-28T18:34:39.431+0000] {logging_mixin.py:188} INFO - [2026-03-28T18:34:39.430+0000] {dag.py:3096} INFO - Sync 1 DAGs
[2026-03-28T18:34:39.447+0000] {logging_mixin.py:188} INFO - [2026-03-28T18:34:39.447+0000] {dag.py:3954} INFO - Setting next_dagrun for dag_enem_extraction to None, run_after=None
[2026-03-28T18:34:39.472+0000] {processor.py:183} INFO - Processing /opt/airflow/dags/extract_data_git_repo.py took 0.102 seconds
[2026-03-28T18:35:09.806+0000] {processor.py:161} INFO - Started process (PID=1100) to work on /opt/airflow/dags/extract_data_git_repo.py
[2026-03-28T18:35:09.807+0000] {processor.py:830} INFO - Processing file /opt/airflow/dags/extract_data_git_repo.py for tasks to queue
[2026-03-28T18:35:09.808+0000] {logging_mixin.py:188} INFO - [2026-03-28T18:35:09.808+0000] {dagbag.py:545} INFO - Filling up the DagBag from /opt/airflow/dags/extract_data_git_repo.py
[2026-03-28T18:35:09.825+0000] {processor.py:840} INFO - DAG(s) 'dag_enem_extraction' retrieved from /opt/airflow/dags/extract_data_git_repo.py
[2026-03-28T18:35:09.891+0000] {logging_mixin.py:188} INFO - [2026-03-28T18:35:09.891+0000] {dag.py:3096} INFO - Sync 1 DAGs
[2026-03-28T18:35:09.909+0000] {logging_mixin.py:188} INFO - [2026-03-28T18:35:09.909+0000] {dag.py:3954} INFO - Setting next_dagrun for dag_enem_extraction to None, run_after=None
[2026-03-28T18:35:09.936+0000] {processor.py:183} INFO - Processing /opt/airflow/dags/extract_data_git_repo.py took 0.142 seconds
[2026-03-28T18:35:40.242+0000] {processor.py:161} INFO - Started process (PID=1123) to work on /opt/airflow/dags/extract_data_git_repo.py
[2026-03-28T18:35:40.243+0000] {processor.py:830} INFO - Processing file /opt/airflow/dags/extract_data_git_repo.py for tasks to queue
[2026-03-28T18:35:40.245+0000] {logging_mixin.py:188} INFO - [2026-03-28T18:35:40.244+0000] {dagbag.py:545} INFO - Filling up the DagBag from /opt/airflow/dags/extract_data_git_repo.py
[2026-03-28T18:35:40.342+0000] {processor.py:840} INFO - DAG(s) 'dag_enem_extraction' retrieved from /opt/airflow/dags/extract_data_git_repo.py
[2026-03-28T18:35:40.448+0000] {logging_mixin.py:188} INFO - [2026-03-28T18:35:40.448+0000] {dag.py:3096} INFO - Sync 1 DAGs
[2026-03-28T18:35:40.465+0000] {logging_mixin.py:188} INFO - [2026-03-28T18:35:40.465+0000] {dag.py:3954} INFO - Setting next_dagrun for dag_enem_extraction to None, run_after=None
[2026-03-28T18:35:40.492+0000] {processor.py:183} INFO - Processing /opt/airflow/dags/extract_data_git_repo.py took 0.259 seconds
[2026-03-28T18:36:10.902+0000] {processor.py:161} INFO - Started process (PID=1138) to work on /opt/airflow/dags/extract_data_git_repo.py
[2026-03-28T18:36:10.905+0000] {processor.py:830} INFO - Processing file /opt/airflow/dags/extract_data_git_repo.py for tasks to queue
[2026-03-28T18:36:10.907+0000] {logging_mixin.py:188} INFO - [2026-03-28T18:36:10.906+0000] {dagbag.py:545} INFO - Filling up the DagBag from /opt/airflow/dags/extract_data_git_repo.py
[2026-03-28T18:36:10.997+0000] {processor.py:840} INFO - DAG(s) 'dag_enem_extraction' retrieved from /opt/airflow/dags/extract_data_git_repo.py
[2026-03-28T18:36:11.229+0000] {logging_mixin.py:188} INFO - [2026-03-28T18:36:11.228+0000] {dag.py:3096} INFO - Sync 1 DAGs
[2026-03-28T18:36:11.271+0000] {logging_mixin.py:188} INFO - [2026-03-28T18:36:11.271+0000] {dag.py:3954} INFO - Setting next_dagrun for dag_enem_extraction to None, run_after=None
[2026-03-28T18:36:11.315+0000] {processor.py:183} INFO - Processing /opt/airflow/dags/extract_data_git_repo.py took 0.445 seconds
[2026-03-28T18:36:41.811+0000] {processor.py:161} INFO - Started process (PID=1160) to work on /opt/airflow/dags/extract_data_git_repo.py
[2026-03-28T18:36:41.812+0000] {processor.py:830} INFO - Processing file /opt/airflow/dags/extract_data_git_repo.py for tasks to queue
[2026-03-28T18:36:41.816+0000] {logging_mixin.py:188} INFO - [2026-03-28T18:36:41.815+0000] {dagbag.py:545} INFO - Filling up the DagBag from /opt/airflow/dags/extract_data_git_repo.py
[2026-03-28T18:36:41.839+0000] {processor.py:840} INFO - DAG(s) 'dag_enem_extraction' retrieved from /opt/airflow/dags/extract_data_git_repo.py
[2026-03-28T18:36:41.905+0000] {logging_mixin.py:188} INFO - [2026-03-28T18:36:41.905+0000] {dag.py:3096} INFO - Sync 1 DAGs
[2026-03-28T18:36:41.926+0000] {logging_mixin.py:188} INFO - [2026-03-28T18:36:41.926+0000] {dag.py:3954} INFO - Setting next_dagrun for dag_enem_extraction to None, run_after=None
[2026-03-28T18:36:41.965+0000] {processor.py:183} INFO - Processing /opt/airflow/dags/extract_data_git_repo.py took 0.169 seconds
[2026-03-28T18:37:12.312+0000] {processor.py:161} INFO - Started process (PID=1175) to work on /opt/airflow/dags/extract_data_git_repo.py
[2026-03-28T18:37:12.314+0000] {processor.py:830} INFO - Processing file /opt/airflow/dags/extract_data_git_repo.py for tasks to queue
[2026-03-28T18:37:12.316+0000] {logging_mixin.py:188} INFO - [2026-03-28T18:37:12.315+0000] {dagbag.py:545} INFO - Filling up the DagBag from /opt/airflow/dags/extract_data_git_repo.py
[2026-03-28T18:37:12.335+0000] {processor.py:840} INFO - DAG(s) 'dag_enem_extraction' retrieved from /opt/airflow/dags/extract_data_git_repo.py
[2026-03-28T18:37:12.384+0000] {logging_mixin.py:188} INFO - [2026-03-28T18:37:12.384+0000] {dag.py:3096} INFO - Sync 1 DAGs
[2026-03-28T18:37:12.404+0000] {logging_mixin.py:188} INFO - [2026-03-28T18:37:12.404+0000] {dag.py:3954} INFO - Setting next_dagrun for dag_enem_extraction to None, run_after=None
[2026-03-28T18:37:12.437+0000] {processor.py:183} INFO - Processing /opt/airflow/dags/extract_data_git_repo.py took 0.135 seconds
[2026-03-28T18:37:43.034+0000] {processor.py:161} INFO - Started process (PID=1200) to work on /opt/airflow/dags/extract_data_git_repo.py
[2026-03-28T18:37:43.035+0000] {processor.py:830} INFO - Processing file /opt/airflow/dags/extract_data_git_repo.py for tasks to queue
[2026-03-28T18:37:43.036+0000] {logging_mixin.py:188} INFO - [2026-03-28T18:37:43.036+0000] {dagbag.py:545} INFO - Filling up the DagBag from /opt/airflow/dags/extract_data_git_repo.py
[2026-03-28T18:37:43.079+0000] {processor.py:840} INFO - DAG(s) 'dag_enem_extraction' retrieved from /opt/airflow/dags/extract_data_git_repo.py
[2026-03-28T18:37:43.157+0000] {logging_mixin.py:188} INFO - [2026-03-28T18:37:43.156+0000] {dag.py:3096} INFO - Sync 1 DAGs
[2026-03-28T18:37:43.172+0000] {logging_mixin.py:188} INFO - [2026-03-28T18:37:43.172+0000] {dag.py:3954} INFO - Setting next_dagrun for dag_enem_extraction to None, run_after=None
[2026-03-28T18:37:43.198+0000] {processor.py:183} INFO - Processing /opt/airflow/dags/extract_data_git_repo.py took 0.172 seconds
[2026-03-28T18:38:13.537+0000] {processor.py:161} INFO - Started process (PID=1215) to work on /opt/airflow/dags/extract_data_git_repo.py
[2026-03-28T18:38:13.539+0000] {processor.py:830} INFO - Processing file /opt/airflow/dags/extract_data_git_repo.py for tasks to queue
[2026-03-28T18:38:13.541+0000] {logging_mixin.py:188} INFO - [2026-03-28T18:38:13.540+0000] {dagbag.py:545} INFO - Filling up the DagBag from /opt/airflow/dags/extract_data_git_repo.py
[2026-03-28T18:38:13.643+0000] {processor.py:840} INFO - DAG(s) 'dag_enem_extraction' retrieved from /opt/airflow/dags/extract_data_git_repo.py
[2026-03-28T18:38:13.760+0000] {logging_mixin.py:188} INFO - [2026-03-28T18:38:13.759+0000] {dag.py:3096} INFO - Sync 1 DAGs
[2026-03-28T18:38:13.802+0000] {logging_mixin.py:188} INFO - [2026-03-28T18:38:13.802+0000] {dag.py:3954} INFO - Setting next_dagrun for dag_enem_extraction to None, run_after=None
[2026-03-28T18:38:13.855+0000] {processor.py:183} INFO - Processing /opt/airflow/dags/extract_data_git_repo.py took 0.328 seconds
[2026-03-28T18:38:44.139+0000] {processor.py:161} INFO - Started process (PID=1235) to work on /opt/airflow/dags/extract_data_git_repo.py
[2026-03-28T18:38:44.141+0000] {processor.py:830} INFO - Processing file /opt/airflow/dags/extract_data_git_repo.py for tasks to queue
[2026-03-28T18:38:44.142+0000] {logging_mixin.py:188} INFO - [2026-03-28T18:38:44.142+0000] {dagbag.py:545} INFO - Filling up the DagBag from /opt/airflow/dags/extract_data_git_repo.py
[2026-03-28T18:38:44.155+0000] {processor.py:840} INFO - DAG(s) 'dag_enem_extraction' retrieved from /opt/airflow/dags/extract_data_git_repo.py
[2026-03-28T18:38:44.195+0000] {logging_mixin.py:188} INFO - [2026-03-28T18:38:44.194+0000] {dag.py:3096} INFO - Sync 1 DAGs
[2026-03-28T18:38:44.214+0000] {logging_mixin.py:188} INFO - [2026-03-28T18:38:44.214+0000] {dag.py:3954} INFO - Setting next_dagrun for dag_enem_extraction to None, run_after=None
[2026-03-28T18:38:44.243+0000] {processor.py:183} INFO - Processing /opt/airflow/dags/extract_data_git_repo.py took 0.111 seconds
[2026-03-28T18:39:14.826+0000] {processor.py:161} INFO - Started process (PID=1275) to work on /opt/airflow/dags/extract_data_git_repo.py
[2026-03-28T18:39:14.827+0000] {processor.py:830} INFO - Processing file /opt/airflow/dags/extract_data_git_repo.py for tasks to queue
[2026-03-28T18:39:14.829+0000] {logging_mixin.py:188} INFO - [2026-03-28T18:39:14.829+0000] {dagbag.py:545} INFO - Filling up the DagBag from /opt/airflow/dags/extract_data_git_repo.py
[2026-03-28T18:39:14.842+0000] {processor.py:840} INFO - DAG(s) 'dag_enem_extraction' retrieved from /opt/airflow/dags/extract_data_git_repo.py
[2026-03-28T18:39:14.919+0000] {logging_mixin.py:188} INFO - [2026-03-28T18:39:14.919+0000] {dag.py:3096} INFO - Sync 1 DAGs
[2026-03-28T18:39:14.939+0000] {logging_mixin.py:188} INFO - [2026-03-28T18:39:14.938+0000] {dag.py:3954} INFO - Setting next_dagrun for dag_enem_extraction to None, run_after=None
[2026-03-28T18:39:14.965+0000] {processor.py:183} INFO - Processing /opt/airflow/dags/extract_data_git_repo.py took 0.147 seconds
[2026-03-28T18:39:45.226+0000] {processor.py:161} INFO - Started process (PID=1290) to work on /opt/airflow/dags/extract_data_git_repo.py
[2026-03-28T18:39:45.228+0000] {processor.py:830} INFO - Processing file /opt/airflow/dags/extract_data_git_repo.py for tasks to queue
[2026-03-28T18:39:45.231+0000] {logging_mixin.py:188} INFO - [2026-03-28T18:39:45.229+0000] {dagbag.py:545} INFO - Filling up the DagBag from /opt/airflow/dags/extract_data_git_repo.py
[2026-03-28T18:39:45.248+0000] {processor.py:840} INFO - DAG(s) 'dag_enem_extraction' retrieved from /opt/airflow/dags/extract_data_git_repo.py
[2026-03-28T18:39:45.303+0000] {logging_mixin.py:188} INFO - [2026-03-28T18:39:45.302+0000] {dag.py:3096} INFO - Sync 1 DAGs
[2026-03-28T18:39:45.324+0000] {logging_mixin.py:188} INFO - [2026-03-28T18:39:45.324+0000] {dag.py:3954} INFO - Setting next_dagrun for dag_enem_extraction to None, run_after=None
[2026-03-28T18:39:45.354+0000] {processor.py:183} INFO - Processing /opt/airflow/dags/extract_data_git_repo.py took 0.140 seconds
[2026-03-28T18:40:15.749+0000] {processor.py:161} INFO - Started process (PID=1315) to work on /opt/airflow/dags/extract_data_git_repo.py
[2026-03-28T18:40:15.751+0000] {processor.py:830} INFO - Processing file /opt/airflow/dags/extract_data_git_repo.py for tasks to queue
[2026-03-28T18:40:15.753+0000] {logging_mixin.py:188} INFO - [2026-03-28T18:40:15.752+0000] {dagbag.py:545} INFO - Filling up the DagBag from /opt/airflow/dags/extract_data_git_repo.py
[2026-03-28T18:40:15.769+0000] {processor.py:840} INFO - DAG(s) 'dag_enem_extraction' retrieved from /opt/airflow/dags/extract_data_git_repo.py
[2026-03-28T18:40:15.813+0000] {logging_mixin.py:188} INFO - [2026-03-28T18:40:15.812+0000] {dag.py:3096} INFO - Sync 1 DAGs
[2026-03-28T18:40:15.829+0000] {logging_mixin.py:188} INFO - [2026-03-28T18:40:15.829+0000] {dag.py:3954} INFO - Setting next_dagrun for dag_enem_extraction to None, run_after=None
[2026-03-28T18:40:15.867+0000] {processor.py:183} INFO - Processing /opt/airflow/dags/extract_data_git_repo.py took 0.127 seconds
[2026-03-28T18:40:46.215+0000] {processor.py:161} INFO - Started process (PID=1330) to work on /opt/airflow/dags/extract_data_git_repo.py
[2026-03-28T18:40:46.216+0000] {processor.py:830} INFO - Processing file /opt/airflow/dags/extract_data_git_repo.py for tasks to queue
[2026-03-28T18:40:46.217+0000] {logging_mixin.py:188} INFO - [2026-03-28T18:40:46.217+0000] {dagbag.py:545} INFO - Filling up the DagBag from /opt/airflow/dags/extract_data_git_repo.py
[2026-03-28T18:40:46.234+0000] {processor.py:840} INFO - DAG(s) 'dag_enem_extraction' retrieved from /opt/airflow/dags/extract_data_git_repo.py
[2026-03-28T18:40:46.321+0000] {logging_mixin.py:188} INFO - [2026-03-28T18:40:46.321+0000] {dag.py:3096} INFO - Sync 1 DAGs
[2026-03-28T18:40:46.337+0000] {logging_mixin.py:188} INFO - [2026-03-28T18:40:46.337+0000] {dag.py:3954} INFO - Setting next_dagrun for dag_enem_extraction to None, run_after=None
[2026-03-28T18:40:46.366+0000] {processor.py:183} INFO - Processing /opt/airflow/dags/extract_data_git_repo.py took 0.163 seconds
[2026-03-28T18:41:16.706+0000] {processor.py:161} INFO - Started process (PID=1350) to work on /opt/airflow/dags/extract_data_git_repo.py
[2026-03-28T18:41:16.707+0000] {processor.py:830} INFO - Processing file /opt/airflow/dags/extract_data_git_repo.py for tasks to queue
[2026-03-28T18:41:16.709+0000] {logging_mixin.py:188} INFO - [2026-03-28T18:41:16.708+0000] {dagbag.py:545} INFO - Filling up the DagBag from /opt/airflow/dags/extract_data_git_repo.py
[2026-03-28T18:41:16.723+0000] {processor.py:840} INFO - DAG(s) 'dag_enem_extraction' retrieved from /opt/airflow/dags/extract_data_git_repo.py
[2026-03-28T18:41:16.796+0000] {logging_mixin.py:188} INFO - [2026-03-28T18:41:16.795+0000] {dag.py:3096} INFO - Sync 1 DAGs
[2026-03-28T18:41:16.811+0000] {logging_mixin.py:188} INFO - [2026-03-28T18:41:16.811+0000] {dag.py:3954} INFO - Setting next_dagrun for dag_enem_extraction to None, run_after=None
[2026-03-28T18:41:16.841+0000] {processor.py:183} INFO - Processing /opt/airflow/dags/extract_data_git_repo.py took 0.143 seconds
[2026-03-28T18:41:47.196+0000] {processor.py:161} INFO - Started process (PID=1365) to work on /opt/airflow/dags/extract_data_git_repo.py
[2026-03-28T18:41:47.199+0000] {processor.py:830} INFO - Processing file /opt/airflow/dags/extract_data_git_repo.py for tasks to queue
[2026-03-28T18:41:47.200+0000] {logging_mixin.py:188} INFO - [2026-03-28T18:41:47.200+0000] {dagbag.py:545} INFO - Filling up the DagBag from /opt/airflow/dags/extract_data_git_repo.py
[2026-03-28T18:41:47.217+0000] {processor.py:840} INFO - DAG(s) 'dag_enem_extraction' retrieved from /opt/airflow/dags/extract_data_git_repo.py
[2026-03-28T18:41:47.260+0000] {logging_mixin.py:188} INFO - [2026-03-28T18:41:47.260+0000] {dag.py:3096} INFO - Sync 1 DAGs
[2026-03-28T18:41:47.276+0000] {logging_mixin.py:188} INFO - [2026-03-28T18:41:47.276+0000] {dag.py:3954} INFO - Setting next_dagrun for dag_enem_extraction to None, run_after=None
[2026-03-28T18:41:47.302+0000] {processor.py:183} INFO - Processing /opt/airflow/dags/extract_data_git_repo.py took 0.115 seconds
[2026-03-28T18:42:17.610+0000] {processor.py:161} INFO - Started process (PID=1380) to work on /opt/airflow/dags/extract_data_git_repo.py
[2026-03-28T18:42:17.612+0000] {processor.py:830} INFO - Processing file /opt/airflow/dags/extract_data_git_repo.py for tasks to queue
[2026-03-28T18:42:17.613+0000] {logging_mixin.py:188} INFO - [2026-03-28T18:42:17.613+0000] {dagbag.py:545} INFO - Filling up the DagBag from /opt/airflow/dags/extract_data_git_repo.py
[2026-03-28T18:42:17.630+0000] {processor.py:840} INFO - DAG(s) 'dag_enem_extraction' retrieved from /opt/airflow/dags/extract_data_git_repo.py
[2026-03-28T18:42:17.680+0000] {logging_mixin.py:188} INFO - [2026-03-28T18:42:17.679+0000] {dag.py:3096} INFO - Sync 1 DAGs
[2026-03-28T18:42:17.699+0000] {logging_mixin.py:188} INFO - [2026-03-28T18:42:17.698+0000] {dag.py:3954} INFO - Setting next_dagrun for dag_enem_extraction to None, run_after=None
[2026-03-28T18:42:17.728+0000] {processor.py:183} INFO - Processing /opt/airflow/dags/extract_data_git_repo.py took 0.127 seconds
[2026-03-28T18:42:48.053+0000] {processor.py:161} INFO - Started process (PID=1395) to work on /opt/airflow/dags/extract_data_git_repo.py
[2026-03-28T18:42:48.055+0000] {processor.py:830} INFO - Processing file /opt/airflow/dags/extract_data_git_repo.py for tasks to queue
[2026-03-28T18:42:48.056+0000] {logging_mixin.py:188} INFO - [2026-03-28T18:42:48.056+0000] {dagbag.py:545} INFO - Filling up the DagBag from /opt/airflow/dags/extract_data_git_repo.py
[2026-03-28T18:42:48.110+0000] {processor.py:840} INFO - DAG(s) 'dag_enem_extraction' retrieved from /opt/airflow/dags/extract_data_git_repo.py
[2026-03-28T18:42:48.190+0000] {logging_mixin.py:188} INFO - [2026-03-28T18:42:48.190+0000] {dag.py:3096} INFO - Sync 1 DAGs
[2026-03-28T18:42:48.208+0000] {logging_mixin.py:188} INFO - [2026-03-28T18:42:48.208+0000] {dag.py:3954} INFO - Setting next_dagrun for dag_enem_extraction to None, run_after=None
[2026-03-28T18:42:48.236+0000] {processor.py:183} INFO - Processing /opt/airflow/dags/extract_data_git_repo.py took 0.195 seconds
[2026-03-28T18:43:18.536+0000] {processor.py:161} INFO - Started process (PID=1413) to work on /opt/airflow/dags/extract_data_git_repo.py
[2026-03-28T18:43:18.551+0000] {processor.py:830} INFO - Processing file /opt/airflow/dags/extract_data_git_repo.py for tasks to queue
[2026-03-28T18:43:18.552+0000] {logging_mixin.py:188} INFO - [2026-03-28T18:43:18.552+0000] {dagbag.py:545} INFO - Filling up the DagBag from /opt/airflow/dags/extract_data_git_repo.py
[2026-03-28T18:43:18.568+0000] {processor.py:840} INFO - DAG(s) 'dag_enem_extraction' retrieved from /opt/airflow/dags/extract_data_git_repo.py
[2026-03-28T18:43:18.605+0000] {logging_mixin.py:188} INFO - [2026-03-28T18:43:18.604+0000] {dag.py:3096} INFO - Sync 1 DAGs
[2026-03-28T18:43:18.618+0000] {logging_mixin.py:188} INFO - [2026-03-28T18:43:18.618+0000] {dag.py:3954} INFO - Setting next_dagrun for dag_enem_extraction to None, run_after=None
[2026-03-28T18:43:18.643+0000] {processor.py:183} INFO - Processing /opt/airflow/dags/extract_data_git_repo.py took 0.115 seconds
[2026-03-28T18:43:48.961+0000] {processor.py:161} INFO - Started process (PID=1428) to work on /opt/airflow/dags/extract_data_git_repo.py
[2026-03-28T18:43:48.962+0000] {processor.py:830} INFO - Processing file /opt/airflow/dags/extract_data_git_repo.py for tasks to queue
[2026-03-28T18:43:48.963+0000] {logging_mixin.py:188} INFO - [2026-03-28T18:43:48.963+0000] {dagbag.py:545} INFO - Filling up the DagBag from /opt/airflow/dags/extract_data_git_repo.py
[2026-03-28T18:43:48.977+0000] {processor.py:840} INFO - DAG(s) 'dag_enem_extraction' retrieved from /opt/airflow/dags/extract_data_git_repo.py
[2026-03-28T18:43:49.026+0000] {logging_mixin.py:188} INFO - [2026-03-28T18:43:49.025+0000] {dag.py:3096} INFO - Sync 1 DAGs
[2026-03-28T18:43:49.040+0000] {logging_mixin.py:188} INFO - [2026-03-28T18:43:49.040+0000] {dag.py:3954} INFO - Setting next_dagrun for dag_enem_extraction to None, run_after=None
[2026-03-28T18:43:49.065+0000] {processor.py:183} INFO - Processing /opt/airflow/dags/extract_data_git_repo.py took 0.112 seconds
[2026-03-28T18:44:19.379+0000] {processor.py:161} INFO - Started process (PID=1448) to work on /opt/airflow/dags/extract_data_git_repo.py
[2026-03-28T18:44:19.381+0000] {processor.py:830} INFO - Processing file /opt/airflow/dags/extract_data_git_repo.py for tasks to queue
[2026-03-28T18:44:19.384+0000] {logging_mixin.py:188} INFO - [2026-03-28T18:44:19.384+0000] {dagbag.py:545} INFO - Filling up the DagBag from /opt/airflow/dags/extract_data_git_repo.py
[2026-03-28T18:44:19.410+0000] {processor.py:840} INFO - DAG(s) 'dag_enem_extraction' retrieved from /opt/airflow/dags/extract_data_git_repo.py
[2026-03-28T18:44:19.479+0000] {logging_mixin.py:188} INFO - [2026-03-28T18:44:19.479+0000] {dag.py:3096} INFO - Sync 1 DAGs
[2026-03-28T18:44:19.504+0000] {logging_mixin.py:188} INFO - [2026-03-28T18:44:19.504+0000] {dag.py:3954} INFO - Setting next_dagrun for dag_enem_extraction to None, run_after=None
[2026-03-28T18:44:19.535+0000] {processor.py:183} INFO - Processing /opt/airflow/dags/extract_data_git_repo.py took 0.164 seconds
[2026-03-28T18:44:50.112+0000] {processor.py:161} INFO - Started process (PID=1478) to work on /opt/airflow/dags/extract_data_git_repo.py
[2026-03-28T18:44:50.113+0000] {processor.py:830} INFO - Processing file /opt/airflow/dags/extract_data_git_repo.py for tasks to queue
[2026-03-28T18:44:50.119+0000] {logging_mixin.py:188} INFO - [2026-03-28T18:44:50.118+0000] {dagbag.py:545} INFO - Filling up the DagBag from /opt/airflow/dags/extract_data_git_repo.py
[2026-03-28T18:44:50.160+0000] {processor.py:840} INFO - DAG(s) 'dag_enem_extraction' retrieved from /opt/airflow/dags/extract_data_git_repo.py
[2026-03-28T18:44:50.255+0000] {logging_mixin.py:188} INFO - [2026-03-28T18:44:50.254+0000] {dag.py:3096} INFO - Sync 1 DAGs
[2026-03-28T18:44:50.276+0000] {logging_mixin.py:188} INFO - [2026-03-28T18:44:50.276+0000] {dag.py:3954} INFO - Setting next_dagrun for dag_enem_extraction to None, run_after=None
[2026-03-28T18:44:50.312+0000] {processor.py:183} INFO - Processing /opt/airflow/dags/extract_data_git_repo.py took 0.221 seconds
[2026-03-28T18:45:20.405+0000] {processor.py:161} INFO - Started process (PID=1503) to work on /opt/airflow/dags/extract_data_git_repo.py
[2026-03-28T18:45:20.406+0000] {processor.py:830} INFO - Processing file /opt/airflow/dags/extract_data_git_repo.py for tasks to queue
[2026-03-28T18:45:20.408+0000] {logging_mixin.py:188} INFO - [2026-03-28T18:45:20.407+0000] {dagbag.py:545} INFO - Filling up the DagBag from /opt/airflow/dags/extract_data_git_repo.py
[2026-03-28T18:45:20.424+0000] {processor.py:840} INFO - DAG(s) 'dag_enem_extraction' retrieved from /opt/airflow/dags/extract_data_git_repo.py
[2026-03-28T18:45:20.467+0000] {logging_mixin.py:188} INFO - [2026-03-28T18:45:20.466+0000] {dag.py:3096} INFO - Sync 1 DAGs
[2026-03-28T18:45:20.484+0000] {logging_mixin.py:188} INFO - [2026-03-28T18:45:20.484+0000] {dag.py:3954} INFO - Setting next_dagrun for dag_enem_extraction to None, run_after=None
[2026-03-28T18:45:20.516+0000] {processor.py:183} INFO - Processing /opt/airflow/dags/extract_data_git_repo.py took 0.118 seconds
[2026-03-28T18:45:50.819+0000] {processor.py:161} INFO - Started process (PID=1519) to work on /opt/airflow/dags/extract_data_git_repo.py
[2026-03-28T18:45:50.820+0000] {processor.py:830} INFO - Processing file /opt/airflow/dags/extract_data_git_repo.py for tasks to queue
[2026-03-28T18:45:50.821+0000] {logging_mixin.py:188} INFO - [2026-03-28T18:45:50.821+0000] {dagbag.py:545} INFO - Filling up the DagBag from /opt/airflow/dags/extract_data_git_repo.py
[2026-03-28T18:45:50.836+0000] {processor.py:840} INFO - DAG(s) 'dag_enem_extraction' retrieved from /opt/airflow/dags/extract_data_git_repo.py
[2026-03-28T18:45:50.885+0000] {logging_mixin.py:188} INFO - [2026-03-28T18:45:50.885+0000] {dag.py:3096} INFO - Sync 1 DAGs
[2026-03-28T18:45:50.903+0000] {logging_mixin.py:188} INFO - [2026-03-28T18:45:50.903+0000] {dag.py:3954} INFO - Setting next_dagrun for dag_enem_extraction to None, run_after=None
[2026-03-28T18:45:50.925+0000] {processor.py:183} INFO - Processing /opt/airflow/dags/extract_data_git_repo.py took 0.114 seconds
[2026-03-28T18:46:21.245+0000] {processor.py:161} INFO - Started process (PID=1534) to work on /opt/airflow/dags/extract_data_git_repo.py
[2026-03-28T18:46:21.247+0000] {processor.py:830} INFO - Processing file /opt/airflow/dags/extract_data_git_repo.py for tasks to queue
[2026-03-28T18:46:21.248+0000] {logging_mixin.py:188} INFO - [2026-03-28T18:46:21.247+0000] {dagbag.py:545} INFO - Filling up the DagBag from /opt/airflow/dags/extract_data_git_repo.py
[2026-03-28T18:46:21.263+0000] {processor.py:840} INFO - DAG(s) 'dag_enem_extraction' retrieved from /opt/airflow/dags/extract_data_git_repo.py
[2026-03-28T18:46:21.311+0000] {logging_mixin.py:188} INFO - [2026-03-28T18:46:21.311+0000] {dag.py:3096} INFO - Sync 1 DAGs
[2026-03-28T18:46:21.328+0000] {logging_mixin.py:188} INFO - [2026-03-28T18:46:21.328+0000] {dag.py:3954} INFO - Setting next_dagrun for dag_enem_extraction to None, run_after=None
[2026-03-28T18:46:21.355+0000] {processor.py:183} INFO - Processing /opt/airflow/dags/extract_data_git_repo.py took 0.118 seconds
[2026-03-28T18:46:51.699+0000] {processor.py:161} INFO - Started process (PID=1549) to work on /opt/airflow/dags/extract_data_git_repo.py
[2026-03-28T18:46:51.702+0000] {processor.py:830} INFO - Processing file /opt/airflow/dags/extract_data_git_repo.py for tasks to queue
[2026-03-28T18:46:51.704+0000] {logging_mixin.py:188} INFO - [2026-03-28T18:46:51.703+0000] {dagbag.py:545} INFO - Filling up the DagBag from /opt/airflow/dags/extract_data_git_repo.py
[2026-03-28T18:46:51.724+0000] {processor.py:840} INFO - DAG(s) 'dag_enem_extraction' retrieved from /opt/airflow/dags/extract_data_git_repo.py
[2026-03-28T18:46:51.831+0000] {logging_mixin.py:188} INFO - [2026-03-28T18:46:51.831+0000] {dag.py:3096} INFO - Sync 1 DAGs
[2026-03-28T18:46:51.857+0000] {logging_mixin.py:188} INFO - [2026-03-28T18:46:51.857+0000] {dag.py:3954} INFO - Setting next_dagrun for dag_enem_extraction to None, run_after=None
[2026-03-28T18:46:51.882+0000] {processor.py:183} INFO - Processing /opt/airflow/dags/extract_data_git_repo.py took 0.192 seconds
[2026-03-28T18:47:22.239+0000] {processor.py:161} INFO - Started process (PID=1570) to work on /opt/airflow/dags/extract_data_git_repo.py
[2026-03-28T18:47:22.245+0000] {processor.py:830} INFO - Processing file /opt/airflow/dags/extract_data_git_repo.py for tasks to queue
[2026-03-28T18:47:22.246+0000] {logging_mixin.py:188} INFO - [2026-03-28T18:47:22.246+0000] {dagbag.py:545} INFO - Filling up the DagBag from /opt/airflow/dags/extract_data_git_repo.py
[2026-03-28T18:47:22.283+0000] {processor.py:840} INFO - DAG(s) 'dag_enem_extraction' retrieved from /opt/airflow/dags/extract_data_git_repo.py
[2026-03-28T18:47:22.334+0000] {logging_mixin.py:188} INFO - [2026-03-28T18:47:22.334+0000] {dag.py:3096} INFO - Sync 1 DAGs
[2026-03-28T18:47:22.351+0000] {logging_mixin.py:188} INFO - [2026-03-28T18:47:22.351+0000] {dag.py:3954} INFO - Setting next_dagrun for dag_enem_extraction to None, run_after=None
[2026-03-28T18:47:22.380+0000] {processor.py:183} INFO - Processing /opt/airflow/dags/extract_data_git_repo.py took 0.156 seconds
[2026-03-28T18:47:52.702+0000] {processor.py:161} INFO - Started process (PID=1585) to work on /opt/airflow/dags/extract_data_git_repo.py
[2026-03-28T18:47:52.705+0000] {processor.py:830} INFO - Processing file /opt/airflow/dags/extract_data_git_repo.py for tasks to queue
[2026-03-28T18:47:52.706+0000] {logging_mixin.py:188} INFO - [2026-03-28T18:47:52.706+0000] {dagbag.py:545} INFO - Filling up the DagBag from /opt/airflow/dags/extract_data_git_repo.py
[2026-03-28T18:47:52.744+0000] {processor.py:840} INFO - DAG(s) 'dag_enem_extraction' retrieved from /opt/airflow/dags/extract_data_git_repo.py
[2026-03-28T18:47:52.867+0000] {logging_mixin.py:188} INFO - [2026-03-28T18:47:52.867+0000] {dag.py:3096} INFO - Sync 1 DAGs
[2026-03-28T18:47:52.894+0000] {logging_mixin.py:188} INFO - [2026-03-28T18:47:52.893+0000] {dag.py:3954} INFO - Setting next_dagrun for dag_enem_extraction to None, run_after=None
[2026-03-28T18:47:52.924+0000] {processor.py:183} INFO - Processing /opt/airflow/dags/extract_data_git_repo.py took 0.232 seconds
[2026-03-28T18:48:23.244+0000] {processor.py:161} INFO - Started process (PID=1600) to work on /opt/airflow/dags/extract_data_git_repo.py
[2026-03-28T18:48:23.246+0000] {processor.py:830} INFO - Processing file /opt/airflow/dags/extract_data_git_repo.py for tasks to queue
[2026-03-28T18:48:23.248+0000] {logging_mixin.py:188} INFO - [2026-03-28T18:48:23.247+0000] {dagbag.py:545} INFO - Filling up the DagBag from /opt/airflow/dags/extract_data_git_repo.py
[2026-03-28T18:48:23.275+0000] {processor.py:840} INFO - DAG(s) 'dag_enem_extraction' retrieved from /opt/airflow/dags/extract_data_git_repo.py
[2026-03-28T18:48:23.324+0000] {logging_mixin.py:188} INFO - [2026-03-28T18:48:23.324+0000] {dag.py:3096} INFO - Sync 1 DAGs
[2026-03-28T18:48:23.343+0000] {logging_mixin.py:188} INFO - [2026-03-28T18:48:23.342+0000] {dag.py:3954} INFO - Setting next_dagrun for dag_enem_extraction to None, run_after=None
[2026-03-28T18:48:23.366+0000] {processor.py:183} INFO - Processing /opt/airflow/dags/extract_data_git_repo.py took 0.129 seconds
[2026-03-28T18:51:26.166+0000] {processor.py:161} INFO - Started process (PID=1690) to work on /opt/airflow/dags/extract_data_git_repo.py
[2026-03-28T18:51:26.167+0000] {processor.py:830} INFO - Processing file /opt/airflow/dags/extract_data_git_repo.py for tasks to queue
[2026-03-28T18:51:26.169+0000] {logging_mixin.py:188} INFO - [2026-03-28T18:51:26.168+0000] {dagbag.py:545} INFO - Filling up the DagBag from /opt/airflow/dags/extract_data_git_repo.py
[2026-03-28T18:51:26.182+0000] {processor.py:840} INFO - DAG(s) 'dag_enem_extraction' retrieved from /opt/airflow/dags/extract_data_git_repo.py
[2026-03-28T18:51:26.237+0000] {logging_mixin.py:188} INFO - [2026-03-28T18:51:26.236+0000] {dag.py:3096} INFO - Sync 1 DAGs
[2026-03-28T18:51:26.267+0000] {logging_mixin.py:188} INFO - [2026-03-28T18:51:26.267+0000] {dag.py:3954} INFO - Setting next_dagrun for dag_enem_extraction to None, run_after=None
[2026-03-28T18:51:26.305+0000] {processor.py:183} INFO - Processing /opt/airflow/dags/extract_data_git_repo.py took 0.151 seconds
[2026-03-28T18:51:56.669+0000] {processor.py:161} INFO - Started process (PID=1705) to work on /opt/airflow/dags/extract_data_git_repo.py
[2026-03-28T18:51:56.671+0000] {processor.py:830} INFO - Processing file /opt/airflow/dags/extract_data_git_repo.py for tasks to queue
[2026-03-28T18:51:56.673+0000] {logging_mixin.py:188} INFO - [2026-03-28T18:51:56.672+0000] {dagbag.py:545} INFO - Filling up the DagBag from /opt/airflow/dags/extract_data_git_repo.py
[2026-03-28T18:51:56.696+0000] {processor.py:840} INFO - DAG(s) 'dag_enem_extraction' retrieved from /opt/airflow/dags/extract_data_git_repo.py
[2026-03-28T18:51:56.766+0000] {logging_mixin.py:188} INFO - [2026-03-28T18:51:56.765+0000] {dag.py:3096} INFO - Sync 1 DAGs
[2026-03-28T18:51:56.782+0000] {logging_mixin.py:188} INFO - [2026-03-28T18:51:56.782+0000] {dag.py:3954} INFO - Setting next_dagrun for dag_enem_extraction to None, run_after=None
[2026-03-28T18:51:56.808+0000] {processor.py:183} INFO - Processing /opt/airflow/dags/extract_data_git_repo.py took 0.154 seconds
[2026-03-28T18:52:27.148+0000] {processor.py:161} INFO - Started process (PID=1720) to work on /opt/airflow/dags/extract_data_git_repo.py
[2026-03-28T18:52:27.150+0000] {processor.py:830} INFO - Processing file /opt/airflow/dags/extract_data_git_repo.py for tasks to queue
[2026-03-28T18:52:27.152+0000] {logging_mixin.py:188} INFO - [2026-03-28T18:52:27.151+0000] {dagbag.py:545} INFO - Filling up the DagBag from /opt/airflow/dags/extract_data_git_repo.py
[2026-03-28T18:52:27.172+0000] {processor.py:840} INFO - DAG(s) 'dag_enem_extraction' retrieved from /opt/airflow/dags/extract_data_git_repo.py
[2026-03-28T18:52:27.218+0000] {logging_mixin.py:188} INFO - [2026-03-28T18:52:27.218+0000] {dag.py:3096} INFO - Sync 1 DAGs
[2026-03-28T18:52:27.236+0000] {logging_mixin.py:188} INFO - [2026-03-28T18:52:27.236+0000] {dag.py:3954} INFO - Setting next_dagrun for dag_enem_extraction to None, run_after=None
[2026-03-28T18:52:27.268+0000] {processor.py:183} INFO - Processing /opt/airflow/dags/extract_data_git_repo.py took 0.129 seconds
[2026-03-28T18:52:57.591+0000] {processor.py:161} INFO - Started process (PID=1735) to work on /opt/airflow/dags/extract_data_git_repo.py
[2026-03-28T18:52:57.592+0000] {processor.py:830} INFO - Processing file /opt/airflow/dags/extract_data_git_repo.py for tasks to queue
[2026-03-28T18:52:57.594+0000] {logging_mixin.py:188} INFO - [2026-03-28T18:52:57.593+0000] {dagbag.py:545} INFO - Filling up the DagBag from /opt/airflow/dags/extract_data_git_repo.py
[2026-03-28T18:52:57.609+0000] {processor.py:840} INFO - DAG(s) 'dag_enem_extraction' retrieved from /opt/airflow/dags/extract_data_git_repo.py
[2026-03-28T18:52:57.652+0000] {logging_mixin.py:188} INFO - [2026-03-28T18:52:57.652+0000] {dag.py:3096} INFO - Sync 1 DAGs
[2026-03-28T18:52:57.682+0000] {logging_mixin.py:188} INFO - [2026-03-28T18:52:57.682+0000] {dag.py:3954} INFO - Setting next_dagrun for dag_enem_extraction to None, run_after=None
[2026-03-28T18:52:57.746+0000] {processor.py:183} INFO - Processing /opt/airflow/dags/extract_data_git_repo.py took 0.164 seconds
[2026-03-28T18:53:28.086+0000] {processor.py:161} INFO - Started process (PID=1750) to work on /opt/airflow/dags/extract_data_git_repo.py
[2026-03-28T18:53:28.088+0000] {processor.py:830} INFO - Processing file /opt/airflow/dags/extract_data_git_repo.py for tasks to queue
[2026-03-28T18:53:28.091+0000] {logging_mixin.py:188} INFO - [2026-03-28T18:53:28.089+0000] {dagbag.py:545} INFO - Filling up the DagBag from /opt/airflow/dags/extract_data_git_repo.py
[2026-03-28T18:53:28.114+0000] {processor.py:840} INFO - DAG(s) 'dag_enem_extraction' retrieved from /opt/airflow/dags/extract_data_git_repo.py
[2026-03-28T18:53:28.179+0000] {logging_mixin.py:188} INFO - [2026-03-28T18:53:28.178+0000] {dag.py:3096} INFO - Sync 1 DAGs
[2026-03-28T18:53:28.196+0000] {logging_mixin.py:188} INFO - [2026-03-28T18:53:28.196+0000] {dag.py:3954} INFO - Setting next_dagrun for dag_enem_extraction to None, run_after=None
[2026-03-28T18:53:28.225+0000] {processor.py:183} INFO - Processing /opt/airflow/dags/extract_data_git_repo.py took 0.148 seconds
[2026-03-28T18:53:58.546+0000] {processor.py:161} INFO - Started process (PID=1765) to work on /opt/airflow/dags/extract_data_git_repo.py
[2026-03-28T18:53:58.547+0000] {processor.py:830} INFO - Processing file /opt/airflow/dags/extract_data_git_repo.py for tasks to queue
[2026-03-28T18:53:58.548+0000] {logging_mixin.py:188} INFO - [2026-03-28T18:53:58.548+0000] {dagbag.py:545} INFO - Filling up the DagBag from /opt/airflow/dags/extract_data_git_repo.py
[2026-03-28T18:53:58.576+0000] {processor.py:840} INFO - DAG(s) 'dag_enem_extraction' retrieved from /opt/airflow/dags/extract_data_git_repo.py
[2026-03-28T18:53:58.653+0000] {logging_mixin.py:188} INFO - [2026-03-28T18:53:58.652+0000] {dag.py:3096} INFO - Sync 1 DAGs
[2026-03-28T18:53:58.678+0000] {logging_mixin.py:188} INFO - [2026-03-28T18:53:58.678+0000] {dag.py:3954} INFO - Setting next_dagrun for dag_enem_extraction to None, run_after=None
[2026-03-28T18:53:58.710+0000] {processor.py:183} INFO - Processing /opt/airflow/dags/extract_data_git_repo.py took 0.171 seconds
[2026-03-28T18:54:29.042+0000] {processor.py:161} INFO - Started process (PID=1780) to work on /opt/airflow/dags/extract_data_git_repo.py
[2026-03-28T18:54:29.044+0000] {processor.py:830} INFO - Processing file /opt/airflow/dags/extract_data_git_repo.py for tasks to queue
[2026-03-28T18:54:29.046+0000] {logging_mixin.py:188} INFO - [2026-03-28T18:54:29.045+0000] {dagbag.py:545} INFO - Filling up the DagBag from /opt/airflow/dags/extract_data_git_repo.py
[2026-03-28T18:54:29.062+0000] {processor.py:840} INFO - DAG(s) 'dag_enem_extraction' retrieved from /opt/airflow/dags/extract_data_git_repo.py
[2026-03-28T18:54:29.104+0000] {logging_mixin.py:188} INFO - [2026-03-28T18:54:29.104+0000] {dag.py:3096} INFO - Sync 1 DAGs
[2026-03-28T18:54:29.121+0000] {logging_mixin.py:188} INFO - [2026-03-28T18:54:29.121+0000] {dag.py:3954} INFO - Setting next_dagrun for dag_enem_extraction to None, run_after=None
[2026-03-28T18:54:29.149+0000] {processor.py:183} INFO - Processing /opt/airflow/dags/extract_data_git_repo.py took 0.116 seconds
[2026-03-28T18:54:59.495+0000] {processor.py:161} INFO - Started process (PID=1795) to work on /opt/airflow/dags/extract_data_git_repo.py
[2026-03-28T18:54:59.496+0000] {processor.py:830} INFO - Processing file /opt/airflow/dags/extract_data_git_repo.py for tasks to queue
[2026-03-28T18:54:59.498+0000] {logging_mixin.py:188} INFO - [2026-03-28T18:54:59.497+0000] {dagbag.py:545} INFO - Filling up the DagBag from /opt/airflow/dags/extract_data_git_repo.py
[2026-03-28T18:54:59.516+0000] {processor.py:840} INFO - DAG(s) 'dag_enem_extraction' retrieved from /opt/airflow/dags/extract_data_git_repo.py
[2026-03-28T18:54:59.555+0000] {logging_mixin.py:188} INFO - [2026-03-28T18:54:59.555+0000] {dag.py:3096} INFO - Sync 1 DAGs
[2026-03-28T18:54:59.570+0000] {logging_mixin.py:188} INFO - [2026-03-28T18:54:59.570+0000] {dag.py:3954} INFO - Setting next_dagrun for dag_enem_extraction to None, run_after=None
[2026-03-28T18:54:59.594+0000] {processor.py:183} INFO - Processing /opt/airflow/dags/extract_data_git_repo.py took 0.106 seconds
[2026-03-28T18:55:29.917+0000] {processor.py:161} INFO - Started process (PID=1810) to work on /opt/airflow/dags/extract_data_git_repo.py
[2026-03-28T18:55:29.935+0000] {processor.py:830} INFO - Processing file /opt/airflow/dags/extract_data_git_repo.py for tasks to queue
[2026-03-28T18:55:29.936+0000] {logging_mixin.py:188} INFO - [2026-03-28T18:55:29.936+0000] {dagbag.py:545} INFO - Filling up the DagBag from /opt/airflow/dags/extract_data_git_repo.py
[2026-03-28T18:55:29.949+0000] {processor.py:840} INFO - DAG(s) 'dag_enem_extraction' retrieved from /opt/airflow/dags/extract_data_git_repo.py
[2026-03-28T18:55:29.989+0000] {logging_mixin.py:188} INFO - [2026-03-28T18:55:29.989+0000] {dag.py:3096} INFO - Sync 1 DAGs
[2026-03-28T18:55:30.005+0000] {logging_mixin.py:188} INFO - [2026-03-28T18:55:30.005+0000] {dag.py:3954} INFO - Setting next_dagrun for dag_enem_extraction to None, run_after=None
[2026-03-28T18:55:30.028+0000] {processor.py:183} INFO - Processing /opt/airflow/dags/extract_data_git_repo.py took 0.118 seconds
[2026-03-28T18:56:00.341+0000] {processor.py:161} INFO - Started process (PID=1825) to work on /opt/airflow/dags/extract_data_git_repo.py
[2026-03-28T18:56:00.342+0000] {processor.py:830} INFO - Processing file /opt/airflow/dags/extract_data_git_repo.py for tasks to queue
[2026-03-28T18:56:00.343+0000] {logging_mixin.py:188} INFO - [2026-03-28T18:56:00.342+0000] {dagbag.py:545} INFO - Filling up the DagBag from /opt/airflow/dags/extract_data_git_repo.py
[2026-03-28T18:56:00.356+0000] {processor.py:840} INFO - DAG(s) 'dag_enem_extraction' retrieved from /opt/airflow/dags/extract_data_git_repo.py
[2026-03-28T18:56:00.395+0000] {logging_mixin.py:188} INFO - [2026-03-28T18:56:00.395+0000] {dag.py:3096} INFO - Sync 1 DAGs
[2026-03-28T18:56:00.409+0000] {logging_mixin.py:188} INFO - [2026-03-28T18:56:00.409+0000] {dag.py:3954} INFO - Setting next_dagrun for dag_enem_extraction to None, run_after=None
[2026-03-28T18:56:00.433+0000] {processor.py:183} INFO - Processing /opt/airflow/dags/extract_data_git_repo.py took 0.100 seconds
[2026-03-28T18:56:30.747+0000] {processor.py:161} INFO - Started process (PID=1840) to work on /opt/airflow/dags/extract_data_git_repo.py
[2026-03-28T18:56:30.749+0000] {processor.py:830} INFO - Processing file /opt/airflow/dags/extract_data_git_repo.py for tasks to queue
[2026-03-28T18:56:30.750+0000] {logging_mixin.py:188} INFO - [2026-03-28T18:56:30.750+0000] {dagbag.py:545} INFO - Filling up the DagBag from /opt/airflow/dags/extract_data_git_repo.py
[2026-03-28T18:56:30.764+0000] {processor.py:840} INFO - DAG(s) 'dag_enem_extraction' retrieved from /opt/airflow/dags/extract_data_git_repo.py
[2026-03-28T18:56:30.802+0000] {logging_mixin.py:188} INFO - [2026-03-28T18:56:30.802+0000] {dag.py:3096} INFO - Sync 1 DAGs
[2026-03-28T18:56:30.817+0000] {logging_mixin.py:188} INFO - [2026-03-28T18:56:30.817+0000] {dag.py:3954} INFO - Setting next_dagrun for dag_enem_extraction to None, run_after=None
[2026-03-28T18:56:30.842+0000] {processor.py:183} INFO - Processing /opt/airflow/dags/extract_data_git_repo.py took 0.105 seconds
[2026-03-28T18:57:01.177+0000] {processor.py:161} INFO - Started process (PID=1855) to work on /opt/airflow/dags/extract_data_git_repo.py
[2026-03-28T18:57:01.178+0000] {processor.py:830} INFO - Processing file /opt/airflow/dags/extract_data_git_repo.py for tasks to queue
[2026-03-28T18:57:01.179+0000] {logging_mixin.py:188} INFO - [2026-03-28T18:57:01.178+0000] {dagbag.py:545} INFO - Filling up the DagBag from /opt/airflow/dags/extract_data_git_repo.py
[2026-03-28T18:57:01.191+0000] {processor.py:840} INFO - DAG(s) 'dag_enem_extraction' retrieved from /opt/airflow/dags/extract_data_git_repo.py
[2026-03-28T18:57:01.230+0000] {logging_mixin.py:188} INFO - [2026-03-28T18:57:01.229+0000] {dag.py:3096} INFO - Sync 1 DAGs
[2026-03-28T18:57:01.244+0000] {logging_mixin.py:188} INFO - [2026-03-28T18:57:01.244+0000] {dag.py:3954} INFO - Setting next_dagrun for dag_enem_extraction to None, run_after=None
[2026-03-28T18:57:01.267+0000] {processor.py:183} INFO - Processing /opt/airflow/dags/extract_data_git_repo.py took 0.098 seconds
[2026-03-28T18:57:31.579+0000] {processor.py:161} INFO - Started process (PID=1870) to work on /opt/airflow/dags/extract_data_git_repo.py
[2026-03-28T18:57:31.581+0000] {processor.py:830} INFO - Processing file /opt/airflow/dags/extract_data_git_repo.py for tasks to queue
[2026-03-28T18:57:31.582+0000] {logging_mixin.py:188} INFO - [2026-03-28T18:57:31.582+0000] {dagbag.py:545} INFO - Filling up the DagBag from /opt/airflow/dags/extract_data_git_repo.py
[2026-03-28T18:57:31.594+0000] {processor.py:840} INFO - DAG(s) 'dag_enem_extraction' retrieved from /opt/airflow/dags/extract_data_git_repo.py
[2026-03-28T18:57:31.633+0000] {logging_mixin.py:188} INFO - [2026-03-28T18:57:31.632+0000] {dag.py:3096} INFO - Sync 1 DAGs
[2026-03-28T18:57:31.647+0000] {logging_mixin.py:188} INFO - [2026-03-28T18:57:31.647+0000] {dag.py:3954} INFO - Setting next_dagrun for dag_enem_extraction to None, run_after=None
[2026-03-28T18:57:31.675+0000] {processor.py:183} INFO - Processing /opt/airflow/dags/extract_data_git_repo.py took 0.103 seconds
[2026-03-28T18:58:01.982+0000] {processor.py:161} INFO - Started process (PID=1885) to work on /opt/airflow/dags/extract_data_git_repo.py
[2026-03-28T18:58:01.983+0000] {processor.py:830} INFO - Processing file /opt/airflow/dags/extract_data_git_repo.py for tasks to queue
[2026-03-28T18:58:01.984+0000] {logging_mixin.py:188} INFO - [2026-03-28T18:58:01.984+0000] {dagbag.py:545} INFO - Filling up the DagBag from /opt/airflow/dags/extract_data_git_repo.py
[2026-03-28T18:58:01.996+0000] {processor.py:840} INFO - DAG(s) 'dag_enem_extraction' retrieved from /opt/airflow/dags/extract_data_git_repo.py
[2026-03-28T18:58:02.031+0000] {logging_mixin.py:188} INFO - [2026-03-28T18:58:02.031+0000] {dag.py:3096} INFO - Sync 1 DAGs
[2026-03-28T18:58:02.045+0000] {logging_mixin.py:188} INFO - [2026-03-28T18:58:02.044+0000] {dag.py:3954} INFO - Setting next_dagrun for dag_enem_extraction to None, run_after=None
[2026-03-28T18:58:02.067+0000] {processor.py:183} INFO - Processing /opt/airflow/dags/extract_data_git_repo.py took 0.092 seconds
[2026-03-28T18:58:32.382+0000] {processor.py:161} INFO - Started process (PID=1900) to work on /opt/airflow/dags/extract_data_git_repo.py
[2026-03-28T18:58:32.398+0000] {processor.py:830} INFO - Processing file /opt/airflow/dags/extract_data_git_repo.py for tasks to queue
[2026-03-28T18:58:32.400+0000] {logging_mixin.py:188} INFO - [2026-03-28T18:58:32.399+0000] {dagbag.py:545} INFO - Filling up the DagBag from /opt/airflow/dags/extract_data_git_repo.py
[2026-03-28T18:58:32.412+0000] {processor.py:840} INFO - DAG(s) 'dag_enem_extraction' retrieved from /opt/airflow/dags/extract_data_git_repo.py
[2026-03-28T18:58:32.452+0000] {logging_mixin.py:188} INFO - [2026-03-28T18:58:32.452+0000] {dag.py:3096} INFO - Sync 1 DAGs
[2026-03-28T18:58:32.466+0000] {logging_mixin.py:188} INFO - [2026-03-28T18:58:32.466+0000] {dag.py:3954} INFO - Setting next_dagrun for dag_enem_extraction to None, run_after=None
[2026-03-28T18:58:32.488+0000] {processor.py:183} INFO - Processing /opt/airflow/dags/extract_data_git_repo.py took 0.113 seconds
[2026-03-28T18:59:02.796+0000] {processor.py:161} INFO - Started process (PID=1915) to work on /opt/airflow/dags/extract_data_git_repo.py
[2026-03-28T18:59:02.805+0000] {processor.py:830} INFO - Processing file /opt/airflow/dags/extract_data_git_repo.py for tasks to queue
[2026-03-28T18:59:02.807+0000] {logging_mixin.py:188} INFO - [2026-03-28T18:59:02.806+0000] {dagbag.py:545} INFO - Filling up the DagBag from /opt/airflow/dags/extract_data_git_repo.py
[2026-03-28T18:59:02.822+0000] {processor.py:840} INFO - DAG(s) 'dag_enem_extraction' retrieved from /opt/airflow/dags/extract_data_git_repo.py
[2026-03-28T18:59:02.861+0000] {logging_mixin.py:188} INFO - [2026-03-28T18:59:02.860+0000] {dag.py:3096} INFO - Sync 1 DAGs
[2026-03-28T18:59:02.876+0000] {logging_mixin.py:188} INFO - [2026-03-28T18:59:02.876+0000] {dag.py:3954} INFO - Setting next_dagrun for dag_enem_extraction to None, run_after=None
[2026-03-28T18:59:02.899+0000] {processor.py:183} INFO - Processing /opt/airflow/dags/extract_data_git_repo.py took 0.110 seconds
[2026-03-28T18:59:33.203+0000] {processor.py:161} INFO - Started process (PID=1930) to work on /opt/airflow/dags/extract_data_git_repo.py
[2026-03-28T18:59:33.206+0000] {processor.py:830} INFO - Processing file /opt/airflow/dags/extract_data_git_repo.py for tasks to queue
[2026-03-28T18:59:33.207+0000] {logging_mixin.py:188} INFO - [2026-03-28T18:59:33.207+0000] {dagbag.py:545} INFO - Filling up the DagBag from /opt/airflow/dags/extract_data_git_repo.py
[2026-03-28T18:59:33.221+0000] {processor.py:840} INFO - DAG(s) 'dag_enem_extraction' retrieved from /opt/airflow/dags/extract_data_git_repo.py
[2026-03-28T18:59:33.280+0000] {logging_mixin.py:188} INFO - [2026-03-28T18:59:33.280+0000] {dag.py:3096} INFO - Sync 1 DAGs
[2026-03-28T18:59:33.294+0000] {logging_mixin.py:188} INFO - [2026-03-28T18:59:33.294+0000] {dag.py:3954} INFO - Setting next_dagrun for dag_enem_extraction to None, run_after=None
[2026-03-28T18:59:33.321+0000] {processor.py:183} INFO - Processing /opt/airflow/dags/extract_data_git_repo.py took 0.126 seconds
[2026-03-28T19:00:03.641+0000] {processor.py:161} INFO - Started process (PID=1945) to work on /opt/airflow/dags/extract_data_git_repo.py
[2026-03-28T19:00:03.643+0000] {processor.py:830} INFO - Processing file /opt/airflow/dags/extract_data_git_repo.py for tasks to queue
[2026-03-28T19:00:03.644+0000] {logging_mixin.py:188} INFO - [2026-03-28T19:00:03.643+0000] {dagbag.py:545} INFO - Filling up the DagBag from /opt/airflow/dags/extract_data_git_repo.py
[2026-03-28T19:00:03.660+0000] {processor.py:840} INFO - DAG(s) 'dag_enem_extraction' retrieved from /opt/airflow/dags/extract_data_git_repo.py
[2026-03-28T19:00:03.698+0000] {logging_mixin.py:188} INFO - [2026-03-28T19:00:03.697+0000] {dag.py:3096} INFO - Sync 1 DAGs
[2026-03-28T19:00:03.713+0000] {logging_mixin.py:188} INFO - [2026-03-28T19:00:03.713+0000] {dag.py:3954} INFO - Setting next_dagrun for dag_enem_extraction to None, run_after=None
[2026-03-28T19:00:03.736+0000] {processor.py:183} INFO - Processing /opt/airflow/dags/extract_data_git_repo.py took 0.103 seconds
[2026-03-28T19:00:34.049+0000] {processor.py:161} INFO - Started process (PID=1960) to work on /opt/airflow/dags/extract_data_git_repo.py
[2026-03-28T19:00:34.051+0000] {processor.py:830} INFO - Processing file /opt/airflow/dags/extract_data_git_repo.py for tasks to queue
[2026-03-28T19:00:34.052+0000] {logging_mixin.py:188} INFO - [2026-03-28T19:00:34.051+0000] {dagbag.py:545} INFO - Filling up the DagBag from /opt/airflow/dags/extract_data_git_repo.py
[2026-03-28T19:00:34.063+0000] {processor.py:840} INFO - DAG(s) 'dag_enem_extraction' retrieved from /opt/airflow/dags/extract_data_git_repo.py
[2026-03-28T19:00:34.096+0000] {logging_mixin.py:188} INFO - [2026-03-28T19:00:34.096+0000] {dag.py:3096} INFO - Sync 1 DAGs
[2026-03-28T19:00:34.112+0000] {logging_mixin.py:188} INFO - [2026-03-28T19:00:34.112+0000] {dag.py:3954} INFO - Setting next_dagrun for dag_enem_extraction to None, run_after=None
[2026-03-28T19:00:34.138+0000] {processor.py:183} INFO - Processing /opt/airflow/dags/extract_data_git_repo.py took 0.099 seconds
[2026-03-28T19:01:04.457+0000] {processor.py:161} INFO - Started process (PID=1975) to work on /opt/airflow/dags/extract_data_git_repo.py
[2026-03-28T19:01:04.458+0000] {processor.py:830} INFO - Processing file /opt/airflow/dags/extract_data_git_repo.py for tasks to queue
[2026-03-28T19:01:04.459+0000] {logging_mixin.py:188} INFO - [2026-03-28T19:01:04.458+0000] {dagbag.py:545} INFO - Filling up the DagBag from /opt/airflow/dags/extract_data_git_repo.py
[2026-03-28T19:01:04.472+0000] {processor.py:840} INFO - DAG(s) 'dag_enem_extraction' retrieved from /opt/airflow/dags/extract_data_git_repo.py
[2026-03-28T19:01:04.512+0000] {logging_mixin.py:188} INFO - [2026-03-28T19:01:04.512+0000] {dag.py:3096} INFO - Sync 1 DAGs
[2026-03-28T19:01:04.526+0000] {logging_mixin.py:188} INFO - [2026-03-28T19:01:04.526+0000] {dag.py:3954} INFO - Setting next_dagrun for dag_enem_extraction to None, run_after=None
[2026-03-28T19:01:04.550+0000] {processor.py:183} INFO - Processing /opt/airflow/dags/extract_data_git_repo.py took 0.101 seconds
[2026-03-28T19:01:34.874+0000] {processor.py:161} INFO - Started process (PID=1990) to work on /opt/airflow/dags/extract_data_git_repo.py
[2026-03-28T19:01:34.877+0000] {processor.py:830} INFO - Processing file /opt/airflow/dags/extract_data_git_repo.py for tasks to queue
[2026-03-28T19:01:34.882+0000] {logging_mixin.py:188} INFO - [2026-03-28T19:01:34.878+0000] {dagbag.py:545} INFO - Filling up the DagBag from /opt/airflow/dags/extract_data_git_repo.py
[2026-03-28T19:01:34.904+0000] {processor.py:840} INFO - DAG(s) 'dag_enem_extraction' retrieved from /opt/airflow/dags/extract_data_git_repo.py
[2026-03-28T19:01:34.956+0000] {logging_mixin.py:188} INFO - [2026-03-28T19:01:34.956+0000] {dag.py:3096} INFO - Sync 1 DAGs
[2026-03-28T19:01:34.973+0000] {logging_mixin.py:188} INFO - [2026-03-28T19:01:34.973+0000] {dag.py:3954} INFO - Setting next_dagrun for dag_enem_extraction to None, run_after=None
[2026-03-28T19:01:35.002+0000] {processor.py:183} INFO - Processing /opt/airflow/dags/extract_data_git_repo.py took 0.145 seconds
[2026-03-28T19:02:05.456+0000] {processor.py:161} INFO - Started process (PID=2005) to work on /opt/airflow/dags/extract_data_git_repo.py
[2026-03-28T19:02:05.457+0000] {processor.py:830} INFO - Processing file /opt/airflow/dags/extract_data_git_repo.py for tasks to queue
[2026-03-28T19:02:05.458+0000] {logging_mixin.py:188} INFO - [2026-03-28T19:02:05.457+0000] {dagbag.py:545} INFO - Filling up the DagBag from /opt/airflow/dags/extract_data_git_repo.py
[2026-03-28T19:02:05.470+0000] {processor.py:840} INFO - DAG(s) 'dag_enem_extraction' retrieved from /opt/airflow/dags/extract_data_git_repo.py
[2026-03-28T19:02:05.509+0000] {logging_mixin.py:188} INFO - [2026-03-28T19:02:05.508+0000] {dag.py:3096} INFO - Sync 1 DAGs
[2026-03-28T19:02:05.524+0000] {logging_mixin.py:188} INFO - [2026-03-28T19:02:05.524+0000] {dag.py:3954} INFO - Setting next_dagrun for dag_enem_extraction to None, run_after=None
[2026-03-28T19:02:05.548+0000] {processor.py:183} INFO - Processing /opt/airflow/dags/extract_data_git_repo.py took 0.099 seconds
[2026-03-28T19:02:35.859+0000] {processor.py:161} INFO - Started process (PID=2020) to work on /opt/airflow/dags/extract_data_git_repo.py
[2026-03-28T19:02:35.860+0000] {processor.py:830} INFO - Processing file /opt/airflow/dags/extract_data_git_repo.py for tasks to queue
[2026-03-28T19:02:35.861+0000] {logging_mixin.py:188} INFO - [2026-03-28T19:02:35.861+0000] {dagbag.py:545} INFO - Filling up the DagBag from /opt/airflow/dags/extract_data_git_repo.py
[2026-03-28T19:02:35.875+0000] {processor.py:840} INFO - DAG(s) 'dag_enem_extraction' retrieved from /opt/airflow/dags/extract_data_git_repo.py
[2026-03-28T19:02:35.915+0000] {logging_mixin.py:188} INFO - [2026-03-28T19:02:35.914+0000] {dag.py:3096} INFO - Sync 1 DAGs
[2026-03-28T19:02:35.929+0000] {logging_mixin.py:188} INFO - [2026-03-28T19:02:35.929+0000] {dag.py:3954} INFO - Setting next_dagrun for dag_enem_extraction to None, run_after=None
[2026-03-28T19:02:35.956+0000] {processor.py:183} INFO - Processing /opt/airflow/dags/extract_data_git_repo.py took 0.105 seconds
[2026-03-28T19:03:06.260+0000] {processor.py:161} INFO - Started process (PID=2035) to work on /opt/airflow/dags/extract_data_git_repo.py
[2026-03-28T19:03:06.261+0000] {processor.py:830} INFO - Processing file /opt/airflow/dags/extract_data_git_repo.py for tasks to queue
[2026-03-28T19:03:06.262+0000] {logging_mixin.py:188} INFO - [2026-03-28T19:03:06.262+0000] {dagbag.py:545} INFO - Filling up the DagBag from /opt/airflow/dags/extract_data_git_repo.py
[2026-03-28T19:03:06.275+0000] {processor.py:840} INFO - DAG(s) 'dag_enem_extraction' retrieved from /opt/airflow/dags/extract_data_git_repo.py
[2026-03-28T19:03:06.326+0000] {logging_mixin.py:188} INFO - [2026-03-28T19:03:06.326+0000] {dag.py:3096} INFO - Sync 1 DAGs
[2026-03-28T19:03:06.349+0000] {logging_mixin.py:188} INFO - [2026-03-28T19:03:06.348+0000] {dag.py:3954} INFO - Setting next_dagrun for dag_enem_extraction to None, run_after=None
[2026-03-28T19:03:06.375+0000] {processor.py:183} INFO - Processing /opt/airflow/dags/extract_data_git_repo.py took 0.127 seconds
[2026-03-28T19:03:36.681+0000] {processor.py:161} INFO - Started process (PID=2050) to work on /opt/airflow/dags/extract_data_git_repo.py
[2026-03-28T19:03:36.683+0000] {processor.py:830} INFO - Processing file /opt/airflow/dags/extract_data_git_repo.py for tasks to queue
[2026-03-28T19:03:36.684+0000] {logging_mixin.py:188} INFO - [2026-03-28T19:03:36.684+0000] {dagbag.py:545} INFO - Filling up the DagBag from /opt/airflow/dags/extract_data_git_repo.py
[2026-03-28T19:03:36.696+0000] {processor.py:840} INFO - DAG(s) 'dag_enem_extraction' retrieved from /opt/airflow/dags/extract_data_git_repo.py
[2026-03-28T19:03:36.734+0000] {logging_mixin.py:188} INFO - [2026-03-28T19:03:36.734+0000] {dag.py:3096} INFO - Sync 1 DAGs
[2026-03-28T19:03:36.749+0000] {logging_mixin.py:188} INFO - [2026-03-28T19:03:36.749+0000] {dag.py:3954} INFO - Setting next_dagrun for dag_enem_extraction to None, run_after=None
[2026-03-28T19:03:36.774+0000] {processor.py:183} INFO - Processing /opt/airflow/dags/extract_data_git_repo.py took 0.099 seconds
[2026-03-28T19:04:07.125+0000] {processor.py:161} INFO - Started process (PID=2065) to work on /opt/airflow/dags/extract_data_git_repo.py
[2026-03-28T19:04:07.127+0000] {processor.py:830} INFO - Processing file /opt/airflow/dags/extract_data_git_repo.py for tasks to queue
[2026-03-28T19:04:07.128+0000] {logging_mixin.py:188} INFO - [2026-03-28T19:04:07.127+0000] {dagbag.py:545} INFO - Filling up the DagBag from /opt/airflow/dags/extract_data_git_repo.py
[2026-03-28T19:04:07.141+0000] {processor.py:840} INFO - DAG(s) 'dag_enem_extraction' retrieved from /opt/airflow/dags/extract_data_git_repo.py
[2026-03-28T19:04:07.176+0000] {logging_mixin.py:188} INFO - [2026-03-28T19:04:07.175+0000] {dag.py:3096} INFO - Sync 1 DAGs
[2026-03-28T19:04:07.190+0000] {logging_mixin.py:188} INFO - [2026-03-28T19:04:07.189+0000] {dag.py:3954} INFO - Setting next_dagrun for dag_enem_extraction to None, run_after=None
[2026-03-28T19:04:07.212+0000] {processor.py:183} INFO - Processing /opt/airflow/dags/extract_data_git_repo.py took 0.146 seconds
[2026-03-28T19:04:37.519+0000] {processor.py:161} INFO - Started process (PID=2080) to work on /opt/airflow/dags/extract_data_git_repo.py
[2026-03-28T19:04:37.521+0000] {processor.py:830} INFO - Processing file /opt/airflow/dags/extract_data_git_repo.py for tasks to queue
[2026-03-28T19:04:37.522+0000] {logging_mixin.py:188} INFO - [2026-03-28T19:04:37.522+0000] {dagbag.py:545} INFO - Filling up the DagBag from /opt/airflow/dags/extract_data_git_repo.py
[2026-03-28T19:04:37.537+0000] {processor.py:840} INFO - DAG(s) 'dag_enem_extraction' retrieved from /opt/airflow/dags/extract_data_git_repo.py
[2026-03-28T19:04:37.581+0000] {logging_mixin.py:188} INFO - [2026-03-28T19:04:37.580+0000] {dag.py:3096} INFO - Sync 1 DAGs
[2026-03-28T19:04:37.596+0000] {logging_mixin.py:188} INFO - [2026-03-28T19:04:37.596+0000] {dag.py:3954} INFO - Setting next_dagrun for dag_enem_extraction to None, run_after=None
[2026-03-28T19:04:37.626+0000] {processor.py:183} INFO - Processing /opt/airflow/dags/extract_data_git_repo.py took 0.114 seconds
[2026-03-28T19:05:07.933+0000] {processor.py:161} INFO - Started process (PID=2095) to work on /opt/airflow/dags/extract_data_git_repo.py
[2026-03-28T19:05:07.934+0000] {processor.py:830} INFO - Processing file /opt/airflow/dags/extract_data_git_repo.py for tasks to queue
[2026-03-28T19:05:07.935+0000] {logging_mixin.py:188} INFO - [2026-03-28T19:05:07.935+0000] {dagbag.py:545} INFO - Filling up the DagBag from /opt/airflow/dags/extract_data_git_repo.py
[2026-03-28T19:05:07.947+0000] {processor.py:840} INFO - DAG(s) 'dag_enem_extraction' retrieved from /opt/airflow/dags/extract_data_git_repo.py
[2026-03-28T19:05:07.982+0000] {logging_mixin.py:188} INFO - [2026-03-28T19:05:07.981+0000] {dag.py:3096} INFO - Sync 1 DAGs
[2026-03-28T19:05:07.997+0000] {logging_mixin.py:188} INFO - [2026-03-28T19:05:07.997+0000] {dag.py:3954} INFO - Setting next_dagrun for dag_enem_extraction to None, run_after=None
[2026-03-28T19:05:08.022+0000] {processor.py:183} INFO - Processing /opt/airflow/dags/extract_data_git_repo.py took 0.098 seconds
[2026-03-28T19:05:38.325+0000] {processor.py:161} INFO - Started process (PID=2110) to work on /opt/airflow/dags/extract_data_git_repo.py
[2026-03-28T19:05:38.326+0000] {processor.py:830} INFO - Processing file /opt/airflow/dags/extract_data_git_repo.py for tasks to queue
[2026-03-28T19:05:38.327+0000] {logging_mixin.py:188} INFO - [2026-03-28T19:05:38.327+0000] {dagbag.py:545} INFO - Filling up the DagBag from /opt/airflow/dags/extract_data_git_repo.py
[2026-03-28T19:05:38.339+0000] {processor.py:840} INFO - DAG(s) 'dag_enem_extraction' retrieved from /opt/airflow/dags/extract_data_git_repo.py
[2026-03-28T19:05:38.379+0000] {logging_mixin.py:188} INFO - [2026-03-28T19:05:38.378+0000] {dag.py:3096} INFO - Sync 1 DAGs
[2026-03-28T19:05:38.395+0000] {logging_mixin.py:188} INFO - [2026-03-28T19:05:38.395+0000] {dag.py:3954} INFO - Setting next_dagrun for dag_enem_extraction to None, run_after=None
[2026-03-28T19:05:38.420+0000] {processor.py:183} INFO - Processing /opt/airflow/dags/extract_data_git_repo.py took 0.104 seconds
[2026-03-28T19:06:08.738+0000] {processor.py:161} INFO - Started process (PID=2125) to work on /opt/airflow/dags/extract_data_git_repo.py
[2026-03-28T19:06:08.739+0000] {processor.py:830} INFO - Processing file /opt/airflow/dags/extract_data_git_repo.py for tasks to queue
[2026-03-28T19:06:08.740+0000] {logging_mixin.py:188} INFO - [2026-03-28T19:06:08.740+0000] {dagbag.py:545} INFO - Filling up the DagBag from /opt/airflow/dags/extract_data_git_repo.py
[2026-03-28T19:06:08.754+0000] {processor.py:840} INFO - DAG(s) 'dag_enem_extraction' retrieved from /opt/airflow/dags/extract_data_git_repo.py
[2026-03-28T19:06:08.811+0000] {logging_mixin.py:188} INFO - [2026-03-28T19:06:08.811+0000] {dag.py:3096} INFO - Sync 1 DAGs
[2026-03-28T19:06:08.825+0000] {logging_mixin.py:188} INFO - [2026-03-28T19:06:08.825+0000] {dag.py:3954} INFO - Setting next_dagrun for dag_enem_extraction to None, run_after=None
[2026-03-28T19:06:08.848+0000] {processor.py:183} INFO - Processing /opt/airflow/dags/extract_data_git_repo.py took 0.117 seconds
[2026-03-28T19:06:39.173+0000] {processor.py:161} INFO - Started process (PID=2140) to work on /opt/airflow/dags/extract_data_git_repo.py
[2026-03-28T19:06:39.191+0000] {processor.py:830} INFO - Processing file /opt/airflow/dags/extract_data_git_repo.py for tasks to queue
[2026-03-28T19:06:39.192+0000] {logging_mixin.py:188} INFO - [2026-03-28T19:06:39.191+0000] {dagbag.py:545} INFO - Filling up the DagBag from /opt/airflow/dags/extract_data_git_repo.py
[2026-03-28T19:06:39.207+0000] {processor.py:840} INFO - DAG(s) 'dag_enem_extraction' retrieved from /opt/airflow/dags/extract_data_git_repo.py
[2026-03-28T19:06:39.244+0000] {logging_mixin.py:188} INFO - [2026-03-28T19:06:39.244+0000] {dag.py:3096} INFO - Sync 1 DAGs
[2026-03-28T19:06:39.260+0000] {logging_mixin.py:188} INFO - [2026-03-28T19:06:39.260+0000] {dag.py:3954} INFO - Setting next_dagrun for dag_enem_extraction to None, run_after=None
[2026-03-28T19:06:39.283+0000] {processor.py:183} INFO - Processing /opt/airflow/dags/extract_data_git_repo.py took 0.117 seconds
[2026-03-28T19:07:09.600+0000] {processor.py:161} INFO - Started process (PID=2155) to work on /opt/airflow/dags/extract_data_git_repo.py
[2026-03-28T19:07:09.601+0000] {processor.py:830} INFO - Processing file /opt/airflow/dags/extract_data_git_repo.py for tasks to queue
[2026-03-28T19:07:09.602+0000] {logging_mixin.py:188} INFO - [2026-03-28T19:07:09.601+0000] {dagbag.py:545} INFO - Filling up the DagBag from /opt/airflow/dags/extract_data_git_repo.py
[2026-03-28T19:07:09.615+0000] {processor.py:840} INFO - DAG(s) 'dag_enem_extraction' retrieved from /opt/airflow/dags/extract_data_git_repo.py
[2026-03-28T19:07:09.659+0000] {logging_mixin.py:188} INFO - [2026-03-28T19:07:09.658+0000] {dag.py:3096} INFO - Sync 1 DAGs
[2026-03-28T19:07:09.676+0000] {logging_mixin.py:188} INFO - [2026-03-28T19:07:09.676+0000] {dag.py:3954} INFO - Setting next_dagrun for dag_enem_extraction to None, run_after=None
[2026-03-28T19:07:09.702+0000] {processor.py:183} INFO - Processing /opt/airflow/dags/extract_data_git_repo.py took 0.110 seconds
[2026-03-28T19:07:40.021+0000] {processor.py:161} INFO - Started process (PID=2170) to work on /opt/airflow/dags/extract_data_git_repo.py
[2026-03-28T19:07:40.040+0000] {processor.py:830} INFO - Processing file /opt/airflow/dags/extract_data_git_repo.py for tasks to queue
[2026-03-28T19:07:40.041+0000] {logging_mixin.py:188} INFO - [2026-03-28T19:07:40.041+0000] {dagbag.py:545} INFO - Filling up the DagBag from /opt/airflow/dags/extract_data_git_repo.py
[2026-03-28T19:07:40.054+0000] {processor.py:840} INFO - DAG(s) 'dag_enem_extraction' retrieved from /opt/airflow/dags/extract_data_git_repo.py
[2026-03-28T19:07:40.092+0000] {logging_mixin.py:188} INFO - [2026-03-28T19:07:40.092+0000] {dag.py:3096} INFO - Sync 1 DAGs
[2026-03-28T19:07:40.107+0000] {logging_mixin.py:188} INFO - [2026-03-28T19:07:40.107+0000] {dag.py:3954} INFO - Setting next_dagrun for dag_enem_extraction to None, run_after=None
[2026-03-28T19:07:40.130+0000] {processor.py:183} INFO - Processing /opt/airflow/dags/extract_data_git_repo.py took 0.116 seconds
[2026-03-28T19:08:10.437+0000] {processor.py:161} INFO - Started process (PID=2185) to work on /opt/airflow/dags/extract_data_git_repo.py
[2026-03-28T19:08:10.438+0000] {processor.py:830} INFO - Processing file /opt/airflow/dags/extract_data_git_repo.py for tasks to queue
[2026-03-28T19:08:10.439+0000] {logging_mixin.py:188} INFO - [2026-03-28T19:08:10.439+0000] {dagbag.py:545} INFO - Filling up the DagBag from /opt/airflow/dags/extract_data_git_repo.py
[2026-03-28T19:08:10.452+0000] {processor.py:840} INFO - DAG(s) 'dag_enem_extraction' retrieved from /opt/airflow/dags/extract_data_git_repo.py
[2026-03-28T19:08:10.491+0000] {logging_mixin.py:188} INFO - [2026-03-28T19:08:10.491+0000] {dag.py:3096} INFO - Sync 1 DAGs
[2026-03-28T19:08:10.505+0000] {logging_mixin.py:188} INFO - [2026-03-28T19:08:10.505+0000] {dag.py:3954} INFO - Setting next_dagrun for dag_enem_extraction to None, run_after=None
[2026-03-28T19:08:10.529+0000] {processor.py:183} INFO - Processing /opt/airflow/dags/extract_data_git_repo.py took 0.098 seconds
[2026-03-28T19:08:40.832+0000] {processor.py:161} INFO - Started process (PID=2200) to work on /opt/airflow/dags/extract_data_git_repo.py
[2026-03-28T19:08:40.851+0000] {processor.py:830} INFO - Processing file /opt/airflow/dags/extract_data_git_repo.py for tasks to queue
[2026-03-28T19:08:40.852+0000] {logging_mixin.py:188} INFO - [2026-03-28T19:08:40.851+0000] {dagbag.py:545} INFO - Filling up the DagBag from /opt/airflow/dags/extract_data_git_repo.py
[2026-03-28T19:08:40.865+0000] {processor.py:840} INFO - DAG(s) 'dag_enem_extraction' retrieved from /opt/airflow/dags/extract_data_git_repo.py
[2026-03-28T19:08:40.903+0000] {logging_mixin.py:188} INFO - [2026-03-28T19:08:40.903+0000] {dag.py:3096} INFO - Sync 1 DAGs
[2026-03-28T19:08:40.918+0000] {logging_mixin.py:188} INFO - [2026-03-28T19:08:40.918+0000] {dag.py:3954} INFO - Setting next_dagrun for dag_enem_extraction to None, run_after=None
[2026-03-28T19:08:40.943+0000] {processor.py:183} INFO - Processing /opt/airflow/dags/extract_data_git_repo.py took 0.118 seconds
[2026-03-28T19:09:11.248+0000] {processor.py:161} INFO - Started process (PID=2215) to work on /opt/airflow/dags/extract_data_git_repo.py
[2026-03-28T19:09:11.249+0000] {processor.py:830} INFO - Processing file /opt/airflow/dags/extract_data_git_repo.py for tasks to queue
[2026-03-28T19:09:11.250+0000] {logging_mixin.py:188} INFO - [2026-03-28T19:09:11.249+0000] {dagbag.py:545} INFO - Filling up the DagBag from /opt/airflow/dags/extract_data_git_repo.py
[2026-03-28T19:09:11.262+0000] {processor.py:840} INFO - DAG(s) 'dag_enem_extraction' retrieved from /opt/airflow/dags/extract_data_git_repo.py
[2026-03-28T19:09:11.298+0000] {logging_mixin.py:188} INFO - [2026-03-28T19:09:11.298+0000] {dag.py:3096} INFO - Sync 1 DAGs
[2026-03-28T19:09:11.315+0000] {logging_mixin.py:188} INFO - [2026-03-28T19:09:11.314+0000] {dag.py:3954} INFO - Setting next_dagrun for dag_enem_extraction to None, run_after=None
[2026-03-28T19:09:11.353+0000] {processor.py:183} INFO - Processing /opt/airflow/dags/extract_data_git_repo.py took 0.113 seconds
[2026-03-28T19:09:41.672+0000] {processor.py:161} INFO - Started process (PID=2230) to work on /opt/airflow/dags/extract_data_git_repo.py
[2026-03-28T19:09:41.691+0000] {processor.py:830} INFO - Processing file /opt/airflow/dags/extract_data_git_repo.py for tasks to queue
[2026-03-28T19:09:41.692+0000] {logging_mixin.py:188} INFO - [2026-03-28T19:09:41.691+0000] {dagbag.py:545} INFO - Filling up the DagBag from /opt/airflow/dags/extract_data_git_repo.py
[2026-03-28T19:09:41.708+0000] {processor.py:840} INFO - DAG(s) 'dag_enem_extraction' retrieved from /opt/airflow/dags/extract_data_git_repo.py
[2026-03-28T19:09:41.749+0000] {logging_mixin.py:188} INFO - [2026-03-28T19:09:41.748+0000] {dag.py:3096} INFO - Sync 1 DAGs
[2026-03-28T19:09:41.765+0000] {logging_mixin.py:188} INFO - [2026-03-28T19:09:41.765+0000] {dag.py:3954} INFO - Setting next_dagrun for dag_enem_extraction to None, run_after=None
[2026-03-28T19:09:41.789+0000] {processor.py:183} INFO - Processing /opt/airflow/dags/extract_data_git_repo.py took 0.126 seconds
[2026-03-28T19:10:12.085+0000] {processor.py:161} INFO - Started process (PID=2245) to work on /opt/airflow/dags/extract_data_git_repo.py
[2026-03-28T19:10:12.086+0000] {processor.py:830} INFO - Processing file /opt/airflow/dags/extract_data_git_repo.py for tasks to queue
[2026-03-28T19:10:12.087+0000] {logging_mixin.py:188} INFO - [2026-03-28T19:10:12.087+0000] {dagbag.py:545} INFO - Filling up the DagBag from /opt/airflow/dags/extract_data_git_repo.py
[2026-03-28T19:10:12.101+0000] {processor.py:840} INFO - DAG(s) 'dag_enem_extraction' retrieved from /opt/airflow/dags/extract_data_git_repo.py
[2026-03-28T19:10:12.142+0000] {logging_mixin.py:188} INFO - [2026-03-28T19:10:12.141+0000] {dag.py:3096} INFO - Sync 1 DAGs
[2026-03-28T19:10:12.157+0000] {logging_mixin.py:188} INFO - [2026-03-28T19:10:12.156+0000] {dag.py:3954} INFO - Setting next_dagrun for dag_enem_extraction to None, run_after=None
[2026-03-28T19:10:12.179+0000] {processor.py:183} INFO - Processing /opt/airflow/dags/extract_data_git_repo.py took 0.101 seconds
[2026-03-28T19:10:42.482+0000] {processor.py:161} INFO - Started process (PID=2260) to work on /opt/airflow/dags/extract_data_git_repo.py
[2026-03-28T19:10:42.483+0000] {processor.py:830} INFO - Processing file /opt/airflow/dags/extract_data_git_repo.py for tasks to queue
[2026-03-28T19:10:42.484+0000] {logging_mixin.py:188} INFO - [2026-03-28T19:10:42.484+0000] {dagbag.py:545} INFO - Filling up the DagBag from /opt/airflow/dags/extract_data_git_repo.py
[2026-03-28T19:10:42.497+0000] {processor.py:840} INFO - DAG(s) 'dag_enem_extraction' retrieved from /opt/airflow/dags/extract_data_git_repo.py
[2026-03-28T19:10:42.537+0000] {logging_mixin.py:188} INFO - [2026-03-28T19:10:42.537+0000] {dag.py:3096} INFO - Sync 1 DAGs
[2026-03-28T19:10:42.553+0000] {logging_mixin.py:188} INFO - [2026-03-28T19:10:42.552+0000] {dag.py:3954} INFO - Setting next_dagrun for dag_enem_extraction to None, run_after=None
[2026-03-28T19:10:42.576+0000] {processor.py:183} INFO - Processing /opt/airflow/dags/extract_data_git_repo.py took 0.101 seconds
[2026-03-28T19:11:12.883+0000] {processor.py:161} INFO - Started process (PID=2275) to work on /opt/airflow/dags/extract_data_git_repo.py
[2026-03-28T19:11:12.884+0000] {processor.py:830} INFO - Processing file /opt/airflow/dags/extract_data_git_repo.py for tasks to queue
[2026-03-28T19:11:12.893+0000] {logging_mixin.py:188} INFO - [2026-03-28T19:11:12.892+0000] {dagbag.py:545} INFO - Filling up the DagBag from /opt/airflow/dags/extract_data_git_repo.py
[2026-03-28T19:11:12.909+0000] {processor.py:840} INFO - DAG(s) 'dag_enem_extraction' retrieved from /opt/airflow/dags/extract_data_git_repo.py
[2026-03-28T19:11:12.946+0000] {logging_mixin.py:188} INFO - [2026-03-28T19:11:12.945+0000] {dag.py:3096} INFO - Sync 1 DAGs
[2026-03-28T19:11:12.962+0000] {logging_mixin.py:188} INFO - [2026-03-28T19:11:12.962+0000] {dag.py:3954} INFO - Setting next_dagrun for dag_enem_extraction to None, run_after=None
[2026-03-28T19:11:12.985+0000] {processor.py:183} INFO - Processing /opt/airflow/dags/extract_data_git_repo.py took 0.109 seconds
[2026-03-28T19:11:43.310+0000] {processor.py:161} INFO - Started process (PID=2290) to work on /opt/airflow/dags/extract_data_git_repo.py
[2026-03-28T19:11:43.311+0000] {processor.py:830} INFO - Processing file /opt/airflow/dags/extract_data_git_repo.py for tasks to queue
[2026-03-28T19:11:43.312+0000] {logging_mixin.py:188} INFO - [2026-03-28T19:11:43.312+0000] {dagbag.py:545} INFO - Filling up the DagBag from /opt/airflow/dags/extract_data_git_repo.py
[2026-03-28T19:11:43.327+0000] {processor.py:840} INFO - DAG(s) 'dag_enem_extraction' retrieved from /opt/airflow/dags/extract_data_git_repo.py
[2026-03-28T19:11:43.365+0000] {logging_mixin.py:188} INFO - [2026-03-28T19:11:43.364+0000] {dag.py:3096} INFO - Sync 1 DAGs
[2026-03-28T19:11:43.379+0000] {logging_mixin.py:188} INFO - [2026-03-28T19:11:43.379+0000] {dag.py:3954} INFO - Setting next_dagrun for dag_enem_extraction to None, run_after=None
[2026-03-28T19:11:43.402+0000] {processor.py:183} INFO - Processing /opt/airflow/dags/extract_data_git_repo.py took 0.100 seconds
[2026-03-28T19:12:13.710+0000] {processor.py:161} INFO - Started process (PID=2305) to work on /opt/airflow/dags/extract_data_git_repo.py
[2026-03-28T19:12:13.711+0000] {processor.py:830} INFO - Processing file /opt/airflow/dags/extract_data_git_repo.py for tasks to queue
[2026-03-28T19:12:13.712+0000] {logging_mixin.py:188} INFO - [2026-03-28T19:12:13.712+0000] {dagbag.py:545} INFO - Filling up the DagBag from /opt/airflow/dags/extract_data_git_repo.py
[2026-03-28T19:12:13.725+0000] {processor.py:840} INFO - DAG(s) 'dag_enem_extraction' retrieved from /opt/airflow/dags/extract_data_git_repo.py
[2026-03-28T19:12:13.765+0000] {logging_mixin.py:188} INFO - [2026-03-28T19:12:13.765+0000] {dag.py:3096} INFO - Sync 1 DAGs
[2026-03-28T19:12:13.780+0000] {logging_mixin.py:188} INFO - [2026-03-28T19:12:13.780+0000] {dag.py:3954} INFO - Setting next_dagrun for dag_enem_extraction to None, run_after=None
[2026-03-28T19:12:13.804+0000] {processor.py:183} INFO - Processing /opt/airflow/dags/extract_data_git_repo.py took 0.102 seconds
[2026-03-28T19:12:44.119+0000] {processor.py:161} INFO - Started process (PID=2320) to work on /opt/airflow/dags/extract_data_git_repo.py
[2026-03-28T19:12:44.120+0000] {processor.py:830} INFO - Processing file /opt/airflow/dags/extract_data_git_repo.py for tasks to queue
[2026-03-28T19:12:44.121+0000] {logging_mixin.py:188} INFO - [2026-03-28T19:12:44.121+0000] {dagbag.py:545} INFO - Filling up the DagBag from /opt/airflow/dags/extract_data_git_repo.py
[2026-03-28T19:12:44.134+0000] {processor.py:840} INFO - DAG(s) 'dag_enem_extraction' retrieved from /opt/airflow/dags/extract_data_git_repo.py
[2026-03-28T19:12:44.174+0000] {logging_mixin.py:188} INFO - [2026-03-28T19:12:44.174+0000] {dag.py:3096} INFO - Sync 1 DAGs
[2026-03-28T19:12:44.188+0000] {logging_mixin.py:188} INFO - [2026-03-28T19:12:44.188+0000] {dag.py:3954} INFO - Setting next_dagrun for dag_enem_extraction to None, run_after=None
[2026-03-28T19:12:44.212+0000] {processor.py:183} INFO - Processing /opt/airflow/dags/extract_data_git_repo.py took 0.100 seconds
[2026-03-28T19:13:14.544+0000] {processor.py:161} INFO - Started process (PID=2335) to work on /opt/airflow/dags/extract_data_git_repo.py
[2026-03-28T19:13:14.545+0000] {processor.py:830} INFO - Processing file /opt/airflow/dags/extract_data_git_repo.py for tasks to queue
[2026-03-28T19:13:14.546+0000] {logging_mixin.py:188} INFO - [2026-03-28T19:13:14.546+0000] {dagbag.py:545} INFO - Filling up the DagBag from /opt/airflow/dags/extract_data_git_repo.py
[2026-03-28T19:13:14.559+0000] {processor.py:840} INFO - DAG(s) 'dag_enem_extraction' retrieved from /opt/airflow/dags/extract_data_git_repo.py
[2026-03-28T19:13:14.600+0000] {logging_mixin.py:188} INFO - [2026-03-28T19:13:14.600+0000] {dag.py:3096} INFO - Sync 1 DAGs
[2026-03-28T19:13:14.615+0000] {logging_mixin.py:188} INFO - [2026-03-28T19:13:14.615+0000] {dag.py:3954} INFO - Setting next_dagrun for dag_enem_extraction to None, run_after=None
[2026-03-28T19:13:14.639+0000] {processor.py:183} INFO - Processing /opt/airflow/dags/extract_data_git_repo.py took 0.102 seconds
[2026-03-28T19:13:44.950+0000] {processor.py:161} INFO - Started process (PID=2350) to work on /opt/airflow/dags/extract_data_git_repo.py
[2026-03-28T19:13:44.952+0000] {processor.py:830} INFO - Processing file /opt/airflow/dags/extract_data_git_repo.py for tasks to queue
[2026-03-28T19:13:44.953+0000] {logging_mixin.py:188} INFO - [2026-03-28T19:13:44.952+0000] {dagbag.py:545} INFO - Filling up the DagBag from /opt/airflow/dags/extract_data_git_repo.py
[2026-03-28T19:13:44.964+0000] {processor.py:840} INFO - DAG(s) 'dag_enem_extraction' retrieved from /opt/airflow/dags/extract_data_git_repo.py
[2026-03-28T19:13:45.006+0000] {logging_mixin.py:188} INFO - [2026-03-28T19:13:45.005+0000] {dag.py:3096} INFO - Sync 1 DAGs
[2026-03-28T19:13:45.021+0000] {logging_mixin.py:188} INFO - [2026-03-28T19:13:45.021+0000] {dag.py:3954} INFO - Setting next_dagrun for dag_enem_extraction to None, run_after=None
[2026-03-28T19:13:45.045+0000] {processor.py:183} INFO - Processing /opt/airflow/dags/extract_data_git_repo.py took 0.103 seconds
[2026-03-28T19:14:15.351+0000] {processor.py:161} INFO - Started process (PID=2365) to work on /opt/airflow/dags/extract_data_git_repo.py
[2026-03-28T19:14:15.353+0000] {processor.py:830} INFO - Processing file /opt/airflow/dags/extract_data_git_repo.py for tasks to queue
[2026-03-28T19:14:15.354+0000] {logging_mixin.py:188} INFO - [2026-03-28T19:14:15.354+0000] {dagbag.py:545} INFO - Filling up the DagBag from /opt/airflow/dags/extract_data_git_repo.py
[2026-03-28T19:14:15.365+0000] {processor.py:840} INFO - DAG(s) 'dag_enem_extraction' retrieved from /opt/airflow/dags/extract_data_git_repo.py
[2026-03-28T19:14:15.404+0000] {logging_mixin.py:188} INFO - [2026-03-28T19:14:15.404+0000] {dag.py:3096} INFO - Sync 1 DAGs
[2026-03-28T19:14:15.423+0000] {logging_mixin.py:188} INFO - [2026-03-28T19:14:15.422+0000] {dag.py:3954} INFO - Setting next_dagrun for dag_enem_extraction to None, run_after=None
[2026-03-28T19:14:15.450+0000] {processor.py:183} INFO - Processing /opt/airflow/dags/extract_data_git_repo.py took 0.107 seconds
[2026-03-28T20:25:01.604+0000] {processor.py:161} INFO - Started process (PID=2395) to work on /opt/airflow/dags/extract_data_git_repo.py
[2026-03-28T20:25:01.609+0000] {processor.py:830} INFO - Processing file /opt/airflow/dags/extract_data_git_repo.py for tasks to queue
[2026-03-28T20:25:01.611+0000] {logging_mixin.py:188} INFO - [2026-03-28T20:25:01.609+0000] {dagbag.py:545} INFO - Filling up the DagBag from /opt/airflow/dags/extract_data_git_repo.py
[2026-03-28T20:25:01.657+0000] {processor.py:840} INFO - DAG(s) 'dag_enem_extraction' retrieved from /opt/airflow/dags/extract_data_git_repo.py
[2026-03-28T20:25:01.801+0000] {logging_mixin.py:188} INFO - [2026-03-28T20:25:01.801+0000] {dag.py:3096} INFO - Sync 1 DAGs
[2026-03-28T20:25:01.849+0000] {logging_mixin.py:188} INFO - [2026-03-28T20:25:01.848+0000] {dag.py:3954} INFO - Setting next_dagrun for dag_enem_extraction to None, run_after=None
[2026-03-28T20:25:01.894+0000] {processor.py:183} INFO - Processing /opt/airflow/dags/extract_data_git_repo.py took 0.303 seconds
[2026-03-28T20:25:32.192+0000] {processor.py:161} INFO - Started process (PID=2410) to work on /opt/airflow/dags/extract_data_git_repo.py
[2026-03-28T20:25:32.193+0000] {processor.py:830} INFO - Processing file /opt/airflow/dags/extract_data_git_repo.py for tasks to queue
[2026-03-28T20:25:32.194+0000] {logging_mixin.py:188} INFO - [2026-03-28T20:25:32.193+0000] {dagbag.py:545} INFO - Filling up the DagBag from /opt/airflow/dags/extract_data_git_repo.py
[2026-03-28T20:25:32.202+0000] {processor.py:840} INFO - DAG(s) 'dag_enem_extraction' retrieved from /opt/airflow/dags/extract_data_git_repo.py
[2026-03-28T20:25:32.250+0000] {logging_mixin.py:188} INFO - [2026-03-28T20:25:32.250+0000] {dag.py:3096} INFO - Sync 1 DAGs
[2026-03-28T20:25:32.266+0000] {logging_mixin.py:188} INFO - [2026-03-28T20:25:32.266+0000] {dag.py:3954} INFO - Setting next_dagrun for dag_enem_extraction to None, run_after=None
[2026-03-28T20:25:32.293+0000] {processor.py:183} INFO - Processing /opt/airflow/dags/extract_data_git_repo.py took 0.109 seconds
[2026-03-28T20:26:02.571+0000] {processor.py:161} INFO - Started process (PID=2425) to work on /opt/airflow/dags/extract_data_git_repo.py
[2026-03-28T20:26:02.572+0000] {processor.py:830} INFO - Processing file /opt/airflow/dags/extract_data_git_repo.py for tasks to queue
[2026-03-28T20:26:02.574+0000] {logging_mixin.py:188} INFO - [2026-03-28T20:26:02.573+0000] {dagbag.py:545} INFO - Filling up the DagBag from /opt/airflow/dags/extract_data_git_repo.py
[2026-03-28T20:26:02.584+0000] {processor.py:840} INFO - DAG(s) 'dag_enem_extraction' retrieved from /opt/airflow/dags/extract_data_git_repo.py
[2026-03-28T20:26:02.634+0000] {logging_mixin.py:188} INFO - [2026-03-28T20:26:02.633+0000] {dag.py:3096} INFO - Sync 1 DAGs
[2026-03-28T20:26:02.655+0000] {logging_mixin.py:188} INFO - [2026-03-28T20:26:02.655+0000] {dag.py:3954} INFO - Setting next_dagrun for dag_enem_extraction to None, run_after=None
[2026-03-28T20:26:02.685+0000] {processor.py:183} INFO - Processing /opt/airflow/dags/extract_data_git_repo.py took 0.132 seconds
[2026-03-28T20:26:32.963+0000] {processor.py:161} INFO - Started process (PID=2440) to work on /opt/airflow/dags/extract_data_git_repo.py
[2026-03-28T20:26:32.964+0000] {processor.py:830} INFO - Processing file /opt/airflow/dags/extract_data_git_repo.py for tasks to queue
[2026-03-28T20:26:32.965+0000] {logging_mixin.py:188} INFO - [2026-03-28T20:26:32.965+0000] {dagbag.py:545} INFO - Filling up the DagBag from /opt/airflow/dags/extract_data_git_repo.py
[2026-03-28T20:26:32.974+0000] {processor.py:840} INFO - DAG(s) 'dag_enem_extraction' retrieved from /opt/airflow/dags/extract_data_git_repo.py
[2026-03-28T20:26:33.017+0000] {logging_mixin.py:188} INFO - [2026-03-28T20:26:33.016+0000] {dag.py:3096} INFO - Sync 1 DAGs
[2026-03-28T20:26:33.034+0000] {logging_mixin.py:188} INFO - [2026-03-28T20:26:33.034+0000] {dag.py:3954} INFO - Setting next_dagrun for dag_enem_extraction to None, run_after=None
[2026-03-28T20:26:33.061+0000] {processor.py:183} INFO - Processing /opt/airflow/dags/extract_data_git_repo.py took 0.108 seconds
[2026-03-28T20:27:03.407+0000] {processor.py:161} INFO - Started process (PID=2455) to work on /opt/airflow/dags/extract_data_git_repo.py
[2026-03-28T20:27:03.408+0000] {processor.py:830} INFO - Processing file /opt/airflow/dags/extract_data_git_repo.py for tasks to queue
[2026-03-28T20:27:03.410+0000] {logging_mixin.py:188} INFO - [2026-03-28T20:27:03.409+0000] {dagbag.py:545} INFO - Filling up the DagBag from /opt/airflow/dags/extract_data_git_repo.py
[2026-03-28T20:27:03.423+0000] {processor.py:840} INFO - DAG(s) 'dag_enem_extraction' retrieved from /opt/airflow/dags/extract_data_git_repo.py
[2026-03-28T20:27:03.480+0000] {logging_mixin.py:188} INFO - [2026-03-28T20:27:03.479+0000] {dag.py:3096} INFO - Sync 1 DAGs
[2026-03-28T20:27:03.502+0000] {logging_mixin.py:188} INFO - [2026-03-28T20:27:03.501+0000] {dag.py:3954} INFO - Setting next_dagrun for dag_enem_extraction to None, run_after=None
[2026-03-28T20:27:03.532+0000] {processor.py:183} INFO - Processing /opt/airflow/dags/extract_data_git_repo.py took 0.141 seconds
[2026-03-28T20:27:33.885+0000] {processor.py:161} INFO - Started process (PID=2470) to work on /opt/airflow/dags/extract_data_git_repo.py
[2026-03-28T20:27:33.887+0000] {processor.py:830} INFO - Processing file /opt/airflow/dags/extract_data_git_repo.py for tasks to queue
[2026-03-28T20:27:33.888+0000] {logging_mixin.py:188} INFO - [2026-03-28T20:27:33.888+0000] {dagbag.py:545} INFO - Filling up the DagBag from /opt/airflow/dags/extract_data_git_repo.py
[2026-03-28T20:27:33.902+0000] {processor.py:840} INFO - DAG(s) 'dag_enem_extraction' retrieved from /opt/airflow/dags/extract_data_git_repo.py
[2026-03-28T20:27:33.959+0000] {logging_mixin.py:188} INFO - [2026-03-28T20:27:33.958+0000] {dag.py:3096} INFO - Sync 1 DAGs
[2026-03-28T20:27:33.983+0000] {logging_mixin.py:188} INFO - [2026-03-28T20:27:33.983+0000] {dag.py:3954} INFO - Setting next_dagrun for dag_enem_extraction to None, run_after=None
[2026-03-28T20:27:34.011+0000] {processor.py:183} INFO - Processing /opt/airflow/dags/extract_data_git_repo.py took 0.134 seconds
[2026-03-28T20:28:04.395+0000] {processor.py:161} INFO - Started process (PID=2485) to work on /opt/airflow/dags/extract_data_git_repo.py
[2026-03-28T20:28:04.397+0000] {processor.py:830} INFO - Processing file /opt/airflow/dags/extract_data_git_repo.py for tasks to queue
[2026-03-28T20:28:04.398+0000] {logging_mixin.py:188} INFO - [2026-03-28T20:28:04.398+0000] {dagbag.py:545} INFO - Filling up the DagBag from /opt/airflow/dags/extract_data_git_repo.py
[2026-03-28T20:28:04.406+0000] {processor.py:840} INFO - DAG(s) 'dag_enem_extraction' retrieved from /opt/airflow/dags/extract_data_git_repo.py
[2026-03-28T20:28:04.453+0000] {logging_mixin.py:188} INFO - [2026-03-28T20:28:04.453+0000] {dag.py:3096} INFO - Sync 1 DAGs
[2026-03-28T20:28:04.481+0000] {logging_mixin.py:188} INFO - [2026-03-28T20:28:04.480+0000] {dag.py:3954} INFO - Setting next_dagrun for dag_enem_extraction to None, run_after=None
[2026-03-28T20:28:04.555+0000] {processor.py:183} INFO - Processing /opt/airflow/dags/extract_data_git_repo.py took 0.170 seconds
[2026-03-28T20:28:34.939+0000] {processor.py:161} INFO - Started process (PID=2500) to work on /opt/airflow/dags/extract_data_git_repo.py
[2026-03-28T20:28:34.946+0000] {processor.py:830} INFO - Processing file /opt/airflow/dags/extract_data_git_repo.py for tasks to queue
[2026-03-28T20:28:34.947+0000] {logging_mixin.py:188} INFO - [2026-03-28T20:28:34.947+0000] {dagbag.py:545} INFO - Filling up the DagBag from /opt/airflow/dags/extract_data_git_repo.py
[2026-03-28T20:28:34.957+0000] {processor.py:840} INFO - DAG(s) 'dag_enem_extraction' retrieved from /opt/airflow/dags/extract_data_git_repo.py
[2026-03-28T20:28:35.007+0000] {logging_mixin.py:188} INFO - [2026-03-28T20:28:35.006+0000] {dag.py:3096} INFO - Sync 1 DAGs
[2026-03-28T20:28:35.026+0000] {logging_mixin.py:188} INFO - [2026-03-28T20:28:35.026+0000] {dag.py:3954} INFO - Setting next_dagrun for dag_enem_extraction to None, run_after=None
[2026-03-28T20:28:35.062+0000] {processor.py:183} INFO - Processing /opt/airflow/dags/extract_data_git_repo.py took 0.130 seconds
[2026-03-28T20:29:05.669+0000] {processor.py:161} INFO - Started process (PID=2514) to work on /opt/airflow/dags/extract_data_git_repo.py
[2026-03-28T20:29:05.674+0000] {processor.py:830} INFO - Processing file /opt/airflow/dags/extract_data_git_repo.py for tasks to queue
[2026-03-28T20:29:05.679+0000] {logging_mixin.py:188} INFO - [2026-03-28T20:29:05.676+0000] {dagbag.py:545} INFO - Filling up the DagBag from /opt/airflow/dags/extract_data_git_repo.py
[2026-03-28T20:29:05.721+0000] {processor.py:840} INFO - DAG(s) 'dag_enem_extraction' retrieved from /opt/airflow/dags/extract_data_git_repo.py
[2026-03-28T20:29:05.894+0000] {logging_mixin.py:188} INFO - [2026-03-28T20:29:05.893+0000] {dag.py:3096} INFO - Sync 1 DAGs
[2026-03-28T20:29:05.930+0000] {logging_mixin.py:188} INFO - [2026-03-28T20:29:05.930+0000] {dag.py:3954} INFO - Setting next_dagrun for dag_enem_extraction to None, run_after=None
[2026-03-28T20:29:06.009+0000] {processor.py:183} INFO - Processing /opt/airflow/dags/extract_data_git_repo.py took 0.383 seconds
[2026-03-28T20:29:36.408+0000] {processor.py:161} INFO - Started process (PID=2530) to work on /opt/airflow/dags/extract_data_git_repo.py
[2026-03-28T20:29:36.410+0000] {processor.py:830} INFO - Processing file /opt/airflow/dags/extract_data_git_repo.py for tasks to queue
[2026-03-28T20:29:36.411+0000] {logging_mixin.py:188} INFO - [2026-03-28T20:29:36.410+0000] {dagbag.py:545} INFO - Filling up the DagBag from /opt/airflow/dags/extract_data_git_repo.py
[2026-03-28T20:29:36.419+0000] {processor.py:840} INFO - DAG(s) 'dag_enem_extraction' retrieved from /opt/airflow/dags/extract_data_git_repo.py
[2026-03-28T20:29:36.464+0000] {logging_mixin.py:188} INFO - [2026-03-28T20:29:36.464+0000] {dag.py:3096} INFO - Sync 1 DAGs
[2026-03-28T20:29:36.483+0000] {logging_mixin.py:188} INFO - [2026-03-28T20:29:36.483+0000] {dag.py:3954} INFO - Setting next_dagrun for dag_enem_extraction to None, run_after=None
[2026-03-28T20:29:36.513+0000] {processor.py:183} INFO - Processing /opt/airflow/dags/extract_data_git_repo.py took 0.115 seconds
[2026-03-28T20:30:06.925+0000] {processor.py:161} INFO - Started process (PID=2545) to work on /opt/airflow/dags/extract_data_git_repo.py
[2026-03-28T20:30:06.926+0000] {processor.py:830} INFO - Processing file /opt/airflow/dags/extract_data_git_repo.py for tasks to queue
[2026-03-28T20:30:06.927+0000] {logging_mixin.py:188} INFO - [2026-03-28T20:30:06.926+0000] {dagbag.py:545} INFO - Filling up the DagBag from /opt/airflow/dags/extract_data_git_repo.py
[2026-03-28T20:30:06.935+0000] {processor.py:840} INFO - DAG(s) 'dag_enem_extraction' retrieved from /opt/airflow/dags/extract_data_git_repo.py
[2026-03-28T20:30:06.987+0000] {logging_mixin.py:188} INFO - [2026-03-28T20:30:06.987+0000] {dag.py:3096} INFO - Sync 1 DAGs
[2026-03-28T20:30:07.006+0000] {logging_mixin.py:188} INFO - [2026-03-28T20:30:07.005+0000] {dag.py:3954} INFO - Setting next_dagrun for dag_enem_extraction to None, run_after=None
[2026-03-28T20:30:07.031+0000] {processor.py:183} INFO - Processing /opt/airflow/dags/extract_data_git_repo.py took 0.117 seconds
[2026-03-28T20:30:37.464+0000] {processor.py:161} INFO - Started process (PID=2560) to work on /opt/airflow/dags/extract_data_git_repo.py
[2026-03-28T20:30:37.468+0000] {processor.py:830} INFO - Processing file /opt/airflow/dags/extract_data_git_repo.py for tasks to queue
[2026-03-28T20:30:37.472+0000] {logging_mixin.py:188} INFO - [2026-03-28T20:30:37.471+0000] {dagbag.py:545} INFO - Filling up the DagBag from /opt/airflow/dags/extract_data_git_repo.py
[2026-03-28T20:30:37.492+0000] {processor.py:840} INFO - DAG(s) 'dag_enem_extraction' retrieved from /opt/airflow/dags/extract_data_git_repo.py
[2026-03-28T20:30:37.590+0000] {logging_mixin.py:188} INFO - [2026-03-28T20:30:37.589+0000] {dag.py:3096} INFO - Sync 1 DAGs
[2026-03-28T20:30:37.617+0000] {logging_mixin.py:188} INFO - [2026-03-28T20:30:37.617+0000] {dag.py:3954} INFO - Setting next_dagrun for dag_enem_extraction to None, run_after=None
[2026-03-28T20:30:37.657+0000] {processor.py:183} INFO - Processing /opt/airflow/dags/extract_data_git_repo.py took 0.205 seconds
[2026-03-28T20:31:08.028+0000] {processor.py:161} INFO - Started process (PID=2575) to work on /opt/airflow/dags/extract_data_git_repo.py
[2026-03-28T20:31:08.030+0000] {processor.py:830} INFO - Processing file /opt/airflow/dags/extract_data_git_repo.py for tasks to queue
[2026-03-28T20:31:08.031+0000] {logging_mixin.py:188} INFO - [2026-03-28T20:31:08.031+0000] {dagbag.py:545} INFO - Filling up the DagBag from /opt/airflow/dags/extract_data_git_repo.py
[2026-03-28T20:31:08.039+0000] {processor.py:840} INFO - DAG(s) 'dag_enem_extraction' retrieved from /opt/airflow/dags/extract_data_git_repo.py
[2026-03-28T20:31:08.076+0000] {logging_mixin.py:188} INFO - [2026-03-28T20:31:08.076+0000] {dag.py:3096} INFO - Sync 1 DAGs
[2026-03-28T20:31:08.093+0000] {logging_mixin.py:188} INFO - [2026-03-28T20:31:08.093+0000] {dag.py:3954} INFO - Setting next_dagrun for dag_enem_extraction to None, run_after=None
[2026-03-28T20:31:08.124+0000] {processor.py:183} INFO - Processing /opt/airflow/dags/extract_data_git_repo.py took 0.103 seconds
[2026-03-28T20:31:38.628+0000] {processor.py:161} INFO - Started process (PID=2590) to work on /opt/airflow/dags/extract_data_git_repo.py
[2026-03-28T20:31:38.629+0000] {processor.py:830} INFO - Processing file /opt/airflow/dags/extract_data_git_repo.py for tasks to queue
[2026-03-28T20:31:38.631+0000] {logging_mixin.py:188} INFO - [2026-03-28T20:31:38.630+0000] {dagbag.py:545} INFO - Filling up the DagBag from /opt/airflow/dags/extract_data_git_repo.py
[2026-03-28T20:31:38.647+0000] {processor.py:840} INFO - DAG(s) 'dag_enem_extraction' retrieved from /opt/airflow/dags/extract_data_git_repo.py
[2026-03-28T20:31:38.711+0000] {logging_mixin.py:188} INFO - [2026-03-28T20:31:38.711+0000] {dag.py:3096} INFO - Sync 1 DAGs
[2026-03-28T20:31:38.732+0000] {logging_mixin.py:188} INFO - [2026-03-28T20:31:38.732+0000] {dag.py:3954} INFO - Setting next_dagrun for dag_enem_extraction to None, run_after=None
[2026-03-28T20:31:38.773+0000] {processor.py:183} INFO - Processing /opt/airflow/dags/extract_data_git_repo.py took 0.156 seconds
[2026-03-28T20:32:09.196+0000] {processor.py:161} INFO - Started process (PID=2607) to work on /opt/airflow/dags/extract_data_git_repo.py
[2026-03-28T20:32:09.198+0000] {processor.py:830} INFO - Processing file /opt/airflow/dags/extract_data_git_repo.py for tasks to queue
[2026-03-28T20:32:09.202+0000] {logging_mixin.py:188} INFO - [2026-03-28T20:32:09.201+0000] {dagbag.py:545} INFO - Filling up the DagBag from /opt/airflow/dags/extract_data_git_repo.py
[2026-03-28T20:32:09.209+0000] {processor.py:840} INFO - DAG(s) 'dag_enem_extraction' retrieved from /opt/airflow/dags/extract_data_git_repo.py
[2026-03-28T20:32:09.253+0000] {logging_mixin.py:188} INFO - [2026-03-28T20:32:09.253+0000] {dag.py:3096} INFO - Sync 1 DAGs
[2026-03-28T20:32:09.267+0000] {logging_mixin.py:188} INFO - [2026-03-28T20:32:09.266+0000] {dag.py:3954} INFO - Setting next_dagrun for dag_enem_extraction to None, run_after=None
[2026-03-28T20:32:09.290+0000] {processor.py:183} INFO - Processing /opt/airflow/dags/extract_data_git_repo.py took 0.102 seconds
[2026-03-28T20:32:39.686+0000] {processor.py:161} INFO - Started process (PID=2622) to work on /opt/airflow/dags/extract_data_git_repo.py
[2026-03-28T20:32:39.687+0000] {processor.py:830} INFO - Processing file /opt/airflow/dags/extract_data_git_repo.py for tasks to queue
[2026-03-28T20:32:39.689+0000] {logging_mixin.py:188} INFO - [2026-03-28T20:32:39.688+0000] {dagbag.py:545} INFO - Filling up the DagBag from /opt/airflow/dags/extract_data_git_repo.py
[2026-03-28T20:32:39.703+0000] {processor.py:840} INFO - DAG(s) 'dag_enem_extraction' retrieved from /opt/airflow/dags/extract_data_git_repo.py
[2026-03-28T20:32:39.766+0000] {logging_mixin.py:188} INFO - [2026-03-28T20:32:39.765+0000] {dag.py:3096} INFO - Sync 1 DAGs
[2026-03-28T20:32:39.797+0000] {logging_mixin.py:188} INFO - [2026-03-28T20:32:39.797+0000] {dag.py:3954} INFO - Setting next_dagrun for dag_enem_extraction to None, run_after=None
[2026-03-28T20:32:39.829+0000] {processor.py:183} INFO - Processing /opt/airflow/dags/extract_data_git_repo.py took 0.157 seconds
[2026-03-28T20:33:10.095+0000] {processor.py:161} INFO - Started process (PID=2637) to work on /opt/airflow/dags/extract_data_git_repo.py
[2026-03-28T20:33:10.096+0000] {processor.py:830} INFO - Processing file /opt/airflow/dags/extract_data_git_repo.py for tasks to queue
[2026-03-28T20:33:10.097+0000] {logging_mixin.py:188} INFO - [2026-03-28T20:33:10.097+0000] {dagbag.py:545} INFO - Filling up the DagBag from /opt/airflow/dags/extract_data_git_repo.py
[2026-03-28T20:33:10.117+0000] {processor.py:840} INFO - DAG(s) 'dag_enem_extraction' retrieved from /opt/airflow/dags/extract_data_git_repo.py
[2026-03-28T20:33:10.167+0000] {logging_mixin.py:188} INFO - [2026-03-28T20:33:10.167+0000] {dag.py:3096} INFO - Sync 1 DAGs
[2026-03-28T20:33:10.184+0000] {logging_mixin.py:188} INFO - [2026-03-28T20:33:10.184+0000] {dag.py:3954} INFO - Setting next_dagrun for dag_enem_extraction to None, run_after=None
[2026-03-28T20:33:10.215+0000] {processor.py:183} INFO - Processing /opt/airflow/dags/extract_data_git_repo.py took 0.129 seconds
[2026-03-28T20:33:40.574+0000] {processor.py:161} INFO - Started process (PID=2652) to work on /opt/airflow/dags/extract_data_git_repo.py
[2026-03-28T20:33:40.577+0000] {processor.py:830} INFO - Processing file /opt/airflow/dags/extract_data_git_repo.py for tasks to queue
[2026-03-28T20:33:40.578+0000] {logging_mixin.py:188} INFO - [2026-03-28T20:33:40.578+0000] {dagbag.py:545} INFO - Filling up the DagBag from /opt/airflow/dags/extract_data_git_repo.py
[2026-03-28T20:33:40.586+0000] {processor.py:840} INFO - DAG(s) 'dag_enem_extraction' retrieved from /opt/airflow/dags/extract_data_git_repo.py
[2026-03-28T20:33:40.632+0000] {logging_mixin.py:188} INFO - [2026-03-28T20:33:40.632+0000] {dag.py:3096} INFO - Sync 1 DAGs
[2026-03-28T20:33:40.647+0000] {logging_mixin.py:188} INFO - [2026-03-28T20:33:40.646+0000] {dag.py:3954} INFO - Setting next_dagrun for dag_enem_extraction to None, run_after=None
[2026-03-28T20:33:40.671+0000] {processor.py:183} INFO - Processing /opt/airflow/dags/extract_data_git_repo.py took 0.105 seconds
[2026-03-28T20:34:11.025+0000] {processor.py:161} INFO - Started process (PID=2667) to work on /opt/airflow/dags/extract_data_git_repo.py
[2026-03-28T20:34:11.026+0000] {processor.py:830} INFO - Processing file /opt/airflow/dags/extract_data_git_repo.py for tasks to queue
[2026-03-28T20:34:11.027+0000] {logging_mixin.py:188} INFO - [2026-03-28T20:34:11.027+0000] {dagbag.py:545} INFO - Filling up the DagBag from /opt/airflow/dags/extract_data_git_repo.py
[2026-03-28T20:34:11.035+0000] {processor.py:840} INFO - DAG(s) 'dag_enem_extraction' retrieved from /opt/airflow/dags/extract_data_git_repo.py
[2026-03-28T20:34:11.078+0000] {logging_mixin.py:188} INFO - [2026-03-28T20:34:11.078+0000] {dag.py:3096} INFO - Sync 1 DAGs
[2026-03-28T20:34:11.091+0000] {logging_mixin.py:188} INFO - [2026-03-28T20:34:11.091+0000] {dag.py:3954} INFO - Setting next_dagrun for dag_enem_extraction to None, run_after=None
[2026-03-28T20:34:11.115+0000] {processor.py:183} INFO - Processing /opt/airflow/dags/extract_data_git_repo.py took 0.097 seconds
[2026-03-28T20:34:41.490+0000] {processor.py:161} INFO - Started process (PID=2682) to work on /opt/airflow/dags/extract_data_git_repo.py
[2026-03-28T20:34:41.494+0000] {processor.py:830} INFO - Processing file /opt/airflow/dags/extract_data_git_repo.py for tasks to queue
[2026-03-28T20:34:41.497+0000] {logging_mixin.py:188} INFO - [2026-03-28T20:34:41.496+0000] {dagbag.py:545} INFO - Filling up the DagBag from /opt/airflow/dags/extract_data_git_repo.py
[2026-03-28T20:34:41.510+0000] {processor.py:840} INFO - DAG(s) 'dag_enem_extraction' retrieved from /opt/airflow/dags/extract_data_git_repo.py
[2026-03-28T20:34:41.609+0000] {logging_mixin.py:188} INFO - [2026-03-28T20:34:41.608+0000] {dag.py:3096} INFO - Sync 1 DAGs
[2026-03-28T20:34:41.637+0000] {logging_mixin.py:188} INFO - [2026-03-28T20:34:41.636+0000] {dag.py:3954} INFO - Setting next_dagrun for dag_enem_extraction to None, run_after=None
[2026-03-28T20:34:41.677+0000] {processor.py:183} INFO - Processing /opt/airflow/dags/extract_data_git_repo.py took 0.203 seconds
[2026-03-28T20:35:11.969+0000] {processor.py:161} INFO - Started process (PID=2697) to work on /opt/airflow/dags/extract_data_git_repo.py
[2026-03-28T20:35:11.970+0000] {processor.py:830} INFO - Processing file /opt/airflow/dags/extract_data_git_repo.py for tasks to queue
[2026-03-28T20:35:11.971+0000] {logging_mixin.py:188} INFO - [2026-03-28T20:35:11.971+0000] {dagbag.py:545} INFO - Filling up the DagBag from /opt/airflow/dags/extract_data_git_repo.py
[2026-03-28T20:35:11.980+0000] {processor.py:840} INFO - DAG(s) 'dag_enem_extraction' retrieved from /opt/airflow/dags/extract_data_git_repo.py
[2026-03-28T20:35:12.021+0000] {logging_mixin.py:188} INFO - [2026-03-28T20:35:12.021+0000] {dag.py:3096} INFO - Sync 1 DAGs
[2026-03-28T20:35:12.034+0000] {logging_mixin.py:188} INFO - [2026-03-28T20:35:12.034+0000] {dag.py:3954} INFO - Setting next_dagrun for dag_enem_extraction to None, run_after=None
[2026-03-28T20:35:12.058+0000] {processor.py:183} INFO - Processing /opt/airflow/dags/extract_data_git_repo.py took 0.102 seconds
[2026-03-28T20:35:42.397+0000] {processor.py:161} INFO - Started process (PID=2712) to work on /opt/airflow/dags/extract_data_git_repo.py
[2026-03-28T20:35:42.399+0000] {processor.py:830} INFO - Processing file /opt/airflow/dags/extract_data_git_repo.py for tasks to queue
[2026-03-28T20:35:42.400+0000] {logging_mixin.py:188} INFO - [2026-03-28T20:35:42.399+0000] {dagbag.py:545} INFO - Filling up the DagBag from /opt/airflow/dags/extract_data_git_repo.py
[2026-03-28T20:35:42.407+0000] {processor.py:840} INFO - DAG(s) 'dag_enem_extraction' retrieved from /opt/airflow/dags/extract_data_git_repo.py
[2026-03-28T20:35:42.452+0000] {logging_mixin.py:188} INFO - [2026-03-28T20:35:42.452+0000] {dag.py:3096} INFO - Sync 1 DAGs
[2026-03-28T20:35:42.467+0000] {logging_mixin.py:188} INFO - [2026-03-28T20:35:42.467+0000] {dag.py:3954} INFO - Setting next_dagrun for dag_enem_extraction to None, run_after=None
[2026-03-28T20:35:42.493+0000] {processor.py:183} INFO - Processing /opt/airflow/dags/extract_data_git_repo.py took 0.105 seconds
[2026-03-28T20:36:12.831+0000] {processor.py:161} INFO - Started process (PID=2727) to work on /opt/airflow/dags/extract_data_git_repo.py
[2026-03-28T20:36:12.832+0000] {processor.py:830} INFO - Processing file /opt/airflow/dags/extract_data_git_repo.py for tasks to queue
[2026-03-28T20:36:12.834+0000] {logging_mixin.py:188} INFO - [2026-03-28T20:36:12.833+0000] {dagbag.py:545} INFO - Filling up the DagBag from /opt/airflow/dags/extract_data_git_repo.py
[2026-03-28T20:36:12.840+0000] {processor.py:840} INFO - DAG(s) 'dag_enem_extraction' retrieved from /opt/airflow/dags/extract_data_git_repo.py
[2026-03-28T20:36:12.880+0000] {logging_mixin.py:188} INFO - [2026-03-28T20:36:12.880+0000] {dag.py:3096} INFO - Sync 1 DAGs
[2026-03-28T20:36:12.895+0000] {logging_mixin.py:188} INFO - [2026-03-28T20:36:12.895+0000] {dag.py:3954} INFO - Setting next_dagrun for dag_enem_extraction to None, run_after=None
[2026-03-28T20:36:12.921+0000] {processor.py:183} INFO - Processing /opt/airflow/dags/extract_data_git_repo.py took 0.098 seconds
[2026-03-28T20:36:43.281+0000] {processor.py:161} INFO - Started process (PID=2742) to work on /opt/airflow/dags/extract_data_git_repo.py
[2026-03-28T20:36:43.283+0000] {processor.py:830} INFO - Processing file /opt/airflow/dags/extract_data_git_repo.py for tasks to queue
[2026-03-28T20:36:43.284+0000] {logging_mixin.py:188} INFO - [2026-03-28T20:36:43.283+0000] {dagbag.py:545} INFO - Filling up the DagBag from /opt/airflow/dags/extract_data_git_repo.py
[2026-03-28T20:36:43.291+0000] {processor.py:840} INFO - DAG(s) 'dag_enem_extraction' retrieved from /opt/airflow/dags/extract_data_git_repo.py
[2026-03-28T20:36:43.346+0000] {logging_mixin.py:188} INFO - [2026-03-28T20:36:43.346+0000] {dag.py:3096} INFO - Sync 1 DAGs
[2026-03-28T20:36:43.360+0000] {logging_mixin.py:188} INFO - [2026-03-28T20:36:43.360+0000] {dag.py:3954} INFO - Setting next_dagrun for dag_enem_extraction to None, run_after=None
[2026-03-28T20:36:43.385+0000] {processor.py:183} INFO - Processing /opt/airflow/dags/extract_data_git_repo.py took 0.113 seconds
[2026-03-28T20:37:13.736+0000] {processor.py:161} INFO - Started process (PID=2757) to work on /opt/airflow/dags/extract_data_git_repo.py
[2026-03-28T20:37:13.737+0000] {processor.py:830} INFO - Processing file /opt/airflow/dags/extract_data_git_repo.py for tasks to queue
[2026-03-28T20:37:13.741+0000] {logging_mixin.py:188} INFO - [2026-03-28T20:37:13.738+0000] {dagbag.py:545} INFO - Filling up the DagBag from /opt/airflow/dags/extract_data_git_repo.py
[2026-03-28T20:37:13.747+0000] {processor.py:840} INFO - DAG(s) 'dag_enem_extraction' retrieved from /opt/airflow/dags/extract_data_git_repo.py
[2026-03-28T20:37:13.789+0000] {logging_mixin.py:188} INFO - [2026-03-28T20:37:13.789+0000] {dag.py:3096} INFO - Sync 1 DAGs
[2026-03-28T20:37:13.803+0000] {logging_mixin.py:188} INFO - [2026-03-28T20:37:13.803+0000] {dag.py:3954} INFO - Setting next_dagrun for dag_enem_extraction to None, run_after=None
[2026-03-28T20:37:13.829+0000] {processor.py:183} INFO - Processing /opt/airflow/dags/extract_data_git_repo.py took 0.100 seconds
[2026-03-28T20:37:44.186+0000] {processor.py:161} INFO - Started process (PID=2772) to work on /opt/airflow/dags/extract_data_git_repo.py
[2026-03-28T20:37:44.188+0000] {processor.py:830} INFO - Processing file /opt/airflow/dags/extract_data_git_repo.py for tasks to queue
[2026-03-28T20:37:44.190+0000] {logging_mixin.py:188} INFO - [2026-03-28T20:37:44.189+0000] {dagbag.py:545} INFO - Filling up the DagBag from /opt/airflow/dags/extract_data_git_repo.py
[2026-03-28T20:37:44.204+0000] {processor.py:840} INFO - DAG(s) 'dag_enem_extraction' retrieved from /opt/airflow/dags/extract_data_git_repo.py
[2026-03-28T20:37:44.262+0000] {logging_mixin.py:188} INFO - [2026-03-28T20:37:44.261+0000] {dag.py:3096} INFO - Sync 1 DAGs
[2026-03-28T20:37:44.276+0000] {logging_mixin.py:188} INFO - [2026-03-28T20:37:44.276+0000] {dag.py:3954} INFO - Setting next_dagrun for dag_enem_extraction to None, run_after=None
[2026-03-28T20:37:44.301+0000] {processor.py:183} INFO - Processing /opt/airflow/dags/extract_data_git_repo.py took 0.122 seconds
[2026-03-28T20:38:55.066+0000] {processor.py:161} INFO - Started process (PID=163) to work on /opt/airflow/dags/extract_data_git_repo.py
[2026-03-28T20:38:55.071+0000] {processor.py:830} INFO - Processing file /opt/airflow/dags/extract_data_git_repo.py for tasks to queue
[2026-03-28T20:38:55.098+0000] {logging_mixin.py:188} INFO - [2026-03-28T20:38:55.093+0000] {dagbag.py:545} INFO - Filling up the DagBag from /opt/airflow/dags/extract_data_git_repo.py
[2026-03-28T20:38:55.178+0000] {processor.py:840} INFO - DAG(s) 'dag_enem_extraction' retrieved from /opt/airflow/dags/extract_data_git_repo.py
[2026-03-28T20:38:55.523+0000] {logging_mixin.py:188} INFO - [2026-03-28T20:38:55.523+0000] {dag.py:3096} INFO - Sync 1 DAGs
[2026-03-28T20:38:55.540+0000] {logging_mixin.py:188} INFO - [2026-03-28T20:38:55.539+0000] {dag.py:3954} INFO - Setting next_dagrun for dag_enem_extraction to None, run_after=None
[2026-03-28T20:38:55.578+0000] {processor.py:183} INFO - Processing /opt/airflow/dags/extract_data_git_repo.py took 0.533 seconds
[2026-03-28T20:39:26.990+0000] {processor.py:161} INFO - Started process (PID=178) to work on /opt/airflow/dags/extract_data_git_repo.py
[2026-03-28T20:39:27.481+0000] {processor.py:830} INFO - Processing file /opt/airflow/dags/extract_data_git_repo.py for tasks to queue
[2026-03-28T20:39:28.095+0000] {logging_mixin.py:188} INFO - [2026-03-28T20:39:28.089+0000] {dagbag.py:545} INFO - Filling up the DagBag from /opt/airflow/dags/extract_data_git_repo.py
[2026-03-28T20:39:28.563+0000] {processor.py:840} INFO - DAG(s) 'dag_enem_extraction' retrieved from /opt/airflow/dags/extract_data_git_repo.py
[2026-03-28T20:39:31.084+0000] {logging_mixin.py:188} INFO - [2026-03-28T20:39:31.058+0000] {dag.py:3096} INFO - Sync 1 DAGs
[2026-03-28T20:39:31.714+0000] {logging_mixin.py:188} INFO - [2026-03-28T20:39:31.713+0000] {dag.py:3954} INFO - Setting next_dagrun for dag_enem_extraction to None, run_after=None
[2026-03-28T20:39:31.979+0000] {processor.py:183} INFO - Processing /opt/airflow/dags/extract_data_git_repo.py took 5.240 seconds
[2026-03-28T20:40:02.226+0000] {processor.py:161} INFO - Started process (PID=200) to work on /opt/airflow/dags/extract_data_git_repo.py
[2026-03-28T20:40:02.227+0000] {processor.py:830} INFO - Processing file /opt/airflow/dags/extract_data_git_repo.py for tasks to queue
[2026-03-28T20:40:02.230+0000] {logging_mixin.py:188} INFO - [2026-03-28T20:40:02.229+0000] {dagbag.py:545} INFO - Filling up the DagBag from /opt/airflow/dags/extract_data_git_repo.py
[2026-03-28T20:40:02.244+0000] {processor.py:840} INFO - DAG(s) 'dag_enem_extraction' retrieved from /opt/airflow/dags/extract_data_git_repo.py
[2026-03-28T20:40:02.294+0000] {logging_mixin.py:188} INFO - [2026-03-28T20:40:02.294+0000] {dag.py:3096} INFO - Sync 1 DAGs
[2026-03-28T20:40:02.328+0000] {logging_mixin.py:188} INFO - [2026-03-28T20:40:02.328+0000] {dag.py:3954} INFO - Setting next_dagrun for dag_enem_extraction to None, run_after=None
[2026-03-28T20:40:02.357+0000] {processor.py:183} INFO - Processing /opt/airflow/dags/extract_data_git_repo.py took 0.138 seconds
[2026-03-28T20:40:32.753+0000] {processor.py:161} INFO - Started process (PID=215) to work on /opt/airflow/dags/extract_data_git_repo.py
[2026-03-28T20:40:32.754+0000] {processor.py:830} INFO - Processing file /opt/airflow/dags/extract_data_git_repo.py for tasks to queue
[2026-03-28T20:40:32.756+0000] {logging_mixin.py:188} INFO - [2026-03-28T20:40:32.756+0000] {dagbag.py:545} INFO - Filling up the DagBag from /opt/airflow/dags/extract_data_git_repo.py
[2026-03-28T20:40:32.779+0000] {processor.py:840} INFO - DAG(s) 'dag_enem_extraction' retrieved from /opt/airflow/dags/extract_data_git_repo.py
[2026-03-28T20:40:32.923+0000] {logging_mixin.py:188} INFO - [2026-03-28T20:40:32.923+0000] {dag.py:3096} INFO - Sync 1 DAGs
[2026-03-28T20:40:32.945+0000] {logging_mixin.py:188} INFO - [2026-03-28T20:40:32.945+0000] {dag.py:3954} INFO - Setting next_dagrun for dag_enem_extraction to None, run_after=None
[2026-03-28T20:40:32.977+0000] {processor.py:183} INFO - Processing /opt/airflow/dags/extract_data_git_repo.py took 0.231 seconds
[2026-03-28T20:41:03.346+0000] {processor.py:161} INFO - Started process (PID=230) to work on /opt/airflow/dags/extract_data_git_repo.py
[2026-03-28T20:41:03.348+0000] {processor.py:830} INFO - Processing file /opt/airflow/dags/extract_data_git_repo.py for tasks to queue
[2026-03-28T20:41:03.350+0000] {logging_mixin.py:188} INFO - [2026-03-28T20:41:03.349+0000] {dagbag.py:545} INFO - Filling up the DagBag from /opt/airflow/dags/extract_data_git_repo.py
[2026-03-28T20:41:03.363+0000] {processor.py:840} INFO - DAG(s) 'dag_enem_extraction' retrieved from /opt/airflow/dags/extract_data_git_repo.py
[2026-03-28T20:41:03.400+0000] {logging_mixin.py:188} INFO - [2026-03-28T20:41:03.400+0000] {dag.py:3096} INFO - Sync 1 DAGs
[2026-03-28T20:41:03.419+0000] {logging_mixin.py:188} INFO - [2026-03-28T20:41:03.418+0000] {dag.py:3954} INFO - Setting next_dagrun for dag_enem_extraction to None, run_after=None
[2026-03-28T20:41:03.463+0000] {processor.py:183} INFO - Processing /opt/airflow/dags/extract_data_git_repo.py took 0.124 seconds
[2026-03-28T20:41:33.691+0000] {processor.py:161} INFO - Started process (PID=245) to work on /opt/airflow/dags/extract_data_git_repo.py
[2026-03-28T20:41:33.694+0000] {processor.py:830} INFO - Processing file /opt/airflow/dags/extract_data_git_repo.py for tasks to queue
[2026-03-28T20:41:33.696+0000] {logging_mixin.py:188} INFO - [2026-03-28T20:41:33.696+0000] {dagbag.py:545} INFO - Filling up the DagBag from /opt/airflow/dags/extract_data_git_repo.py
[2026-03-28T20:41:33.707+0000] {processor.py:840} INFO - DAG(s) 'dag_enem_extraction' retrieved from /opt/airflow/dags/extract_data_git_repo.py
[2026-03-28T20:41:33.749+0000] {logging_mixin.py:188} INFO - [2026-03-28T20:41:33.749+0000] {dag.py:3096} INFO - Sync 1 DAGs
[2026-03-28T20:41:33.770+0000] {logging_mixin.py:188} INFO - [2026-03-28T20:41:33.770+0000] {dag.py:3954} INFO - Setting next_dagrun for dag_enem_extraction to None, run_after=None
[2026-03-28T20:41:33.811+0000] {processor.py:183} INFO - Processing /opt/airflow/dags/extract_data_git_repo.py took 0.130 seconds
[2026-03-28T20:42:04.223+0000] {processor.py:161} INFO - Started process (PID=260) to work on /opt/airflow/dags/extract_data_git_repo.py
[2026-03-28T20:42:04.224+0000] {processor.py:830} INFO - Processing file /opt/airflow/dags/extract_data_git_repo.py for tasks to queue
[2026-03-28T20:42:04.227+0000] {logging_mixin.py:188} INFO - [2026-03-28T20:42:04.227+0000] {dagbag.py:545} INFO - Filling up the DagBag from /opt/airflow/dags/extract_data_git_repo.py
[2026-03-28T20:42:04.240+0000] {processor.py:840} INFO - DAG(s) 'dag_enem_extraction' retrieved from /opt/airflow/dags/extract_data_git_repo.py
[2026-03-28T20:42:04.278+0000] {logging_mixin.py:188} INFO - [2026-03-28T20:42:04.278+0000] {dag.py:3096} INFO - Sync 1 DAGs
[2026-03-28T20:42:04.492+0000] {logging_mixin.py:188} INFO - [2026-03-28T20:42:04.491+0000] {dag.py:3954} INFO - Setting next_dagrun for dag_enem_extraction to None, run_after=None
[2026-03-28T20:42:04.543+0000] {processor.py:183} INFO - Processing /opt/airflow/dags/extract_data_git_repo.py took 0.330 seconds
[2026-03-28T20:42:34.618+0000] {processor.py:161} INFO - Started process (PID=275) to work on /opt/airflow/dags/extract_data_git_repo.py
[2026-03-28T20:42:34.621+0000] {processor.py:830} INFO - Processing file /opt/airflow/dags/extract_data_git_repo.py for tasks to queue
[2026-03-28T20:42:34.623+0000] {logging_mixin.py:188} INFO - [2026-03-28T20:42:34.623+0000] {dagbag.py:545} INFO - Filling up the DagBag from /opt/airflow/dags/extract_data_git_repo.py
[2026-03-28T20:42:34.663+0000] {processor.py:840} INFO - DAG(s) 'dag_enem_extraction' retrieved from /opt/airflow/dags/extract_data_git_repo.py
[2026-03-28T20:42:34.755+0000] {logging_mixin.py:188} INFO - [2026-03-28T20:42:34.754+0000] {dag.py:3096} INFO - Sync 1 DAGs
[2026-03-28T20:42:34.813+0000] {logging_mixin.py:188} INFO - [2026-03-28T20:42:34.813+0000] {dag.py:3954} INFO - Setting next_dagrun for dag_enem_extraction to None, run_after=None
[2026-03-28T20:42:34.851+0000] {processor.py:183} INFO - Processing /opt/airflow/dags/extract_data_git_repo.py took 0.242 seconds
[2026-03-28T20:43:05.101+0000] {processor.py:161} INFO - Started process (PID=290) to work on /opt/airflow/dags/extract_data_git_repo.py
[2026-03-28T20:43:05.103+0000] {processor.py:830} INFO - Processing file /opt/airflow/dags/extract_data_git_repo.py for tasks to queue
[2026-03-28T20:43:05.107+0000] {logging_mixin.py:188} INFO - [2026-03-28T20:43:05.106+0000] {dagbag.py:545} INFO - Filling up the DagBag from /opt/airflow/dags/extract_data_git_repo.py
[2026-03-28T20:43:05.147+0000] {processor.py:840} INFO - DAG(s) 'dag_enem_extraction' retrieved from /opt/airflow/dags/extract_data_git_repo.py
[2026-03-28T20:43:05.208+0000] {logging_mixin.py:188} INFO - [2026-03-28T20:43:05.207+0000] {dag.py:3096} INFO - Sync 1 DAGs
[2026-03-28T20:43:05.260+0000] {logging_mixin.py:188} INFO - [2026-03-28T20:43:05.260+0000] {dag.py:3954} INFO - Setting next_dagrun for dag_enem_extraction to None, run_after=None
[2026-03-28T20:43:05.322+0000] {processor.py:183} INFO - Processing /opt/airflow/dags/extract_data_git_repo.py took 0.230 seconds
[2026-03-28T20:43:35.600+0000] {processor.py:161} INFO - Started process (PID=305) to work on /opt/airflow/dags/extract_data_git_repo.py
[2026-03-28T20:43:35.601+0000] {processor.py:830} INFO - Processing file /opt/airflow/dags/extract_data_git_repo.py for tasks to queue
[2026-03-28T20:43:35.605+0000] {logging_mixin.py:188} INFO - [2026-03-28T20:43:35.604+0000] {dagbag.py:545} INFO - Filling up the DagBag from /opt/airflow/dags/extract_data_git_repo.py
[2026-03-28T20:43:35.640+0000] {processor.py:840} INFO - DAG(s) 'dag_enem_extraction' retrieved from /opt/airflow/dags/extract_data_git_repo.py
[2026-03-28T20:43:35.720+0000] {logging_mixin.py:188} INFO - [2026-03-28T20:43:35.720+0000] {dag.py:3096} INFO - Sync 1 DAGs
[2026-03-28T20:43:35.746+0000] {logging_mixin.py:188} INFO - [2026-03-28T20:43:35.746+0000] {dag.py:3954} INFO - Setting next_dagrun for dag_enem_extraction to None, run_after=None
[2026-03-28T20:43:35.785+0000] {processor.py:183} INFO - Processing /opt/airflow/dags/extract_data_git_repo.py took 0.195 seconds
[2026-03-28T20:44:06.049+0000] {processor.py:161} INFO - Started process (PID=320) to work on /opt/airflow/dags/extract_data_git_repo.py
[2026-03-28T20:44:06.051+0000] {processor.py:830} INFO - Processing file /opt/airflow/dags/extract_data_git_repo.py for tasks to queue
[2026-03-28T20:44:06.054+0000] {logging_mixin.py:188} INFO - [2026-03-28T20:44:06.053+0000] {dagbag.py:545} INFO - Filling up the DagBag from /opt/airflow/dags/extract_data_git_repo.py
[2026-03-28T20:44:06.077+0000] {processor.py:840} INFO - DAG(s) 'dag_enem_extraction' retrieved from /opt/airflow/dags/extract_data_git_repo.py
[2026-03-28T20:44:06.144+0000] {logging_mixin.py:188} INFO - [2026-03-28T20:44:06.144+0000] {dag.py:3096} INFO - Sync 1 DAGs
[2026-03-28T20:44:06.171+0000] {logging_mixin.py:188} INFO - [2026-03-28T20:44:06.170+0000] {dag.py:3954} INFO - Setting next_dagrun for dag_enem_extraction to None, run_after=None
[2026-03-28T20:44:06.206+0000] {processor.py:183} INFO - Processing /opt/airflow/dags/extract_data_git_repo.py took 0.167 seconds
[2026-03-28T20:44:36.302+0000] {processor.py:161} INFO - Started process (PID=340) to work on /opt/airflow/dags/extract_data_git_repo.py
[2026-03-28T20:44:36.311+0000] {processor.py:830} INFO - Processing file /opt/airflow/dags/extract_data_git_repo.py for tasks to queue
[2026-03-28T20:44:36.338+0000] {logging_mixin.py:188} INFO - [2026-03-28T20:44:36.336+0000] {dagbag.py:545} INFO - Filling up the DagBag from /opt/airflow/dags/extract_data_git_repo.py
[2026-03-28T20:44:36.412+0000] {processor.py:840} INFO - DAG(s) 'dag_enem_extraction' retrieved from /opt/airflow/dags/extract_data_git_repo.py
[2026-03-28T20:44:37.018+0000] {logging_mixin.py:188} INFO - [2026-03-28T20:44:37.017+0000] {dag.py:3096} INFO - Sync 1 DAGs
[2026-03-28T20:44:37.162+0000] {logging_mixin.py:188} INFO - [2026-03-28T20:44:37.161+0000] {dag.py:3954} INFO - Setting next_dagrun for dag_enem_extraction to None, run_after=None
[2026-03-28T20:44:37.261+0000] {processor.py:183} INFO - Processing /opt/airflow/dags/extract_data_git_repo.py took 0.844 seconds
[2026-03-28T20:45:07.838+0000] {processor.py:161} INFO - Started process (PID=360) to work on /opt/airflow/dags/extract_data_git_repo.py
[2026-03-28T20:45:07.839+0000] {processor.py:830} INFO - Processing file /opt/airflow/dags/extract_data_git_repo.py for tasks to queue
[2026-03-28T20:45:07.842+0000] {logging_mixin.py:188} INFO - [2026-03-28T20:45:07.841+0000] {dagbag.py:545} INFO - Filling up the DagBag from /opt/airflow/dags/extract_data_git_repo.py
[2026-03-28T20:45:07.887+0000] {processor.py:840} INFO - DAG(s) 'dag_enem_extraction' retrieved from /opt/airflow/dags/extract_data_git_repo.py
[2026-03-28T20:45:08.005+0000] {logging_mixin.py:188} INFO - [2026-03-28T20:45:08.004+0000] {dag.py:3096} INFO - Sync 1 DAGs
[2026-03-28T20:45:08.035+0000] {logging_mixin.py:188} INFO - [2026-03-28T20:45:08.035+0000] {dag.py:3954} INFO - Setting next_dagrun for dag_enem_extraction to None, run_after=None
[2026-03-28T20:45:08.098+0000] {processor.py:183} INFO - Processing /opt/airflow/dags/extract_data_git_repo.py took 0.271 seconds
[2026-03-28T20:45:38.653+0000] {processor.py:161} INFO - Started process (PID=375) to work on /opt/airflow/dags/extract_data_git_repo.py
[2026-03-28T20:45:38.656+0000] {processor.py:830} INFO - Processing file /opt/airflow/dags/extract_data_git_repo.py for tasks to queue
[2026-03-28T20:45:38.659+0000] {logging_mixin.py:188} INFO - [2026-03-28T20:45:38.658+0000] {dagbag.py:545} INFO - Filling up the DagBag from /opt/airflow/dags/extract_data_git_repo.py
[2026-03-28T20:45:38.723+0000] {processor.py:840} INFO - DAG(s) 'dag_enem_extraction' retrieved from /opt/airflow/dags/extract_data_git_repo.py
[2026-03-28T20:45:38.812+0000] {logging_mixin.py:188} INFO - [2026-03-28T20:45:38.812+0000] {dag.py:3096} INFO - Sync 1 DAGs
[2026-03-28T20:45:38.850+0000] {logging_mixin.py:188} INFO - [2026-03-28T20:45:38.850+0000] {dag.py:3954} INFO - Setting next_dagrun for dag_enem_extraction to None, run_after=None
[2026-03-28T20:45:38.889+0000] {processor.py:183} INFO - Processing /opt/airflow/dags/extract_data_git_repo.py took 0.247 seconds
[2026-03-28T20:46:09.057+0000] {processor.py:161} INFO - Started process (PID=390) to work on /opt/airflow/dags/extract_data_git_repo.py
[2026-03-28T20:46:09.059+0000] {processor.py:830} INFO - Processing file /opt/airflow/dags/extract_data_git_repo.py for tasks to queue
[2026-03-28T20:46:09.062+0000] {logging_mixin.py:188} INFO - [2026-03-28T20:46:09.061+0000] {dagbag.py:545} INFO - Filling up the DagBag from /opt/airflow/dags/extract_data_git_repo.py
[2026-03-28T20:46:09.075+0000] {processor.py:840} INFO - DAG(s) 'dag_enem_extraction' retrieved from /opt/airflow/dags/extract_data_git_repo.py
[2026-03-28T20:46:09.119+0000] {logging_mixin.py:188} INFO - [2026-03-28T20:46:09.118+0000] {dag.py:3096} INFO - Sync 1 DAGs
[2026-03-28T20:46:09.139+0000] {logging_mixin.py:188} INFO - [2026-03-28T20:46:09.139+0000] {dag.py:3954} INFO - Setting next_dagrun for dag_enem_extraction to None, run_after=None
[2026-03-28T20:46:09.173+0000] {processor.py:183} INFO - Processing /opt/airflow/dags/extract_data_git_repo.py took 0.123 seconds
[2026-03-28T20:46:39.481+0000] {processor.py:161} INFO - Started process (PID=405) to work on /opt/airflow/dags/extract_data_git_repo.py
[2026-03-28T20:46:39.483+0000] {processor.py:830} INFO - Processing file /opt/airflow/dags/extract_data_git_repo.py for tasks to queue
[2026-03-28T20:46:39.487+0000] {logging_mixin.py:188} INFO - [2026-03-28T20:46:39.486+0000] {dagbag.py:545} INFO - Filling up the DagBag from /opt/airflow/dags/extract_data_git_repo.py
[2026-03-28T20:46:39.501+0000] {processor.py:840} INFO - DAG(s) 'dag_enem_extraction' retrieved from /opt/airflow/dags/extract_data_git_repo.py
[2026-03-28T20:46:39.539+0000] {logging_mixin.py:188} INFO - [2026-03-28T20:46:39.539+0000] {dag.py:3096} INFO - Sync 1 DAGs
[2026-03-28T20:46:39.563+0000] {logging_mixin.py:188} INFO - [2026-03-28T20:46:39.563+0000] {dag.py:3954} INFO - Setting next_dagrun for dag_enem_extraction to None, run_after=None
[2026-03-28T20:46:39.592+0000] {processor.py:183} INFO - Processing /opt/airflow/dags/extract_data_git_repo.py took 0.120 seconds
[2026-03-28T20:47:09.902+0000] {processor.py:161} INFO - Started process (PID=420) to work on /opt/airflow/dags/extract_data_git_repo.py
[2026-03-28T20:47:09.903+0000] {processor.py:830} INFO - Processing file /opt/airflow/dags/extract_data_git_repo.py for tasks to queue
[2026-03-28T20:47:09.907+0000] {logging_mixin.py:188} INFO - [2026-03-28T20:47:09.906+0000] {dagbag.py:545} INFO - Filling up the DagBag from /opt/airflow/dags/extract_data_git_repo.py
[2026-03-28T20:47:09.920+0000] {processor.py:840} INFO - DAG(s) 'dag_enem_extraction' retrieved from /opt/airflow/dags/extract_data_git_repo.py
[2026-03-28T20:47:09.961+0000] {logging_mixin.py:188} INFO - [2026-03-28T20:47:09.961+0000] {dag.py:3096} INFO - Sync 1 DAGs
[2026-03-28T20:47:09.978+0000] {logging_mixin.py:188} INFO - [2026-03-28T20:47:09.978+0000] {dag.py:3954} INFO - Setting next_dagrun for dag_enem_extraction to None, run_after=None
[2026-03-28T20:47:10.004+0000] {processor.py:183} INFO - Processing /opt/airflow/dags/extract_data_git_repo.py took 0.110 seconds
[2026-03-28T20:47:40.333+0000] {processor.py:161} INFO - Started process (PID=435) to work on /opt/airflow/dags/extract_data_git_repo.py
[2026-03-28T20:47:40.336+0000] {processor.py:830} INFO - Processing file /opt/airflow/dags/extract_data_git_repo.py for tasks to queue
[2026-03-28T20:47:40.338+0000] {logging_mixin.py:188} INFO - [2026-03-28T20:47:40.338+0000] {dagbag.py:545} INFO - Filling up the DagBag from /opt/airflow/dags/extract_data_git_repo.py
[2026-03-28T20:47:40.352+0000] {processor.py:840} INFO - DAG(s) 'dag_enem_extraction' retrieved from /opt/airflow/dags/extract_data_git_repo.py
[2026-03-28T20:47:40.427+0000] {logging_mixin.py:188} INFO - [2026-03-28T20:47:40.426+0000] {dag.py:3096} INFO - Sync 1 DAGs
[2026-03-28T20:47:40.481+0000] {logging_mixin.py:188} INFO - [2026-03-28T20:47:40.480+0000] {dag.py:3954} INFO - Setting next_dagrun for dag_enem_extraction to None, run_after=None
[2026-03-28T20:47:40.524+0000] {processor.py:183} INFO - Processing /opt/airflow/dags/extract_data_git_repo.py took 0.199 seconds
[2026-03-28T20:48:10.960+0000] {processor.py:161} INFO - Started process (PID=460) to work on /opt/airflow/dags/extract_data_git_repo.py
[2026-03-28T20:48:10.968+0000] {processor.py:830} INFO - Processing file /opt/airflow/dags/extract_data_git_repo.py for tasks to queue
[2026-03-28T20:48:10.977+0000] {logging_mixin.py:188} INFO - [2026-03-28T20:48:10.975+0000] {dagbag.py:545} INFO - Filling up the DagBag from /opt/airflow/dags/extract_data_git_repo.py
[2026-03-28T20:48:11.025+0000] {processor.py:840} INFO - DAG(s) 'dag_enem_extraction' retrieved from /opt/airflow/dags/extract_data_git_repo.py
[2026-03-28T20:48:11.139+0000] {logging_mixin.py:188} INFO - [2026-03-28T20:48:11.138+0000] {dag.py:3096} INFO - Sync 1 DAGs
[2026-03-28T20:48:11.188+0000] {logging_mixin.py:188} INFO - [2026-03-28T20:48:11.188+0000] {dag.py:3954} INFO - Setting next_dagrun for dag_enem_extraction to None, run_after=None
[2026-03-28T20:48:11.256+0000] {processor.py:183} INFO - Processing /opt/airflow/dags/extract_data_git_repo.py took 0.333 seconds
[2026-03-28T20:48:41.470+0000] {processor.py:161} INFO - Started process (PID=475) to work on /opt/airflow/dags/extract_data_git_repo.py
[2026-03-28T20:48:41.472+0000] {processor.py:830} INFO - Processing file /opt/airflow/dags/extract_data_git_repo.py for tasks to queue
[2026-03-28T20:48:41.475+0000] {logging_mixin.py:188} INFO - [2026-03-28T20:48:41.475+0000] {dagbag.py:545} INFO - Filling up the DagBag from /opt/airflow/dags/extract_data_git_repo.py
[2026-03-28T20:48:41.488+0000] {processor.py:840} INFO - DAG(s) 'dag_enem_extraction' retrieved from /opt/airflow/dags/extract_data_git_repo.py
[2026-03-28T20:48:41.604+0000] {logging_mixin.py:188} INFO - [2026-03-28T20:48:41.603+0000] {dag.py:3096} INFO - Sync 1 DAGs
[2026-03-28T20:48:41.663+0000] {logging_mixin.py:188} INFO - [2026-03-28T20:48:41.663+0000] {dag.py:3954} INFO - Setting next_dagrun for dag_enem_extraction to None, run_after=None
[2026-03-28T20:48:41.720+0000] {processor.py:183} INFO - Processing /opt/airflow/dags/extract_data_git_repo.py took 0.257 seconds
[2026-03-28T20:49:12.140+0000] {processor.py:161} INFO - Started process (PID=505) to work on /opt/airflow/dags/extract_data_git_repo.py
[2026-03-28T20:49:12.141+0000] {processor.py:830} INFO - Processing file /opt/airflow/dags/extract_data_git_repo.py for tasks to queue
[2026-03-28T20:49:12.144+0000] {logging_mixin.py:188} INFO - [2026-03-28T20:49:12.143+0000] {dagbag.py:545} INFO - Filling up the DagBag from /opt/airflow/dags/extract_data_git_repo.py
[2026-03-28T20:49:12.161+0000] {processor.py:840} INFO - DAG(s) 'dag_enem_extraction' retrieved from /opt/airflow/dags/extract_data_git_repo.py
[2026-03-28T20:49:12.305+0000] {logging_mixin.py:188} INFO - [2026-03-28T20:49:12.304+0000] {dag.py:3096} INFO - Sync 1 DAGs
[2026-03-28T20:49:12.387+0000] {logging_mixin.py:188} INFO - [2026-03-28T20:49:12.387+0000] {dag.py:3954} INFO - Setting next_dagrun for dag_enem_extraction to None, run_after=None
[2026-03-28T20:49:12.429+0000] {processor.py:183} INFO - Processing /opt/airflow/dags/extract_data_git_repo.py took 0.296 seconds
[2026-03-28T20:49:42.995+0000] {processor.py:161} INFO - Started process (PID=535) to work on /opt/airflow/dags/extract_data_git_repo.py
[2026-03-28T20:49:42.996+0000] {processor.py:830} INFO - Processing file /opt/airflow/dags/extract_data_git_repo.py for tasks to queue
[2026-03-28T20:49:42.999+0000] {logging_mixin.py:188} INFO - [2026-03-28T20:49:42.998+0000] {dagbag.py:545} INFO - Filling up the DagBag from /opt/airflow/dags/extract_data_git_repo.py
[2026-03-28T20:49:43.096+0000] {processor.py:840} INFO - DAG(s) 'dag_enem_extraction' retrieved from /opt/airflow/dags/extract_data_git_repo.py
[2026-03-28T20:49:43.316+0000] {logging_mixin.py:188} INFO - [2026-03-28T20:49:43.316+0000] {dag.py:3096} INFO - Sync 1 DAGs
[2026-03-28T20:49:43.411+0000] {logging_mixin.py:188} INFO - [2026-03-28T20:49:43.411+0000] {dag.py:3954} INFO - Setting next_dagrun for dag_enem_extraction to None, run_after=None
[2026-03-28T20:49:43.490+0000] {processor.py:183} INFO - Processing /opt/airflow/dags/extract_data_git_repo.py took 0.508 seconds
[2026-03-28T20:50:14.428+0000] {processor.py:161} INFO - Started process (PID=550) to work on /opt/airflow/dags/extract_data_git_repo.py
[2026-03-28T20:50:14.430+0000] {processor.py:830} INFO - Processing file /opt/airflow/dags/extract_data_git_repo.py for tasks to queue
[2026-03-28T20:50:14.433+0000] {logging_mixin.py:188} INFO - [2026-03-28T20:50:14.433+0000] {dagbag.py:545} INFO - Filling up the DagBag from /opt/airflow/dags/extract_data_git_repo.py
[2026-03-28T20:50:14.450+0000] {processor.py:840} INFO - DAG(s) 'dag_enem_extraction' retrieved from /opt/airflow/dags/extract_data_git_repo.py
[2026-03-28T20:50:14.498+0000] {logging_mixin.py:188} INFO - [2026-03-28T20:50:14.497+0000] {dag.py:3096} INFO - Sync 1 DAGs
[2026-03-28T20:50:14.515+0000] {logging_mixin.py:188} INFO - [2026-03-28T20:50:14.515+0000] {dag.py:3954} INFO - Setting next_dagrun for dag_enem_extraction to None, run_after=None
[2026-03-28T20:50:14.547+0000] {processor.py:183} INFO - Processing /opt/airflow/dags/extract_data_git_repo.py took 0.129 seconds
[2026-03-28T20:50:44.980+0000] {processor.py:161} INFO - Started process (PID=565) to work on /opt/airflow/dags/extract_data_git_repo.py
[2026-03-28T20:50:44.982+0000] {processor.py:830} INFO - Processing file /opt/airflow/dags/extract_data_git_repo.py for tasks to queue
[2026-03-28T20:50:44.986+0000] {logging_mixin.py:188} INFO - [2026-03-28T20:50:44.984+0000] {dagbag.py:545} INFO - Filling up the DagBag from /opt/airflow/dags/extract_data_git_repo.py
[2026-03-28T20:50:45.023+0000] {processor.py:840} INFO - DAG(s) 'dag_enem_extraction' retrieved from /opt/airflow/dags/extract_data_git_repo.py
[2026-03-28T20:50:45.098+0000] {logging_mixin.py:188} INFO - [2026-03-28T20:50:45.098+0000] {dag.py:3096} INFO - Sync 1 DAGs
[2026-03-28T20:50:45.145+0000] {logging_mixin.py:188} INFO - [2026-03-28T20:50:45.145+0000] {dag.py:3954} INFO - Setting next_dagrun for dag_enem_extraction to None, run_after=None
[2026-03-28T20:50:45.184+0000] {processor.py:183} INFO - Processing /opt/airflow/dags/extract_data_git_repo.py took 0.250 seconds
[2026-03-28T20:51:15.490+0000] {processor.py:161} INFO - Started process (PID=590) to work on /opt/airflow/dags/extract_data_git_repo.py
[2026-03-28T20:51:15.492+0000] {processor.py:830} INFO - Processing file /opt/airflow/dags/extract_data_git_repo.py for tasks to queue
[2026-03-28T20:51:15.496+0000] {logging_mixin.py:188} INFO - [2026-03-28T20:51:15.494+0000] {dagbag.py:545} INFO - Filling up the DagBag from /opt/airflow/dags/extract_data_git_repo.py
[2026-03-28T20:51:15.509+0000] {processor.py:840} INFO - DAG(s) 'dag_enem_extraction' retrieved from /opt/airflow/dags/extract_data_git_repo.py
[2026-03-28T20:51:15.550+0000] {logging_mixin.py:188} INFO - [2026-03-28T20:51:15.550+0000] {dag.py:3096} INFO - Sync 1 DAGs
[2026-03-28T20:51:15.570+0000] {logging_mixin.py:188} INFO - [2026-03-28T20:51:15.569+0000] {dag.py:3954} INFO - Setting next_dagrun for dag_enem_extraction to None, run_after=None
[2026-03-28T20:51:15.599+0000] {processor.py:183} INFO - Processing /opt/airflow/dags/extract_data_git_repo.py took 0.118 seconds
[2026-03-28T20:51:46.053+0000] {processor.py:161} INFO - Started process (PID=608) to work on /opt/airflow/dags/extract_data_git_repo.py
[2026-03-28T20:51:46.055+0000] {processor.py:830} INFO - Processing file /opt/airflow/dags/extract_data_git_repo.py for tasks to queue
[2026-03-28T20:51:46.057+0000] {logging_mixin.py:188} INFO - [2026-03-28T20:51:46.057+0000] {dagbag.py:545} INFO - Filling up the DagBag from /opt/airflow/dags/extract_data_git_repo.py
[2026-03-28T20:51:46.085+0000] {processor.py:840} INFO - DAG(s) 'dag_enem_extraction' retrieved from /opt/airflow/dags/extract_data_git_repo.py
[2026-03-28T20:51:46.122+0000] {logging_mixin.py:188} INFO - [2026-03-28T20:51:46.122+0000] {dag.py:3096} INFO - Sync 1 DAGs
[2026-03-28T20:51:46.138+0000] {logging_mixin.py:188} INFO - [2026-03-28T20:51:46.138+0000] {dag.py:3954} INFO - Setting next_dagrun for dag_enem_extraction to None, run_after=None
[2026-03-28T20:51:46.161+0000] {processor.py:183} INFO - Processing /opt/airflow/dags/extract_data_git_repo.py took 0.116 seconds
[2026-03-28T20:52:16.617+0000] {processor.py:161} INFO - Started process (PID=625) to work on /opt/airflow/dags/extract_data_git_repo.py
[2026-03-28T20:52:16.623+0000] {processor.py:830} INFO - Processing file /opt/airflow/dags/extract_data_git_repo.py for tasks to queue
[2026-03-28T20:52:16.626+0000] {logging_mixin.py:188} INFO - [2026-03-28T20:52:16.625+0000] {dagbag.py:545} INFO - Filling up the DagBag from /opt/airflow/dags/extract_data_git_repo.py
[2026-03-28T20:52:16.648+0000] {processor.py:840} INFO - DAG(s) 'dag_enem_extraction' retrieved from /opt/airflow/dags/extract_data_git_repo.py
[2026-03-28T20:52:16.718+0000] {logging_mixin.py:188} INFO - [2026-03-28T20:52:16.718+0000] {dag.py:3096} INFO - Sync 1 DAGs
[2026-03-28T20:52:16.745+0000] {logging_mixin.py:188} INFO - [2026-03-28T20:52:16.744+0000] {dag.py:3954} INFO - Setting next_dagrun for dag_enem_extraction to None, run_after=None
[2026-03-28T20:52:16.784+0000] {processor.py:183} INFO - Processing /opt/airflow/dags/extract_data_git_repo.py took 0.175 seconds
[2026-03-28T20:52:47.014+0000] {processor.py:161} INFO - Started process (PID=640) to work on /opt/airflow/dags/extract_data_git_repo.py
[2026-03-28T20:52:47.015+0000] {processor.py:830} INFO - Processing file /opt/airflow/dags/extract_data_git_repo.py for tasks to queue
[2026-03-28T20:52:47.018+0000] {logging_mixin.py:188} INFO - [2026-03-28T20:52:47.017+0000] {dagbag.py:545} INFO - Filling up the DagBag from /opt/airflow/dags/extract_data_git_repo.py
[2026-03-28T20:52:47.039+0000] {processor.py:840} INFO - DAG(s) 'dag_enem_extraction' retrieved from /opt/airflow/dags/extract_data_git_repo.py
[2026-03-28T20:52:47.100+0000] {logging_mixin.py:188} INFO - [2026-03-28T20:52:47.100+0000] {dag.py:3096} INFO - Sync 1 DAGs
[2026-03-28T20:52:47.123+0000] {logging_mixin.py:188} INFO - [2026-03-28T20:52:47.122+0000] {dag.py:3954} INFO - Setting next_dagrun for dag_enem_extraction to None, run_after=None
[2026-03-28T20:52:47.158+0000] {processor.py:183} INFO - Processing /opt/airflow/dags/extract_data_git_repo.py took 0.155 seconds
[2026-03-28T20:53:17.565+0000] {processor.py:161} INFO - Started process (PID=655) to work on /opt/airflow/dags/extract_data_git_repo.py
[2026-03-28T20:53:17.568+0000] {processor.py:830} INFO - Processing file /opt/airflow/dags/extract_data_git_repo.py for tasks to queue
[2026-03-28T20:53:17.572+0000] {logging_mixin.py:188} INFO - [2026-03-28T20:53:17.571+0000] {dagbag.py:545} INFO - Filling up the DagBag from /opt/airflow/dags/extract_data_git_repo.py
[2026-03-28T20:53:17.593+0000] {processor.py:840} INFO - DAG(s) 'dag_enem_extraction' retrieved from /opt/airflow/dags/extract_data_git_repo.py
[2026-03-28T20:53:17.641+0000] {logging_mixin.py:188} INFO - [2026-03-28T20:53:17.640+0000] {dag.py:3096} INFO - Sync 1 DAGs
[2026-03-28T20:53:17.662+0000] {logging_mixin.py:188} INFO - [2026-03-28T20:53:17.662+0000] {dag.py:3954} INFO - Setting next_dagrun for dag_enem_extraction to None, run_after=None
[2026-03-28T20:53:17.687+0000] {processor.py:183} INFO - Processing /opt/airflow/dags/extract_data_git_repo.py took 0.133 seconds
[2026-03-28T20:53:48.253+0000] {processor.py:161} INFO - Started process (PID=675) to work on /opt/airflow/dags/extract_data_git_repo.py
[2026-03-28T20:53:48.259+0000] {processor.py:830} INFO - Processing file /opt/airflow/dags/extract_data_git_repo.py for tasks to queue
[2026-03-28T20:53:48.301+0000] {logging_mixin.py:188} INFO - [2026-03-28T20:53:48.294+0000] {dagbag.py:545} INFO - Filling up the DagBag from /opt/airflow/dags/extract_data_git_repo.py
[2026-03-28T20:53:48.409+0000] {processor.py:840} INFO - DAG(s) 'dag_enem_extraction' retrieved from /opt/airflow/dags/extract_data_git_repo.py
[2026-03-28T20:53:48.817+0000] {logging_mixin.py:188} INFO - [2026-03-28T20:53:48.815+0000] {dag.py:3096} INFO - Sync 1 DAGs
[2026-03-28T20:53:49.030+0000] {logging_mixin.py:188} INFO - [2026-03-28T20:53:49.030+0000] {dag.py:3954} INFO - Setting next_dagrun for dag_enem_extraction to None, run_after=None
[2026-03-28T20:53:49.162+0000] {processor.py:183} INFO - Processing /opt/airflow/dags/extract_data_git_repo.py took 0.955 seconds
[2026-03-28T20:54:19.675+0000] {processor.py:161} INFO - Started process (PID=695) to work on /opt/airflow/dags/extract_data_git_repo.py
[2026-03-28T20:54:19.677+0000] {processor.py:830} INFO - Processing file /opt/airflow/dags/extract_data_git_repo.py for tasks to queue
[2026-03-28T20:54:19.681+0000] {logging_mixin.py:188} INFO - [2026-03-28T20:54:19.680+0000] {dagbag.py:545} INFO - Filling up the DagBag from /opt/airflow/dags/extract_data_git_repo.py
[2026-03-28T20:54:19.789+0000] {processor.py:840} INFO - DAG(s) 'dag_enem_extraction' retrieved from /opt/airflow/dags/extract_data_git_repo.py
[2026-03-28T20:54:20.059+0000] {logging_mixin.py:188} INFO - [2026-03-28T20:54:20.058+0000] {dag.py:3096} INFO - Sync 1 DAGs
[2026-03-28T20:54:20.165+0000] {logging_mixin.py:188} INFO - [2026-03-28T20:54:20.165+0000] {dag.py:3954} INFO - Setting next_dagrun for dag_enem_extraction to None, run_after=None
[2026-03-28T20:54:20.260+0000] {processor.py:183} INFO - Processing /opt/airflow/dags/extract_data_git_repo.py took 0.597 seconds
[2026-03-28T20:54:50.344+0000] {processor.py:161} INFO - Started process (PID=710) to work on /opt/airflow/dags/extract_data_git_repo.py
[2026-03-28T20:54:50.350+0000] {processor.py:830} INFO - Processing file /opt/airflow/dags/extract_data_git_repo.py for tasks to queue
[2026-03-28T20:54:50.365+0000] {logging_mixin.py:188} INFO - [2026-03-28T20:54:50.363+0000] {dagbag.py:545} INFO - Filling up the DagBag from /opt/airflow/dags/extract_data_git_repo.py
[2026-03-28T20:54:50.379+0000] {processor.py:840} INFO - DAG(s) 'dag_enem_extraction' retrieved from /opt/airflow/dags/extract_data_git_repo.py
[2026-03-28T20:54:50.417+0000] {logging_mixin.py:188} INFO - [2026-03-28T20:54:50.417+0000] {dag.py:3096} INFO - Sync 1 DAGs
[2026-03-28T20:54:50.434+0000] {logging_mixin.py:188} INFO - [2026-03-28T20:54:50.433+0000] {dag.py:3954} INFO - Setting next_dagrun for dag_enem_extraction to None, run_after=None
[2026-03-28T20:54:50.459+0000] {processor.py:183} INFO - Processing /opt/airflow/dags/extract_data_git_repo.py took 0.130 seconds
[2026-03-28T20:55:20.743+0000] {processor.py:161} INFO - Started process (PID=725) to work on /opt/airflow/dags/extract_data_git_repo.py
[2026-03-28T20:55:20.746+0000] {processor.py:830} INFO - Processing file /opt/airflow/dags/extract_data_git_repo.py for tasks to queue
[2026-03-28T20:55:20.752+0000] {logging_mixin.py:188} INFO - [2026-03-28T20:55:20.751+0000] {dagbag.py:545} INFO - Filling up the DagBag from /opt/airflow/dags/extract_data_git_repo.py
[2026-03-28T20:55:20.771+0000] {processor.py:840} INFO - DAG(s) 'dag_enem_extraction' retrieved from /opt/airflow/dags/extract_data_git_repo.py
[2026-03-28T20:55:20.832+0000] {logging_mixin.py:188} INFO - [2026-03-28T20:55:20.831+0000] {dag.py:3096} INFO - Sync 1 DAGs
[2026-03-28T20:55:20.850+0000] {logging_mixin.py:188} INFO - [2026-03-28T20:55:20.850+0000] {dag.py:3954} INFO - Setting next_dagrun for dag_enem_extraction to None, run_after=None
[2026-03-28T20:55:20.877+0000] {processor.py:183} INFO - Processing /opt/airflow/dags/extract_data_git_repo.py took 0.143 seconds
[2026-03-28T20:55:51.199+0000] {processor.py:161} INFO - Started process (PID=740) to work on /opt/airflow/dags/extract_data_git_repo.py
[2026-03-28T20:55:51.201+0000] {processor.py:830} INFO - Processing file /opt/airflow/dags/extract_data_git_repo.py for tasks to queue
[2026-03-28T20:55:51.203+0000] {logging_mixin.py:188} INFO - [2026-03-28T20:55:51.203+0000] {dagbag.py:545} INFO - Filling up the DagBag from /opt/airflow/dags/extract_data_git_repo.py
[2026-03-28T20:55:51.246+0000] {processor.py:840} INFO - DAG(s) 'dag_enem_extraction' retrieved from /opt/airflow/dags/extract_data_git_repo.py
[2026-03-28T20:55:51.340+0000] {logging_mixin.py:188} INFO - [2026-03-28T20:55:51.339+0000] {dag.py:3096} INFO - Sync 1 DAGs
[2026-03-28T20:55:51.384+0000] {logging_mixin.py:188} INFO - [2026-03-28T20:55:51.384+0000] {dag.py:3954} INFO - Setting next_dagrun for dag_enem_extraction to None, run_after=None
[2026-03-28T20:55:51.428+0000] {processor.py:183} INFO - Processing /opt/airflow/dags/extract_data_git_repo.py took 0.239 seconds
[2026-03-28T20:56:21.704+0000] {processor.py:161} INFO - Started process (PID=755) to work on /opt/airflow/dags/extract_data_git_repo.py
[2026-03-28T20:56:21.706+0000] {processor.py:830} INFO - Processing file /opt/airflow/dags/extract_data_git_repo.py for tasks to queue
[2026-03-28T20:56:21.714+0000] {logging_mixin.py:188} INFO - [2026-03-28T20:56:21.713+0000] {dagbag.py:545} INFO - Filling up the DagBag from /opt/airflow/dags/extract_data_git_repo.py
[2026-03-28T20:56:21.742+0000] {processor.py:840} INFO - DAG(s) 'dag_enem_extraction' retrieved from /opt/airflow/dags/extract_data_git_repo.py
[2026-03-28T20:56:21.796+0000] {logging_mixin.py:188} INFO - [2026-03-28T20:56:21.795+0000] {dag.py:3096} INFO - Sync 1 DAGs
[2026-03-28T20:56:21.821+0000] {logging_mixin.py:188} INFO - [2026-03-28T20:56:21.821+0000] {dag.py:3954} INFO - Setting next_dagrun for dag_enem_extraction to None, run_after=None
[2026-03-28T20:56:21.854+0000] {processor.py:183} INFO - Processing /opt/airflow/dags/extract_data_git_repo.py took 0.163 seconds
[2026-03-28T20:56:52.153+0000] {processor.py:161} INFO - Started process (PID=775) to work on /opt/airflow/dags/extract_data_git_repo.py
[2026-03-28T20:56:52.154+0000] {processor.py:830} INFO - Processing file /opt/airflow/dags/extract_data_git_repo.py for tasks to queue
[2026-03-28T20:56:52.156+0000] {logging_mixin.py:188} INFO - [2026-03-28T20:56:52.156+0000] {dagbag.py:545} INFO - Filling up the DagBag from /opt/airflow/dags/extract_data_git_repo.py
[2026-03-28T20:56:52.172+0000] {processor.py:840} INFO - DAG(s) 'dag_enem_extraction' retrieved from /opt/airflow/dags/extract_data_git_repo.py
[2026-03-28T20:56:52.215+0000] {logging_mixin.py:188} INFO - [2026-03-28T20:56:52.215+0000] {dag.py:3096} INFO - Sync 1 DAGs
[2026-03-28T20:56:52.249+0000] {logging_mixin.py:188} INFO - [2026-03-28T20:56:52.249+0000] {dag.py:3954} INFO - Setting next_dagrun for dag_enem_extraction to None, run_after=None
[2026-03-28T20:56:52.291+0000] {processor.py:183} INFO - Processing /opt/airflow/dags/extract_data_git_repo.py took 0.148 seconds
[2026-03-28T20:57:22.618+0000] {processor.py:161} INFO - Started process (PID=790) to work on /opt/airflow/dags/extract_data_git_repo.py
[2026-03-28T20:57:22.619+0000] {processor.py:830} INFO - Processing file /opt/airflow/dags/extract_data_git_repo.py for tasks to queue
[2026-03-28T20:57:22.622+0000] {logging_mixin.py:188} INFO - [2026-03-28T20:57:22.621+0000] {dagbag.py:545} INFO - Filling up the DagBag from /opt/airflow/dags/extract_data_git_repo.py
[2026-03-28T20:57:22.635+0000] {processor.py:840} INFO - DAG(s) 'dag_enem_extraction' retrieved from /opt/airflow/dags/extract_data_git_repo.py
[2026-03-28T20:57:22.672+0000] {logging_mixin.py:188} INFO - [2026-03-28T20:57:22.672+0000] {dag.py:3096} INFO - Sync 1 DAGs
[2026-03-28T20:57:22.692+0000] {logging_mixin.py:188} INFO - [2026-03-28T20:57:22.691+0000] {dag.py:3954} INFO - Setting next_dagrun for dag_enem_extraction to None, run_after=None
[2026-03-28T20:57:22.721+0000] {processor.py:183} INFO - Processing /opt/airflow/dags/extract_data_git_repo.py took 0.111 seconds
[2026-03-28T20:57:53.178+0000] {processor.py:161} INFO - Started process (PID=805) to work on /opt/airflow/dags/extract_data_git_repo.py
[2026-03-28T20:57:53.179+0000] {processor.py:830} INFO - Processing file /opt/airflow/dags/extract_data_git_repo.py for tasks to queue
[2026-03-28T20:57:53.185+0000] {logging_mixin.py:188} INFO - [2026-03-28T20:57:53.185+0000] {dagbag.py:545} INFO - Filling up the DagBag from /opt/airflow/dags/extract_data_git_repo.py
[2026-03-28T20:57:53.199+0000] {processor.py:840} INFO - DAG(s) 'dag_enem_extraction' retrieved from /opt/airflow/dags/extract_data_git_repo.py
[2026-03-28T20:57:53.246+0000] {logging_mixin.py:188} INFO - [2026-03-28T20:57:53.246+0000] {dag.py:3096} INFO - Sync 1 DAGs
[2026-03-28T20:57:53.271+0000] {logging_mixin.py:188} INFO - [2026-03-28T20:57:53.271+0000] {dag.py:3954} INFO - Setting next_dagrun for dag_enem_extraction to None, run_after=None
[2026-03-28T20:57:53.302+0000] {processor.py:183} INFO - Processing /opt/airflow/dags/extract_data_git_repo.py took 0.132 seconds
[2026-03-28T20:58:23.582+0000] {processor.py:161} INFO - Started process (PID=820) to work on /opt/airflow/dags/extract_data_git_repo.py
[2026-03-28T20:58:23.583+0000] {processor.py:830} INFO - Processing file /opt/airflow/dags/extract_data_git_repo.py for tasks to queue
[2026-03-28T20:58:23.585+0000] {logging_mixin.py:188} INFO - [2026-03-28T20:58:23.585+0000] {dagbag.py:545} INFO - Filling up the DagBag from /opt/airflow/dags/extract_data_git_repo.py
[2026-03-28T20:58:23.599+0000] {processor.py:840} INFO - DAG(s) 'dag_enem_extraction' retrieved from /opt/airflow/dags/extract_data_git_repo.py
[2026-03-28T20:58:23.639+0000] {logging_mixin.py:188} INFO - [2026-03-28T20:58:23.638+0000] {dag.py:3096} INFO - Sync 1 DAGs
[2026-03-28T20:58:23.655+0000] {logging_mixin.py:188} INFO - [2026-03-28T20:58:23.655+0000] {dag.py:3954} INFO - Setting next_dagrun for dag_enem_extraction to None, run_after=None
[2026-03-28T20:58:23.682+0000] {processor.py:183} INFO - Processing /opt/airflow/dags/extract_data_git_repo.py took 0.108 seconds
[2026-03-28T20:58:53.996+0000] {processor.py:161} INFO - Started process (PID=835) to work on /opt/airflow/dags/extract_data_git_repo.py
[2026-03-28T20:58:53.997+0000] {processor.py:830} INFO - Processing file /opt/airflow/dags/extract_data_git_repo.py for tasks to queue
[2026-03-28T20:58:53.999+0000] {logging_mixin.py:188} INFO - [2026-03-28T20:58:53.999+0000] {dagbag.py:545} INFO - Filling up the DagBag from /opt/airflow/dags/extract_data_git_repo.py
[2026-03-28T20:58:54.013+0000] {processor.py:840} INFO - DAG(s) 'dag_enem_extraction' retrieved from /opt/airflow/dags/extract_data_git_repo.py
[2026-03-28T20:58:54.057+0000] {logging_mixin.py:188} INFO - [2026-03-28T20:58:54.056+0000] {dag.py:3096} INFO - Sync 1 DAGs
[2026-03-28T20:58:54.077+0000] {logging_mixin.py:188} INFO - [2026-03-28T20:58:54.076+0000] {dag.py:3954} INFO - Setting next_dagrun for dag_enem_extraction to None, run_after=None
[2026-03-28T20:58:54.111+0000] {processor.py:183} INFO - Processing /opt/airflow/dags/extract_data_git_repo.py took 0.123 seconds
[2026-03-28T20:59:25.078+0000] {processor.py:161} INFO - Started process (PID=865) to work on /opt/airflow/dags/extract_data_git_repo.py
[2026-03-28T20:59:25.080+0000] {processor.py:830} INFO - Processing file /opt/airflow/dags/extract_data_git_repo.py for tasks to queue
[2026-03-28T20:59:25.082+0000] {logging_mixin.py:188} INFO - [2026-03-28T20:59:25.082+0000] {dagbag.py:545} INFO - Filling up the DagBag from /opt/airflow/dags/extract_data_git_repo.py
[2026-03-28T20:59:25.094+0000] {processor.py:840} INFO - DAG(s) 'dag_enem_extraction' retrieved from /opt/airflow/dags/extract_data_git_repo.py
[2026-03-28T20:59:25.217+0000] {logging_mixin.py:188} INFO - [2026-03-28T20:59:25.217+0000] {dag.py:3096} INFO - Sync 1 DAGs
[2026-03-28T20:59:25.239+0000] {logging_mixin.py:188} INFO - [2026-03-28T20:59:25.239+0000] {dag.py:3954} INFO - Setting next_dagrun for dag_enem_extraction to None, run_after=None
[2026-03-28T20:59:25.266+0000] {processor.py:183} INFO - Processing /opt/airflow/dags/extract_data_git_repo.py took 0.200 seconds
[2026-03-28T20:59:56.211+0000] {processor.py:161} INFO - Started process (PID=885) to work on /opt/airflow/dags/extract_data_git_repo.py
[2026-03-28T20:59:56.214+0000] {processor.py:830} INFO - Processing file /opt/airflow/dags/extract_data_git_repo.py for tasks to queue
[2026-03-28T20:59:56.237+0000] {logging_mixin.py:188} INFO - [2026-03-28T20:59:56.234+0000] {dagbag.py:545} INFO - Filling up the DagBag from /opt/airflow/dags/extract_data_git_repo.py
[2026-03-28T20:59:56.307+0000] {processor.py:840} INFO - DAG(s) 'dag_enem_extraction' retrieved from /opt/airflow/dags/extract_data_git_repo.py
[2026-03-28T20:59:56.443+0000] {logging_mixin.py:188} INFO - [2026-03-28T20:59:56.442+0000] {dag.py:3096} INFO - Sync 1 DAGs
[2026-03-28T20:59:56.496+0000] {logging_mixin.py:188} INFO - [2026-03-28T20:59:56.495+0000] {dag.py:3954} INFO - Setting next_dagrun for dag_enem_extraction to None, run_after=None
[2026-03-28T20:59:56.546+0000] {processor.py:183} INFO - Processing /opt/airflow/dags/extract_data_git_repo.py took 0.343 seconds
[2026-03-28T21:00:26.889+0000] {processor.py:161} INFO - Started process (PID=910) to work on /opt/airflow/dags/extract_data_git_repo.py
[2026-03-28T21:00:26.890+0000] {processor.py:830} INFO - Processing file /opt/airflow/dags/extract_data_git_repo.py for tasks to queue
[2026-03-28T21:00:26.892+0000] {logging_mixin.py:188} INFO - [2026-03-28T21:00:26.892+0000] {dagbag.py:545} INFO - Filling up the DagBag from /opt/airflow/dags/extract_data_git_repo.py
[2026-03-28T21:00:26.904+0000] {processor.py:840} INFO - DAG(s) 'dag_enem_extraction' retrieved from /opt/airflow/dags/extract_data_git_repo.py
[2026-03-28T21:00:26.991+0000] {logging_mixin.py:188} INFO - [2026-03-28T21:00:26.991+0000] {dag.py:3096} INFO - Sync 1 DAGs
[2026-03-28T21:00:27.048+0000] {logging_mixin.py:188} INFO - [2026-03-28T21:00:27.047+0000] {dag.py:3954} INFO - Setting next_dagrun for dag_enem_extraction to None, run_after=None
[2026-03-28T21:00:27.103+0000] {processor.py:183} INFO - Processing /opt/airflow/dags/extract_data_git_repo.py took 0.226 seconds
[2026-03-28T21:00:57.447+0000] {processor.py:161} INFO - Started process (PID=938) to work on /opt/airflow/dags/extract_data_git_repo.py
[2026-03-28T21:00:57.449+0000] {processor.py:830} INFO - Processing file /opt/airflow/dags/extract_data_git_repo.py for tasks to queue
[2026-03-28T21:00:57.452+0000] {logging_mixin.py:188} INFO - [2026-03-28T21:00:57.451+0000] {dagbag.py:545} INFO - Filling up the DagBag from /opt/airflow/dags/extract_data_git_repo.py
[2026-03-28T21:00:57.564+0000] {processor.py:840} INFO - DAG(s) 'dag_enem_extraction' retrieved from /opt/airflow/dags/extract_data_git_repo.py
[2026-03-28T21:00:57.678+0000] {logging_mixin.py:188} INFO - [2026-03-28T21:00:57.678+0000] {dag.py:3096} INFO - Sync 1 DAGs
[2026-03-28T21:00:57.708+0000] {logging_mixin.py:188} INFO - [2026-03-28T21:00:57.707+0000] {dag.py:3954} INFO - Setting next_dagrun for dag_enem_extraction to None, run_after=None
[2026-03-28T21:00:57.742+0000] {processor.py:183} INFO - Processing /opt/airflow/dags/extract_data_git_repo.py took 0.310 seconds
[2026-03-28T21:01:28.236+0000] {processor.py:161} INFO - Started process (PID=965) to work on /opt/airflow/dags/extract_data_git_repo.py
[2026-03-28T21:01:28.238+0000] {processor.py:830} INFO - Processing file /opt/airflow/dags/extract_data_git_repo.py for tasks to queue
[2026-03-28T21:01:28.241+0000] {logging_mixin.py:188} INFO - [2026-03-28T21:01:28.240+0000] {dagbag.py:545} INFO - Filling up the DagBag from /opt/airflow/dags/extract_data_git_repo.py
[2026-03-28T21:01:28.254+0000] {processor.py:840} INFO - DAG(s) 'dag_enem_extraction' retrieved from /opt/airflow/dags/extract_data_git_repo.py
[2026-03-28T21:01:28.297+0000] {logging_mixin.py:188} INFO - [2026-03-28T21:01:28.296+0000] {dag.py:3096} INFO - Sync 1 DAGs
[2026-03-28T21:01:28.312+0000] {logging_mixin.py:188} INFO - [2026-03-28T21:01:28.312+0000] {dag.py:3954} INFO - Setting next_dagrun for dag_enem_extraction to None, run_after=None
[2026-03-28T21:01:28.339+0000] {processor.py:183} INFO - Processing /opt/airflow/dags/extract_data_git_repo.py took 0.110 seconds
[2026-03-28T21:01:58.718+0000] {processor.py:161} INFO - Started process (PID=980) to work on /opt/airflow/dags/extract_data_git_repo.py
[2026-03-28T21:01:58.719+0000] {processor.py:830} INFO - Processing file /opt/airflow/dags/extract_data_git_repo.py for tasks to queue
[2026-03-28T21:01:58.721+0000] {logging_mixin.py:188} INFO - [2026-03-28T21:01:58.721+0000] {dagbag.py:545} INFO - Filling up the DagBag from /opt/airflow/dags/extract_data_git_repo.py
[2026-03-28T21:01:58.740+0000] {processor.py:840} INFO - DAG(s) 'dag_enem_extraction' retrieved from /opt/airflow/dags/extract_data_git_repo.py
[2026-03-28T21:01:58.789+0000] {logging_mixin.py:188} INFO - [2026-03-28T21:01:58.789+0000] {dag.py:3096} INFO - Sync 1 DAGs
[2026-03-28T21:01:58.819+0000] {logging_mixin.py:188} INFO - [2026-03-28T21:01:58.818+0000] {dag.py:3954} INFO - Setting next_dagrun for dag_enem_extraction to None, run_after=None
[2026-03-28T21:01:58.869+0000] {processor.py:183} INFO - Processing /opt/airflow/dags/extract_data_git_repo.py took 0.159 seconds
[2026-03-28T21:02:29.272+0000] {processor.py:161} INFO - Started process (PID=995) to work on /opt/airflow/dags/extract_data_git_repo.py
[2026-03-28T21:02:29.273+0000] {processor.py:830} INFO - Processing file /opt/airflow/dags/extract_data_git_repo.py for tasks to queue
[2026-03-28T21:02:29.277+0000] {logging_mixin.py:188} INFO - [2026-03-28T21:02:29.276+0000] {dagbag.py:545} INFO - Filling up the DagBag from /opt/airflow/dags/extract_data_git_repo.py
[2026-03-28T21:02:29.292+0000] {processor.py:840} INFO - DAG(s) 'dag_enem_extraction' retrieved from /opt/airflow/dags/extract_data_git_repo.py
[2026-03-28T21:02:29.331+0000] {logging_mixin.py:188} INFO - [2026-03-28T21:02:29.331+0000] {dag.py:3096} INFO - Sync 1 DAGs
[2026-03-28T21:02:29.353+0000] {logging_mixin.py:188} INFO - [2026-03-28T21:02:29.353+0000] {dag.py:3954} INFO - Setting next_dagrun for dag_enem_extraction to None, run_after=None
[2026-03-28T21:02:29.414+0000] {processor.py:183} INFO - Processing /opt/airflow/dags/extract_data_git_repo.py took 0.149 seconds
[2026-03-28T21:02:59.716+0000] {processor.py:161} INFO - Started process (PID=1010) to work on /opt/airflow/dags/extract_data_git_repo.py
[2026-03-28T21:02:59.717+0000] {processor.py:830} INFO - Processing file /opt/airflow/dags/extract_data_git_repo.py for tasks to queue
[2026-03-28T21:02:59.720+0000] {logging_mixin.py:188} INFO - [2026-03-28T21:02:59.719+0000] {dagbag.py:545} INFO - Filling up the DagBag from /opt/airflow/dags/extract_data_git_repo.py
[2026-03-28T21:02:59.732+0000] {processor.py:840} INFO - DAG(s) 'dag_enem_extraction' retrieved from /opt/airflow/dags/extract_data_git_repo.py
[2026-03-28T21:02:59.773+0000] {logging_mixin.py:188} INFO - [2026-03-28T21:02:59.773+0000] {dag.py:3096} INFO - Sync 1 DAGs
[2026-03-28T21:02:59.790+0000] {logging_mixin.py:188} INFO - [2026-03-28T21:02:59.790+0000] {dag.py:3954} INFO - Setting next_dagrun for dag_enem_extraction to None, run_after=None
[2026-03-28T21:02:59.813+0000] {processor.py:183} INFO - Processing /opt/airflow/dags/extract_data_git_repo.py took 0.104 seconds
[2026-03-28T21:03:30.129+0000] {processor.py:161} INFO - Started process (PID=1025) to work on /opt/airflow/dags/extract_data_git_repo.py
[2026-03-28T21:03:30.130+0000] {processor.py:830} INFO - Processing file /opt/airflow/dags/extract_data_git_repo.py for tasks to queue
[2026-03-28T21:03:30.134+0000] {logging_mixin.py:188} INFO - [2026-03-28T21:03:30.133+0000] {dagbag.py:545} INFO - Filling up the DagBag from /opt/airflow/dags/extract_data_git_repo.py
[2026-03-28T21:03:30.145+0000] {processor.py:840} INFO - DAG(s) 'dag_enem_extraction' retrieved from /opt/airflow/dags/extract_data_git_repo.py
[2026-03-28T21:03:30.185+0000] {logging_mixin.py:188} INFO - [2026-03-28T21:03:30.185+0000] {dag.py:3096} INFO - Sync 1 DAGs
[2026-03-28T21:03:30.203+0000] {logging_mixin.py:188} INFO - [2026-03-28T21:03:30.202+0000] {dag.py:3954} INFO - Setting next_dagrun for dag_enem_extraction to None, run_after=None
[2026-03-28T21:03:30.229+0000] {processor.py:183} INFO - Processing /opt/airflow/dags/extract_data_git_repo.py took 0.107 seconds
[2026-03-28T21:04:00.620+0000] {processor.py:161} INFO - Started process (PID=1040) to work on /opt/airflow/dags/extract_data_git_repo.py
[2026-03-28T21:04:00.621+0000] {processor.py:830} INFO - Processing file /opt/airflow/dags/extract_data_git_repo.py for tasks to queue
[2026-03-28T21:04:00.623+0000] {logging_mixin.py:188} INFO - [2026-03-28T21:04:00.623+0000] {dagbag.py:545} INFO - Filling up the DagBag from /opt/airflow/dags/extract_data_git_repo.py
[2026-03-28T21:04:00.635+0000] {processor.py:840} INFO - DAG(s) 'dag_enem_extraction' retrieved from /opt/airflow/dags/extract_data_git_repo.py
[2026-03-28T21:04:00.670+0000] {logging_mixin.py:188} INFO - [2026-03-28T21:04:00.669+0000] {dag.py:3096} INFO - Sync 1 DAGs
[2026-03-28T21:04:00.685+0000] {logging_mixin.py:188} INFO - [2026-03-28T21:04:00.684+0000] {dag.py:3954} INFO - Setting next_dagrun for dag_enem_extraction to None, run_after=None
[2026-03-28T21:04:00.712+0000] {processor.py:183} INFO - Processing /opt/airflow/dags/extract_data_git_repo.py took 0.099 seconds
[2026-03-28T21:04:31.452+0000] {processor.py:161} INFO - Started process (PID=1055) to work on /opt/airflow/dags/extract_data_git_repo.py
[2026-03-28T21:04:31.453+0000] {processor.py:830} INFO - Processing file /opt/airflow/dags/extract_data_git_repo.py for tasks to queue
[2026-03-28T21:04:31.455+0000] {logging_mixin.py:188} INFO - [2026-03-28T21:04:31.455+0000] {dagbag.py:545} INFO - Filling up the DagBag from /opt/airflow/dags/extract_data_git_repo.py
[2026-03-28T21:04:31.471+0000] {processor.py:840} INFO - DAG(s) 'dag_enem_extraction' retrieved from /opt/airflow/dags/extract_data_git_repo.py
[2026-03-28T21:04:31.511+0000] {logging_mixin.py:188} INFO - [2026-03-28T21:04:31.511+0000] {dag.py:3096} INFO - Sync 1 DAGs
[2026-03-28T21:04:31.531+0000] {logging_mixin.py:188} INFO - [2026-03-28T21:04:31.531+0000] {dag.py:3954} INFO - Setting next_dagrun for dag_enem_extraction to None, run_after=None
[2026-03-28T21:04:31.557+0000] {processor.py:183} INFO - Processing /opt/airflow/dags/extract_data_git_repo.py took 0.112 seconds
[2026-03-28T21:05:02.222+0000] {processor.py:161} INFO - Started process (PID=1070) to work on /opt/airflow/dags/extract_data_git_repo.py
[2026-03-28T21:05:02.224+0000] {processor.py:830} INFO - Processing file /opt/airflow/dags/extract_data_git_repo.py for tasks to queue
[2026-03-28T21:05:02.229+0000] {logging_mixin.py:188} INFO - [2026-03-28T21:05:02.228+0000] {dagbag.py:545} INFO - Filling up the DagBag from /opt/airflow/dags/extract_data_git_repo.py
[2026-03-28T21:05:02.259+0000] {processor.py:840} INFO - DAG(s) 'dag_enem_extraction' retrieved from /opt/airflow/dags/extract_data_git_repo.py
[2026-03-28T21:05:02.314+0000] {logging_mixin.py:188} INFO - [2026-03-28T21:05:02.313+0000] {dag.py:3096} INFO - Sync 1 DAGs
[2026-03-28T21:05:02.364+0000] {logging_mixin.py:188} INFO - [2026-03-28T21:05:02.363+0000] {dag.py:3954} INFO - Setting next_dagrun for dag_enem_extraction to None, run_after=None
[2026-03-28T21:05:02.432+0000] {processor.py:183} INFO - Processing /opt/airflow/dags/extract_data_git_repo.py took 0.221 seconds
[2026-03-28T21:06:26.855+0000] {processor.py:161} INFO - Started process (PID=163) to work on /opt/airflow/dags/extract_data_git_repo.py
[2026-03-28T21:06:26.868+0000] {processor.py:830} INFO - Processing file /opt/airflow/dags/extract_data_git_repo.py for tasks to queue
[2026-03-28T21:06:26.891+0000] {logging_mixin.py:188} INFO - [2026-03-28T21:06:26.888+0000] {dagbag.py:545} INFO - Filling up the DagBag from /opt/airflow/dags/extract_data_git_repo.py
[2026-03-28T21:06:27.007+0000] {processor.py:840} INFO - DAG(s) 'dag_enem_extraction' retrieved from /opt/airflow/dags/extract_data_git_repo.py
[2026-03-28T21:06:27.530+0000] {logging_mixin.py:188} INFO - [2026-03-28T21:06:27.530+0000] {override.py:1829} INFO - Created Permission View: can read on DAG:dag_enem_extraction
[2026-03-28T21:06:27.544+0000] {logging_mixin.py:188} INFO - [2026-03-28T21:06:27.544+0000] {override.py:1829} INFO - Created Permission View: can edit on DAG:dag_enem_extraction
[2026-03-28T21:06:27.554+0000] {logging_mixin.py:188} INFO - [2026-03-28T21:06:27.553+0000] {override.py:1829} INFO - Created Permission View: can delete on DAG:dag_enem_extraction
[2026-03-28T21:06:27.554+0000] {logging_mixin.py:188} INFO - [2026-03-28T21:06:27.554+0000] {dag.py:3096} INFO - Sync 1 DAGs
[2026-03-28T21:06:27.568+0000] {logging_mixin.py:188} INFO - [2026-03-28T21:06:27.567+0000] {dag.py:3118} INFO - Creating ORM DAG for dag_enem_extraction
[2026-03-28T21:06:27.568+0000] {logging_mixin.py:188} INFO - [2026-03-28T21:06:27.568+0000] {dag.py:3954} INFO - Setting next_dagrun for dag_enem_extraction to None, run_after=None
[2026-03-28T21:06:27.587+0000] {processor.py:183} INFO - Processing /opt/airflow/dags/extract_data_git_repo.py took 0.746 seconds
[2026-03-28T21:06:57.729+0000] {processor.py:161} INFO - Started process (PID=185) to work on /opt/airflow/dags/extract_data_git_repo.py
[2026-03-28T21:06:57.731+0000] {processor.py:830} INFO - Processing file /opt/airflow/dags/extract_data_git_repo.py for tasks to queue
[2026-03-28T21:06:57.733+0000] {logging_mixin.py:188} INFO - [2026-03-28T21:06:57.733+0000] {dagbag.py:545} INFO - Filling up the DagBag from /opt/airflow/dags/extract_data_git_repo.py
[2026-03-28T21:06:57.746+0000] {processor.py:840} INFO - DAG(s) 'dag_enem_extraction' retrieved from /opt/airflow/dags/extract_data_git_repo.py
[2026-03-28T21:06:57.784+0000] {logging_mixin.py:188} INFO - [2026-03-28T21:06:57.784+0000] {dag.py:3096} INFO - Sync 1 DAGs
[2026-03-28T21:06:57.808+0000] {logging_mixin.py:188} INFO - [2026-03-28T21:06:57.807+0000] {dag.py:3954} INFO - Setting next_dagrun for dag_enem_extraction to None, run_after=None
[2026-03-28T21:06:57.839+0000] {processor.py:183} INFO - Processing /opt/airflow/dags/extract_data_git_repo.py took 0.119 seconds
[2026-03-28T21:07:28.123+0000] {processor.py:161} INFO - Started process (PID=193) to work on /opt/airflow/dags/extract_data_git_repo.py
[2026-03-28T21:07:28.124+0000] {processor.py:830} INFO - Processing file /opt/airflow/dags/extract_data_git_repo.py for tasks to queue
[2026-03-28T21:07:28.128+0000] {logging_mixin.py:188} INFO - [2026-03-28T21:07:28.127+0000] {dagbag.py:545} INFO - Filling up the DagBag from /opt/airflow/dags/extract_data_git_repo.py
[2026-03-28T21:07:28.150+0000] {processor.py:840} INFO - DAG(s) 'dag_enem_extraction' retrieved from /opt/airflow/dags/extract_data_git_repo.py
[2026-03-28T21:07:28.206+0000] {logging_mixin.py:188} INFO - [2026-03-28T21:07:28.205+0000] {dag.py:3096} INFO - Sync 1 DAGs
[2026-03-28T21:07:28.224+0000] {logging_mixin.py:188} INFO - [2026-03-28T21:07:28.224+0000] {dag.py:3954} INFO - Setting next_dagrun for dag_enem_extraction to None, run_after=None
[2026-03-28T21:07:28.252+0000] {processor.py:183} INFO - Processing /opt/airflow/dags/extract_data_git_repo.py took 0.144 seconds
[2026-03-28T21:07:59.034+0000] {processor.py:161} INFO - Started process (PID=208) to work on /opt/airflow/dags/extract_data_git_repo.py
[2026-03-28T21:07:59.038+0000] {processor.py:830} INFO - Processing file /opt/airflow/dags/extract_data_git_repo.py for tasks to queue
[2026-03-28T21:07:59.043+0000] {logging_mixin.py:188} INFO - [2026-03-28T21:07:59.042+0000] {dagbag.py:545} INFO - Filling up the DagBag from /opt/airflow/dags/extract_data_git_repo.py
[2026-03-28T21:07:59.064+0000] {processor.py:840} INFO - DAG(s) 'dag_enem_extraction' retrieved from /opt/airflow/dags/extract_data_git_repo.py
[2026-03-28T21:07:59.119+0000] {logging_mixin.py:188} INFO - [2026-03-28T21:07:59.118+0000] {dag.py:3096} INFO - Sync 1 DAGs
[2026-03-28T21:07:59.138+0000] {logging_mixin.py:188} INFO - [2026-03-28T21:07:59.138+0000] {dag.py:3954} INFO - Setting next_dagrun for dag_enem_extraction to None, run_after=None
[2026-03-28T21:07:59.175+0000] {processor.py:183} INFO - Processing /opt/airflow/dags/extract_data_git_repo.py took 0.150 seconds
[2026-03-28T21:08:38.469+0000] {processor.py:161} INFO - Started process (PID=160) to work on /opt/airflow/dags/extract_data_git_repo.py
[2026-03-28T21:08:38.482+0000] {processor.py:830} INFO - Processing file /opt/airflow/dags/extract_data_git_repo.py for tasks to queue
[2026-03-28T21:08:38.512+0000] {logging_mixin.py:188} INFO - [2026-03-28T21:08:38.510+0000] {dagbag.py:545} INFO - Filling up the DagBag from /opt/airflow/dags/extract_data_git_repo.py
[2026-03-28T21:08:38.606+0000] {processor.py:840} INFO - DAG(s) 'dag_enem_extraction' retrieved from /opt/airflow/dags/extract_data_git_repo.py
[2026-03-28T21:08:38.968+0000] {logging_mixin.py:188} INFO - [2026-03-28T21:08:38.967+0000] {dag.py:3096} INFO - Sync 1 DAGs
[2026-03-28T21:08:38.989+0000] {logging_mixin.py:188} INFO - [2026-03-28T21:08:38.988+0000] {dag.py:3954} INFO - Setting next_dagrun for dag_enem_extraction to None, run_after=None
[2026-03-28T21:08:39.024+0000] {processor.py:183} INFO - Processing /opt/airflow/dags/extract_data_git_repo.py took 0.638 seconds
[2026-03-28T21:09:09.909+0000] {processor.py:161} INFO - Started process (PID=180) to work on /opt/airflow/dags/extract_data_git_repo.py
[2026-03-28T21:09:09.920+0000] {processor.py:830} INFO - Processing file /opt/airflow/dags/extract_data_git_repo.py for tasks to queue
[2026-03-28T21:09:09.941+0000] {logging_mixin.py:188} INFO - [2026-03-28T21:09:09.937+0000] {dagbag.py:545} INFO - Filling up the DagBag from /opt/airflow/dags/extract_data_git_repo.py
[2026-03-28T21:09:10.041+0000] {processor.py:840} INFO - DAG(s) 'dag_enem_extraction' retrieved from /opt/airflow/dags/extract_data_git_repo.py
[2026-03-28T21:09:10.139+0000] {logging_mixin.py:188} INFO - [2026-03-28T21:09:10.139+0000] {dag.py:3096} INFO - Sync 1 DAGs
[2026-03-28T21:09:10.156+0000] {logging_mixin.py:188} INFO - [2026-03-28T21:09:10.155+0000] {dag.py:3954} INFO - Setting next_dagrun for dag_enem_extraction to None, run_after=None
[2026-03-28T21:09:10.184+0000] {processor.py:183} INFO - Processing /opt/airflow/dags/extract_data_git_repo.py took 0.350 seconds
[2026-03-28T21:09:57.903+0000] {processor.py:161} INFO - Started process (PID=165) to work on /opt/airflow/dags/extract_data_git_repo.py
[2026-03-28T21:09:57.919+0000] {processor.py:830} INFO - Processing file /opt/airflow/dags/extract_data_git_repo.py for tasks to queue
[2026-03-28T21:09:57.937+0000] {logging_mixin.py:188} INFO - [2026-03-28T21:09:57.935+0000] {dagbag.py:545} INFO - Filling up the DagBag from /opt/airflow/dags/extract_data_git_repo.py
[2026-03-28T21:09:58.067+0000] {processor.py:840} INFO - DAG(s) 'dag_enem_extraction' retrieved from /opt/airflow/dags/extract_data_git_repo.py
[2026-03-28T21:09:58.676+0000] {logging_mixin.py:188} INFO - [2026-03-28T21:09:58.675+0000] {override.py:1829} INFO - Created Permission View: can delete on DAG:dag_enem_extraction
[2026-03-28T21:09:58.695+0000] {logging_mixin.py:188} INFO - [2026-03-28T21:09:58.695+0000] {override.py:1829} INFO - Created Permission View: can edit on DAG:dag_enem_extraction
[2026-03-28T21:09:58.705+0000] {logging_mixin.py:188} INFO - [2026-03-28T21:09:58.705+0000] {override.py:1829} INFO - Created Permission View: can read on DAG:dag_enem_extraction
[2026-03-28T21:09:58.706+0000] {logging_mixin.py:188} INFO - [2026-03-28T21:09:58.706+0000] {dag.py:3096} INFO - Sync 1 DAGs
[2026-03-28T21:09:58.744+0000] {logging_mixin.py:188} INFO - [2026-03-28T21:09:58.744+0000] {dag.py:3118} INFO - Creating ORM DAG for dag_enem_extraction
[2026-03-28T21:09:58.748+0000] {logging_mixin.py:188} INFO - [2026-03-28T21:09:58.747+0000] {dag.py:3954} INFO - Setting next_dagrun for dag_enem_extraction to None, run_after=None
[2026-03-28T21:09:58.784+0000] {processor.py:183} INFO - Processing /opt/airflow/dags/extract_data_git_repo.py took 0.924 seconds
[2026-03-28T21:10:29.635+0000] {processor.py:161} INFO - Started process (PID=187) to work on /opt/airflow/dags/extract_data_git_repo.py
[2026-03-28T21:10:29.636+0000] {processor.py:830} INFO - Processing file /opt/airflow/dags/extract_data_git_repo.py for tasks to queue
[2026-03-28T21:10:29.638+0000] {logging_mixin.py:188} INFO - [2026-03-28T21:10:29.637+0000] {dagbag.py:545} INFO - Filling up the DagBag from /opt/airflow/dags/extract_data_git_repo.py
[2026-03-28T21:10:29.662+0000] {processor.py:840} INFO - DAG(s) 'dag_enem_extraction' retrieved from /opt/airflow/dags/extract_data_git_repo.py
[2026-03-28T21:10:29.698+0000] {logging_mixin.py:188} INFO - [2026-03-28T21:10:29.697+0000] {dag.py:3096} INFO - Sync 1 DAGs
[2026-03-28T21:10:29.723+0000] {logging_mixin.py:188} INFO - [2026-03-28T21:10:29.722+0000] {dag.py:3954} INFO - Setting next_dagrun for dag_enem_extraction to None, run_after=None
[2026-03-28T21:10:29.747+0000] {processor.py:183} INFO - Processing /opt/airflow/dags/extract_data_git_repo.py took 0.125 seconds
[2026-03-28T21:11:00.805+0000] {processor.py:161} INFO - Started process (PID=202) to work on /opt/airflow/dags/extract_data_git_repo.py
[2026-03-28T21:11:00.806+0000] {processor.py:830} INFO - Processing file /opt/airflow/dags/extract_data_git_repo.py for tasks to queue
[2026-03-28T21:11:00.809+0000] {logging_mixin.py:188} INFO - [2026-03-28T21:11:00.809+0000] {dagbag.py:545} INFO - Filling up the DagBag from /opt/airflow/dags/extract_data_git_repo.py
[2026-03-28T21:11:00.841+0000] {processor.py:840} INFO - DAG(s) 'dag_enem_extraction' retrieved from /opt/airflow/dags/extract_data_git_repo.py
[2026-03-28T21:11:00.893+0000] {logging_mixin.py:188} INFO - [2026-03-28T21:11:00.893+0000] {dag.py:3096} INFO - Sync 1 DAGs
[2026-03-28T21:11:00.916+0000] {logging_mixin.py:188} INFO - [2026-03-28T21:11:00.916+0000] {dag.py:3954} INFO - Setting next_dagrun for dag_enem_extraction to None, run_after=None
[2026-03-28T21:11:00.944+0000] {processor.py:183} INFO - Processing /opt/airflow/dags/extract_data_git_repo.py took 0.147 seconds
[2026-03-28T21:11:31.968+0000] {processor.py:161} INFO - Started process (PID=217) to work on /opt/airflow/dags/extract_data_git_repo.py
[2026-03-28T21:11:31.969+0000] {processor.py:830} INFO - Processing file /opt/airflow/dags/extract_data_git_repo.py for tasks to queue
[2026-03-28T21:11:31.972+0000] {logging_mixin.py:188} INFO - [2026-03-28T21:11:31.971+0000] {dagbag.py:545} INFO - Filling up the DagBag from /opt/airflow/dags/extract_data_git_repo.py
[2026-03-28T21:11:31.983+0000] {processor.py:840} INFO - DAG(s) 'dag_enem_extraction' retrieved from /opt/airflow/dags/extract_data_git_repo.py
[2026-03-28T21:11:32.024+0000] {logging_mixin.py:188} INFO - [2026-03-28T21:11:32.024+0000] {dag.py:3096} INFO - Sync 1 DAGs
[2026-03-28T21:11:32.039+0000] {logging_mixin.py:188} INFO - [2026-03-28T21:11:32.039+0000] {dag.py:3954} INFO - Setting next_dagrun for dag_enem_extraction to None, run_after=None
[2026-03-28T21:11:32.061+0000] {processor.py:183} INFO - Processing /opt/airflow/dags/extract_data_git_repo.py took 0.101 seconds
[2026-03-28T21:12:02.947+0000] {processor.py:161} INFO - Started process (PID=232) to work on /opt/airflow/dags/extract_data_git_repo.py
[2026-03-28T21:12:02.948+0000] {processor.py:830} INFO - Processing file /opt/airflow/dags/extract_data_git_repo.py for tasks to queue
[2026-03-28T21:12:02.950+0000] {logging_mixin.py:188} INFO - [2026-03-28T21:12:02.950+0000] {dagbag.py:545} INFO - Filling up the DagBag from /opt/airflow/dags/extract_data_git_repo.py
[2026-03-28T21:12:02.962+0000] {processor.py:840} INFO - DAG(s) 'dag_enem_extraction' retrieved from /opt/airflow/dags/extract_data_git_repo.py
[2026-03-28T21:12:03.002+0000] {logging_mixin.py:188} INFO - [2026-03-28T21:12:03.002+0000] {dag.py:3096} INFO - Sync 1 DAGs
[2026-03-28T21:12:03.043+0000] {logging_mixin.py:188} INFO - [2026-03-28T21:12:03.043+0000] {dag.py:3954} INFO - Setting next_dagrun for dag_enem_extraction to None, run_after=None
[2026-03-28T21:12:03.074+0000] {processor.py:183} INFO - Processing /opt/airflow/dags/extract_data_git_repo.py took 0.137 seconds
[2026-03-28T21:12:33.922+0000] {processor.py:161} INFO - Started process (PID=247) to work on /opt/airflow/dags/extract_data_git_repo.py
[2026-03-28T21:12:33.923+0000] {processor.py:830} INFO - Processing file /opt/airflow/dags/extract_data_git_repo.py for tasks to queue
[2026-03-28T21:12:33.928+0000] {logging_mixin.py:188} INFO - [2026-03-28T21:12:33.928+0000] {dagbag.py:545} INFO - Filling up the DagBag from /opt/airflow/dags/extract_data_git_repo.py
[2026-03-28T21:12:33.965+0000] {processor.py:840} INFO - DAG(s) 'dag_enem_extraction' retrieved from /opt/airflow/dags/extract_data_git_repo.py
[2026-03-28T21:12:34.032+0000] {logging_mixin.py:188} INFO - [2026-03-28T21:12:34.031+0000] {dag.py:3096} INFO - Sync 1 DAGs
[2026-03-28T21:12:34.053+0000] {logging_mixin.py:188} INFO - [2026-03-28T21:12:34.053+0000] {dag.py:3954} INFO - Setting next_dagrun for dag_enem_extraction to None, run_after=None
[2026-03-28T21:12:34.080+0000] {processor.py:183} INFO - Processing /opt/airflow/dags/extract_data_git_repo.py took 0.176 seconds
[2026-03-28T21:13:05.071+0000] {processor.py:161} INFO - Started process (PID=262) to work on /opt/airflow/dags/extract_data_git_repo.py
[2026-03-28T21:13:05.072+0000] {processor.py:830} INFO - Processing file /opt/airflow/dags/extract_data_git_repo.py for tasks to queue
[2026-03-28T21:13:05.075+0000] {logging_mixin.py:188} INFO - [2026-03-28T21:13:05.075+0000] {dagbag.py:545} INFO - Filling up the DagBag from /opt/airflow/dags/extract_data_git_repo.py
[2026-03-28T21:13:05.135+0000] {processor.py:840} INFO - DAG(s) 'dag_enem_extraction' retrieved from /opt/airflow/dags/extract_data_git_repo.py
[2026-03-28T21:13:05.219+0000] {logging_mixin.py:188} INFO - [2026-03-28T21:13:05.218+0000] {dag.py:3096} INFO - Sync 1 DAGs
[2026-03-28T21:13:05.248+0000] {logging_mixin.py:188} INFO - [2026-03-28T21:13:05.247+0000] {dag.py:3954} INFO - Setting next_dagrun for dag_enem_extraction to None, run_after=None
[2026-03-28T21:13:05.294+0000] {processor.py:183} INFO - Processing /opt/airflow/dags/extract_data_git_repo.py took 0.234 seconds
[2026-03-28T21:13:35.562+0000] {processor.py:161} INFO - Started process (PID=277) to work on /opt/airflow/dags/extract_data_git_repo.py
[2026-03-28T21:13:35.570+0000] {processor.py:830} INFO - Processing file /opt/airflow/dags/extract_data_git_repo.py for tasks to queue
[2026-03-28T21:13:35.586+0000] {logging_mixin.py:188} INFO - [2026-03-28T21:13:35.583+0000] {dagbag.py:545} INFO - Filling up the DagBag from /opt/airflow/dags/extract_data_git_repo.py
[2026-03-28T21:13:35.685+0000] {processor.py:840} INFO - DAG(s) 'dag_enem_extraction' retrieved from /opt/airflow/dags/extract_data_git_repo.py
[2026-03-28T21:13:35.949+0000] {logging_mixin.py:188} INFO - [2026-03-28T21:13:35.949+0000] {dag.py:3096} INFO - Sync 1 DAGs
[2026-03-28T21:13:36.041+0000] {logging_mixin.py:188} INFO - [2026-03-28T21:13:36.041+0000] {dag.py:3954} INFO - Setting next_dagrun for dag_enem_extraction to None, run_after=None
[2026-03-28T21:13:36.107+0000] {processor.py:183} INFO - Processing /opt/airflow/dags/extract_data_git_repo.py took 0.613 seconds
[2026-03-28T21:14:07.018+0000] {processor.py:161} INFO - Started process (PID=292) to work on /opt/airflow/dags/extract_data_git_repo.py
[2026-03-28T21:14:07.019+0000] {processor.py:830} INFO - Processing file /opt/airflow/dags/extract_data_git_repo.py for tasks to queue
[2026-03-28T21:14:07.021+0000] {logging_mixin.py:188} INFO - [2026-03-28T21:14:07.020+0000] {dagbag.py:545} INFO - Filling up the DagBag from /opt/airflow/dags/extract_data_git_repo.py
[2026-03-28T21:14:07.033+0000] {processor.py:840} INFO - DAG(s) 'dag_enem_extraction' retrieved from /opt/airflow/dags/extract_data_git_repo.py
[2026-03-28T21:14:07.070+0000] {logging_mixin.py:188} INFO - [2026-03-28T21:14:07.070+0000] {dag.py:3096} INFO - Sync 1 DAGs
[2026-03-28T21:14:07.086+0000] {logging_mixin.py:188} INFO - [2026-03-28T21:14:07.086+0000] {dag.py:3954} INFO - Setting next_dagrun for dag_enem_extraction to None, run_after=None
[2026-03-28T21:14:07.115+0000] {processor.py:183} INFO - Processing /opt/airflow/dags/extract_data_git_repo.py took 0.104 seconds
[2026-03-28T21:14:37.903+0000] {processor.py:161} INFO - Started process (PID=307) to work on /opt/airflow/dags/extract_data_git_repo.py
[2026-03-28T21:14:37.905+0000] {processor.py:830} INFO - Processing file /opt/airflow/dags/extract_data_git_repo.py for tasks to queue
[2026-03-28T21:14:37.907+0000] {logging_mixin.py:188} INFO - [2026-03-28T21:14:37.907+0000] {dagbag.py:545} INFO - Filling up the DagBag from /opt/airflow/dags/extract_data_git_repo.py
[2026-03-28T21:14:37.920+0000] {processor.py:840} INFO - DAG(s) 'dag_enem_extraction' retrieved from /opt/airflow/dags/extract_data_git_repo.py
[2026-03-28T21:14:37.954+0000] {logging_mixin.py:188} INFO - [2026-03-28T21:14:37.954+0000] {dag.py:3096} INFO - Sync 1 DAGs
[2026-03-28T21:14:37.971+0000] {logging_mixin.py:188} INFO - [2026-03-28T21:14:37.971+0000] {dag.py:3954} INFO - Setting next_dagrun for dag_enem_extraction to None, run_after=None
[2026-03-28T21:14:38.018+0000] {processor.py:183} INFO - Processing /opt/airflow/dags/extract_data_git_repo.py took 0.121 seconds
[2026-03-28T21:15:08.853+0000] {processor.py:161} INFO - Started process (PID=322) to work on /opt/airflow/dags/extract_data_git_repo.py
[2026-03-28T21:15:08.854+0000] {processor.py:830} INFO - Processing file /opt/airflow/dags/extract_data_git_repo.py for tasks to queue
[2026-03-28T21:15:08.856+0000] {logging_mixin.py:188} INFO - [2026-03-28T21:15:08.856+0000] {dagbag.py:545} INFO - Filling up the DagBag from /opt/airflow/dags/extract_data_git_repo.py
[2026-03-28T21:15:08.868+0000] {processor.py:840} INFO - DAG(s) 'dag_enem_extraction' retrieved from /opt/airflow/dags/extract_data_git_repo.py
[2026-03-28T21:15:08.903+0000] {logging_mixin.py:188} INFO - [2026-03-28T21:15:08.903+0000] {dag.py:3096} INFO - Sync 1 DAGs
[2026-03-28T21:15:08.918+0000] {logging_mixin.py:188} INFO - [2026-03-28T21:15:08.918+0000] {dag.py:3954} INFO - Setting next_dagrun for dag_enem_extraction to None, run_after=None
[2026-03-28T21:15:08.941+0000] {processor.py:183} INFO - Processing /opt/airflow/dags/extract_data_git_repo.py took 0.097 seconds
[2026-03-28T21:15:39.809+0000] {processor.py:161} INFO - Started process (PID=337) to work on /opt/airflow/dags/extract_data_git_repo.py
[2026-03-28T21:15:39.810+0000] {processor.py:830} INFO - Processing file /opt/airflow/dags/extract_data_git_repo.py for tasks to queue
[2026-03-28T21:15:39.813+0000] {logging_mixin.py:188} INFO - [2026-03-28T21:15:39.812+0000] {dagbag.py:545} INFO - Filling up the DagBag from /opt/airflow/dags/extract_data_git_repo.py
[2026-03-28T21:15:39.825+0000] {processor.py:840} INFO - DAG(s) 'dag_enem_extraction' retrieved from /opt/airflow/dags/extract_data_git_repo.py
[2026-03-28T21:15:39.860+0000] {logging_mixin.py:188} INFO - [2026-03-28T21:15:39.860+0000] {dag.py:3096} INFO - Sync 1 DAGs
[2026-03-28T21:15:39.876+0000] {logging_mixin.py:188} INFO - [2026-03-28T21:15:39.876+0000] {dag.py:3954} INFO - Setting next_dagrun for dag_enem_extraction to None, run_after=None
[2026-03-28T21:15:39.904+0000] {processor.py:183} INFO - Processing /opt/airflow/dags/extract_data_git_repo.py took 0.101 seconds
[2026-03-28T21:16:10.699+0000] {processor.py:161} INFO - Started process (PID=352) to work on /opt/airflow/dags/extract_data_git_repo.py
[2026-03-28T21:16:10.700+0000] {processor.py:830} INFO - Processing file /opt/airflow/dags/extract_data_git_repo.py for tasks to queue
[2026-03-28T21:16:10.703+0000] {logging_mixin.py:188} INFO - [2026-03-28T21:16:10.702+0000] {dagbag.py:545} INFO - Filling up the DagBag from /opt/airflow/dags/extract_data_git_repo.py
[2026-03-28T21:16:10.715+0000] {processor.py:840} INFO - DAG(s) 'dag_enem_extraction' retrieved from /opt/airflow/dags/extract_data_git_repo.py
[2026-03-28T21:16:10.759+0000] {logging_mixin.py:188} INFO - [2026-03-28T21:16:10.758+0000] {dag.py:3096} INFO - Sync 1 DAGs
[2026-03-28T21:16:10.776+0000] {logging_mixin.py:188} INFO - [2026-03-28T21:16:10.776+0000] {dag.py:3954} INFO - Setting next_dagrun for dag_enem_extraction to None, run_after=None
[2026-03-28T21:16:10.802+0000] {processor.py:183} INFO - Processing /opt/airflow/dags/extract_data_git_repo.py took 0.109 seconds
[2026-03-28T21:16:41.522+0000] {processor.py:161} INFO - Started process (PID=367) to work on /opt/airflow/dags/extract_data_git_repo.py
[2026-03-28T21:16:41.531+0000] {processor.py:830} INFO - Processing file /opt/airflow/dags/extract_data_git_repo.py for tasks to queue
[2026-03-28T21:16:41.534+0000] {logging_mixin.py:188} INFO - [2026-03-28T21:16:41.533+0000] {dagbag.py:545} INFO - Filling up the DagBag from /opt/airflow/dags/extract_data_git_repo.py
[2026-03-28T21:16:41.546+0000] {processor.py:840} INFO - DAG(s) 'dag_enem_extraction' retrieved from /opt/airflow/dags/extract_data_git_repo.py
[2026-03-28T21:16:41.587+0000] {logging_mixin.py:188} INFO - [2026-03-28T21:16:41.587+0000] {dag.py:3096} INFO - Sync 1 DAGs
[2026-03-28T21:16:41.604+0000] {logging_mixin.py:188} INFO - [2026-03-28T21:16:41.604+0000] {dag.py:3954} INFO - Setting next_dagrun for dag_enem_extraction to None, run_after=None
[2026-03-28T21:16:41.632+0000] {processor.py:183} INFO - Processing /opt/airflow/dags/extract_data_git_repo.py took 0.117 seconds
[2026-03-28T21:17:12.643+0000] {processor.py:161} INFO - Started process (PID=382) to work on /opt/airflow/dags/extract_data_git_repo.py
[2026-03-28T21:17:12.646+0000] {processor.py:830} INFO - Processing file /opt/airflow/dags/extract_data_git_repo.py for tasks to queue
[2026-03-28T21:17:12.648+0000] {logging_mixin.py:188} INFO - [2026-03-28T21:17:12.648+0000] {dagbag.py:545} INFO - Filling up the DagBag from /opt/airflow/dags/extract_data_git_repo.py
[2026-03-28T21:17:12.659+0000] {processor.py:840} INFO - DAG(s) 'dag_enem_extraction' retrieved from /opt/airflow/dags/extract_data_git_repo.py
[2026-03-28T21:17:12.699+0000] {logging_mixin.py:188} INFO - [2026-03-28T21:17:12.699+0000] {dag.py:3096} INFO - Sync 1 DAGs
[2026-03-28T21:17:12.715+0000] {logging_mixin.py:188} INFO - [2026-03-28T21:17:12.714+0000] {dag.py:3954} INFO - Setting next_dagrun for dag_enem_extraction to None, run_after=None
[2026-03-28T21:17:12.742+0000] {processor.py:183} INFO - Processing /opt/airflow/dags/extract_data_git_repo.py took 0.110 seconds
[2026-03-28T21:17:43.666+0000] {processor.py:161} INFO - Started process (PID=397) to work on /opt/airflow/dags/extract_data_git_repo.py
[2026-03-28T21:17:43.668+0000] {processor.py:830} INFO - Processing file /opt/airflow/dags/extract_data_git_repo.py for tasks to queue
[2026-03-28T21:17:43.671+0000] {logging_mixin.py:188} INFO - [2026-03-28T21:17:43.671+0000] {dagbag.py:545} INFO - Filling up the DagBag from /opt/airflow/dags/extract_data_git_repo.py
[2026-03-28T21:17:43.686+0000] {processor.py:840} INFO - DAG(s) 'dag_enem_extraction' retrieved from /opt/airflow/dags/extract_data_git_repo.py
[2026-03-28T21:17:43.733+0000] {logging_mixin.py:188} INFO - [2026-03-28T21:17:43.732+0000] {dag.py:3096} INFO - Sync 1 DAGs
[2026-03-28T21:17:43.757+0000] {logging_mixin.py:188} INFO - [2026-03-28T21:17:43.757+0000] {dag.py:3954} INFO - Setting next_dagrun for dag_enem_extraction to None, run_after=None
[2026-03-28T21:17:43.784+0000] {processor.py:183} INFO - Processing /opt/airflow/dags/extract_data_git_repo.py took 0.125 seconds
[2026-03-28T21:18:14.642+0000] {processor.py:161} INFO - Started process (PID=412) to work on /opt/airflow/dags/extract_data_git_repo.py
[2026-03-28T21:18:14.644+0000] {processor.py:830} INFO - Processing file /opt/airflow/dags/extract_data_git_repo.py for tasks to queue
[2026-03-28T21:18:14.648+0000] {logging_mixin.py:188} INFO - [2026-03-28T21:18:14.647+0000] {dagbag.py:545} INFO - Filling up the DagBag from /opt/airflow/dags/extract_data_git_repo.py
[2026-03-28T21:18:14.686+0000] {processor.py:840} INFO - DAG(s) 'dag_enem_extraction' retrieved from /opt/airflow/dags/extract_data_git_repo.py
[2026-03-28T21:18:14.744+0000] {logging_mixin.py:188} INFO - [2026-03-28T21:18:14.744+0000] {dag.py:3096} INFO - Sync 1 DAGs
[2026-03-28T21:18:14.763+0000] {logging_mixin.py:188} INFO - [2026-03-28T21:18:14.763+0000] {dag.py:3954} INFO - Setting next_dagrun for dag_enem_extraction to None, run_after=None
[2026-03-28T21:18:14.796+0000] {processor.py:183} INFO - Processing /opt/airflow/dags/extract_data_git_repo.py took 0.168 seconds
[2026-03-28T21:18:45.513+0000] {processor.py:161} INFO - Started process (PID=427) to work on /opt/airflow/dags/extract_data_git_repo.py
[2026-03-28T21:18:45.513+0000] {processor.py:830} INFO - Processing file /opt/airflow/dags/extract_data_git_repo.py for tasks to queue
[2026-03-28T21:18:45.515+0000] {logging_mixin.py:188} INFO - [2026-03-28T21:18:45.515+0000] {dagbag.py:545} INFO - Filling up the DagBag from /opt/airflow/dags/extract_data_git_repo.py
[2026-03-28T21:18:45.527+0000] {processor.py:840} INFO - DAG(s) 'dag_enem_extraction' retrieved from /opt/airflow/dags/extract_data_git_repo.py
[2026-03-28T21:18:45.564+0000] {logging_mixin.py:188} INFO - [2026-03-28T21:18:45.564+0000] {dag.py:3096} INFO - Sync 1 DAGs
[2026-03-28T21:18:45.578+0000] {logging_mixin.py:188} INFO - [2026-03-28T21:18:45.578+0000] {dag.py:3954} INFO - Setting next_dagrun for dag_enem_extraction to None, run_after=None
[2026-03-28T21:18:45.606+0000] {processor.py:183} INFO - Processing /opt/airflow/dags/extract_data_git_repo.py took 0.099 seconds
[2026-03-28T21:19:16.350+0000] {processor.py:161} INFO - Started process (PID=442) to work on /opt/airflow/dags/extract_data_git_repo.py
[2026-03-28T21:19:16.352+0000] {processor.py:830} INFO - Processing file /opt/airflow/dags/extract_data_git_repo.py for tasks to queue
[2026-03-28T21:19:16.355+0000] {logging_mixin.py:188} INFO - [2026-03-28T21:19:16.354+0000] {dagbag.py:545} INFO - Filling up the DagBag from /opt/airflow/dags/extract_data_git_repo.py
[2026-03-28T21:19:16.368+0000] {processor.py:840} INFO - DAG(s) 'dag_enem_extraction' retrieved from /opt/airflow/dags/extract_data_git_repo.py
[2026-03-28T21:19:16.413+0000] {logging_mixin.py:188} INFO - [2026-03-28T21:19:16.412+0000] {dag.py:3096} INFO - Sync 1 DAGs
[2026-03-28T21:19:16.437+0000] {logging_mixin.py:188} INFO - [2026-03-28T21:19:16.437+0000] {dag.py:3954} INFO - Setting next_dagrun for dag_enem_extraction to None, run_after=None
[2026-03-28T21:19:16.474+0000] {processor.py:183} INFO - Processing /opt/airflow/dags/extract_data_git_repo.py took 0.132 seconds
[2026-03-28T21:20:22.727+0000] {processor.py:161} INFO - Started process (PID=185) to work on /opt/airflow/dags/extract_data_git_repo.py
[2026-03-28T21:20:22.753+0000] {processor.py:830} INFO - Processing file /opt/airflow/dags/extract_data_git_repo.py for tasks to queue
[2026-03-28T21:20:22.776+0000] {logging_mixin.py:188} INFO - [2026-03-28T21:20:22.773+0000] {dagbag.py:545} INFO - Filling up the DagBag from /opt/airflow/dags/extract_data_git_repo.py
[2026-03-28T21:20:22.904+0000] {processor.py:840} INFO - DAG(s) 'dag_enem_extraction' retrieved from /opt/airflow/dags/extract_data_git_repo.py
[2026-03-28T21:20:23.719+0000] {logging_mixin.py:188} INFO - [2026-03-28T21:20:23.719+0000] {dag.py:3096} INFO - Sync 1 DAGs
[2026-03-28T21:20:23.756+0000] {logging_mixin.py:188} INFO - [2026-03-28T21:20:23.756+0000] {dag.py:3954} INFO - Setting next_dagrun for dag_enem_extraction to None, run_after=None
[2026-03-28T21:20:23.824+0000] {processor.py:183} INFO - Processing /opt/airflow/dags/extract_data_git_repo.py took 1.163 seconds
[2026-03-28T21:20:54.069+0000] {processor.py:161} INFO - Started process (PID=198) to work on /opt/airflow/dags/extract_data_git_repo.py
[2026-03-28T21:20:54.070+0000] {processor.py:830} INFO - Processing file /opt/airflow/dags/extract_data_git_repo.py for tasks to queue
[2026-03-28T21:20:54.074+0000] {logging_mixin.py:188} INFO - [2026-03-28T21:20:54.073+0000] {dagbag.py:545} INFO - Filling up the DagBag from /opt/airflow/dags/extract_data_git_repo.py
[2026-03-28T21:20:54.357+0000] {processor.py:840} INFO - DAG(s) 'dag_enem_extraction' retrieved from /opt/airflow/dags/extract_data_git_repo.py
[2026-03-28T21:20:54.692+0000] {logging_mixin.py:188} INFO - [2026-03-28T21:20:54.692+0000] {dag.py:3096} INFO - Sync 1 DAGs
[2026-03-28T21:20:54.740+0000] {logging_mixin.py:188} INFO - [2026-03-28T21:20:54.740+0000] {dag.py:3954} INFO - Setting next_dagrun for dag_enem_extraction to None, run_after=None
[2026-03-28T21:20:54.772+0000] {processor.py:183} INFO - Processing /opt/airflow/dags/extract_data_git_repo.py took 0.718 seconds
[2026-03-28T21:21:25.755+0000] {processor.py:161} INFO - Started process (PID=217) to work on /opt/airflow/dags/extract_data_git_repo.py
[2026-03-28T21:21:25.839+0000] {processor.py:830} INFO - Processing file /opt/airflow/dags/extract_data_git_repo.py for tasks to queue
[2026-03-28T21:21:25.921+0000] {logging_mixin.py:188} INFO - [2026-03-28T21:21:25.918+0000] {dagbag.py:545} INFO - Filling up the DagBag from /opt/airflow/dags/extract_data_git_repo.py
[2026-03-28T21:21:26.185+0000] {processor.py:840} INFO - DAG(s) 'dag_enem_extraction' retrieved from /opt/airflow/dags/extract_data_git_repo.py
[2026-03-28T21:21:26.484+0000] {logging_mixin.py:188} INFO - [2026-03-28T21:21:26.483+0000] {dag.py:3096} INFO - Sync 1 DAGs
[2026-03-28T21:21:26.711+0000] {logging_mixin.py:188} INFO - [2026-03-28T21:21:26.711+0000] {dag.py:3954} INFO - Setting next_dagrun for dag_enem_extraction to None, run_after=None
[2026-03-28T21:21:26.812+0000] {processor.py:183} INFO - Processing /opt/airflow/dags/extract_data_git_repo.py took 1.161 seconds
[2026-03-28T21:22:01.753+0000] {processor.py:161} INFO - Started process (PID=242) to work on /opt/airflow/dags/extract_data_git_repo.py
[2026-03-28T21:22:02.648+0000] {processor.py:830} INFO - Processing file /opt/airflow/dags/extract_data_git_repo.py for tasks to queue
[2026-03-28T21:22:03.377+0000] {logging_mixin.py:188} INFO - [2026-03-28T21:22:03.377+0000] {dagbag.py:545} INFO - Filling up the DagBag from /opt/airflow/dags/extract_data_git_repo.py
[2026-03-28T21:22:07.587+0000] {processor.py:840} INFO - DAG(s) 'dag_enem_extraction' retrieved from /opt/airflow/dags/extract_data_git_repo.py
[2026-03-28T21:22:15.320+0000] {logging_mixin.py:188} INFO - [2026-03-28T21:22:15.308+0000] {dag.py:3096} INFO - Sync 1 DAGs
[2026-03-28T21:22:18.217+0000] {logging_mixin.py:188} INFO - [2026-03-28T21:22:18.150+0000] {dag.py:3954} INFO - Setting next_dagrun for dag_enem_extraction to None, run_after=None
[2026-03-28T21:22:26.738+0000] {processor.py:183} INFO - Processing /opt/airflow/dags/extract_data_git_repo.py took 24.531 seconds
[2026-03-28T21:22:57.792+0000] {processor.py:161} INFO - Started process (PID=313) to work on /opt/airflow/dags/extract_data_git_repo.py
[2026-03-28T21:22:57.800+0000] {processor.py:830} INFO - Processing file /opt/airflow/dags/extract_data_git_repo.py for tasks to queue
[2026-03-28T21:22:57.817+0000] {logging_mixin.py:188} INFO - [2026-03-28T21:22:57.815+0000] {dagbag.py:545} INFO - Filling up the DagBag from /opt/airflow/dags/extract_data_git_repo.py
[2026-03-28T21:22:57.867+0000] {processor.py:840} INFO - DAG(s) 'dag_enem_extraction' retrieved from /opt/airflow/dags/extract_data_git_repo.py
[2026-03-28T21:22:57.912+0000] {logging_mixin.py:188} INFO - [2026-03-28T21:22:57.912+0000] {dag.py:3096} INFO - Sync 1 DAGs
[2026-03-28T21:22:57.930+0000] {logging_mixin.py:188} INFO - [2026-03-28T21:22:57.929+0000] {dag.py:3954} INFO - Setting next_dagrun for dag_enem_extraction to None, run_after=None
[2026-03-28T21:22:57.958+0000] {processor.py:183} INFO - Processing /opt/airflow/dags/extract_data_git_repo.py took 0.195 seconds
[2026-03-28T21:23:28.102+0000] {processor.py:161} INFO - Started process (PID=329) to work on /opt/airflow/dags/extract_data_git_repo.py
[2026-03-28T21:23:28.103+0000] {processor.py:830} INFO - Processing file /opt/airflow/dags/extract_data_git_repo.py for tasks to queue
[2026-03-28T21:23:28.106+0000] {logging_mixin.py:188} INFO - [2026-03-28T21:23:28.106+0000] {dagbag.py:545} INFO - Filling up the DagBag from /opt/airflow/dags/extract_data_git_repo.py
[2026-03-28T21:23:28.117+0000] {processor.py:840} INFO - DAG(s) 'dag_enem_extraction' retrieved from /opt/airflow/dags/extract_data_git_repo.py
[2026-03-28T21:23:28.160+0000] {logging_mixin.py:188} INFO - [2026-03-28T21:23:28.160+0000] {dag.py:3096} INFO - Sync 1 DAGs
[2026-03-28T21:23:28.176+0000] {logging_mixin.py:188} INFO - [2026-03-28T21:23:28.176+0000] {dag.py:3954} INFO - Setting next_dagrun for dag_enem_extraction to None, run_after=None
[2026-03-28T21:23:28.204+0000] {processor.py:183} INFO - Processing /opt/airflow/dags/extract_data_git_repo.py took 0.110 seconds
[2026-03-28T21:23:58.996+0000] {processor.py:161} INFO - Started process (PID=345) to work on /opt/airflow/dags/extract_data_git_repo.py
[2026-03-28T21:23:58.998+0000] {processor.py:830} INFO - Processing file /opt/airflow/dags/extract_data_git_repo.py for tasks to queue
[2026-03-28T21:23:59.000+0000] {logging_mixin.py:188} INFO - [2026-03-28T21:23:59.000+0000] {dagbag.py:545} INFO - Filling up the DagBag from /opt/airflow/dags/extract_data_git_repo.py
[2026-03-28T21:23:59.014+0000] {processor.py:840} INFO - DAG(s) 'dag_enem_extraction' retrieved from /opt/airflow/dags/extract_data_git_repo.py
[2026-03-28T21:23:59.054+0000] {logging_mixin.py:188} INFO - [2026-03-28T21:23:59.053+0000] {dag.py:3096} INFO - Sync 1 DAGs
[2026-03-28T21:23:59.073+0000] {logging_mixin.py:188} INFO - [2026-03-28T21:23:59.073+0000] {dag.py:3954} INFO - Setting next_dagrun for dag_enem_extraction to None, run_after=None
[2026-03-28T21:23:59.099+0000] {processor.py:183} INFO - Processing /opt/airflow/dags/extract_data_git_repo.py took 0.111 seconds
[2026-03-28T21:24:29.948+0000] {processor.py:161} INFO - Started process (PID=361) to work on /opt/airflow/dags/extract_data_git_repo.py
[2026-03-28T21:24:29.951+0000] {processor.py:830} INFO - Processing file /opt/airflow/dags/extract_data_git_repo.py for tasks to queue
[2026-03-28T21:24:29.957+0000] {logging_mixin.py:188} INFO - [2026-03-28T21:24:29.956+0000] {dagbag.py:545} INFO - Filling up the DagBag from /opt/airflow/dags/extract_data_git_repo.py
[2026-03-28T21:24:30.006+0000] {processor.py:840} INFO - DAG(s) 'dag_enem_extraction' retrieved from /opt/airflow/dags/extract_data_git_repo.py
[2026-03-28T21:24:30.136+0000] {logging_mixin.py:188} INFO - [2026-03-28T21:24:30.136+0000] {dag.py:3096} INFO - Sync 1 DAGs
[2026-03-28T21:24:30.176+0000] {logging_mixin.py:188} INFO - [2026-03-28T21:24:30.176+0000] {dag.py:3954} INFO - Setting next_dagrun for dag_enem_extraction to None, run_after=None
[2026-03-28T21:24:30.224+0000] {processor.py:183} INFO - Processing /opt/airflow/dags/extract_data_git_repo.py took 0.308 seconds
[2026-03-28T21:25:00.815+0000] {processor.py:161} INFO - Started process (PID=377) to work on /opt/airflow/dags/extract_data_git_repo.py
[2026-03-28T21:25:00.817+0000] {processor.py:830} INFO - Processing file /opt/airflow/dags/extract_data_git_repo.py for tasks to queue
[2026-03-28T21:25:00.820+0000] {logging_mixin.py:188} INFO - [2026-03-28T21:25:00.819+0000] {dagbag.py:545} INFO - Filling up the DagBag from /opt/airflow/dags/extract_data_git_repo.py
[2026-03-28T21:25:00.832+0000] {processor.py:840} INFO - DAG(s) 'dag_enem_extraction' retrieved from /opt/airflow/dags/extract_data_git_repo.py
[2026-03-28T21:25:00.879+0000] {logging_mixin.py:188} INFO - [2026-03-28T21:25:00.879+0000] {dag.py:3096} INFO - Sync 1 DAGs
[2026-03-28T21:25:00.903+0000] {logging_mixin.py:188} INFO - [2026-03-28T21:25:00.902+0000] {dag.py:3954} INFO - Setting next_dagrun for dag_enem_extraction to None, run_after=None
[2026-03-28T21:25:00.938+0000] {processor.py:183} INFO - Processing /opt/airflow/dags/extract_data_git_repo.py took 0.130 seconds
[2026-03-28T21:25:31.771+0000] {processor.py:161} INFO - Started process (PID=393) to work on /opt/airflow/dags/extract_data_git_repo.py
[2026-03-28T21:25:31.773+0000] {processor.py:830} INFO - Processing file /opt/airflow/dags/extract_data_git_repo.py for tasks to queue
[2026-03-28T21:25:31.775+0000] {logging_mixin.py:188} INFO - [2026-03-28T21:25:31.775+0000] {dagbag.py:545} INFO - Filling up the DagBag from /opt/airflow/dags/extract_data_git_repo.py
[2026-03-28T21:25:31.789+0000] {processor.py:840} INFO - DAG(s) 'dag_enem_extraction' retrieved from /opt/airflow/dags/extract_data_git_repo.py
[2026-03-28T21:25:31.834+0000] {logging_mixin.py:188} INFO - [2026-03-28T21:25:31.833+0000] {dag.py:3096} INFO - Sync 1 DAGs
[2026-03-28T21:25:31.851+0000] {logging_mixin.py:188} INFO - [2026-03-28T21:25:31.851+0000] {dag.py:3954} INFO - Setting next_dagrun for dag_enem_extraction to None, run_after=None
[2026-03-28T21:25:31.878+0000] {processor.py:183} INFO - Processing /opt/airflow/dags/extract_data_git_repo.py took 0.114 seconds
[2026-03-28T21:26:02.568+0000] {processor.py:161} INFO - Started process (PID=409) to work on /opt/airflow/dags/extract_data_git_repo.py
[2026-03-28T21:26:02.569+0000] {processor.py:830} INFO - Processing file /opt/airflow/dags/extract_data_git_repo.py for tasks to queue
[2026-03-28T21:26:02.572+0000] {logging_mixin.py:188} INFO - [2026-03-28T21:26:02.572+0000] {dagbag.py:545} INFO - Filling up the DagBag from /opt/airflow/dags/extract_data_git_repo.py
[2026-03-28T21:26:02.585+0000] {processor.py:840} INFO - DAG(s) 'dag_enem_extraction' retrieved from /opt/airflow/dags/extract_data_git_repo.py
[2026-03-28T21:26:02.633+0000] {logging_mixin.py:188} INFO - [2026-03-28T21:26:02.633+0000] {dag.py:3096} INFO - Sync 1 DAGs
[2026-03-28T21:26:02.650+0000] {logging_mixin.py:188} INFO - [2026-03-28T21:26:02.650+0000] {dag.py:3954} INFO - Setting next_dagrun for dag_enem_extraction to None, run_after=None
[2026-03-28T21:26:02.688+0000] {processor.py:183} INFO - Processing /opt/airflow/dags/extract_data_git_repo.py took 0.129 seconds
[2026-03-28T21:26:33.551+0000] {processor.py:161} INFO - Started process (PID=425) to work on /opt/airflow/dags/extract_data_git_repo.py
[2026-03-28T21:26:33.552+0000] {processor.py:830} INFO - Processing file /opt/airflow/dags/extract_data_git_repo.py for tasks to queue
[2026-03-28T21:26:33.556+0000] {logging_mixin.py:188} INFO - [2026-03-28T21:26:33.555+0000] {dagbag.py:545} INFO - Filling up the DagBag from /opt/airflow/dags/extract_data_git_repo.py
[2026-03-28T21:26:33.569+0000] {processor.py:840} INFO - DAG(s) 'dag_enem_extraction' retrieved from /opt/airflow/dags/extract_data_git_repo.py
[2026-03-28T21:26:33.610+0000] {logging_mixin.py:188} INFO - [2026-03-28T21:26:33.610+0000] {dag.py:3096} INFO - Sync 1 DAGs
[2026-03-28T21:26:33.627+0000] {logging_mixin.py:188} INFO - [2026-03-28T21:26:33.627+0000] {dag.py:3954} INFO - Setting next_dagrun for dag_enem_extraction to None, run_after=None
[2026-03-28T21:26:33.654+0000] {processor.py:183} INFO - Processing /opt/airflow/dags/extract_data_git_repo.py took 0.114 seconds
[2026-03-28T21:27:03.882+0000] {processor.py:161} INFO - Started process (PID=441) to work on /opt/airflow/dags/extract_data_git_repo.py
[2026-03-28T21:27:03.885+0000] {processor.py:830} INFO - Processing file /opt/airflow/dags/extract_data_git_repo.py for tasks to queue
[2026-03-28T21:27:03.887+0000] {logging_mixin.py:188} INFO - [2026-03-28T21:27:03.887+0000] {dagbag.py:545} INFO - Filling up the DagBag from /opt/airflow/dags/extract_data_git_repo.py
[2026-03-28T21:27:03.905+0000] {processor.py:840} INFO - DAG(s) 'dag_enem_extraction' retrieved from /opt/airflow/dags/extract_data_git_repo.py
[2026-03-28T21:27:03.947+0000] {logging_mixin.py:188} INFO - [2026-03-28T21:27:03.947+0000] {dag.py:3096} INFO - Sync 1 DAGs
[2026-03-28T21:27:03.965+0000] {logging_mixin.py:188} INFO - [2026-03-28T21:27:03.965+0000] {dag.py:3954} INFO - Setting next_dagrun for dag_enem_extraction to None, run_after=None
[2026-03-28T21:27:03.994+0000] {processor.py:183} INFO - Processing /opt/airflow/dags/extract_data_git_repo.py took 0.121 seconds
[2026-03-28T21:27:34.739+0000] {processor.py:161} INFO - Started process (PID=457) to work on /opt/airflow/dags/extract_data_git_repo.py
[2026-03-28T21:27:34.741+0000] {processor.py:830} INFO - Processing file /opt/airflow/dags/extract_data_git_repo.py for tasks to queue
[2026-03-28T21:27:34.743+0000] {logging_mixin.py:188} INFO - [2026-03-28T21:27:34.743+0000] {dagbag.py:545} INFO - Filling up the DagBag from /opt/airflow/dags/extract_data_git_repo.py
[2026-03-28T21:27:34.758+0000] {processor.py:840} INFO - DAG(s) 'dag_enem_extraction' retrieved from /opt/airflow/dags/extract_data_git_repo.py
[2026-03-28T21:27:34.807+0000] {logging_mixin.py:188} INFO - [2026-03-28T21:27:34.807+0000] {dag.py:3096} INFO - Sync 1 DAGs
[2026-03-28T21:27:34.831+0000] {logging_mixin.py:188} INFO - [2026-03-28T21:27:34.830+0000] {dag.py:3954} INFO - Setting next_dagrun for dag_enem_extraction to None, run_after=None
[2026-03-28T21:27:34.861+0000] {processor.py:183} INFO - Processing /opt/airflow/dags/extract_data_git_repo.py took 0.130 seconds
[2026-03-28T21:28:05.559+0000] {processor.py:161} INFO - Started process (PID=473) to work on /opt/airflow/dags/extract_data_git_repo.py
[2026-03-28T21:28:05.561+0000] {processor.py:830} INFO - Processing file /opt/airflow/dags/extract_data_git_repo.py for tasks to queue
[2026-03-28T21:28:05.563+0000] {logging_mixin.py:188} INFO - [2026-03-28T21:28:05.563+0000] {dagbag.py:545} INFO - Filling up the DagBag from /opt/airflow/dags/extract_data_git_repo.py
[2026-03-28T21:28:05.576+0000] {processor.py:840} INFO - DAG(s) 'dag_enem_extraction' retrieved from /opt/airflow/dags/extract_data_git_repo.py
[2026-03-28T21:28:05.617+0000] {logging_mixin.py:188} INFO - [2026-03-28T21:28:05.615+0000] {dag.py:3096} INFO - Sync 1 DAGs
[2026-03-28T21:28:05.633+0000] {logging_mixin.py:188} INFO - [2026-03-28T21:28:05.633+0000] {dag.py:3954} INFO - Setting next_dagrun for dag_enem_extraction to None, run_after=None
[2026-03-28T21:28:05.661+0000] {processor.py:183} INFO - Processing /opt/airflow/dags/extract_data_git_repo.py took 0.113 seconds
[2026-03-28T21:28:36.518+0000] {processor.py:161} INFO - Started process (PID=489) to work on /opt/airflow/dags/extract_data_git_repo.py
[2026-03-28T21:28:36.519+0000] {processor.py:830} INFO - Processing file /opt/airflow/dags/extract_data_git_repo.py for tasks to queue
[2026-03-28T21:28:36.521+0000] {logging_mixin.py:188} INFO - [2026-03-28T21:28:36.521+0000] {dagbag.py:545} INFO - Filling up the DagBag from /opt/airflow/dags/extract_data_git_repo.py
[2026-03-28T21:28:36.537+0000] {processor.py:840} INFO - DAG(s) 'dag_enem_extraction' retrieved from /opt/airflow/dags/extract_data_git_repo.py
[2026-03-28T21:28:36.586+0000] {logging_mixin.py:188} INFO - [2026-03-28T21:28:36.585+0000] {dag.py:3096} INFO - Sync 1 DAGs
[2026-03-28T21:28:36.603+0000] {logging_mixin.py:188} INFO - [2026-03-28T21:28:36.603+0000] {dag.py:3954} INFO - Setting next_dagrun for dag_enem_extraction to None, run_after=None
[2026-03-28T21:28:36.635+0000] {processor.py:183} INFO - Processing /opt/airflow/dags/extract_data_git_repo.py took 0.127 seconds
[2026-03-28T21:29:07.617+0000] {processor.py:161} INFO - Started process (PID=505) to work on /opt/airflow/dags/extract_data_git_repo.py
[2026-03-28T21:29:07.619+0000] {processor.py:830} INFO - Processing file /opt/airflow/dags/extract_data_git_repo.py for tasks to queue
[2026-03-28T21:29:07.621+0000] {logging_mixin.py:188} INFO - [2026-03-28T21:29:07.621+0000] {dagbag.py:545} INFO - Filling up the DagBag from /opt/airflow/dags/extract_data_git_repo.py
[2026-03-28T21:29:07.636+0000] {processor.py:840} INFO - DAG(s) 'dag_enem_extraction' retrieved from /opt/airflow/dags/extract_data_git_repo.py
[2026-03-28T21:29:07.676+0000] {logging_mixin.py:188} INFO - [2026-03-28T21:29:07.676+0000] {dag.py:3096} INFO - Sync 1 DAGs
[2026-03-28T21:29:07.693+0000] {logging_mixin.py:188} INFO - [2026-03-28T21:29:07.693+0000] {dag.py:3954} INFO - Setting next_dagrun for dag_enem_extraction to None, run_after=None
[2026-03-28T21:29:07.727+0000] {processor.py:183} INFO - Processing /opt/airflow/dags/extract_data_git_repo.py took 0.121 seconds
[2026-03-28T21:29:38.506+0000] {processor.py:161} INFO - Started process (PID=521) to work on /opt/airflow/dags/extract_data_git_repo.py
[2026-03-28T21:29:38.508+0000] {processor.py:830} INFO - Processing file /opt/airflow/dags/extract_data_git_repo.py for tasks to queue
[2026-03-28T21:29:38.511+0000] {logging_mixin.py:188} INFO - [2026-03-28T21:29:38.510+0000] {dagbag.py:545} INFO - Filling up the DagBag from /opt/airflow/dags/extract_data_git_repo.py
[2026-03-28T21:29:38.527+0000] {processor.py:840} INFO - DAG(s) 'dag_enem_extraction' retrieved from /opt/airflow/dags/extract_data_git_repo.py
[2026-03-28T21:29:38.596+0000] {logging_mixin.py:188} INFO - [2026-03-28T21:29:38.596+0000] {dag.py:3096} INFO - Sync 1 DAGs
[2026-03-28T21:29:38.622+0000] {logging_mixin.py:188} INFO - [2026-03-28T21:29:38.622+0000] {dag.py:3954} INFO - Setting next_dagrun for dag_enem_extraction to None, run_after=None
[2026-03-28T21:29:38.658+0000] {processor.py:183} INFO - Processing /opt/airflow/dags/extract_data_git_repo.py took 0.163 seconds
[2026-03-28T21:30:09.518+0000] {processor.py:161} INFO - Started process (PID=537) to work on /opt/airflow/dags/extract_data_git_repo.py
[2026-03-28T21:30:09.519+0000] {processor.py:830} INFO - Processing file /opt/airflow/dags/extract_data_git_repo.py for tasks to queue
[2026-03-28T21:30:09.522+0000] {logging_mixin.py:188} INFO - [2026-03-28T21:30:09.522+0000] {dagbag.py:545} INFO - Filling up the DagBag from /opt/airflow/dags/extract_data_git_repo.py
[2026-03-28T21:30:09.534+0000] {processor.py:840} INFO - DAG(s) 'dag_enem_extraction' retrieved from /opt/airflow/dags/extract_data_git_repo.py
[2026-03-28T21:30:09.570+0000] {logging_mixin.py:188} INFO - [2026-03-28T21:30:09.570+0000] {dag.py:3096} INFO - Sync 1 DAGs
[2026-03-28T21:30:09.585+0000] {logging_mixin.py:188} INFO - [2026-03-28T21:30:09.585+0000] {dag.py:3954} INFO - Setting next_dagrun for dag_enem_extraction to None, run_after=None
[2026-03-28T21:30:09.613+0000] {processor.py:183} INFO - Processing /opt/airflow/dags/extract_data_git_repo.py took 0.102 seconds
[2026-03-28T21:30:39.737+0000] {processor.py:161} INFO - Started process (PID=553) to work on /opt/airflow/dags/extract_data_git_repo.py
[2026-03-28T21:30:39.739+0000] {processor.py:830} INFO - Processing file /opt/airflow/dags/extract_data_git_repo.py for tasks to queue
[2026-03-28T21:30:39.742+0000] {logging_mixin.py:188} INFO - [2026-03-28T21:30:39.742+0000] {dagbag.py:545} INFO - Filling up the DagBag from /opt/airflow/dags/extract_data_git_repo.py
[2026-03-28T21:30:39.756+0000] {processor.py:840} INFO - DAG(s) 'dag_enem_extraction' retrieved from /opt/airflow/dags/extract_data_git_repo.py
[2026-03-28T21:30:39.800+0000] {logging_mixin.py:188} INFO - [2026-03-28T21:30:39.800+0000] {dag.py:3096} INFO - Sync 1 DAGs
[2026-03-28T21:30:39.818+0000] {logging_mixin.py:188} INFO - [2026-03-28T21:30:39.817+0000] {dag.py:3954} INFO - Setting next_dagrun for dag_enem_extraction to None, run_after=None
[2026-03-28T21:30:39.847+0000] {processor.py:183} INFO - Processing /opt/airflow/dags/extract_data_git_repo.py took 0.118 seconds
[2026-03-28T21:31:10.682+0000] {processor.py:161} INFO - Started process (PID=569) to work on /opt/airflow/dags/extract_data_git_repo.py
[2026-03-28T21:31:10.683+0000] {processor.py:830} INFO - Processing file /opt/airflow/dags/extract_data_git_repo.py for tasks to queue
[2026-03-28T21:31:10.687+0000] {logging_mixin.py:188} INFO - [2026-03-28T21:31:10.686+0000] {dagbag.py:545} INFO - Filling up the DagBag from /opt/airflow/dags/extract_data_git_repo.py
[2026-03-28T21:31:10.700+0000] {processor.py:840} INFO - DAG(s) 'dag_enem_extraction' retrieved from /opt/airflow/dags/extract_data_git_repo.py
[2026-03-28T21:31:10.742+0000] {logging_mixin.py:188} INFO - [2026-03-28T21:31:10.742+0000] {dag.py:3096} INFO - Sync 1 DAGs
[2026-03-28T21:31:10.759+0000] {logging_mixin.py:188} INFO - [2026-03-28T21:31:10.759+0000] {dag.py:3954} INFO - Setting next_dagrun for dag_enem_extraction to None, run_after=None
[2026-03-28T21:31:10.795+0000] {processor.py:183} INFO - Processing /opt/airflow/dags/extract_data_git_repo.py took 0.121 seconds
[2026-03-28T21:31:41.540+0000] {processor.py:161} INFO - Started process (PID=588) to work on /opt/airflow/dags/extract_data_git_repo.py
[2026-03-28T21:31:41.541+0000] {processor.py:830} INFO - Processing file /opt/airflow/dags/extract_data_git_repo.py for tasks to queue
[2026-03-28T21:31:41.543+0000] {logging_mixin.py:188} INFO - [2026-03-28T21:31:41.543+0000] {dagbag.py:545} INFO - Filling up the DagBag from /opt/airflow/dags/extract_data_git_repo.py
[2026-03-28T21:31:41.558+0000] {processor.py:840} INFO - DAG(s) 'dag_enem_extraction' retrieved from /opt/airflow/dags/extract_data_git_repo.py
[2026-03-28T21:31:41.608+0000] {logging_mixin.py:188} INFO - [2026-03-28T21:31:41.608+0000] {dag.py:3096} INFO - Sync 1 DAGs
[2026-03-28T21:31:41.627+0000] {logging_mixin.py:188} INFO - [2026-03-28T21:31:41.627+0000] {dag.py:3954} INFO - Setting next_dagrun for dag_enem_extraction to None, run_after=None
[2026-03-28T21:31:41.696+0000] {processor.py:183} INFO - Processing /opt/airflow/dags/extract_data_git_repo.py took 0.165 seconds
[2026-03-28T21:32:11.911+0000] {processor.py:161} INFO - Started process (PID=613) to work on /opt/airflow/dags/extract_data_git_repo.py
[2026-03-28T21:32:11.913+0000] {processor.py:830} INFO - Processing file /opt/airflow/dags/extract_data_git_repo.py for tasks to queue
[2026-03-28T21:32:11.916+0000] {logging_mixin.py:188} INFO - [2026-03-28T21:32:11.915+0000] {dagbag.py:545} INFO - Filling up the DagBag from /opt/airflow/dags/extract_data_git_repo.py
[2026-03-28T21:32:11.929+0000] {processor.py:840} INFO - DAG(s) 'dag_enem_extraction' retrieved from /opt/airflow/dags/extract_data_git_repo.py
[2026-03-28T21:32:11.976+0000] {logging_mixin.py:188} INFO - [2026-03-28T21:32:11.976+0000] {dag.py:3096} INFO - Sync 1 DAGs
[2026-03-28T21:32:11.994+0000] {logging_mixin.py:188} INFO - [2026-03-28T21:32:11.994+0000] {dag.py:3954} INFO - Setting next_dagrun for dag_enem_extraction to None, run_after=None
[2026-03-28T21:32:12.024+0000] {processor.py:183} INFO - Processing /opt/airflow/dags/extract_data_git_repo.py took 0.123 seconds
[2026-03-28T21:32:42.358+0000] {processor.py:161} INFO - Started process (PID=649) to work on /opt/airflow/dags/extract_data_git_repo.py
[2026-03-28T21:32:42.359+0000] {processor.py:830} INFO - Processing file /opt/airflow/dags/extract_data_git_repo.py for tasks to queue
[2026-03-28T21:32:42.361+0000] {logging_mixin.py:188} INFO - [2026-03-28T21:32:42.360+0000] {dagbag.py:545} INFO - Filling up the DagBag from /opt/airflow/dags/extract_data_git_repo.py
[2026-03-28T21:32:42.374+0000] {processor.py:840} INFO - DAG(s) 'dag_enem_extraction' retrieved from /opt/airflow/dags/extract_data_git_repo.py
[2026-03-28T21:32:42.415+0000] {logging_mixin.py:188} INFO - [2026-03-28T21:32:42.414+0000] {dag.py:3096} INFO - Sync 1 DAGs
[2026-03-28T21:32:42.431+0000] {logging_mixin.py:188} INFO - [2026-03-28T21:32:42.431+0000] {dag.py:3954} INFO - Setting next_dagrun for dag_enem_extraction to None, run_after=None
[2026-03-28T21:32:42.457+0000] {processor.py:183} INFO - Processing /opt/airflow/dags/extract_data_git_repo.py took 0.107 seconds
[2026-03-28T21:33:13.296+0000] {processor.py:161} INFO - Started process (PID=672) to work on /opt/airflow/dags/extract_data_git_repo.py
[2026-03-28T21:33:13.298+0000] {processor.py:830} INFO - Processing file /opt/airflow/dags/extract_data_git_repo.py for tasks to queue
[2026-03-28T21:33:13.300+0000] {logging_mixin.py:188} INFO - [2026-03-28T21:33:13.300+0000] {dagbag.py:545} INFO - Filling up the DagBag from /opt/airflow/dags/extract_data_git_repo.py
[2026-03-28T21:33:13.313+0000] {processor.py:840} INFO - DAG(s) 'dag_enem_extraction' retrieved from /opt/airflow/dags/extract_data_git_repo.py
[2026-03-28T21:33:13.349+0000] {logging_mixin.py:188} INFO - [2026-03-28T21:33:13.348+0000] {dag.py:3096} INFO - Sync 1 DAGs
[2026-03-28T21:33:13.364+0000] {logging_mixin.py:188} INFO - [2026-03-28T21:33:13.364+0000] {dag.py:3954} INFO - Setting next_dagrun for dag_enem_extraction to None, run_after=None
[2026-03-28T21:33:13.388+0000] {processor.py:183} INFO - Processing /opt/airflow/dags/extract_data_git_repo.py took 0.100 seconds
[2026-03-28T21:33:44.211+0000] {processor.py:161} INFO - Started process (PID=694) to work on /opt/airflow/dags/extract_data_git_repo.py
[2026-03-28T21:33:44.212+0000] {processor.py:830} INFO - Processing file /opt/airflow/dags/extract_data_git_repo.py for tasks to queue
[2026-03-28T21:33:44.214+0000] {logging_mixin.py:188} INFO - [2026-03-28T21:33:44.214+0000] {dagbag.py:545} INFO - Filling up the DagBag from /opt/airflow/dags/extract_data_git_repo.py
[2026-03-28T21:33:44.226+0000] {processor.py:840} INFO - DAG(s) 'dag_enem_extraction' retrieved from /opt/airflow/dags/extract_data_git_repo.py
[2026-03-28T21:33:44.268+0000] {logging_mixin.py:188} INFO - [2026-03-28T21:33:44.268+0000] {dag.py:3096} INFO - Sync 1 DAGs
[2026-03-28T21:33:44.287+0000] {logging_mixin.py:188} INFO - [2026-03-28T21:33:44.287+0000] {dag.py:3954} INFO - Setting next_dagrun for dag_enem_extraction to None, run_after=None
[2026-03-28T21:33:44.317+0000] {processor.py:183} INFO - Processing /opt/airflow/dags/extract_data_git_repo.py took 0.113 seconds
[2026-03-28T21:34:15.101+0000] {processor.py:161} INFO - Started process (PID=715) to work on /opt/airflow/dags/extract_data_git_repo.py
[2026-03-28T21:34:15.102+0000] {processor.py:830} INFO - Processing file /opt/airflow/dags/extract_data_git_repo.py for tasks to queue
[2026-03-28T21:34:15.104+0000] {logging_mixin.py:188} INFO - [2026-03-28T21:34:15.104+0000] {dagbag.py:545} INFO - Filling up the DagBag from /opt/airflow/dags/extract_data_git_repo.py
[2026-03-28T21:34:15.117+0000] {processor.py:840} INFO - DAG(s) 'dag_enem_extraction' retrieved from /opt/airflow/dags/extract_data_git_repo.py
[2026-03-28T21:34:15.155+0000] {logging_mixin.py:188} INFO - [2026-03-28T21:34:15.154+0000] {dag.py:3096} INFO - Sync 1 DAGs
[2026-03-28T21:34:15.171+0000] {logging_mixin.py:188} INFO - [2026-03-28T21:34:15.170+0000] {dag.py:3954} INFO - Setting next_dagrun for dag_enem_extraction to None, run_after=None
[2026-03-28T21:34:15.199+0000] {processor.py:183} INFO - Processing /opt/airflow/dags/extract_data_git_repo.py took 0.105 seconds
[2026-03-28T21:34:46.139+0000] {processor.py:161} INFO - Started process (PID=737) to work on /opt/airflow/dags/extract_data_git_repo.py
[2026-03-28T21:34:46.140+0000] {processor.py:830} INFO - Processing file /opt/airflow/dags/extract_data_git_repo.py for tasks to queue
[2026-03-28T21:34:46.142+0000] {logging_mixin.py:188} INFO - [2026-03-28T21:34:46.142+0000] {dagbag.py:545} INFO - Filling up the DagBag from /opt/airflow/dags/extract_data_git_repo.py
[2026-03-28T21:34:46.158+0000] {processor.py:840} INFO - DAG(s) 'dag_enem_extraction' retrieved from /opt/airflow/dags/extract_data_git_repo.py
[2026-03-28T21:34:46.199+0000] {logging_mixin.py:188} INFO - [2026-03-28T21:34:46.198+0000] {dag.py:3096} INFO - Sync 1 DAGs
[2026-03-28T21:34:46.216+0000] {logging_mixin.py:188} INFO - [2026-03-28T21:34:46.216+0000] {dag.py:3954} INFO - Setting next_dagrun for dag_enem_extraction to None, run_after=None
[2026-03-28T21:34:46.244+0000] {processor.py:183} INFO - Processing /opt/airflow/dags/extract_data_git_repo.py took 0.114 seconds
[2026-03-28T21:35:17.220+0000] {processor.py:161} INFO - Started process (PID=759) to work on /opt/airflow/dags/extract_data_git_repo.py
[2026-03-28T21:35:17.222+0000] {processor.py:830} INFO - Processing file /opt/airflow/dags/extract_data_git_repo.py for tasks to queue
[2026-03-28T21:35:17.224+0000] {logging_mixin.py:188} INFO - [2026-03-28T21:35:17.224+0000] {dagbag.py:545} INFO - Filling up the DagBag from /opt/airflow/dags/extract_data_git_repo.py
[2026-03-28T21:35:17.237+0000] {processor.py:840} INFO - DAG(s) 'dag_enem_extraction' retrieved from /opt/airflow/dags/extract_data_git_repo.py
[2026-03-28T21:35:17.272+0000] {logging_mixin.py:188} INFO - [2026-03-28T21:35:17.272+0000] {dag.py:3096} INFO - Sync 1 DAGs
[2026-03-28T21:35:17.288+0000] {logging_mixin.py:188} INFO - [2026-03-28T21:35:17.288+0000] {dag.py:3954} INFO - Setting next_dagrun for dag_enem_extraction to None, run_after=None
[2026-03-28T21:35:17.315+0000] {processor.py:183} INFO - Processing /opt/airflow/dags/extract_data_git_repo.py took 0.102 seconds
[2026-03-28T21:35:48.122+0000] {processor.py:161} INFO - Started process (PID=781) to work on /opt/airflow/dags/extract_data_git_repo.py
[2026-03-28T21:35:48.123+0000] {processor.py:830} INFO - Processing file /opt/airflow/dags/extract_data_git_repo.py for tasks to queue
[2026-03-28T21:35:48.126+0000] {logging_mixin.py:188} INFO - [2026-03-28T21:35:48.126+0000] {dagbag.py:545} INFO - Filling up the DagBag from /opt/airflow/dags/extract_data_git_repo.py
[2026-03-28T21:35:48.143+0000] {processor.py:840} INFO - DAG(s) 'dag_enem_extraction' retrieved from /opt/airflow/dags/extract_data_git_repo.py
[2026-03-28T21:35:48.206+0000] {logging_mixin.py:188} INFO - [2026-03-28T21:35:48.206+0000] {dag.py:3096} INFO - Sync 1 DAGs
[2026-03-28T21:35:48.231+0000] {logging_mixin.py:188} INFO - [2026-03-28T21:35:48.230+0000] {dag.py:3954} INFO - Setting next_dagrun for dag_enem_extraction to None, run_after=None
[2026-03-28T21:35:48.262+0000] {processor.py:183} INFO - Processing /opt/airflow/dags/extract_data_git_repo.py took 0.154 seconds
[2026-03-28T21:36:19.084+0000] {processor.py:161} INFO - Started process (PID=800) to work on /opt/airflow/dags/extract_data_git_repo.py
[2026-03-28T21:36:19.089+0000] {processor.py:830} INFO - Processing file /opt/airflow/dags/extract_data_git_repo.py for tasks to queue
[2026-03-28T21:36:19.093+0000] {logging_mixin.py:188} INFO - [2026-03-28T21:36:19.093+0000] {dagbag.py:545} INFO - Filling up the DagBag from /opt/airflow/dags/extract_data_git_repo.py
[2026-03-28T21:36:19.112+0000] {processor.py:840} INFO - DAG(s) 'dag_enem_extraction' retrieved from /opt/airflow/dags/extract_data_git_repo.py
[2026-03-28T21:36:19.150+0000] {logging_mixin.py:188} INFO - [2026-03-28T21:36:19.150+0000] {dag.py:3096} INFO - Sync 1 DAGs
[2026-03-28T21:36:19.167+0000] {logging_mixin.py:188} INFO - [2026-03-28T21:36:19.166+0000] {dag.py:3954} INFO - Setting next_dagrun for dag_enem_extraction to None, run_after=None
[2026-03-28T21:36:19.194+0000] {processor.py:183} INFO - Processing /opt/airflow/dags/extract_data_git_repo.py took 0.119 seconds
[2026-03-28T21:36:50.133+0000] {processor.py:161} INFO - Started process (PID=816) to work on /opt/airflow/dags/extract_data_git_repo.py
[2026-03-28T21:36:50.136+0000] {processor.py:830} INFO - Processing file /opt/airflow/dags/extract_data_git_repo.py for tasks to queue
[2026-03-28T21:36:50.141+0000] {logging_mixin.py:188} INFO - [2026-03-28T21:36:50.140+0000] {dagbag.py:545} INFO - Filling up the DagBag from /opt/airflow/dags/extract_data_git_repo.py
[2026-03-28T21:36:50.187+0000] {processor.py:840} INFO - DAG(s) 'dag_enem_extraction' retrieved from /opt/airflow/dags/extract_data_git_repo.py
[2026-03-28T21:36:50.279+0000] {logging_mixin.py:188} INFO - [2026-03-28T21:36:50.279+0000] {dag.py:3096} INFO - Sync 1 DAGs
[2026-03-28T21:36:50.300+0000] {logging_mixin.py:188} INFO - [2026-03-28T21:36:50.299+0000] {dag.py:3954} INFO - Setting next_dagrun for dag_enem_extraction to None, run_after=None
[2026-03-28T21:36:50.348+0000] {processor.py:183} INFO - Processing /opt/airflow/dags/extract_data_git_repo.py took 0.231 seconds
[2026-03-28T21:37:21.307+0000] {processor.py:161} INFO - Started process (PID=829) to work on /opt/airflow/dags/extract_data_git_repo.py
[2026-03-28T21:37:21.324+0000] {processor.py:830} INFO - Processing file /opt/airflow/dags/extract_data_git_repo.py for tasks to queue
[2026-03-28T21:37:21.327+0000] {logging_mixin.py:188} INFO - [2026-03-28T21:37:21.327+0000] {dagbag.py:545} INFO - Filling up the DagBag from /opt/airflow/dags/extract_data_git_repo.py
[2026-03-28T21:37:21.341+0000] {processor.py:840} INFO - DAG(s) 'dag_enem_extraction' retrieved from /opt/airflow/dags/extract_data_git_repo.py
[2026-03-28T21:37:21.384+0000] {logging_mixin.py:188} INFO - [2026-03-28T21:37:21.384+0000] {dag.py:3096} INFO - Sync 1 DAGs
[2026-03-28T21:37:21.400+0000] {logging_mixin.py:188} INFO - [2026-03-28T21:37:21.400+0000] {dag.py:3954} INFO - Setting next_dagrun for dag_enem_extraction to None, run_after=None
[2026-03-28T21:37:21.425+0000] {processor.py:183} INFO - Processing /opt/airflow/dags/extract_data_git_repo.py took 0.125 seconds
[2026-03-28T21:37:52.183+0000] {processor.py:161} INFO - Started process (PID=845) to work on /opt/airflow/dags/extract_data_git_repo.py
[2026-03-28T21:37:52.185+0000] {processor.py:830} INFO - Processing file /opt/airflow/dags/extract_data_git_repo.py for tasks to queue
[2026-03-28T21:37:52.189+0000] {logging_mixin.py:188} INFO - [2026-03-28T21:37:52.189+0000] {dagbag.py:545} INFO - Filling up the DagBag from /opt/airflow/dags/extract_data_git_repo.py
[2026-03-28T21:37:52.204+0000] {processor.py:840} INFO - DAG(s) 'dag_enem_extraction' retrieved from /opt/airflow/dags/extract_data_git_repo.py
[2026-03-28T21:37:52.247+0000] {logging_mixin.py:188} INFO - [2026-03-28T21:37:52.247+0000] {dag.py:3096} INFO - Sync 1 DAGs
[2026-03-28T21:37:52.268+0000] {logging_mixin.py:188} INFO - [2026-03-28T21:37:52.268+0000] {dag.py:3954} INFO - Setting next_dagrun for dag_enem_extraction to None, run_after=None
[2026-03-28T21:37:52.299+0000] {processor.py:183} INFO - Processing /opt/airflow/dags/extract_data_git_repo.py took 0.124 seconds
[2026-03-28T21:38:23.092+0000] {processor.py:161} INFO - Started process (PID=861) to work on /opt/airflow/dags/extract_data_git_repo.py
[2026-03-28T21:38:23.103+0000] {processor.py:830} INFO - Processing file /opt/airflow/dags/extract_data_git_repo.py for tasks to queue
[2026-03-28T21:38:23.106+0000] {logging_mixin.py:188} INFO - [2026-03-28T21:38:23.105+0000] {dagbag.py:545} INFO - Filling up the DagBag from /opt/airflow/dags/extract_data_git_repo.py
[2026-03-28T21:38:23.118+0000] {processor.py:840} INFO - DAG(s) 'dag_enem_extraction' retrieved from /opt/airflow/dags/extract_data_git_repo.py
[2026-03-28T21:38:23.155+0000] {logging_mixin.py:188} INFO - [2026-03-28T21:38:23.155+0000] {dag.py:3096} INFO - Sync 1 DAGs
[2026-03-28T21:38:23.171+0000] {logging_mixin.py:188} INFO - [2026-03-28T21:38:23.171+0000] {dag.py:3954} INFO - Setting next_dagrun for dag_enem_extraction to None, run_after=None
[2026-03-28T21:38:23.195+0000] {processor.py:183} INFO - Processing /opt/airflow/dags/extract_data_git_repo.py took 0.112 seconds
[2026-03-28T21:38:53.922+0000] {processor.py:161} INFO - Started process (PID=877) to work on /opt/airflow/dags/extract_data_git_repo.py
[2026-03-28T21:38:53.923+0000] {processor.py:830} INFO - Processing file /opt/airflow/dags/extract_data_git_repo.py for tasks to queue
[2026-03-28T21:38:53.927+0000] {logging_mixin.py:188} INFO - [2026-03-28T21:38:53.926+0000] {dagbag.py:545} INFO - Filling up the DagBag from /opt/airflow/dags/extract_data_git_repo.py
[2026-03-28T21:38:53.943+0000] {processor.py:840} INFO - DAG(s) 'dag_enem_extraction' retrieved from /opt/airflow/dags/extract_data_git_repo.py
[2026-03-28T21:38:53.992+0000] {logging_mixin.py:188} INFO - [2026-03-28T21:38:53.991+0000] {dag.py:3096} INFO - Sync 1 DAGs
[2026-03-28T21:38:54.014+0000] {logging_mixin.py:188} INFO - [2026-03-28T21:38:54.014+0000] {dag.py:3954} INFO - Setting next_dagrun for dag_enem_extraction to None, run_after=None
[2026-03-28T21:38:54.043+0000] {processor.py:183} INFO - Processing /opt/airflow/dags/extract_data_git_repo.py took 0.132 seconds
[2026-03-28T21:39:24.149+0000] {processor.py:161} INFO - Started process (PID=893) to work on /opt/airflow/dags/extract_data_git_repo.py
[2026-03-28T21:39:24.151+0000] {processor.py:830} INFO - Processing file /opt/airflow/dags/extract_data_git_repo.py for tasks to queue
[2026-03-28T21:39:24.154+0000] {logging_mixin.py:188} INFO - [2026-03-28T21:39:24.153+0000] {dagbag.py:545} INFO - Filling up the DagBag from /opt/airflow/dags/extract_data_git_repo.py
[2026-03-28T21:39:24.167+0000] {processor.py:840} INFO - DAG(s) 'dag_enem_extraction' retrieved from /opt/airflow/dags/extract_data_git_repo.py
[2026-03-28T21:39:24.206+0000] {logging_mixin.py:188} INFO - [2026-03-28T21:39:24.206+0000] {dag.py:3096} INFO - Sync 1 DAGs
[2026-03-28T21:39:24.229+0000] {logging_mixin.py:188} INFO - [2026-03-28T21:39:24.228+0000] {dag.py:3954} INFO - Setting next_dagrun for dag_enem_extraction to None, run_after=None
[2026-03-28T21:39:24.256+0000] {processor.py:183} INFO - Processing /opt/airflow/dags/extract_data_git_repo.py took 0.115 seconds
[2026-03-28T21:39:54.781+0000] {processor.py:161} INFO - Started process (PID=915) to work on /opt/airflow/dags/extract_data_git_repo.py
[2026-03-28T21:39:54.789+0000] {processor.py:830} INFO - Processing file /opt/airflow/dags/extract_data_git_repo.py for tasks to queue
[2026-03-28T21:39:54.808+0000] {logging_mixin.py:188} INFO - [2026-03-28T21:39:54.804+0000] {dagbag.py:545} INFO - Filling up the DagBag from /opt/airflow/dags/extract_data_git_repo.py
[2026-03-28T21:39:54.894+0000] {processor.py:840} INFO - DAG(s) 'dag_enem_extraction' retrieved from /opt/airflow/dags/extract_data_git_repo.py
[2026-03-28T21:39:55.026+0000] {logging_mixin.py:188} INFO - [2026-03-28T21:39:55.025+0000] {dag.py:3096} INFO - Sync 1 DAGs
[2026-03-28T21:39:55.077+0000] {logging_mixin.py:188} INFO - [2026-03-28T21:39:55.077+0000] {dag.py:3954} INFO - Setting next_dagrun for dag_enem_extraction to None, run_after=None
[2026-03-28T21:39:55.138+0000] {processor.py:183} INFO - Processing /opt/airflow/dags/extract_data_git_repo.py took 0.409 seconds
[2026-03-28T21:40:26.113+0000] {processor.py:161} INFO - Started process (PID=931) to work on /opt/airflow/dags/extract_data_git_repo.py
[2026-03-28T21:40:26.142+0000] {processor.py:830} INFO - Processing file /opt/airflow/dags/extract_data_git_repo.py for tasks to queue
[2026-03-28T21:40:26.172+0000] {logging_mixin.py:188} INFO - [2026-03-28T21:40:26.171+0000] {dagbag.py:545} INFO - Filling up the DagBag from /opt/airflow/dags/extract_data_git_repo.py
[2026-03-28T21:40:26.202+0000] {processor.py:840} INFO - DAG(s) 'dag_enem_extraction' retrieved from /opt/airflow/dags/extract_data_git_repo.py
[2026-03-28T21:40:26.285+0000] {logging_mixin.py:188} INFO - [2026-03-28T21:40:26.284+0000] {dag.py:3096} INFO - Sync 1 DAGs
[2026-03-28T21:40:26.346+0000] {logging_mixin.py:188} INFO - [2026-03-28T21:40:26.346+0000] {dag.py:3954} INFO - Setting next_dagrun for dag_enem_extraction to None, run_after=None
[2026-03-28T21:40:26.454+0000] {processor.py:183} INFO - Processing /opt/airflow/dags/extract_data_git_repo.py took 0.480 seconds
[2026-03-28T21:40:56.516+0000] {processor.py:161} INFO - Started process (PID=947) to work on /opt/airflow/dags/extract_data_git_repo.py
[2026-03-28T21:40:56.518+0000] {processor.py:830} INFO - Processing file /opt/airflow/dags/extract_data_git_repo.py for tasks to queue
[2026-03-28T21:40:56.520+0000] {logging_mixin.py:188} INFO - [2026-03-28T21:40:56.519+0000] {dagbag.py:545} INFO - Filling up the DagBag from /opt/airflow/dags/extract_data_git_repo.py
[2026-03-28T21:40:56.531+0000] {processor.py:840} INFO - DAG(s) 'dag_enem_extraction' retrieved from /opt/airflow/dags/extract_data_git_repo.py
[2026-03-28T21:40:56.568+0000] {logging_mixin.py:188} INFO - [2026-03-28T21:40:56.568+0000] {dag.py:3096} INFO - Sync 1 DAGs
[2026-03-28T21:40:56.585+0000] {logging_mixin.py:188} INFO - [2026-03-28T21:40:56.585+0000] {dag.py:3954} INFO - Setting next_dagrun for dag_enem_extraction to None, run_after=None
[2026-03-28T21:40:56.611+0000] {processor.py:183} INFO - Processing /opt/airflow/dags/extract_data_git_repo.py took 0.103 seconds
[2026-03-28T21:41:27.473+0000] {processor.py:161} INFO - Started process (PID=963) to work on /opt/airflow/dags/extract_data_git_repo.py
[2026-03-28T21:41:27.477+0000] {processor.py:830} INFO - Processing file /opt/airflow/dags/extract_data_git_repo.py for tasks to queue
[2026-03-28T21:41:27.495+0000] {logging_mixin.py:188} INFO - [2026-03-28T21:41:27.493+0000] {dagbag.py:545} INFO - Filling up the DagBag from /opt/airflow/dags/extract_data_git_repo.py
[2026-03-28T21:41:27.554+0000] {processor.py:840} INFO - DAG(s) 'dag_enem_extraction' retrieved from /opt/airflow/dags/extract_data_git_repo.py
[2026-03-28T21:41:27.620+0000] {logging_mixin.py:188} INFO - [2026-03-28T21:41:27.619+0000] {dag.py:3096} INFO - Sync 1 DAGs
[2026-03-28T21:41:27.672+0000] {logging_mixin.py:188} INFO - [2026-03-28T21:41:27.671+0000] {dag.py:3954} INFO - Setting next_dagrun for dag_enem_extraction to None, run_after=None
[2026-03-28T21:41:27.714+0000] {processor.py:183} INFO - Processing /opt/airflow/dags/extract_data_git_repo.py took 0.272 seconds
[2026-03-28T21:41:58.386+0000] {processor.py:161} INFO - Started process (PID=979) to work on /opt/airflow/dags/extract_data_git_repo.py
[2026-03-28T21:41:58.389+0000] {processor.py:830} INFO - Processing file /opt/airflow/dags/extract_data_git_repo.py for tasks to queue
[2026-03-28T21:41:58.396+0000] {logging_mixin.py:188} INFO - [2026-03-28T21:41:58.394+0000] {dagbag.py:545} INFO - Filling up the DagBag from /opt/airflow/dags/extract_data_git_repo.py
[2026-03-28T21:41:58.428+0000] {processor.py:840} INFO - DAG(s) 'dag_enem_extraction' retrieved from /opt/airflow/dags/extract_data_git_repo.py
[2026-03-28T21:41:58.477+0000] {logging_mixin.py:188} INFO - [2026-03-28T21:41:58.476+0000] {dag.py:3096} INFO - Sync 1 DAGs
[2026-03-28T21:41:58.509+0000] {logging_mixin.py:188} INFO - [2026-03-28T21:41:58.508+0000] {dag.py:3954} INFO - Setting next_dagrun for dag_enem_extraction to None, run_after=None
[2026-03-28T21:41:58.533+0000] {processor.py:183} INFO - Processing /opt/airflow/dags/extract_data_git_repo.py took 0.162 seconds
[2026-03-28T21:42:28.765+0000] {processor.py:161} INFO - Started process (PID=1001) to work on /opt/airflow/dags/extract_data_git_repo.py
[2026-03-28T21:42:28.768+0000] {processor.py:830} INFO - Processing file /opt/airflow/dags/extract_data_git_repo.py for tasks to queue
[2026-03-28T21:42:28.770+0000] {logging_mixin.py:188} INFO - [2026-03-28T21:42:28.770+0000] {dagbag.py:545} INFO - Filling up the DagBag from /opt/airflow/dags/extract_data_git_repo.py
[2026-03-28T21:42:28.786+0000] {processor.py:840} INFO - DAG(s) 'dag_enem_extraction' retrieved from /opt/airflow/dags/extract_data_git_repo.py
[2026-03-28T21:42:28.828+0000] {logging_mixin.py:188} INFO - [2026-03-28T21:42:28.828+0000] {dag.py:3096} INFO - Sync 1 DAGs
[2026-03-28T21:42:28.846+0000] {logging_mixin.py:188} INFO - [2026-03-28T21:42:28.846+0000] {dag.py:3954} INFO - Setting next_dagrun for dag_enem_extraction to None, run_after=None
[2026-03-28T21:42:28.878+0000] {processor.py:183} INFO - Processing /opt/airflow/dags/extract_data_git_repo.py took 0.121 seconds
[2026-03-28T21:42:59.679+0000] {processor.py:161} INFO - Started process (PID=1015) to work on /opt/airflow/dags/extract_data_git_repo.py
[2026-03-28T21:42:59.681+0000] {processor.py:830} INFO - Processing file /opt/airflow/dags/extract_data_git_repo.py for tasks to queue
[2026-03-28T21:42:59.684+0000] {logging_mixin.py:188} INFO - [2026-03-28T21:42:59.683+0000] {dagbag.py:545} INFO - Filling up the DagBag from /opt/airflow/dags/extract_data_git_repo.py
[2026-03-28T21:42:59.700+0000] {processor.py:840} INFO - DAG(s) 'dag_enem_extraction' retrieved from /opt/airflow/dags/extract_data_git_repo.py
[2026-03-28T21:42:59.765+0000] {logging_mixin.py:188} INFO - [2026-03-28T21:42:59.765+0000] {dag.py:3096} INFO - Sync 1 DAGs
[2026-03-28T21:42:59.783+0000] {logging_mixin.py:188} INFO - [2026-03-28T21:42:59.783+0000] {dag.py:3954} INFO - Setting next_dagrun for dag_enem_extraction to None, run_after=None
[2026-03-28T21:42:59.810+0000] {processor.py:183} INFO - Processing /opt/airflow/dags/extract_data_git_repo.py took 0.142 seconds
[2026-03-28T21:43:29.931+0000] {processor.py:161} INFO - Started process (PID=1038) to work on /opt/airflow/dags/extract_data_git_repo.py
[2026-03-28T21:43:29.933+0000] {processor.py:830} INFO - Processing file /opt/airflow/dags/extract_data_git_repo.py for tasks to queue
[2026-03-28T21:43:29.936+0000] {logging_mixin.py:188} INFO - [2026-03-28T21:43:29.935+0000] {dagbag.py:545} INFO - Filling up the DagBag from /opt/airflow/dags/extract_data_git_repo.py
[2026-03-28T21:43:29.959+0000] {processor.py:840} INFO - DAG(s) 'dag_enem_extraction' retrieved from /opt/airflow/dags/extract_data_git_repo.py
[2026-03-28T21:43:30.000+0000] {logging_mixin.py:188} INFO - [2026-03-28T21:43:30.000+0000] {dag.py:3096} INFO - Sync 1 DAGs
[2026-03-28T21:43:30.015+0000] {logging_mixin.py:188} INFO - [2026-03-28T21:43:30.015+0000] {dag.py:3954} INFO - Setting next_dagrun for dag_enem_extraction to None, run_after=None
[2026-03-28T21:43:30.040+0000] {processor.py:183} INFO - Processing /opt/airflow/dags/extract_data_git_repo.py took 0.116 seconds
[2026-03-28T21:44:00.156+0000] {processor.py:161} INFO - Started process (PID=1054) to work on /opt/airflow/dags/extract_data_git_repo.py
[2026-03-28T21:44:00.158+0000] {processor.py:830} INFO - Processing file /opt/airflow/dags/extract_data_git_repo.py for tasks to queue
[2026-03-28T21:44:00.160+0000] {logging_mixin.py:188} INFO - [2026-03-28T21:44:00.160+0000] {dagbag.py:545} INFO - Filling up the DagBag from /opt/airflow/dags/extract_data_git_repo.py
[2026-03-28T21:44:00.173+0000] {processor.py:840} INFO - DAG(s) 'dag_enem_extraction' retrieved from /opt/airflow/dags/extract_data_git_repo.py
[2026-03-28T21:44:00.214+0000] {logging_mixin.py:188} INFO - [2026-03-28T21:44:00.213+0000] {dag.py:3096} INFO - Sync 1 DAGs
[2026-03-28T21:44:00.232+0000] {logging_mixin.py:188} INFO - [2026-03-28T21:44:00.232+0000] {dag.py:3954} INFO - Setting next_dagrun for dag_enem_extraction to None, run_after=None
[2026-03-28T21:44:00.259+0000] {processor.py:183} INFO - Processing /opt/airflow/dags/extract_data_git_repo.py took 0.110 seconds
[2026-03-28T21:44:31.096+0000] {processor.py:161} INFO - Started process (PID=1091) to work on /opt/airflow/dags/extract_data_git_repo.py
[2026-03-28T21:44:31.115+0000] {processor.py:830} INFO - Processing file /opt/airflow/dags/extract_data_git_repo.py for tasks to queue
[2026-03-28T21:44:31.119+0000] {logging_mixin.py:188} INFO - [2026-03-28T21:44:31.119+0000] {dagbag.py:545} INFO - Filling up the DagBag from /opt/airflow/dags/extract_data_git_repo.py
[2026-03-28T21:44:31.137+0000] {processor.py:840} INFO - DAG(s) 'dag_enem_extraction' retrieved from /opt/airflow/dags/extract_data_git_repo.py
[2026-03-28T21:44:31.185+0000] {logging_mixin.py:188} INFO - [2026-03-28T21:44:31.185+0000] {dag.py:3096} INFO - Sync 1 DAGs
[2026-03-28T21:44:31.209+0000] {logging_mixin.py:188} INFO - [2026-03-28T21:44:31.208+0000] {dag.py:3954} INFO - Setting next_dagrun for dag_enem_extraction to None, run_after=None
[2026-03-28T21:44:31.237+0000] {processor.py:183} INFO - Processing /opt/airflow/dags/extract_data_git_repo.py took 0.151 seconds
[2026-03-28T21:45:02.126+0000] {processor.py:161} INFO - Started process (PID=1110) to work on /opt/airflow/dags/extract_data_git_repo.py
[2026-03-28T21:45:02.127+0000] {processor.py:830} INFO - Processing file /opt/airflow/dags/extract_data_git_repo.py for tasks to queue
[2026-03-28T21:45:02.131+0000] {logging_mixin.py:188} INFO - [2026-03-28T21:45:02.131+0000] {dagbag.py:545} INFO - Filling up the DagBag from /opt/airflow/dags/extract_data_git_repo.py
[2026-03-28T21:45:02.143+0000] {processor.py:840} INFO - DAG(s) 'dag_enem_extraction' retrieved from /opt/airflow/dags/extract_data_git_repo.py
[2026-03-28T21:45:02.181+0000] {logging_mixin.py:188} INFO - [2026-03-28T21:45:02.180+0000] {dag.py:3096} INFO - Sync 1 DAGs
[2026-03-28T21:45:02.197+0000] {logging_mixin.py:188} INFO - [2026-03-28T21:45:02.197+0000] {dag.py:3954} INFO - Setting next_dagrun for dag_enem_extraction to None, run_after=None
[2026-03-28T21:45:02.223+0000] {processor.py:183} INFO - Processing /opt/airflow/dags/extract_data_git_repo.py took 0.104 seconds
[2026-03-28T21:45:33.148+0000] {processor.py:161} INFO - Started process (PID=1129) to work on /opt/airflow/dags/extract_data_git_repo.py
[2026-03-28T21:45:33.150+0000] {processor.py:830} INFO - Processing file /opt/airflow/dags/extract_data_git_repo.py for tasks to queue
[2026-03-28T21:45:33.153+0000] {logging_mixin.py:188} INFO - [2026-03-28T21:45:33.153+0000] {dagbag.py:545} INFO - Filling up the DagBag from /opt/airflow/dags/extract_data_git_repo.py
[2026-03-28T21:45:33.164+0000] {processor.py:840} INFO - DAG(s) 'dag_enem_extraction' retrieved from /opt/airflow/dags/extract_data_git_repo.py
[2026-03-28T21:45:33.206+0000] {logging_mixin.py:188} INFO - [2026-03-28T21:45:33.205+0000] {dag.py:3096} INFO - Sync 1 DAGs
[2026-03-28T21:45:33.223+0000] {logging_mixin.py:188} INFO - [2026-03-28T21:45:33.223+0000] {dag.py:3954} INFO - Setting next_dagrun for dag_enem_extraction to None, run_after=None
[2026-03-28T21:45:33.252+0000] {processor.py:183} INFO - Processing /opt/airflow/dags/extract_data_git_repo.py took 0.112 seconds
[2026-03-28T21:46:04.133+0000] {processor.py:161} INFO - Started process (PID=1148) to work on /opt/airflow/dags/extract_data_git_repo.py
[2026-03-28T21:46:04.135+0000] {processor.py:830} INFO - Processing file /opt/airflow/dags/extract_data_git_repo.py for tasks to queue
[2026-03-28T21:46:04.138+0000] {logging_mixin.py:188} INFO - [2026-03-28T21:46:04.138+0000] {dagbag.py:545} INFO - Filling up the DagBag from /opt/airflow/dags/extract_data_git_repo.py
[2026-03-28T21:46:04.152+0000] {processor.py:840} INFO - DAG(s) 'dag_enem_extraction' retrieved from /opt/airflow/dags/extract_data_git_repo.py
[2026-03-28T21:46:04.189+0000] {logging_mixin.py:188} INFO - [2026-03-28T21:46:04.189+0000] {dag.py:3096} INFO - Sync 1 DAGs
[2026-03-28T21:46:04.205+0000] {logging_mixin.py:188} INFO - [2026-03-28T21:46:04.205+0000] {dag.py:3954} INFO - Setting next_dagrun for dag_enem_extraction to None, run_after=None
[2026-03-28T21:46:04.235+0000] {processor.py:183} INFO - Processing /opt/airflow/dags/extract_data_git_repo.py took 0.109 seconds
[2026-03-28T21:46:35.019+0000] {processor.py:161} INFO - Started process (PID=1167) to work on /opt/airflow/dags/extract_data_git_repo.py
[2026-03-28T21:46:35.020+0000] {processor.py:830} INFO - Processing file /opt/airflow/dags/extract_data_git_repo.py for tasks to queue
[2026-03-28T21:46:35.022+0000] {logging_mixin.py:188} INFO - [2026-03-28T21:46:35.022+0000] {dagbag.py:545} INFO - Filling up the DagBag from /opt/airflow/dags/extract_data_git_repo.py
[2026-03-28T21:46:35.036+0000] {processor.py:840} INFO - DAG(s) 'dag_enem_extraction' retrieved from /opt/airflow/dags/extract_data_git_repo.py
[2026-03-28T21:46:35.077+0000] {logging_mixin.py:188} INFO - [2026-03-28T21:46:35.077+0000] {dag.py:3096} INFO - Sync 1 DAGs
[2026-03-28T21:46:35.095+0000] {logging_mixin.py:188} INFO - [2026-03-28T21:46:35.094+0000] {dag.py:3954} INFO - Setting next_dagrun for dag_enem_extraction to None, run_after=None
[2026-03-28T21:46:35.119+0000] {processor.py:183} INFO - Processing /opt/airflow/dags/extract_data_git_repo.py took 0.107 seconds
[2026-03-28T21:47:06.062+0000] {processor.py:161} INFO - Started process (PID=1186) to work on /opt/airflow/dags/extract_data_git_repo.py
[2026-03-28T21:47:06.063+0000] {processor.py:830} INFO - Processing file /opt/airflow/dags/extract_data_git_repo.py for tasks to queue
[2026-03-28T21:47:06.065+0000] {logging_mixin.py:188} INFO - [2026-03-28T21:47:06.065+0000] {dagbag.py:545} INFO - Filling up the DagBag from /opt/airflow/dags/extract_data_git_repo.py
[2026-03-28T21:47:06.078+0000] {processor.py:840} INFO - DAG(s) 'dag_enem_extraction' retrieved from /opt/airflow/dags/extract_data_git_repo.py
[2026-03-28T21:47:06.117+0000] {logging_mixin.py:188} INFO - [2026-03-28T21:47:06.116+0000] {dag.py:3096} INFO - Sync 1 DAGs
[2026-03-28T21:47:06.132+0000] {logging_mixin.py:188} INFO - [2026-03-28T21:47:06.132+0000] {dag.py:3954} INFO - Setting next_dagrun for dag_enem_extraction to None, run_after=None
[2026-03-28T21:47:06.158+0000] {processor.py:183} INFO - Processing /opt/airflow/dags/extract_data_git_repo.py took 0.105 seconds
[2026-03-28T21:47:36.768+0000] {processor.py:161} INFO - Started process (PID=1205) to work on /opt/airflow/dags/extract_data_git_repo.py
[2026-03-28T21:47:36.770+0000] {processor.py:830} INFO - Processing file /opt/airflow/dags/extract_data_git_repo.py for tasks to queue
[2026-03-28T21:47:36.773+0000] {logging_mixin.py:188} INFO - [2026-03-28T21:47:36.772+0000] {dagbag.py:545} INFO - Filling up the DagBag from /opt/airflow/dags/extract_data_git_repo.py
[2026-03-28T21:47:36.788+0000] {processor.py:840} INFO - DAG(s) 'dag_enem_extraction' retrieved from /opt/airflow/dags/extract_data_git_repo.py
[2026-03-28T21:47:36.946+0000] {logging_mixin.py:188} INFO - [2026-03-28T21:47:36.946+0000] {dag.py:3096} INFO - Sync 1 DAGs
[2026-03-28T21:47:37.080+0000] {logging_mixin.py:188} INFO - [2026-03-28T21:47:37.080+0000] {dag.py:3954} INFO - Setting next_dagrun for dag_enem_extraction to None, run_after=None
[2026-03-28T21:47:37.109+0000] {processor.py:183} INFO - Processing /opt/airflow/dags/extract_data_git_repo.py took 0.349 seconds
[2026-03-28T21:48:07.756+0000] {processor.py:161} INFO - Started process (PID=1224) to work on /opt/airflow/dags/extract_data_git_repo.py
[2026-03-28T21:48:07.759+0000] {processor.py:830} INFO - Processing file /opt/airflow/dags/extract_data_git_repo.py for tasks to queue
[2026-03-28T21:48:07.761+0000] {logging_mixin.py:188} INFO - [2026-03-28T21:48:07.761+0000] {dagbag.py:545} INFO - Filling up the DagBag from /opt/airflow/dags/extract_data_git_repo.py
[2026-03-28T21:48:07.775+0000] {processor.py:840} INFO - DAG(s) 'dag_enem_extraction' retrieved from /opt/airflow/dags/extract_data_git_repo.py
[2026-03-28T21:48:07.817+0000] {logging_mixin.py:188} INFO - [2026-03-28T21:48:07.816+0000] {dag.py:3096} INFO - Sync 1 DAGs
[2026-03-28T21:48:07.834+0000] {logging_mixin.py:188} INFO - [2026-03-28T21:48:07.834+0000] {dag.py:3954} INFO - Setting next_dagrun for dag_enem_extraction to None, run_after=None
[2026-03-28T21:48:07.863+0000] {processor.py:183} INFO - Processing /opt/airflow/dags/extract_data_git_repo.py took 0.119 seconds
[2026-03-28T21:48:38.716+0000] {processor.py:161} INFO - Started process (PID=1243) to work on /opt/airflow/dags/extract_data_git_repo.py
[2026-03-28T21:48:38.718+0000] {processor.py:830} INFO - Processing file /opt/airflow/dags/extract_data_git_repo.py for tasks to queue
[2026-03-28T21:48:38.721+0000] {logging_mixin.py:188} INFO - [2026-03-28T21:48:38.720+0000] {dagbag.py:545} INFO - Filling up the DagBag from /opt/airflow/dags/extract_data_git_repo.py
[2026-03-28T21:48:38.735+0000] {processor.py:840} INFO - DAG(s) 'dag_enem_extraction' retrieved from /opt/airflow/dags/extract_data_git_repo.py
[2026-03-28T21:48:38.791+0000] {logging_mixin.py:188} INFO - [2026-03-28T21:48:38.791+0000] {dag.py:3096} INFO - Sync 1 DAGs
[2026-03-28T21:48:38.817+0000] {logging_mixin.py:188} INFO - [2026-03-28T21:48:38.817+0000] {dag.py:3954} INFO - Setting next_dagrun for dag_enem_extraction to None, run_after=None
[2026-03-28T21:48:38.845+0000] {processor.py:183} INFO - Processing /opt/airflow/dags/extract_data_git_repo.py took 0.140 seconds
[2026-03-28T21:49:09.658+0000] {processor.py:161} INFO - Started process (PID=1262) to work on /opt/airflow/dags/extract_data_git_repo.py
[2026-03-28T21:49:09.675+0000] {processor.py:830} INFO - Processing file /opt/airflow/dags/extract_data_git_repo.py for tasks to queue
[2026-03-28T21:49:09.678+0000] {logging_mixin.py:188} INFO - [2026-03-28T21:49:09.677+0000] {dagbag.py:545} INFO - Filling up the DagBag from /opt/airflow/dags/extract_data_git_repo.py
[2026-03-28T21:49:09.691+0000] {processor.py:840} INFO - DAG(s) 'dag_enem_extraction' retrieved from /opt/airflow/dags/extract_data_git_repo.py
[2026-03-28T21:49:09.729+0000] {logging_mixin.py:188} INFO - [2026-03-28T21:49:09.729+0000] {dag.py:3096} INFO - Sync 1 DAGs
[2026-03-28T21:49:09.745+0000] {logging_mixin.py:188} INFO - [2026-03-28T21:49:09.745+0000] {dag.py:3954} INFO - Setting next_dagrun for dag_enem_extraction to None, run_after=None
[2026-03-28T21:49:09.770+0000] {processor.py:183} INFO - Processing /opt/airflow/dags/extract_data_git_repo.py took 0.120 seconds
[2026-03-28T21:49:40.706+0000] {processor.py:161} INFO - Started process (PID=1281) to work on /opt/airflow/dags/extract_data_git_repo.py
[2026-03-28T21:49:40.707+0000] {processor.py:830} INFO - Processing file /opt/airflow/dags/extract_data_git_repo.py for tasks to queue
[2026-03-28T21:49:40.710+0000] {logging_mixin.py:188} INFO - [2026-03-28T21:49:40.709+0000] {dagbag.py:545} INFO - Filling up the DagBag from /opt/airflow/dags/extract_data_git_repo.py
[2026-03-28T21:49:40.721+0000] {processor.py:840} INFO - DAG(s) 'dag_enem_extraction' retrieved from /opt/airflow/dags/extract_data_git_repo.py
[2026-03-28T21:49:40.760+0000] {logging_mixin.py:188} INFO - [2026-03-28T21:49:40.759+0000] {dag.py:3096} INFO - Sync 1 DAGs
[2026-03-28T21:49:40.786+0000] {logging_mixin.py:188} INFO - [2026-03-28T21:49:40.786+0000] {dag.py:3954} INFO - Setting next_dagrun for dag_enem_extraction to None, run_after=None
[2026-03-28T21:49:40.836+0000] {processor.py:183} INFO - Processing /opt/airflow/dags/extract_data_git_repo.py took 0.137 seconds
[2026-03-28T21:50:11.757+0000] {processor.py:161} INFO - Started process (PID=1300) to work on /opt/airflow/dags/extract_data_git_repo.py
[2026-03-28T21:50:11.760+0000] {processor.py:830} INFO - Processing file /opt/airflow/dags/extract_data_git_repo.py for tasks to queue
[2026-03-28T21:50:11.763+0000] {logging_mixin.py:188} INFO - [2026-03-28T21:50:11.763+0000] {dagbag.py:545} INFO - Filling up the DagBag from /opt/airflow/dags/extract_data_git_repo.py
[2026-03-28T21:50:11.780+0000] {processor.py:840} INFO - DAG(s) 'dag_enem_extraction' retrieved from /opt/airflow/dags/extract_data_git_repo.py
[2026-03-28T21:50:11.827+0000] {logging_mixin.py:188} INFO - [2026-03-28T21:50:11.827+0000] {dag.py:3096} INFO - Sync 1 DAGs
[2026-03-28T21:50:11.845+0000] {logging_mixin.py:188} INFO - [2026-03-28T21:50:11.844+0000] {dag.py:3954} INFO - Setting next_dagrun for dag_enem_extraction to None, run_after=None
[2026-03-28T21:50:11.870+0000] {processor.py:183} INFO - Processing /opt/airflow/dags/extract_data_git_repo.py took 0.120 seconds
[2026-03-28T21:50:42.102+0000] {processor.py:161} INFO - Started process (PID=1319) to work on /opt/airflow/dags/extract_data_git_repo.py
[2026-03-28T21:50:42.105+0000] {processor.py:830} INFO - Processing file /opt/airflow/dags/extract_data_git_repo.py for tasks to queue
[2026-03-28T21:50:42.119+0000] {logging_mixin.py:188} INFO - [2026-03-28T21:50:42.115+0000] {dagbag.py:545} INFO - Filling up the DagBag from /opt/airflow/dags/extract_data_git_repo.py
[2026-03-28T21:50:42.175+0000] {processor.py:840} INFO - DAG(s) 'dag_enem_extraction' retrieved from /opt/airflow/dags/extract_data_git_repo.py
[2026-03-28T21:50:42.384+0000] {logging_mixin.py:188} INFO - [2026-03-28T21:50:42.383+0000] {dag.py:3096} INFO - Sync 1 DAGs
[2026-03-28T21:50:42.489+0000] {logging_mixin.py:188} INFO - [2026-03-28T21:50:42.488+0000] {dag.py:3954} INFO - Setting next_dagrun for dag_enem_extraction to None, run_after=None
[2026-03-28T21:50:42.585+0000] {processor.py:183} INFO - Processing /opt/airflow/dags/extract_data_git_repo.py took 0.508 seconds
[2026-03-28T21:51:12.764+0000] {processor.py:161} INFO - Started process (PID=1337) to work on /opt/airflow/dags/extract_data_git_repo.py
[2026-03-28T21:51:12.765+0000] {processor.py:830} INFO - Processing file /opt/airflow/dags/extract_data_git_repo.py for tasks to queue
[2026-03-28T21:51:12.768+0000] {logging_mixin.py:188} INFO - [2026-03-28T21:51:12.767+0000] {dagbag.py:545} INFO - Filling up the DagBag from /opt/airflow/dags/extract_data_git_repo.py
[2026-03-28T21:51:12.782+0000] {processor.py:840} INFO - DAG(s) 'dag_enem_extraction' retrieved from /opt/airflow/dags/extract_data_git_repo.py
[2026-03-28T21:51:12.822+0000] {logging_mixin.py:188} INFO - [2026-03-28T21:51:12.821+0000] {dag.py:3096} INFO - Sync 1 DAGs
[2026-03-28T21:51:12.839+0000] {logging_mixin.py:188} INFO - [2026-03-28T21:51:12.838+0000] {dag.py:3954} INFO - Setting next_dagrun for dag_enem_extraction to None, run_after=None
[2026-03-28T21:51:12.867+0000] {processor.py:183} INFO - Processing /opt/airflow/dags/extract_data_git_repo.py took 0.114 seconds
[2026-03-28T21:51:43.764+0000] {processor.py:161} INFO - Started process (PID=1356) to work on /opt/airflow/dags/extract_data_git_repo.py
[2026-03-28T21:51:43.766+0000] {processor.py:830} INFO - Processing file /opt/airflow/dags/extract_data_git_repo.py for tasks to queue
[2026-03-28T21:51:43.768+0000] {logging_mixin.py:188} INFO - [2026-03-28T21:51:43.768+0000] {dagbag.py:545} INFO - Filling up the DagBag from /opt/airflow/dags/extract_data_git_repo.py
[2026-03-28T21:51:43.785+0000] {processor.py:840} INFO - DAG(s) 'dag_enem_extraction' retrieved from /opt/airflow/dags/extract_data_git_repo.py
[2026-03-28T21:51:43.853+0000] {logging_mixin.py:188} INFO - [2026-03-28T21:51:43.853+0000] {dag.py:3096} INFO - Sync 1 DAGs
[2026-03-28T21:51:43.871+0000] {logging_mixin.py:188} INFO - [2026-03-28T21:51:43.870+0000] {dag.py:3954} INFO - Setting next_dagrun for dag_enem_extraction to None, run_after=None
[2026-03-28T21:51:43.899+0000] {processor.py:183} INFO - Processing /opt/airflow/dags/extract_data_git_repo.py took 0.143 seconds
[2026-03-28T21:52:14.139+0000] {processor.py:161} INFO - Started process (PID=1372) to work on /opt/airflow/dags/extract_data_git_repo.py
[2026-03-28T21:52:14.140+0000] {processor.py:830} INFO - Processing file /opt/airflow/dags/extract_data_git_repo.py for tasks to queue
[2026-03-28T21:52:14.143+0000] {logging_mixin.py:188} INFO - [2026-03-28T21:52:14.142+0000] {dagbag.py:545} INFO - Filling up the DagBag from /opt/airflow/dags/extract_data_git_repo.py
[2026-03-28T21:52:14.157+0000] {processor.py:840} INFO - DAG(s) 'dag_enem_extraction' retrieved from /opt/airflow/dags/extract_data_git_repo.py
[2026-03-28T21:52:14.202+0000] {logging_mixin.py:188} INFO - [2026-03-28T21:52:14.202+0000] {dag.py:3096} INFO - Sync 1 DAGs
[2026-03-28T21:52:14.219+0000] {logging_mixin.py:188} INFO - [2026-03-28T21:52:14.219+0000] {dag.py:3954} INFO - Setting next_dagrun for dag_enem_extraction to None, run_after=None
[2026-03-28T21:52:14.246+0000] {processor.py:183} INFO - Processing /opt/airflow/dags/extract_data_git_repo.py took 0.116 seconds
[2026-03-28T21:52:44.336+0000] {processor.py:161} INFO - Started process (PID=1388) to work on /opt/airflow/dags/extract_data_git_repo.py
[2026-03-28T21:52:44.341+0000] {processor.py:830} INFO - Processing file /opt/airflow/dags/extract_data_git_repo.py for tasks to queue
[2026-03-28T21:52:44.349+0000] {logging_mixin.py:188} INFO - [2026-03-28T21:52:44.348+0000] {dagbag.py:545} INFO - Filling up the DagBag from /opt/airflow/dags/extract_data_git_repo.py
[2026-03-28T21:52:44.388+0000] {processor.py:840} INFO - DAG(s) 'dag_enem_extraction' retrieved from /opt/airflow/dags/extract_data_git_repo.py
[2026-03-28T21:52:44.448+0000] {logging_mixin.py:188} INFO - [2026-03-28T21:52:44.448+0000] {dag.py:3096} INFO - Sync 1 DAGs
[2026-03-28T21:52:44.464+0000] {logging_mixin.py:188} INFO - [2026-03-28T21:52:44.464+0000] {dag.py:3954} INFO - Setting next_dagrun for dag_enem_extraction to None, run_after=None
[2026-03-28T21:52:44.490+0000] {processor.py:183} INFO - Processing /opt/airflow/dags/extract_data_git_repo.py took 0.167 seconds
[2026-03-28T21:53:14.862+0000] {processor.py:161} INFO - Started process (PID=1404) to work on /opt/airflow/dags/extract_data_git_repo.py
[2026-03-28T21:53:14.863+0000] {processor.py:830} INFO - Processing file /opt/airflow/dags/extract_data_git_repo.py for tasks to queue
[2026-03-28T21:53:14.867+0000] {logging_mixin.py:188} INFO - [2026-03-28T21:53:14.866+0000] {dagbag.py:545} INFO - Filling up the DagBag from /opt/airflow/dags/extract_data_git_repo.py
[2026-03-28T21:53:14.882+0000] {processor.py:840} INFO - DAG(s) 'dag_enem_extraction' retrieved from /opt/airflow/dags/extract_data_git_repo.py
[2026-03-28T21:53:14.928+0000] {logging_mixin.py:188} INFO - [2026-03-28T21:53:14.928+0000] {dag.py:3096} INFO - Sync 1 DAGs
[2026-03-28T21:53:14.950+0000] {logging_mixin.py:188} INFO - [2026-03-28T21:53:14.949+0000] {dag.py:3954} INFO - Setting next_dagrun for dag_enem_extraction to None, run_after=None
[2026-03-28T21:53:14.979+0000] {processor.py:183} INFO - Processing /opt/airflow/dags/extract_data_git_repo.py took 0.128 seconds
[2026-03-28T21:53:45.166+0000] {processor.py:161} INFO - Started process (PID=1420) to work on /opt/airflow/dags/extract_data_git_repo.py
[2026-03-28T21:53:45.167+0000] {processor.py:830} INFO - Processing file /opt/airflow/dags/extract_data_git_repo.py for tasks to queue
[2026-03-28T21:53:45.169+0000] {logging_mixin.py:188} INFO - [2026-03-28T21:53:45.169+0000] {dagbag.py:545} INFO - Filling up the DagBag from /opt/airflow/dags/extract_data_git_repo.py
[2026-03-28T21:53:45.182+0000] {processor.py:840} INFO - DAG(s) 'dag_enem_extraction' retrieved from /opt/airflow/dags/extract_data_git_repo.py
[2026-03-28T21:53:45.225+0000] {logging_mixin.py:188} INFO - [2026-03-28T21:53:45.225+0000] {dag.py:3096} INFO - Sync 1 DAGs
[2026-03-28T21:53:45.241+0000] {logging_mixin.py:188} INFO - [2026-03-28T21:53:45.241+0000] {dag.py:3954} INFO - Setting next_dagrun for dag_enem_extraction to None, run_after=None
[2026-03-28T21:53:45.267+0000] {processor.py:183} INFO - Processing /opt/airflow/dags/extract_data_git_repo.py took 0.109 seconds
[2026-03-28T21:54:15.710+0000] {processor.py:161} INFO - Started process (PID=1436) to work on /opt/airflow/dags/extract_data_git_repo.py
[2026-03-28T21:54:15.714+0000] {processor.py:830} INFO - Processing file /opt/airflow/dags/extract_data_git_repo.py for tasks to queue
[2026-03-28T21:54:15.717+0000] {logging_mixin.py:188} INFO - [2026-03-28T21:54:15.717+0000] {dagbag.py:545} INFO - Filling up the DagBag from /opt/airflow/dags/extract_data_git_repo.py
[2026-03-28T21:54:15.734+0000] {processor.py:840} INFO - DAG(s) 'dag_enem_extraction' retrieved from /opt/airflow/dags/extract_data_git_repo.py
[2026-03-28T21:54:15.792+0000] {logging_mixin.py:188} INFO - [2026-03-28T21:54:15.791+0000] {dag.py:3096} INFO - Sync 1 DAGs
[2026-03-28T21:54:15.816+0000] {logging_mixin.py:188} INFO - [2026-03-28T21:54:15.816+0000] {dag.py:3954} INFO - Setting next_dagrun for dag_enem_extraction to None, run_after=None
[2026-03-28T21:54:15.849+0000] {processor.py:183} INFO - Processing /opt/airflow/dags/extract_data_git_repo.py took 0.146 seconds
[2026-03-28T21:54:46.742+0000] {processor.py:161} INFO - Started process (PID=1452) to work on /opt/airflow/dags/extract_data_git_repo.py
[2026-03-28T21:54:46.742+0000] {processor.py:830} INFO - Processing file /opt/airflow/dags/extract_data_git_repo.py for tasks to queue
[2026-03-28T21:54:46.745+0000] {logging_mixin.py:188} INFO - [2026-03-28T21:54:46.744+0000] {dagbag.py:545} INFO - Filling up the DagBag from /opt/airflow/dags/extract_data_git_repo.py
[2026-03-28T21:54:46.758+0000] {processor.py:840} INFO - DAG(s) 'dag_enem_extraction' retrieved from /opt/airflow/dags/extract_data_git_repo.py
[2026-03-28T21:54:46.796+0000] {logging_mixin.py:188} INFO - [2026-03-28T21:54:46.795+0000] {dag.py:3096} INFO - Sync 1 DAGs
[2026-03-28T21:54:46.815+0000] {logging_mixin.py:188} INFO - [2026-03-28T21:54:46.814+0000] {dag.py:3954} INFO - Setting next_dagrun for dag_enem_extraction to None, run_after=None
[2026-03-28T21:54:46.842+0000] {processor.py:183} INFO - Processing /opt/airflow/dags/extract_data_git_repo.py took 0.108 seconds
[2026-03-28T21:55:17.692+0000] {processor.py:161} INFO - Started process (PID=1468) to work on /opt/airflow/dags/extract_data_git_repo.py
[2026-03-28T21:55:17.702+0000] {processor.py:830} INFO - Processing file /opt/airflow/dags/extract_data_git_repo.py for tasks to queue
[2026-03-28T21:55:17.704+0000] {logging_mixin.py:188} INFO - [2026-03-28T21:55:17.704+0000] {dagbag.py:545} INFO - Filling up the DagBag from /opt/airflow/dags/extract_data_git_repo.py
[2026-03-28T21:55:17.719+0000] {processor.py:840} INFO - DAG(s) 'dag_enem_extraction' retrieved from /opt/airflow/dags/extract_data_git_repo.py
[2026-03-28T21:55:17.758+0000] {logging_mixin.py:188} INFO - [2026-03-28T21:55:17.758+0000] {dag.py:3096} INFO - Sync 1 DAGs
[2026-03-28T21:55:17.778+0000] {logging_mixin.py:188} INFO - [2026-03-28T21:55:17.778+0000] {dag.py:3954} INFO - Setting next_dagrun for dag_enem_extraction to None, run_after=None
[2026-03-28T21:55:17.808+0000] {processor.py:183} INFO - Processing /opt/airflow/dags/extract_data_git_repo.py took 0.122 seconds
[2026-03-28T21:55:47.954+0000] {processor.py:161} INFO - Started process (PID=1484) to work on /opt/airflow/dags/extract_data_git_repo.py
[2026-03-28T21:55:47.955+0000] {processor.py:830} INFO - Processing file /opt/airflow/dags/extract_data_git_repo.py for tasks to queue
[2026-03-28T21:55:47.957+0000] {logging_mixin.py:188} INFO - [2026-03-28T21:55:47.957+0000] {dagbag.py:545} INFO - Filling up the DagBag from /opt/airflow/dags/extract_data_git_repo.py
[2026-03-28T21:55:47.971+0000] {processor.py:840} INFO - DAG(s) 'dag_enem_extraction' retrieved from /opt/airflow/dags/extract_data_git_repo.py
[2026-03-28T21:55:48.007+0000] {logging_mixin.py:188} INFO - [2026-03-28T21:55:48.006+0000] {dag.py:3096} INFO - Sync 1 DAGs
[2026-03-28T21:55:48.022+0000] {logging_mixin.py:188} INFO - [2026-03-28T21:55:48.022+0000] {dag.py:3954} INFO - Setting next_dagrun for dag_enem_extraction to None, run_after=None
[2026-03-28T21:55:48.047+0000] {processor.py:183} INFO - Processing /opt/airflow/dags/extract_data_git_repo.py took 0.100 seconds
[2026-03-28T21:56:18.961+0000] {processor.py:161} INFO - Started process (PID=1520) to work on /opt/airflow/dags/extract_data_git_repo.py
[2026-03-28T21:56:18.963+0000] {processor.py:830} INFO - Processing file /opt/airflow/dags/extract_data_git_repo.py for tasks to queue
[2026-03-28T21:56:18.967+0000] {logging_mixin.py:188} INFO - [2026-03-28T21:56:18.966+0000] {dagbag.py:545} INFO - Filling up the DagBag from /opt/airflow/dags/extract_data_git_repo.py
[2026-03-28T21:56:18.994+0000] {processor.py:840} INFO - DAG(s) 'dag_enem_extraction' retrieved from /opt/airflow/dags/extract_data_git_repo.py
[2026-03-28T21:56:19.043+0000] {logging_mixin.py:188} INFO - [2026-03-28T21:56:19.042+0000] {dag.py:3096} INFO - Sync 1 DAGs
[2026-03-28T21:56:19.066+0000] {logging_mixin.py:188} INFO - [2026-03-28T21:56:19.066+0000] {dag.py:3954} INFO - Setting next_dagrun for dag_enem_extraction to None, run_after=None
[2026-03-28T21:56:19.100+0000] {processor.py:183} INFO - Processing /opt/airflow/dags/extract_data_git_repo.py took 0.149 seconds
[2026-03-28T21:56:50.142+0000] {processor.py:161} INFO - Started process (PID=1537) to work on /opt/airflow/dags/extract_data_git_repo.py
[2026-03-28T21:56:50.144+0000] {processor.py:830} INFO - Processing file /opt/airflow/dags/extract_data_git_repo.py for tasks to queue
[2026-03-28T21:56:50.147+0000] {logging_mixin.py:188} INFO - [2026-03-28T21:56:50.146+0000] {dagbag.py:545} INFO - Filling up the DagBag from /opt/airflow/dags/extract_data_git_repo.py
[2026-03-28T21:56:50.162+0000] {processor.py:840} INFO - DAG(s) 'dag_enem_extraction' retrieved from /opt/airflow/dags/extract_data_git_repo.py
[2026-03-28T21:56:50.201+0000] {logging_mixin.py:188} INFO - [2026-03-28T21:56:50.201+0000] {dag.py:3096} INFO - Sync 1 DAGs
[2026-03-28T21:56:50.220+0000] {logging_mixin.py:188} INFO - [2026-03-28T21:56:50.219+0000] {dag.py:3954} INFO - Setting next_dagrun for dag_enem_extraction to None, run_after=None
[2026-03-28T21:56:50.248+0000] {processor.py:183} INFO - Processing /opt/airflow/dags/extract_data_git_repo.py took 0.113 seconds
[2026-03-28T21:57:21.165+0000] {processor.py:161} INFO - Started process (PID=1554) to work on /opt/airflow/dags/extract_data_git_repo.py
[2026-03-28T21:57:21.167+0000] {processor.py:830} INFO - Processing file /opt/airflow/dags/extract_data_git_repo.py for tasks to queue
[2026-03-28T21:57:21.170+0000] {logging_mixin.py:188} INFO - [2026-03-28T21:57:21.169+0000] {dagbag.py:545} INFO - Filling up the DagBag from /opt/airflow/dags/extract_data_git_repo.py
[2026-03-28T21:57:21.183+0000] {processor.py:840} INFO - DAG(s) 'dag_enem_extraction' retrieved from /opt/airflow/dags/extract_data_git_repo.py
[2026-03-28T21:57:21.232+0000] {logging_mixin.py:188} INFO - [2026-03-28T21:57:21.231+0000] {dag.py:3096} INFO - Sync 1 DAGs
[2026-03-28T21:57:21.253+0000] {logging_mixin.py:188} INFO - [2026-03-28T21:57:21.253+0000] {dag.py:3954} INFO - Setting next_dagrun for dag_enem_extraction to None, run_after=None
[2026-03-28T21:57:21.283+0000] {processor.py:183} INFO - Processing /opt/airflow/dags/extract_data_git_repo.py took 0.125 seconds
[2026-03-28T21:57:52.169+0000] {processor.py:161} INFO - Started process (PID=1570) to work on /opt/airflow/dags/extract_data_git_repo.py
[2026-03-28T21:57:52.170+0000] {processor.py:830} INFO - Processing file /opt/airflow/dags/extract_data_git_repo.py for tasks to queue
[2026-03-28T21:57:52.172+0000] {logging_mixin.py:188} INFO - [2026-03-28T21:57:52.172+0000] {dagbag.py:545} INFO - Filling up the DagBag from /opt/airflow/dags/extract_data_git_repo.py
[2026-03-28T21:57:52.186+0000] {processor.py:840} INFO - DAG(s) 'dag_enem_extraction' retrieved from /opt/airflow/dags/extract_data_git_repo.py
[2026-03-28T21:57:52.226+0000] {logging_mixin.py:188} INFO - [2026-03-28T21:57:52.225+0000] {dag.py:3096} INFO - Sync 1 DAGs
[2026-03-28T21:57:52.244+0000] {logging_mixin.py:188} INFO - [2026-03-28T21:57:52.244+0000] {dag.py:3954} INFO - Setting next_dagrun for dag_enem_extraction to None, run_after=None
[2026-03-28T21:57:52.269+0000] {processor.py:183} INFO - Processing /opt/airflow/dags/extract_data_git_repo.py took 0.108 seconds
[2026-03-28T21:58:22.315+0000] {processor.py:161} INFO - Started process (PID=1587) to work on /opt/airflow/dags/extract_data_git_repo.py
[2026-03-28T21:58:22.317+0000] {processor.py:830} INFO - Processing file /opt/airflow/dags/extract_data_git_repo.py for tasks to queue
[2026-03-28T21:58:22.319+0000] {logging_mixin.py:188} INFO - [2026-03-28T21:58:22.319+0000] {dagbag.py:545} INFO - Filling up the DagBag from /opt/airflow/dags/extract_data_git_repo.py
[2026-03-28T21:58:22.332+0000] {processor.py:840} INFO - DAG(s) 'dag_enem_extraction' retrieved from /opt/airflow/dags/extract_data_git_repo.py
[2026-03-28T21:58:22.371+0000] {logging_mixin.py:188} INFO - [2026-03-28T21:58:22.371+0000] {dag.py:3096} INFO - Sync 1 DAGs
[2026-03-28T21:58:22.390+0000] {logging_mixin.py:188} INFO - [2026-03-28T21:58:22.389+0000] {dag.py:3954} INFO - Setting next_dagrun for dag_enem_extraction to None, run_after=None
[2026-03-28T21:58:22.420+0000] {processor.py:183} INFO - Processing /opt/airflow/dags/extract_data_git_repo.py took 0.114 seconds
[2026-03-28T21:58:53.416+0000] {processor.py:161} INFO - Started process (PID=1603) to work on /opt/airflow/dags/extract_data_git_repo.py
[2026-03-28T21:58:53.418+0000] {processor.py:830} INFO - Processing file /opt/airflow/dags/extract_data_git_repo.py for tasks to queue
[2026-03-28T21:58:53.421+0000] {logging_mixin.py:188} INFO - [2026-03-28T21:58:53.421+0000] {dagbag.py:545} INFO - Filling up the DagBag from /opt/airflow/dags/extract_data_git_repo.py
[2026-03-28T21:58:53.433+0000] {processor.py:840} INFO - DAG(s) 'dag_enem_extraction' retrieved from /opt/airflow/dags/extract_data_git_repo.py
[2026-03-28T21:58:53.475+0000] {logging_mixin.py:188} INFO - [2026-03-28T21:58:53.475+0000] {dag.py:3096} INFO - Sync 1 DAGs
[2026-03-28T21:58:53.492+0000] {logging_mixin.py:188} INFO - [2026-03-28T21:58:53.492+0000] {dag.py:3954} INFO - Setting next_dagrun for dag_enem_extraction to None, run_after=None
[2026-03-28T21:58:53.521+0000] {processor.py:183} INFO - Processing /opt/airflow/dags/extract_data_git_repo.py took 0.111 seconds
[2026-03-28T21:59:24.442+0000] {processor.py:161} INFO - Started process (PID=1620) to work on /opt/airflow/dags/extract_data_git_repo.py
[2026-03-28T21:59:24.443+0000] {processor.py:830} INFO - Processing file /opt/airflow/dags/extract_data_git_repo.py for tasks to queue
[2026-03-28T21:59:24.445+0000] {logging_mixin.py:188} INFO - [2026-03-28T21:59:24.444+0000] {dagbag.py:545} INFO - Filling up the DagBag from /opt/airflow/dags/extract_data_git_repo.py
[2026-03-28T21:59:24.458+0000] {processor.py:840} INFO - DAG(s) 'dag_enem_extraction' retrieved from /opt/airflow/dags/extract_data_git_repo.py
[2026-03-28T21:59:24.493+0000] {logging_mixin.py:188} INFO - [2026-03-28T21:59:24.492+0000] {dag.py:3096} INFO - Sync 1 DAGs
[2026-03-28T21:59:24.509+0000] {logging_mixin.py:188} INFO - [2026-03-28T21:59:24.509+0000] {dag.py:3954} INFO - Setting next_dagrun for dag_enem_extraction to None, run_after=None
[2026-03-28T21:59:24.539+0000] {processor.py:183} INFO - Processing /opt/airflow/dags/extract_data_git_repo.py took 0.104 seconds
[2026-03-28T21:59:55.410+0000] {processor.py:161} INFO - Started process (PID=1636) to work on /opt/airflow/dags/extract_data_git_repo.py
[2026-03-28T21:59:55.412+0000] {processor.py:830} INFO - Processing file /opt/airflow/dags/extract_data_git_repo.py for tasks to queue
[2026-03-28T21:59:55.414+0000] {logging_mixin.py:188} INFO - [2026-03-28T21:59:55.414+0000] {dagbag.py:545} INFO - Filling up the DagBag from /opt/airflow/dags/extract_data_git_repo.py
[2026-03-28T21:59:55.427+0000] {processor.py:840} INFO - DAG(s) 'dag_enem_extraction' retrieved from /opt/airflow/dags/extract_data_git_repo.py
[2026-03-28T21:59:55.466+0000] {logging_mixin.py:188} INFO - [2026-03-28T21:59:55.466+0000] {dag.py:3096} INFO - Sync 1 DAGs
[2026-03-28T21:59:55.483+0000] {logging_mixin.py:188} INFO - [2026-03-28T21:59:55.483+0000] {dag.py:3954} INFO - Setting next_dagrun for dag_enem_extraction to None, run_after=None
[2026-03-28T21:59:55.510+0000] {processor.py:183} INFO - Processing /opt/airflow/dags/extract_data_git_repo.py took 0.111 seconds
[2026-03-28T22:00:26.513+0000] {processor.py:161} INFO - Started process (PID=1653) to work on /opt/airflow/dags/extract_data_git_repo.py
[2026-03-28T22:00:26.514+0000] {processor.py:830} INFO - Processing file /opt/airflow/dags/extract_data_git_repo.py for tasks to queue
[2026-03-28T22:00:26.516+0000] {logging_mixin.py:188} INFO - [2026-03-28T22:00:26.515+0000] {dagbag.py:545} INFO - Filling up the DagBag from /opt/airflow/dags/extract_data_git_repo.py
[2026-03-28T22:00:26.530+0000] {processor.py:840} INFO - DAG(s) 'dag_enem_extraction' retrieved from /opt/airflow/dags/extract_data_git_repo.py
[2026-03-28T22:00:26.568+0000] {logging_mixin.py:188} INFO - [2026-03-28T22:00:26.567+0000] {dag.py:3096} INFO - Sync 1 DAGs
[2026-03-28T22:00:26.586+0000] {logging_mixin.py:188} INFO - [2026-03-28T22:00:26.586+0000] {dag.py:3954} INFO - Setting next_dagrun for dag_enem_extraction to None, run_after=None
[2026-03-28T22:00:26.613+0000] {processor.py:183} INFO - Processing /opt/airflow/dags/extract_data_git_repo.py took 0.108 seconds
[2026-03-28T22:00:57.459+0000] {processor.py:161} INFO - Started process (PID=1669) to work on /opt/airflow/dags/extract_data_git_repo.py
[2026-03-28T22:00:57.460+0000] {processor.py:830} INFO - Processing file /opt/airflow/dags/extract_data_git_repo.py for tasks to queue
[2026-03-28T22:00:57.464+0000] {logging_mixin.py:188} INFO - [2026-03-28T22:00:57.463+0000] {dagbag.py:545} INFO - Filling up the DagBag from /opt/airflow/dags/extract_data_git_repo.py
[2026-03-28T22:00:57.477+0000] {processor.py:840} INFO - DAG(s) 'dag_enem_extraction' retrieved from /opt/airflow/dags/extract_data_git_repo.py
[2026-03-28T22:00:57.518+0000] {logging_mixin.py:188} INFO - [2026-03-28T22:00:57.517+0000] {dag.py:3096} INFO - Sync 1 DAGs
[2026-03-28T22:00:57.537+0000] {logging_mixin.py:188} INFO - [2026-03-28T22:00:57.537+0000] {dag.py:3954} INFO - Setting next_dagrun for dag_enem_extraction to None, run_after=None
[2026-03-28T22:00:57.562+0000] {processor.py:183} INFO - Processing /opt/airflow/dags/extract_data_git_repo.py took 0.113 seconds
[2026-03-28T22:01:28.552+0000] {processor.py:161} INFO - Started process (PID=1686) to work on /opt/airflow/dags/extract_data_git_repo.py
[2026-03-28T22:01:28.553+0000] {processor.py:830} INFO - Processing file /opt/airflow/dags/extract_data_git_repo.py for tasks to queue
[2026-03-28T22:01:28.557+0000] {logging_mixin.py:188} INFO - [2026-03-28T22:01:28.556+0000] {dagbag.py:545} INFO - Filling up the DagBag from /opt/airflow/dags/extract_data_git_repo.py
[2026-03-28T22:01:28.570+0000] {processor.py:840} INFO - DAG(s) 'dag_enem_extraction' retrieved from /opt/airflow/dags/extract_data_git_repo.py
[2026-03-28T22:01:28.608+0000] {logging_mixin.py:188} INFO - [2026-03-28T22:01:28.607+0000] {dag.py:3096} INFO - Sync 1 DAGs
[2026-03-28T22:01:28.623+0000] {logging_mixin.py:188} INFO - [2026-03-28T22:01:28.623+0000] {dag.py:3954} INFO - Setting next_dagrun for dag_enem_extraction to None, run_after=None
[2026-03-28T22:01:28.653+0000] {processor.py:183} INFO - Processing /opt/airflow/dags/extract_data_git_repo.py took 0.108 seconds
[2026-03-28T22:01:59.516+0000] {processor.py:161} INFO - Started process (PID=1702) to work on /opt/airflow/dags/extract_data_git_repo.py
[2026-03-28T22:01:59.518+0000] {processor.py:830} INFO - Processing file /opt/airflow/dags/extract_data_git_repo.py for tasks to queue
[2026-03-28T22:01:59.520+0000] {logging_mixin.py:188} INFO - [2026-03-28T22:01:59.519+0000] {dagbag.py:545} INFO - Filling up the DagBag from /opt/airflow/dags/extract_data_git_repo.py
[2026-03-28T22:01:59.533+0000] {processor.py:840} INFO - DAG(s) 'dag_enem_extraction' retrieved from /opt/airflow/dags/extract_data_git_repo.py
[2026-03-28T22:01:59.568+0000] {logging_mixin.py:188} INFO - [2026-03-28T22:01:59.567+0000] {dag.py:3096} INFO - Sync 1 DAGs
[2026-03-28T22:01:59.583+0000] {logging_mixin.py:188} INFO - [2026-03-28T22:01:59.583+0000] {dag.py:3954} INFO - Setting next_dagrun for dag_enem_extraction to None, run_after=None
[2026-03-28T22:01:59.607+0000] {processor.py:183} INFO - Processing /opt/airflow/dags/extract_data_git_repo.py took 0.100 seconds
[2026-03-28T22:02:30.585+0000] {processor.py:161} INFO - Started process (PID=1719) to work on /opt/airflow/dags/extract_data_git_repo.py
[2026-03-28T22:02:30.586+0000] {processor.py:830} INFO - Processing file /opt/airflow/dags/extract_data_git_repo.py for tasks to queue
[2026-03-28T22:02:30.588+0000] {logging_mixin.py:188} INFO - [2026-03-28T22:02:30.588+0000] {dagbag.py:545} INFO - Filling up the DagBag from /opt/airflow/dags/extract_data_git_repo.py
[2026-03-28T22:02:30.602+0000] {processor.py:840} INFO - DAG(s) 'dag_enem_extraction' retrieved from /opt/airflow/dags/extract_data_git_repo.py
[2026-03-28T22:02:30.639+0000] {logging_mixin.py:188} INFO - [2026-03-28T22:02:30.639+0000] {dag.py:3096} INFO - Sync 1 DAGs
[2026-03-28T22:02:30.655+0000] {logging_mixin.py:188} INFO - [2026-03-28T22:02:30.655+0000] {dag.py:3954} INFO - Setting next_dagrun for dag_enem_extraction to None, run_after=None
[2026-03-28T22:02:30.682+0000] {processor.py:183} INFO - Processing /opt/airflow/dags/extract_data_git_repo.py took 0.105 seconds
[2026-03-28T22:03:01.659+0000] {processor.py:161} INFO - Started process (PID=1735) to work on /opt/airflow/dags/extract_data_git_repo.py
[2026-03-28T22:03:01.660+0000] {processor.py:830} INFO - Processing file /opt/airflow/dags/extract_data_git_repo.py for tasks to queue
[2026-03-28T22:03:01.663+0000] {logging_mixin.py:188} INFO - [2026-03-28T22:03:01.662+0000] {dagbag.py:545} INFO - Filling up the DagBag from /opt/airflow/dags/extract_data_git_repo.py
[2026-03-28T22:03:01.676+0000] {processor.py:840} INFO - DAG(s) 'dag_enem_extraction' retrieved from /opt/airflow/dags/extract_data_git_repo.py
[2026-03-28T22:03:01.715+0000] {logging_mixin.py:188} INFO - [2026-03-28T22:03:01.715+0000] {dag.py:3096} INFO - Sync 1 DAGs
[2026-03-28T22:03:01.732+0000] {logging_mixin.py:188} INFO - [2026-03-28T22:03:01.731+0000] {dag.py:3954} INFO - Setting next_dagrun for dag_enem_extraction to None, run_after=None
[2026-03-28T22:03:01.760+0000] {processor.py:183} INFO - Processing /opt/airflow/dags/extract_data_git_repo.py took 0.110 seconds
[2026-03-28T22:03:32.642+0000] {processor.py:161} INFO - Started process (PID=1752) to work on /opt/airflow/dags/extract_data_git_repo.py
[2026-03-28T22:03:32.644+0000] {processor.py:830} INFO - Processing file /opt/airflow/dags/extract_data_git_repo.py for tasks to queue
[2026-03-28T22:03:32.646+0000] {logging_mixin.py:188} INFO - [2026-03-28T22:03:32.646+0000] {dagbag.py:545} INFO - Filling up the DagBag from /opt/airflow/dags/extract_data_git_repo.py
[2026-03-28T22:03:32.659+0000] {processor.py:840} INFO - DAG(s) 'dag_enem_extraction' retrieved from /opt/airflow/dags/extract_data_git_repo.py
[2026-03-28T22:03:33.025+0000] {logging_mixin.py:188} INFO - [2026-03-28T22:03:33.025+0000] {dag.py:3096} INFO - Sync 1 DAGs
[2026-03-28T22:03:33.045+0000] {logging_mixin.py:188} INFO - [2026-03-28T22:03:33.045+0000] {dag.py:3954} INFO - Setting next_dagrun for dag_enem_extraction to None, run_after=None
[2026-03-28T22:03:33.075+0000] {processor.py:183} INFO - Processing /opt/airflow/dags/extract_data_git_repo.py took 0.120 seconds
[2026-03-28T22:04:03.975+0000] {processor.py:161} INFO - Started process (PID=1768) to work on /opt/airflow/dags/extract_data_git_repo.py
[2026-03-28T22:04:03.977+0000] {processor.py:830} INFO - Processing file /opt/airflow/dags/extract_data_git_repo.py for tasks to queue
[2026-03-28T22:04:03.979+0000] {logging_mixin.py:188} INFO - [2026-03-28T22:04:03.978+0000] {dagbag.py:545} INFO - Filling up the DagBag from /opt/airflow/dags/extract_data_git_repo.py
[2026-03-28T22:04:03.992+0000] {processor.py:840} INFO - DAG(s) 'dag_enem_extraction' retrieved from /opt/airflow/dags/extract_data_git_repo.py
[2026-03-28T22:04:04.494+0000] {logging_mixin.py:188} INFO - [2026-03-28T22:04:04.494+0000] {dag.py:3096} INFO - Sync 1 DAGs
[2026-03-28T22:04:04.511+0000] {logging_mixin.py:188} INFO - [2026-03-28T22:04:04.511+0000] {dag.py:3954} INFO - Setting next_dagrun for dag_enem_extraction to None, run_after=None
[2026-03-28T22:04:04.540+0000] {processor.py:183} INFO - Processing /opt/airflow/dags/extract_data_git_repo.py took 0.107 seconds
[2026-03-28T22:04:35.507+0000] {processor.py:161} INFO - Started process (PID=1785) to work on /opt/airflow/dags/extract_data_git_repo.py
[2026-03-28T22:04:35.519+0000] {processor.py:830} INFO - Processing file /opt/airflow/dags/extract_data_git_repo.py for tasks to queue
[2026-03-28T22:04:35.524+0000] {logging_mixin.py:188} INFO - [2026-03-28T22:04:35.523+0000] {dagbag.py:545} INFO - Filling up the DagBag from /opt/airflow/dags/extract_data_git_repo.py
[2026-03-28T22:04:35.541+0000] {processor.py:840} INFO - DAG(s) 'dag_enem_extraction' retrieved from /opt/airflow/dags/extract_data_git_repo.py
[2026-03-28T22:04:35.591+0000] {logging_mixin.py:188} INFO - [2026-03-28T22:04:35.590+0000] {dag.py:3096} INFO - Sync 1 DAGs
[2026-03-28T22:04:35.609+0000] {logging_mixin.py:188} INFO - [2026-03-28T22:04:35.608+0000] {dag.py:3954} INFO - Setting next_dagrun for dag_enem_extraction to None, run_after=None
[2026-03-28T22:04:35.636+0000] {processor.py:183} INFO - Processing /opt/airflow/dags/extract_data_git_repo.py took 0.138 seconds
[2026-03-28T22:05:06.587+0000] {processor.py:161} INFO - Started process (PID=1801) to work on /opt/airflow/dags/extract_data_git_repo.py
[2026-03-28T22:05:06.590+0000] {processor.py:830} INFO - Processing file /opt/airflow/dags/extract_data_git_repo.py for tasks to queue
[2026-03-28T22:05:06.594+0000] {logging_mixin.py:188} INFO - [2026-03-28T22:05:06.593+0000] {dagbag.py:545} INFO - Filling up the DagBag from /opt/airflow/dags/extract_data_git_repo.py
[2026-03-28T22:05:06.611+0000] {processor.py:840} INFO - DAG(s) 'dag_enem_extraction' retrieved from /opt/airflow/dags/extract_data_git_repo.py
[2026-03-28T22:05:06.661+0000] {logging_mixin.py:188} INFO - [2026-03-28T22:05:06.661+0000] {dag.py:3096} INFO - Sync 1 DAGs
[2026-03-28T22:05:06.680+0000] {logging_mixin.py:188} INFO - [2026-03-28T22:05:06.680+0000] {dag.py:3954} INFO - Setting next_dagrun for dag_enem_extraction to None, run_after=None
[2026-03-28T22:05:06.710+0000] {processor.py:183} INFO - Processing /opt/airflow/dags/extract_data_git_repo.py took 0.132 seconds
[2026-03-28T22:05:36.919+0000] {processor.py:161} INFO - Started process (PID=1818) to work on /opt/airflow/dags/extract_data_git_repo.py
[2026-03-28T22:05:36.921+0000] {processor.py:830} INFO - Processing file /opt/airflow/dags/extract_data_git_repo.py for tasks to queue
[2026-03-28T22:05:36.926+0000] {logging_mixin.py:188} INFO - [2026-03-28T22:05:36.926+0000] {dagbag.py:545} INFO - Filling up the DagBag from /opt/airflow/dags/extract_data_git_repo.py
[2026-03-28T22:05:36.938+0000] {processor.py:840} INFO - DAG(s) 'dag_enem_extraction' retrieved from /opt/airflow/dags/extract_data_git_repo.py
[2026-03-28T22:05:36.979+0000] {logging_mixin.py:188} INFO - [2026-03-28T22:05:36.979+0000] {dag.py:3096} INFO - Sync 1 DAGs
[2026-03-28T22:05:36.996+0000] {logging_mixin.py:188} INFO - [2026-03-28T22:05:36.996+0000] {dag.py:3954} INFO - Setting next_dagrun for dag_enem_extraction to None, run_after=None
[2026-03-28T22:05:37.025+0000] {processor.py:183} INFO - Processing /opt/airflow/dags/extract_data_git_repo.py took 0.113 seconds
[2026-03-28T22:06:08.010+0000] {processor.py:161} INFO - Started process (PID=1834) to work on /opt/airflow/dags/extract_data_git_repo.py
[2026-03-28T22:06:08.011+0000] {processor.py:830} INFO - Processing file /opt/airflow/dags/extract_data_git_repo.py for tasks to queue
[2026-03-28T22:06:08.015+0000] {logging_mixin.py:188} INFO - [2026-03-28T22:06:08.013+0000] {dagbag.py:545} INFO - Filling up the DagBag from /opt/airflow/dags/extract_data_git_repo.py
[2026-03-28T22:06:08.035+0000] {processor.py:840} INFO - DAG(s) 'dag_enem_extraction' retrieved from /opt/airflow/dags/extract_data_git_repo.py
[2026-03-28T22:06:08.077+0000] {logging_mixin.py:188} INFO - [2026-03-28T22:06:08.077+0000] {dag.py:3096} INFO - Sync 1 DAGs
[2026-03-28T22:06:08.095+0000] {logging_mixin.py:188} INFO - [2026-03-28T22:06:08.094+0000] {dag.py:3954} INFO - Setting next_dagrun for dag_enem_extraction to None, run_after=None
[2026-03-28T22:06:08.123+0000] {processor.py:183} INFO - Processing /opt/airflow/dags/extract_data_git_repo.py took 0.127 seconds
[2026-03-28T22:06:39.123+0000] {processor.py:161} INFO - Started process (PID=1851) to work on /opt/airflow/dags/extract_data_git_repo.py
[2026-03-28T22:06:39.124+0000] {processor.py:830} INFO - Processing file /opt/airflow/dags/extract_data_git_repo.py for tasks to queue
[2026-03-28T22:06:39.127+0000] {logging_mixin.py:188} INFO - [2026-03-28T22:06:39.126+0000] {dagbag.py:545} INFO - Filling up the DagBag from /opt/airflow/dags/extract_data_git_repo.py
[2026-03-28T22:06:39.141+0000] {processor.py:840} INFO - DAG(s) 'dag_enem_extraction' retrieved from /opt/airflow/dags/extract_data_git_repo.py
[2026-03-28T22:06:39.184+0000] {logging_mixin.py:188} INFO - [2026-03-28T22:06:39.183+0000] {dag.py:3096} INFO - Sync 1 DAGs
[2026-03-28T22:06:39.201+0000] {logging_mixin.py:188} INFO - [2026-03-28T22:06:39.201+0000] {dag.py:3954} INFO - Setting next_dagrun for dag_enem_extraction to None, run_after=None
[2026-03-28T22:06:39.231+0000] {processor.py:183} INFO - Processing /opt/airflow/dags/extract_data_git_repo.py took 0.116 seconds
[2026-03-28T22:07:10.254+0000] {processor.py:161} INFO - Started process (PID=1867) to work on /opt/airflow/dags/extract_data_git_repo.py
[2026-03-28T22:07:10.260+0000] {processor.py:830} INFO - Processing file /opt/airflow/dags/extract_data_git_repo.py for tasks to queue
[2026-03-28T22:07:10.266+0000] {logging_mixin.py:188} INFO - [2026-03-28T22:07:10.265+0000] {dagbag.py:545} INFO - Filling up the DagBag from /opt/airflow/dags/extract_data_git_repo.py
[2026-03-28T22:07:10.287+0000] {processor.py:840} INFO - DAG(s) 'dag_enem_extraction' retrieved from /opt/airflow/dags/extract_data_git_repo.py
[2026-03-28T22:07:10.352+0000] {logging_mixin.py:188} INFO - [2026-03-28T22:07:10.352+0000] {dag.py:3096} INFO - Sync 1 DAGs
[2026-03-28T22:07:10.376+0000] {logging_mixin.py:188} INFO - [2026-03-28T22:07:10.376+0000] {dag.py:3954} INFO - Setting next_dagrun for dag_enem_extraction to None, run_after=None
[2026-03-28T22:07:10.409+0000] {processor.py:183} INFO - Processing /opt/airflow/dags/extract_data_git_repo.py took 0.166 seconds
[2026-03-28T22:07:40.479+0000] {processor.py:161} INFO - Started process (PID=1889) to work on /opt/airflow/dags/extract_data_git_repo.py
[2026-03-28T22:07:40.481+0000] {processor.py:830} INFO - Processing file /opt/airflow/dags/extract_data_git_repo.py for tasks to queue
[2026-03-28T22:07:40.483+0000] {logging_mixin.py:188} INFO - [2026-03-28T22:07:40.483+0000] {dagbag.py:545} INFO - Filling up the DagBag from /opt/airflow/dags/extract_data_git_repo.py
[2026-03-28T22:07:40.500+0000] {processor.py:840} INFO - DAG(s) 'dag_enem_extraction' retrieved from /opt/airflow/dags/extract_data_git_repo.py
[2026-03-28T22:07:40.539+0000] {logging_mixin.py:188} INFO - [2026-03-28T22:07:40.538+0000] {dag.py:3096} INFO - Sync 1 DAGs
[2026-03-28T22:07:40.557+0000] {logging_mixin.py:188} INFO - [2026-03-28T22:07:40.556+0000] {dag.py:3954} INFO - Setting next_dagrun for dag_enem_extraction to None, run_after=None
[2026-03-28T22:07:40.582+0000] {processor.py:183} INFO - Processing /opt/airflow/dags/extract_data_git_repo.py took 0.115 seconds
[2026-03-28T22:08:11.477+0000] {processor.py:161} INFO - Started process (PID=1900) to work on /opt/airflow/dags/extract_data_git_repo.py
[2026-03-28T22:08:11.478+0000] {processor.py:830} INFO - Processing file /opt/airflow/dags/extract_data_git_repo.py for tasks to queue
[2026-03-28T22:08:11.481+0000] {logging_mixin.py:188} INFO - [2026-03-28T22:08:11.481+0000] {dagbag.py:545} INFO - Filling up the DagBag from /opt/airflow/dags/extract_data_git_repo.py
[2026-03-28T22:08:11.496+0000] {processor.py:840} INFO - DAG(s) 'dag_enem_extraction' retrieved from /opt/airflow/dags/extract_data_git_repo.py
[2026-03-28T22:08:11.536+0000] {logging_mixin.py:188} INFO - [2026-03-28T22:08:11.536+0000] {dag.py:3096} INFO - Sync 1 DAGs
[2026-03-28T22:08:11.555+0000] {logging_mixin.py:188} INFO - [2026-03-28T22:08:11.554+0000] {dag.py:3954} INFO - Setting next_dagrun for dag_enem_extraction to None, run_after=None
[2026-03-28T22:08:11.583+0000] {processor.py:183} INFO - Processing /opt/airflow/dags/extract_data_git_repo.py took 0.114 seconds
[2026-03-28T22:08:42.533+0000] {processor.py:161} INFO - Started process (PID=1917) to work on /opt/airflow/dags/extract_data_git_repo.py
[2026-03-28T22:08:42.535+0000] {processor.py:830} INFO - Processing file /opt/airflow/dags/extract_data_git_repo.py for tasks to queue
[2026-03-28T22:08:42.539+0000] {logging_mixin.py:188} INFO - [2026-03-28T22:08:42.538+0000] {dagbag.py:545} INFO - Filling up the DagBag from /opt/airflow/dags/extract_data_git_repo.py
[2026-03-28T22:08:42.563+0000] {processor.py:840} INFO - DAG(s) 'dag_enem_extraction' retrieved from /opt/airflow/dags/extract_data_git_repo.py
[2026-03-28T22:08:42.610+0000] {logging_mixin.py:188} INFO - [2026-03-28T22:08:42.610+0000] {dag.py:3096} INFO - Sync 1 DAGs
[2026-03-28T22:08:42.636+0000] {logging_mixin.py:188} INFO - [2026-03-28T22:08:42.635+0000] {dag.py:3954} INFO - Setting next_dagrun for dag_enem_extraction to None, run_after=None
[2026-03-28T22:08:42.671+0000] {processor.py:183} INFO - Processing /opt/airflow/dags/extract_data_git_repo.py took 0.150 seconds
[2026-03-28T22:09:12.781+0000] {processor.py:161} INFO - Started process (PID=1938) to work on /opt/airflow/dags/extract_data_git_repo.py
[2026-03-28T22:09:12.782+0000] {processor.py:830} INFO - Processing file /opt/airflow/dags/extract_data_git_repo.py for tasks to queue
[2026-03-28T22:09:12.784+0000] {logging_mixin.py:188} INFO - [2026-03-28T22:09:12.783+0000] {dagbag.py:545} INFO - Filling up the DagBag from /opt/airflow/dags/extract_data_git_repo.py
[2026-03-28T22:09:12.798+0000] {processor.py:840} INFO - DAG(s) 'dag_enem_extraction' retrieved from /opt/airflow/dags/extract_data_git_repo.py
[2026-03-28T22:09:12.841+0000] {logging_mixin.py:188} INFO - [2026-03-28T22:09:12.841+0000] {dag.py:3096} INFO - Sync 1 DAGs
[2026-03-28T22:09:12.859+0000] {logging_mixin.py:188} INFO - [2026-03-28T22:09:12.858+0000] {dag.py:3954} INFO - Setting next_dagrun for dag_enem_extraction to None, run_after=None
[2026-03-28T22:09:12.900+0000] {processor.py:183} INFO - Processing /opt/airflow/dags/extract_data_git_repo.py took 0.126 seconds
[2026-03-28T22:09:43.757+0000] {processor.py:161} INFO - Started process (PID=1950) to work on /opt/airflow/dags/extract_data_git_repo.py
[2026-03-28T22:09:43.760+0000] {processor.py:830} INFO - Processing file /opt/airflow/dags/extract_data_git_repo.py for tasks to queue
[2026-03-28T22:09:43.762+0000] {logging_mixin.py:188} INFO - [2026-03-28T22:09:43.762+0000] {dagbag.py:545} INFO - Filling up the DagBag from /opt/airflow/dags/extract_data_git_repo.py
[2026-03-28T22:09:43.777+0000] {processor.py:840} INFO - DAG(s) 'dag_enem_extraction' retrieved from /opt/airflow/dags/extract_data_git_repo.py
[2026-03-28T22:09:43.817+0000] {logging_mixin.py:188} INFO - [2026-03-28T22:09:43.816+0000] {dag.py:3096} INFO - Sync 1 DAGs
[2026-03-28T22:09:43.834+0000] {logging_mixin.py:188} INFO - [2026-03-28T22:09:43.834+0000] {dag.py:3954} INFO - Setting next_dagrun for dag_enem_extraction to None, run_after=None
[2026-03-28T22:09:43.861+0000] {processor.py:183} INFO - Processing /opt/airflow/dags/extract_data_git_repo.py took 0.113 seconds
[2026-03-28T22:10:14.835+0000] {processor.py:161} INFO - Started process (PID=1966) to work on /opt/airflow/dags/extract_data_git_repo.py
[2026-03-28T22:10:14.836+0000] {processor.py:830} INFO - Processing file /opt/airflow/dags/extract_data_git_repo.py for tasks to queue
[2026-03-28T22:10:14.838+0000] {logging_mixin.py:188} INFO - [2026-03-28T22:10:14.838+0000] {dagbag.py:545} INFO - Filling up the DagBag from /opt/airflow/dags/extract_data_git_repo.py
[2026-03-28T22:10:14.853+0000] {processor.py:840} INFO - DAG(s) 'dag_enem_extraction' retrieved from /opt/airflow/dags/extract_data_git_repo.py
[2026-03-28T22:10:14.894+0000] {logging_mixin.py:188} INFO - [2026-03-28T22:10:14.893+0000] {dag.py:3096} INFO - Sync 1 DAGs
[2026-03-28T22:10:14.912+0000] {logging_mixin.py:188} INFO - [2026-03-28T22:10:14.912+0000] {dag.py:3954} INFO - Setting next_dagrun for dag_enem_extraction to None, run_after=None
[2026-03-28T22:10:14.938+0000] {processor.py:183} INFO - Processing /opt/airflow/dags/extract_data_git_repo.py took 0.113 seconds
[2026-03-28T22:10:45.191+0000] {processor.py:161} INFO - Started process (PID=1986) to work on /opt/airflow/dags/extract_data_git_repo.py
[2026-03-28T22:10:45.194+0000] {processor.py:830} INFO - Processing file /opt/airflow/dags/extract_data_git_repo.py for tasks to queue
[2026-03-28T22:10:45.196+0000] {logging_mixin.py:188} INFO - [2026-03-28T22:10:45.196+0000] {dagbag.py:545} INFO - Filling up the DagBag from /opt/airflow/dags/extract_data_git_repo.py
[2026-03-28T22:10:45.251+0000] {processor.py:840} INFO - DAG(s) 'dag_enem_extraction' retrieved from /opt/airflow/dags/extract_data_git_repo.py
[2026-03-28T22:10:45.339+0000] {logging_mixin.py:188} INFO - [2026-03-28T22:10:45.338+0000] {dag.py:3096} INFO - Sync 1 DAGs
[2026-03-28T22:10:45.364+0000] {logging_mixin.py:188} INFO - [2026-03-28T22:10:45.364+0000] {dag.py:3954} INFO - Setting next_dagrun for dag_enem_extraction to None, run_after=None
[2026-03-28T22:10:45.491+0000] {processor.py:183} INFO - Processing /opt/airflow/dags/extract_data_git_repo.py took 0.397 seconds
[2026-03-28T22:11:16.375+0000] {processor.py:161} INFO - Started process (PID=1999) to work on /opt/airflow/dags/extract_data_git_repo.py
[2026-03-28T22:11:16.378+0000] {processor.py:830} INFO - Processing file /opt/airflow/dags/extract_data_git_repo.py for tasks to queue
[2026-03-28T22:11:16.387+0000] {logging_mixin.py:188} INFO - [2026-03-28T22:11:16.385+0000] {dagbag.py:545} INFO - Filling up the DagBag from /opt/airflow/dags/extract_data_git_repo.py
[2026-03-28T22:11:16.432+0000] {processor.py:840} INFO - DAG(s) 'dag_enem_extraction' retrieved from /opt/airflow/dags/extract_data_git_repo.py
[2026-03-28T22:11:16.504+0000] {logging_mixin.py:188} INFO - [2026-03-28T22:11:16.503+0000] {dag.py:3096} INFO - Sync 1 DAGs
[2026-03-28T22:11:16.529+0000] {logging_mixin.py:188} INFO - [2026-03-28T22:11:16.529+0000] {dag.py:3954} INFO - Setting next_dagrun for dag_enem_extraction to None, run_after=None
[2026-03-28T22:11:16.571+0000] {processor.py:183} INFO - Processing /opt/airflow/dags/extract_data_git_repo.py took 0.215 seconds
[2026-03-28T22:11:46.620+0000] {processor.py:161} INFO - Started process (PID=2022) to work on /opt/airflow/dags/extract_data_git_repo.py
[2026-03-28T22:11:46.623+0000] {processor.py:830} INFO - Processing file /opt/airflow/dags/extract_data_git_repo.py for tasks to queue
[2026-03-28T22:11:46.626+0000] {logging_mixin.py:188} INFO - [2026-03-28T22:11:46.626+0000] {dagbag.py:545} INFO - Filling up the DagBag from /opt/airflow/dags/extract_data_git_repo.py
[2026-03-28T22:11:46.648+0000] {processor.py:840} INFO - DAG(s) 'dag_enem_extraction' retrieved from /opt/airflow/dags/extract_data_git_repo.py
[2026-03-28T22:11:46.691+0000] {logging_mixin.py:188} INFO - [2026-03-28T22:11:46.690+0000] {dag.py:3096} INFO - Sync 1 DAGs
[2026-03-28T22:11:46.707+0000] {logging_mixin.py:188} INFO - [2026-03-28T22:11:46.706+0000] {dag.py:3954} INFO - Setting next_dagrun for dag_enem_extraction to None, run_after=None
[2026-03-28T22:11:46.732+0000] {processor.py:183} INFO - Processing /opt/airflow/dags/extract_data_git_repo.py took 0.120 seconds
