[2026-03-28T18:11:35.498+0000] {processor.py:161} INFO - Started process (PID=360) to work on /opt/airflow/dags/filter_questions.py
[2026-03-28T18:11:35.502+0000] {processor.py:830} INFO - Processing file /opt/airflow/dags/filter_questions.py for tasks to queue
[2026-03-28T18:11:35.515+0000] {logging_mixin.py:188} INFO - [2026-03-28T18:11:35.513+0000] {dagbag.py:545} INFO - Filling up the DagBag from /opt/airflow/dags/filter_questions.py
[2026-03-28T18:11:35.559+0000] {logging_mixin.py:188} INFO - [2026-03-28T18:11:35.545+0000] {dagbag.py:355} ERROR - Failed to import: /opt/airflow/dags/filter_questions.py
Traceback (most recent call last):
  File "/home/airflow/.local/lib/python3.12/site-packages/airflow/models/dagbag.py", line 351, in parse
    loader.exec_module(new_module)
  File "<frozen importlib._bootstrap_external>", line 995, in exec_module
  File "<frozen importlib._bootstrap>", line 488, in _call_with_frames_removed
  File "/opt/airflow/dags/filter_questions.py", line 27, in <module>
    tas
NameError: name 'tas' is not defined
[2026-03-28T18:11:35.561+0000] {processor.py:842} WARNING - No viable dags retrieved from /opt/airflow/dags/filter_questions.py
[2026-03-28T18:11:35.680+0000] {processor.py:183} INFO - Processing /opt/airflow/dags/filter_questions.py took 0.223 seconds
[2026-03-28T18:11:58.019+0000] {processor.py:161} INFO - Started process (PID=375) to work on /opt/airflow/dags/filter_questions.py
[2026-03-28T18:11:58.021+0000] {processor.py:830} INFO - Processing file /opt/airflow/dags/filter_questions.py for tasks to queue
[2026-03-28T18:11:58.024+0000] {logging_mixin.py:188} INFO - [2026-03-28T18:11:58.024+0000] {dagbag.py:545} INFO - Filling up the DagBag from /opt/airflow/dags/filter_questions.py
[2026-03-28T18:11:58.035+0000] {logging_mixin.py:188} INFO - [2026-03-28T18:11:58.033+0000] {dagbag.py:355} ERROR - Failed to import: /opt/airflow/dags/filter_questions.py
Traceback (most recent call last):
  File "/home/airflow/.local/lib/python3.12/site-packages/airflow/models/dagbag.py", line 351, in parse
    loader.exec_module(new_module)
  File "<frozen importlib._bootstrap_external>", line 995, in exec_module
  File "<frozen importlib._bootstrap>", line 488, in _call_with_frames_removed
  File "/opt/airflow/dags/filter_questions.py", line 27, in <module>
    tas
NameError: name 'tas' is not defined
[2026-03-28T18:11:58.037+0000] {processor.py:842} WARNING - No viable dags retrieved from /opt/airflow/dags/filter_questions.py
[2026-03-28T18:11:58.084+0000] {processor.py:183} INFO - Processing /opt/airflow/dags/filter_questions.py took 0.076 seconds
[2026-03-28T18:12:28.458+0000] {processor.py:161} INFO - Started process (PID=390) to work on /opt/airflow/dags/filter_questions.py
[2026-03-28T18:12:28.459+0000] {processor.py:830} INFO - Processing file /opt/airflow/dags/filter_questions.py for tasks to queue
[2026-03-28T18:12:28.461+0000] {logging_mixin.py:188} INFO - [2026-03-28T18:12:28.461+0000] {dagbag.py:545} INFO - Filling up the DagBag from /opt/airflow/dags/filter_questions.py
[2026-03-28T18:12:28.473+0000] {logging_mixin.py:188} INFO - [2026-03-28T18:12:28.471+0000] {dagbag.py:355} ERROR - Failed to import: /opt/airflow/dags/filter_questions.py
Traceback (most recent call last):
  File "/home/airflow/.local/lib/python3.12/site-packages/airflow/models/dagbag.py", line 351, in parse
    loader.exec_module(new_module)
  File "<frozen importlib._bootstrap_external>", line 995, in exec_module
  File "<frozen importlib._bootstrap>", line 488, in _call_with_frames_removed
  File "/opt/airflow/dags/filter_questions.py", line 27, in <module>
    tas
NameError: name 'tas' is not defined
[2026-03-28T18:12:28.474+0000] {processor.py:842} WARNING - No viable dags retrieved from /opt/airflow/dags/filter_questions.py
[2026-03-28T18:12:28.505+0000] {processor.py:183} INFO - Processing /opt/airflow/dags/filter_questions.py took 0.055 seconds
[2026-03-28T18:12:58.885+0000] {processor.py:161} INFO - Started process (PID=405) to work on /opt/airflow/dags/filter_questions.py
[2026-03-28T18:12:58.886+0000] {processor.py:830} INFO - Processing file /opt/airflow/dags/filter_questions.py for tasks to queue
[2026-03-28T18:12:58.889+0000] {logging_mixin.py:188} INFO - [2026-03-28T18:12:58.889+0000] {dagbag.py:545} INFO - Filling up the DagBag from /opt/airflow/dags/filter_questions.py
[2026-03-28T18:12:58.897+0000] {logging_mixin.py:188} INFO - [2026-03-28T18:12:58.895+0000] {dagbag.py:355} ERROR - Failed to import: /opt/airflow/dags/filter_questions.py
Traceback (most recent call last):
  File "/home/airflow/.local/lib/python3.12/site-packages/airflow/models/dagbag.py", line 351, in parse
    loader.exec_module(new_module)
  File "<frozen importlib._bootstrap_external>", line 995, in exec_module
  File "<frozen importlib._bootstrap>", line 488, in _call_with_frames_removed
  File "/opt/airflow/dags/filter_questions.py", line 27, in <module>
    tas
NameError: name 'tas' is not defined
[2026-03-28T18:12:58.898+0000] {processor.py:842} WARNING - No viable dags retrieved from /opt/airflow/dags/filter_questions.py
[2026-03-28T18:12:58.926+0000] {processor.py:183} INFO - Processing /opt/airflow/dags/filter_questions.py took 0.050 seconds
[2026-03-28T18:13:29.320+0000] {processor.py:161} INFO - Started process (PID=420) to work on /opt/airflow/dags/filter_questions.py
[2026-03-28T18:13:29.327+0000] {processor.py:830} INFO - Processing file /opt/airflow/dags/filter_questions.py for tasks to queue
[2026-03-28T18:13:29.330+0000] {logging_mixin.py:188} INFO - [2026-03-28T18:13:29.330+0000] {dagbag.py:545} INFO - Filling up the DagBag from /opt/airflow/dags/filter_questions.py
[2026-03-28T18:13:29.339+0000] {logging_mixin.py:188} INFO - [2026-03-28T18:13:29.337+0000] {dagbag.py:355} ERROR - Failed to import: /opt/airflow/dags/filter_questions.py
Traceback (most recent call last):
  File "/home/airflow/.local/lib/python3.12/site-packages/airflow/models/dagbag.py", line 351, in parse
    loader.exec_module(new_module)
  File "<frozen importlib._bootstrap_external>", line 995, in exec_module
  File "<frozen importlib._bootstrap>", line 488, in _call_with_frames_removed
  File "/opt/airflow/dags/filter_questions.py", line 27, in <module>
    tas
NameError: name 'tas' is not defined
[2026-03-28T18:13:29.341+0000] {processor.py:842} WARNING - No viable dags retrieved from /opt/airflow/dags/filter_questions.py
[2026-03-28T18:13:29.370+0000] {processor.py:183} INFO - Processing /opt/airflow/dags/filter_questions.py took 0.059 seconds
[2026-03-28T18:13:59.749+0000] {processor.py:161} INFO - Started process (PID=435) to work on /opt/airflow/dags/filter_questions.py
[2026-03-28T18:13:59.750+0000] {processor.py:830} INFO - Processing file /opt/airflow/dags/filter_questions.py for tasks to queue
[2026-03-28T18:13:59.752+0000] {logging_mixin.py:188} INFO - [2026-03-28T18:13:59.752+0000] {dagbag.py:545} INFO - Filling up the DagBag from /opt/airflow/dags/filter_questions.py
[2026-03-28T18:13:59.761+0000] {logging_mixin.py:188} INFO - [2026-03-28T18:13:59.759+0000] {dagbag.py:355} ERROR - Failed to import: /opt/airflow/dags/filter_questions.py
Traceback (most recent call last):
  File "/home/airflow/.local/lib/python3.12/site-packages/airflow/models/dagbag.py", line 351, in parse
    loader.exec_module(new_module)
  File "<frozen importlib._bootstrap_external>", line 995, in exec_module
  File "<frozen importlib._bootstrap>", line 488, in _call_with_frames_removed
  File "/opt/airflow/dags/filter_questions.py", line 27, in <module>
    tas
NameError: name 'tas' is not defined
[2026-03-28T18:13:59.762+0000] {processor.py:842} WARNING - No viable dags retrieved from /opt/airflow/dags/filter_questions.py
[2026-03-28T18:13:59.790+0000] {processor.py:183} INFO - Processing /opt/airflow/dags/filter_questions.py took 0.048 seconds
[2026-03-28T18:14:30.208+0000] {processor.py:161} INFO - Started process (PID=450) to work on /opt/airflow/dags/filter_questions.py
[2026-03-28T18:14:30.210+0000] {processor.py:830} INFO - Processing file /opt/airflow/dags/filter_questions.py for tasks to queue
[2026-03-28T18:14:30.212+0000] {logging_mixin.py:188} INFO - [2026-03-28T18:14:30.212+0000] {dagbag.py:545} INFO - Filling up the DagBag from /opt/airflow/dags/filter_questions.py
[2026-03-28T18:14:30.221+0000] {logging_mixin.py:188} INFO - [2026-03-28T18:14:30.219+0000] {dagbag.py:355} ERROR - Failed to import: /opt/airflow/dags/filter_questions.py
Traceback (most recent call last):
  File "/home/airflow/.local/lib/python3.12/site-packages/airflow/models/dagbag.py", line 351, in parse
    loader.exec_module(new_module)
  File "<frozen importlib._bootstrap_external>", line 995, in exec_module
  File "<frozen importlib._bootstrap>", line 488, in _call_with_frames_removed
  File "/opt/airflow/dags/filter_questions.py", line 27, in <module>
    tas
NameError: name 'tas' is not defined
[2026-03-28T18:14:30.222+0000] {processor.py:842} WARNING - No viable dags retrieved from /opt/airflow/dags/filter_questions.py
[2026-03-28T18:14:30.259+0000] {processor.py:183} INFO - Processing /opt/airflow/dags/filter_questions.py took 0.059 seconds
[2026-03-28T18:15:00.742+0000] {processor.py:161} INFO - Started process (PID=465) to work on /opt/airflow/dags/filter_questions.py
[2026-03-28T18:15:00.743+0000] {processor.py:830} INFO - Processing file /opt/airflow/dags/filter_questions.py for tasks to queue
[2026-03-28T18:15:00.748+0000] {logging_mixin.py:188} INFO - [2026-03-28T18:15:00.745+0000] {dagbag.py:545} INFO - Filling up the DagBag from /opt/airflow/dags/filter_questions.py
[2026-03-28T18:15:00.756+0000] {logging_mixin.py:188} INFO - [2026-03-28T18:15:00.754+0000] {dagbag.py:355} ERROR - Failed to import: /opt/airflow/dags/filter_questions.py
Traceback (most recent call last):
  File "/home/airflow/.local/lib/python3.12/site-packages/airflow/models/dagbag.py", line 351, in parse
    loader.exec_module(new_module)
  File "<frozen importlib._bootstrap_external>", line 995, in exec_module
  File "<frozen importlib._bootstrap>", line 488, in _call_with_frames_removed
  File "/opt/airflow/dags/filter_questions.py", line 27, in <module>
    tas
NameError: name 'tas' is not defined
[2026-03-28T18:15:00.757+0000] {processor.py:842} WARNING - No viable dags retrieved from /opt/airflow/dags/filter_questions.py
[2026-03-28T18:15:00.788+0000] {processor.py:183} INFO - Processing /opt/airflow/dags/filter_questions.py took 0.054 seconds
[2026-03-28T18:15:31.435+0000] {processor.py:161} INFO - Started process (PID=480) to work on /opt/airflow/dags/filter_questions.py
[2026-03-28T18:15:31.454+0000] {processor.py:830} INFO - Processing file /opt/airflow/dags/filter_questions.py for tasks to queue
[2026-03-28T18:15:31.490+0000] {logging_mixin.py:188} INFO - [2026-03-28T18:15:31.486+0000] {dagbag.py:545} INFO - Filling up the DagBag from /opt/airflow/dags/filter_questions.py
[2026-03-28T18:15:31.592+0000] {logging_mixin.py:188} INFO - [2026-03-28T18:15:31.576+0000] {dagbag.py:355} ERROR - Failed to import: /opt/airflow/dags/filter_questions.py
Traceback (most recent call last):
  File "/home/airflow/.local/lib/python3.12/site-packages/airflow/models/dagbag.py", line 351, in parse
    loader.exec_module(new_module)
  File "<frozen importlib._bootstrap_external>", line 995, in exec_module
  File "<frozen importlib._bootstrap>", line 488, in _call_with_frames_removed
  File "/opt/airflow/dags/filter_questions.py", line 27, in <module>
    tas
NameError: name 'tas' is not defined
[2026-03-28T18:15:31.594+0000] {processor.py:842} WARNING - No viable dags retrieved from /opt/airflow/dags/filter_questions.py
[2026-03-28T18:15:31.801+0000] {processor.py:183} INFO - Processing /opt/airflow/dags/filter_questions.py took 0.468 seconds
[2026-03-28T18:15:37.006+0000] {processor.py:161} INFO - Started process (PID=485) to work on /opt/airflow/dags/filter_questions.py
[2026-03-28T18:15:37.018+0000] {processor.py:830} INFO - Processing file /opt/airflow/dags/filter_questions.py for tasks to queue
[2026-03-28T18:15:37.035+0000] {logging_mixin.py:188} INFO - [2026-03-28T18:15:37.033+0000] {dagbag.py:545} INFO - Filling up the DagBag from /opt/airflow/dags/filter_questions.py
[2026-03-28T18:15:37.162+0000] {processor.py:840} INFO - DAG(s) 'dag_filter_questions' retrieved from /opt/airflow/dags/filter_questions.py
[2026-03-28T18:15:38.692+0000] {logging_mixin.py:188} INFO - [2026-03-28T18:15:38.690+0000] {override.py:1829} INFO - Created Permission View: can delete on DAG:dag_filter_questions
[2026-03-28T18:15:38.717+0000] {logging_mixin.py:188} INFO - [2026-03-28T18:15:38.717+0000] {override.py:1829} INFO - Created Permission View: can edit on DAG:dag_filter_questions
[2026-03-28T18:15:38.729+0000] {logging_mixin.py:188} INFO - [2026-03-28T18:15:38.728+0000] {override.py:1829} INFO - Created Permission View: can read on DAG:dag_filter_questions
[2026-03-28T18:15:38.732+0000] {logging_mixin.py:188} INFO - [2026-03-28T18:15:38.732+0000] {dag.py:3096} INFO - Sync 1 DAGs
[2026-03-28T18:15:38.808+0000] {logging_mixin.py:188} INFO - [2026-03-28T18:15:38.807+0000] {dag.py:3118} INFO - Creating ORM DAG for dag_filter_questions
[2026-03-28T18:15:38.812+0000] {logging_mixin.py:188} INFO - [2026-03-28T18:15:38.811+0000] {dag.py:3954} INFO - Setting next_dagrun for dag_filter_questions to None, run_after=None
[2026-03-28T18:15:38.871+0000] {processor.py:183} INFO - Processing /opt/airflow/dags/filter_questions.py took 1.926 seconds
[2026-03-28T18:15:49.006+0000] {processor.py:161} INFO - Started process (PID=490) to work on /opt/airflow/dags/filter_questions.py
[2026-03-28T18:15:49.012+0000] {processor.py:830} INFO - Processing file /opt/airflow/dags/filter_questions.py for tasks to queue
[2026-03-28T18:15:49.021+0000] {logging_mixin.py:188} INFO - [2026-03-28T18:15:49.020+0000] {dagbag.py:545} INFO - Filling up the DagBag from /opt/airflow/dags/filter_questions.py
[2026-03-28T18:15:49.040+0000] {processor.py:840} INFO - DAG(s) 'dag_filter_questions' retrieved from /opt/airflow/dags/filter_questions.py
[2026-03-28T18:15:49.134+0000] {logging_mixin.py:188} INFO - [2026-03-28T18:15:49.133+0000] {dag.py:3096} INFO - Sync 1 DAGs
[2026-03-28T18:15:49.190+0000] {logging_mixin.py:188} INFO - [2026-03-28T18:15:49.189+0000] {dag.py:3954} INFO - Setting next_dagrun for dag_filter_questions to None, run_after=None
[2026-03-28T18:15:49.252+0000] {processor.py:183} INFO - Processing /opt/airflow/dags/filter_questions.py took 0.266 seconds
[2026-03-28T18:15:55.301+0000] {processor.py:161} INFO - Started process (PID=505) to work on /opt/airflow/dags/filter_questions.py
[2026-03-28T18:15:55.302+0000] {processor.py:830} INFO - Processing file /opt/airflow/dags/filter_questions.py for tasks to queue
[2026-03-28T18:15:55.304+0000] {logging_mixin.py:188} INFO - [2026-03-28T18:15:55.304+0000] {dagbag.py:545} INFO - Filling up the DagBag from /opt/airflow/dags/filter_questions.py
[2026-03-28T18:15:55.311+0000] {logging_mixin.py:188} INFO - [2026-03-28T18:15:55.308+0000] {dagbag.py:355} ERROR - Failed to import: /opt/airflow/dags/filter_questions.py
Traceback (most recent call last):
  File "/home/airflow/.local/lib/python3.12/site-packages/airflow/models/dagbag.py", line 351, in parse
    loader.exec_module(new_module)
  File "<frozen importlib._bootstrap_external>", line 991, in exec_module
  File "<frozen importlib._bootstrap_external>", line 1129, in get_code
  File "<frozen importlib._bootstrap_external>", line 1059, in source_to_code
  File "<frozen importlib._bootstrap>", line 488, in _call_with_frames_removed
  File "/opt/airflow/dags/filter_questions.py", line 30
    )
    ^
SyntaxError: invalid syntax
[2026-03-28T18:15:55.311+0000] {processor.py:842} WARNING - No viable dags retrieved from /opt/airflow/dags/filter_questions.py
[2026-03-28T18:15:55.347+0000] {processor.py:183} INFO - Processing /opt/airflow/dags/filter_questions.py took 0.058 seconds
[2026-03-28T18:16:05.423+0000] {processor.py:161} INFO - Started process (PID=510) to work on /opt/airflow/dags/filter_questions.py
[2026-03-28T18:16:05.430+0000] {processor.py:830} INFO - Processing file /opt/airflow/dags/filter_questions.py for tasks to queue
[2026-03-28T18:16:05.442+0000] {logging_mixin.py:188} INFO - [2026-03-28T18:16:05.440+0000] {dagbag.py:545} INFO - Filling up the DagBag from /opt/airflow/dags/filter_questions.py
[2026-03-28T18:16:05.458+0000] {logging_mixin.py:188} INFO - [2026-03-28T18:16:05.452+0000] {dagbag.py:355} ERROR - Failed to import: /opt/airflow/dags/filter_questions.py
Traceback (most recent call last):
  File "/home/airflow/.local/lib/python3.12/site-packages/airflow/models/dagbag.py", line 351, in parse
    loader.exec_module(new_module)
  File "<frozen importlib._bootstrap_external>", line 991, in exec_module
  File "<frozen importlib._bootstrap_external>", line 1129, in get_code
  File "<frozen importlib._bootstrap_external>", line 1059, in source_to_code
  File "<frozen importlib._bootstrap>", line 488, in _call_with_frames_removed
  File "/opt/airflow/dags/filter_questions.py", line 30
    )
    ^
SyntaxError: invalid syntax
[2026-03-28T18:16:05.459+0000] {processor.py:842} WARNING - No viable dags retrieved from /opt/airflow/dags/filter_questions.py
[2026-03-28T18:16:05.523+0000] {processor.py:183} INFO - Processing /opt/airflow/dags/filter_questions.py took 0.142 seconds
[2026-03-28T18:16:35.877+0000] {processor.py:161} INFO - Started process (PID=525) to work on /opt/airflow/dags/filter_questions.py
[2026-03-28T18:16:35.878+0000] {processor.py:830} INFO - Processing file /opt/airflow/dags/filter_questions.py for tasks to queue
[2026-03-28T18:16:35.882+0000] {logging_mixin.py:188} INFO - [2026-03-28T18:16:35.882+0000] {dagbag.py:545} INFO - Filling up the DagBag from /opt/airflow/dags/filter_questions.py
[2026-03-28T18:16:35.888+0000] {logging_mixin.py:188} INFO - [2026-03-28T18:16:35.885+0000] {dagbag.py:355} ERROR - Failed to import: /opt/airflow/dags/filter_questions.py
Traceback (most recent call last):
  File "/home/airflow/.local/lib/python3.12/site-packages/airflow/models/dagbag.py", line 351, in parse
    loader.exec_module(new_module)
  File "<frozen importlib._bootstrap_external>", line 991, in exec_module
  File "<frozen importlib._bootstrap_external>", line 1129, in get_code
  File "<frozen importlib._bootstrap_external>", line 1059, in source_to_code
  File "<frozen importlib._bootstrap>", line 488, in _call_with_frames_removed
  File "/opt/airflow/dags/filter_questions.py", line 30
    )
    ^
SyntaxError: invalid syntax
[2026-03-28T18:16:35.889+0000] {processor.py:842} WARNING - No viable dags retrieved from /opt/airflow/dags/filter_questions.py
[2026-03-28T18:16:35.925+0000] {processor.py:183} INFO - Processing /opt/airflow/dags/filter_questions.py took 0.056 seconds
[2026-03-28T18:17:06.413+0000] {processor.py:161} INFO - Started process (PID=540) to work on /opt/airflow/dags/filter_questions.py
[2026-03-28T18:17:06.447+0000] {processor.py:830} INFO - Processing file /opt/airflow/dags/filter_questions.py for tasks to queue
[2026-03-28T18:17:06.467+0000] {logging_mixin.py:188} INFO - [2026-03-28T18:17:06.464+0000] {dagbag.py:545} INFO - Filling up the DagBag from /opt/airflow/dags/filter_questions.py
[2026-03-28T18:17:06.491+0000] {logging_mixin.py:188} INFO - [2026-03-28T18:17:06.484+0000] {dagbag.py:355} ERROR - Failed to import: /opt/airflow/dags/filter_questions.py
Traceback (most recent call last):
  File "/home/airflow/.local/lib/python3.12/site-packages/airflow/models/dagbag.py", line 351, in parse
    loader.exec_module(new_module)
  File "<frozen importlib._bootstrap_external>", line 991, in exec_module
  File "<frozen importlib._bootstrap_external>", line 1129, in get_code
  File "<frozen importlib._bootstrap_external>", line 1059, in source_to_code
  File "<frozen importlib._bootstrap>", line 488, in _call_with_frames_removed
  File "/opt/airflow/dags/filter_questions.py", line 30
    )
    ^
SyntaxError: invalid syntax
[2026-03-28T18:17:06.492+0000] {processor.py:842} WARNING - No viable dags retrieved from /opt/airflow/dags/filter_questions.py
[2026-03-28T18:17:06.630+0000] {processor.py:183} INFO - Processing /opt/airflow/dags/filter_questions.py took 0.278 seconds
[2026-03-28T18:17:36.801+0000] {processor.py:161} INFO - Started process (PID=555) to work on /opt/airflow/dags/filter_questions.py
[2026-03-28T18:17:36.807+0000] {processor.py:830} INFO - Processing file /opt/airflow/dags/filter_questions.py for tasks to queue
[2026-03-28T18:17:36.817+0000] {logging_mixin.py:188} INFO - [2026-03-28T18:17:36.815+0000] {dagbag.py:545} INFO - Filling up the DagBag from /opt/airflow/dags/filter_questions.py
[2026-03-28T18:17:36.827+0000] {logging_mixin.py:188} INFO - [2026-03-28T18:17:36.823+0000] {dagbag.py:355} ERROR - Failed to import: /opt/airflow/dags/filter_questions.py
Traceback (most recent call last):
  File "/home/airflow/.local/lib/python3.12/site-packages/airflow/models/dagbag.py", line 351, in parse
    loader.exec_module(new_module)
  File "<frozen importlib._bootstrap_external>", line 991, in exec_module
  File "<frozen importlib._bootstrap_external>", line 1129, in get_code
  File "<frozen importlib._bootstrap_external>", line 1059, in source_to_code
  File "<frozen importlib._bootstrap>", line 488, in _call_with_frames_removed
  File "/opt/airflow/dags/filter_questions.py", line 30
    )
    ^
SyntaxError: invalid syntax
[2026-03-28T18:17:36.828+0000] {processor.py:842} WARNING - No viable dags retrieved from /opt/airflow/dags/filter_questions.py
[2026-03-28T18:17:36.893+0000] {processor.py:183} INFO - Processing /opt/airflow/dags/filter_questions.py took 0.117 seconds
[2026-03-28T18:18:07.243+0000] {processor.py:161} INFO - Started process (PID=570) to work on /opt/airflow/dags/filter_questions.py
[2026-03-28T18:18:07.245+0000] {processor.py:830} INFO - Processing file /opt/airflow/dags/filter_questions.py for tasks to queue
[2026-03-28T18:18:07.246+0000] {logging_mixin.py:188} INFO - [2026-03-28T18:18:07.245+0000] {dagbag.py:545} INFO - Filling up the DagBag from /opt/airflow/dags/filter_questions.py
[2026-03-28T18:18:07.251+0000] {logging_mixin.py:188} INFO - [2026-03-28T18:18:07.249+0000] {dagbag.py:355} ERROR - Failed to import: /opt/airflow/dags/filter_questions.py
Traceback (most recent call last):
  File "/home/airflow/.local/lib/python3.12/site-packages/airflow/models/dagbag.py", line 351, in parse
    loader.exec_module(new_module)
  File "<frozen importlib._bootstrap_external>", line 991, in exec_module
  File "<frozen importlib._bootstrap_external>", line 1129, in get_code
  File "<frozen importlib._bootstrap_external>", line 1059, in source_to_code
  File "<frozen importlib._bootstrap>", line 488, in _call_with_frames_removed
  File "/opt/airflow/dags/filter_questions.py", line 30
    )
    ^
SyntaxError: invalid syntax
[2026-03-28T18:18:07.252+0000] {processor.py:842} WARNING - No viable dags retrieved from /opt/airflow/dags/filter_questions.py
[2026-03-28T18:18:07.277+0000] {processor.py:183} INFO - Processing /opt/airflow/dags/filter_questions.py took 0.042 seconds
[2026-03-28T18:18:37.687+0000] {processor.py:161} INFO - Started process (PID=585) to work on /opt/airflow/dags/filter_questions.py
[2026-03-28T18:18:37.689+0000] {processor.py:830} INFO - Processing file /opt/airflow/dags/filter_questions.py for tasks to queue
[2026-03-28T18:18:37.690+0000] {logging_mixin.py:188} INFO - [2026-03-28T18:18:37.690+0000] {dagbag.py:545} INFO - Filling up the DagBag from /opt/airflow/dags/filter_questions.py
[2026-03-28T18:18:37.694+0000] {logging_mixin.py:188} INFO - [2026-03-28T18:18:37.693+0000] {dagbag.py:355} ERROR - Failed to import: /opt/airflow/dags/filter_questions.py
Traceback (most recent call last):
  File "/home/airflow/.local/lib/python3.12/site-packages/airflow/models/dagbag.py", line 351, in parse
    loader.exec_module(new_module)
  File "<frozen importlib._bootstrap_external>", line 991, in exec_module
  File "<frozen importlib._bootstrap_external>", line 1129, in get_code
  File "<frozen importlib._bootstrap_external>", line 1059, in source_to_code
  File "<frozen importlib._bootstrap>", line 488, in _call_with_frames_removed
  File "/opt/airflow/dags/filter_questions.py", line 30
    )
    ^
SyntaxError: invalid syntax
[2026-03-28T18:18:37.695+0000] {processor.py:842} WARNING - No viable dags retrieved from /opt/airflow/dags/filter_questions.py
[2026-03-28T18:18:37.736+0000] {processor.py:183} INFO - Processing /opt/airflow/dags/filter_questions.py took 0.058 seconds
[2026-03-28T18:19:08.175+0000] {processor.py:161} INFO - Started process (PID=600) to work on /opt/airflow/dags/filter_questions.py
[2026-03-28T18:19:08.176+0000] {processor.py:830} INFO - Processing file /opt/airflow/dags/filter_questions.py for tasks to queue
[2026-03-28T18:19:08.179+0000] {logging_mixin.py:188} INFO - [2026-03-28T18:19:08.178+0000] {dagbag.py:545} INFO - Filling up the DagBag from /opt/airflow/dags/filter_questions.py
[2026-03-28T18:19:08.186+0000] {logging_mixin.py:188} INFO - [2026-03-28T18:19:08.183+0000] {dagbag.py:355} ERROR - Failed to import: /opt/airflow/dags/filter_questions.py
Traceback (most recent call last):
  File "/home/airflow/.local/lib/python3.12/site-packages/airflow/models/dagbag.py", line 351, in parse
    loader.exec_module(new_module)
  File "<frozen importlib._bootstrap_external>", line 991, in exec_module
  File "<frozen importlib._bootstrap_external>", line 1129, in get_code
  File "<frozen importlib._bootstrap_external>", line 1059, in source_to_code
  File "<frozen importlib._bootstrap>", line 488, in _call_with_frames_removed
  File "/opt/airflow/dags/filter_questions.py", line 30
    )
    ^
SyntaxError: invalid syntax
[2026-03-28T18:19:08.186+0000] {processor.py:842} WARNING - No viable dags retrieved from /opt/airflow/dags/filter_questions.py
[2026-03-28T18:19:08.223+0000] {processor.py:183} INFO - Processing /opt/airflow/dags/filter_questions.py took 0.057 seconds
[2026-03-28T18:19:38.641+0000] {processor.py:161} INFO - Started process (PID=615) to work on /opt/airflow/dags/filter_questions.py
[2026-03-28T18:19:38.643+0000] {processor.py:830} INFO - Processing file /opt/airflow/dags/filter_questions.py for tasks to queue
[2026-03-28T18:19:38.644+0000] {logging_mixin.py:188} INFO - [2026-03-28T18:19:38.643+0000] {dagbag.py:545} INFO - Filling up the DagBag from /opt/airflow/dags/filter_questions.py
[2026-03-28T18:19:38.648+0000] {logging_mixin.py:188} INFO - [2026-03-28T18:19:38.647+0000] {dagbag.py:355} ERROR - Failed to import: /opt/airflow/dags/filter_questions.py
Traceback (most recent call last):
  File "/home/airflow/.local/lib/python3.12/site-packages/airflow/models/dagbag.py", line 351, in parse
    loader.exec_module(new_module)
  File "<frozen importlib._bootstrap_external>", line 991, in exec_module
  File "<frozen importlib._bootstrap_external>", line 1129, in get_code
  File "<frozen importlib._bootstrap_external>", line 1059, in source_to_code
  File "<frozen importlib._bootstrap>", line 488, in _call_with_frames_removed
  File "/opt/airflow/dags/filter_questions.py", line 30
    )
    ^
SyntaxError: invalid syntax
[2026-03-28T18:19:38.648+0000] {processor.py:842} WARNING - No viable dags retrieved from /opt/airflow/dags/filter_questions.py
[2026-03-28T18:19:38.682+0000] {processor.py:183} INFO - Processing /opt/airflow/dags/filter_questions.py took 0.048 seconds
[2026-03-28T18:20:09.045+0000] {processor.py:161} INFO - Started process (PID=630) to work on /opt/airflow/dags/filter_questions.py
[2026-03-28T18:20:09.047+0000] {processor.py:830} INFO - Processing file /opt/airflow/dags/filter_questions.py for tasks to queue
[2026-03-28T18:20:09.048+0000] {logging_mixin.py:188} INFO - [2026-03-28T18:20:09.047+0000] {dagbag.py:545} INFO - Filling up the DagBag from /opt/airflow/dags/filter_questions.py
[2026-03-28T18:20:09.052+0000] {logging_mixin.py:188} INFO - [2026-03-28T18:20:09.051+0000] {dagbag.py:355} ERROR - Failed to import: /opt/airflow/dags/filter_questions.py
Traceback (most recent call last):
  File "/home/airflow/.local/lib/python3.12/site-packages/airflow/models/dagbag.py", line 351, in parse
    loader.exec_module(new_module)
  File "<frozen importlib._bootstrap_external>", line 991, in exec_module
  File "<frozen importlib._bootstrap_external>", line 1129, in get_code
  File "<frozen importlib._bootstrap_external>", line 1059, in source_to_code
  File "<frozen importlib._bootstrap>", line 488, in _call_with_frames_removed
  File "/opt/airflow/dags/filter_questions.py", line 30
    )
    ^
SyntaxError: invalid syntax
[2026-03-28T18:20:09.053+0000] {processor.py:842} WARNING - No viable dags retrieved from /opt/airflow/dags/filter_questions.py
[2026-03-28T18:20:09.087+0000] {processor.py:183} INFO - Processing /opt/airflow/dags/filter_questions.py took 0.052 seconds
[2026-03-28T18:20:39.485+0000] {processor.py:161} INFO - Started process (PID=645) to work on /opt/airflow/dags/filter_questions.py
[2026-03-28T18:20:39.487+0000] {processor.py:830} INFO - Processing file /opt/airflow/dags/filter_questions.py for tasks to queue
[2026-03-28T18:20:39.488+0000] {logging_mixin.py:188} INFO - [2026-03-28T18:20:39.488+0000] {dagbag.py:545} INFO - Filling up the DagBag from /opt/airflow/dags/filter_questions.py
[2026-03-28T18:20:39.496+0000] {logging_mixin.py:188} INFO - [2026-03-28T18:20:39.494+0000] {dagbag.py:355} ERROR - Failed to import: /opt/airflow/dags/filter_questions.py
Traceback (most recent call last):
  File "/home/airflow/.local/lib/python3.12/site-packages/airflow/models/dagbag.py", line 351, in parse
    loader.exec_module(new_module)
  File "<frozen importlib._bootstrap_external>", line 991, in exec_module
  File "<frozen importlib._bootstrap_external>", line 1129, in get_code
  File "<frozen importlib._bootstrap_external>", line 1059, in source_to_code
  File "<frozen importlib._bootstrap>", line 488, in _call_with_frames_removed
  File "/opt/airflow/dags/filter_questions.py", line 30
    )
    ^
SyntaxError: invalid syntax
[2026-03-28T18:20:39.497+0000] {processor.py:842} WARNING - No viable dags retrieved from /opt/airflow/dags/filter_questions.py
[2026-03-28T18:20:39.530+0000] {processor.py:183} INFO - Processing /opt/airflow/dags/filter_questions.py took 0.053 seconds
[2026-03-28T18:21:09.952+0000] {processor.py:161} INFO - Started process (PID=660) to work on /opt/airflow/dags/filter_questions.py
[2026-03-28T18:21:09.953+0000] {processor.py:830} INFO - Processing file /opt/airflow/dags/filter_questions.py for tasks to queue
[2026-03-28T18:21:09.955+0000] {logging_mixin.py:188} INFO - [2026-03-28T18:21:09.954+0000] {dagbag.py:545} INFO - Filling up the DagBag from /opt/airflow/dags/filter_questions.py
[2026-03-28T18:21:09.958+0000] {logging_mixin.py:188} INFO - [2026-03-28T18:21:09.957+0000] {dagbag.py:355} ERROR - Failed to import: /opt/airflow/dags/filter_questions.py
Traceback (most recent call last):
  File "/home/airflow/.local/lib/python3.12/site-packages/airflow/models/dagbag.py", line 351, in parse
    loader.exec_module(new_module)
  File "<frozen importlib._bootstrap_external>", line 991, in exec_module
  File "<frozen importlib._bootstrap_external>", line 1129, in get_code
  File "<frozen importlib._bootstrap_external>", line 1059, in source_to_code
  File "<frozen importlib._bootstrap>", line 488, in _call_with_frames_removed
  File "/opt/airflow/dags/filter_questions.py", line 30
    )
    ^
SyntaxError: invalid syntax
[2026-03-28T18:21:09.960+0000] {processor.py:842} WARNING - No viable dags retrieved from /opt/airflow/dags/filter_questions.py
[2026-03-28T18:21:09.988+0000] {processor.py:183} INFO - Processing /opt/airflow/dags/filter_questions.py took 0.044 seconds
[2026-03-28T18:21:40.452+0000] {processor.py:161} INFO - Started process (PID=675) to work on /opt/airflow/dags/filter_questions.py
[2026-03-28T18:21:40.454+0000] {processor.py:830} INFO - Processing file /opt/airflow/dags/filter_questions.py for tasks to queue
[2026-03-28T18:21:40.455+0000] {logging_mixin.py:188} INFO - [2026-03-28T18:21:40.454+0000] {dagbag.py:545} INFO - Filling up the DagBag from /opt/airflow/dags/filter_questions.py
[2026-03-28T18:21:40.459+0000] {logging_mixin.py:188} INFO - [2026-03-28T18:21:40.457+0000] {dagbag.py:355} ERROR - Failed to import: /opt/airflow/dags/filter_questions.py
Traceback (most recent call last):
  File "/home/airflow/.local/lib/python3.12/site-packages/airflow/models/dagbag.py", line 351, in parse
    loader.exec_module(new_module)
  File "<frozen importlib._bootstrap_external>", line 991, in exec_module
  File "<frozen importlib._bootstrap_external>", line 1129, in get_code
  File "<frozen importlib._bootstrap_external>", line 1059, in source_to_code
  File "<frozen importlib._bootstrap>", line 488, in _call_with_frames_removed
  File "/opt/airflow/dags/filter_questions.py", line 30
    )
    ^
SyntaxError: invalid syntax
[2026-03-28T18:21:40.460+0000] {processor.py:842} WARNING - No viable dags retrieved from /opt/airflow/dags/filter_questions.py
[2026-03-28T18:21:40.487+0000] {processor.py:183} INFO - Processing /opt/airflow/dags/filter_questions.py took 0.042 seconds
[2026-03-28T18:22:10.877+0000] {processor.py:161} INFO - Started process (PID=690) to work on /opt/airflow/dags/filter_questions.py
[2026-03-28T18:22:10.879+0000] {processor.py:830} INFO - Processing file /opt/airflow/dags/filter_questions.py for tasks to queue
[2026-03-28T18:22:10.880+0000] {logging_mixin.py:188} INFO - [2026-03-28T18:22:10.880+0000] {dagbag.py:545} INFO - Filling up the DagBag from /opt/airflow/dags/filter_questions.py
[2026-03-28T18:22:10.884+0000] {logging_mixin.py:188} INFO - [2026-03-28T18:22:10.882+0000] {dagbag.py:355} ERROR - Failed to import: /opt/airflow/dags/filter_questions.py
Traceback (most recent call last):
  File "/home/airflow/.local/lib/python3.12/site-packages/airflow/models/dagbag.py", line 351, in parse
    loader.exec_module(new_module)
  File "<frozen importlib._bootstrap_external>", line 991, in exec_module
  File "<frozen importlib._bootstrap_external>", line 1129, in get_code
  File "<frozen importlib._bootstrap_external>", line 1059, in source_to_code
  File "<frozen importlib._bootstrap>", line 488, in _call_with_frames_removed
  File "/opt/airflow/dags/filter_questions.py", line 30
    )
    ^
SyntaxError: invalid syntax
[2026-03-28T18:22:10.884+0000] {processor.py:842} WARNING - No viable dags retrieved from /opt/airflow/dags/filter_questions.py
[2026-03-28T18:22:10.911+0000] {processor.py:183} INFO - Processing /opt/airflow/dags/filter_questions.py took 0.047 seconds
[2026-03-28T18:22:41.324+0000] {processor.py:161} INFO - Started process (PID=705) to work on /opt/airflow/dags/filter_questions.py
[2026-03-28T18:22:41.335+0000] {processor.py:830} INFO - Processing file /opt/airflow/dags/filter_questions.py for tasks to queue
[2026-03-28T18:22:41.336+0000] {logging_mixin.py:188} INFO - [2026-03-28T18:22:41.335+0000] {dagbag.py:545} INFO - Filling up the DagBag from /opt/airflow/dags/filter_questions.py
[2026-03-28T18:22:41.341+0000] {logging_mixin.py:188} INFO - [2026-03-28T18:22:41.340+0000] {dagbag.py:355} ERROR - Failed to import: /opt/airflow/dags/filter_questions.py
Traceback (most recent call last):
  File "/home/airflow/.local/lib/python3.12/site-packages/airflow/models/dagbag.py", line 351, in parse
    loader.exec_module(new_module)
  File "<frozen importlib._bootstrap_external>", line 991, in exec_module
  File "<frozen importlib._bootstrap_external>", line 1129, in get_code
  File "<frozen importlib._bootstrap_external>", line 1059, in source_to_code
  File "<frozen importlib._bootstrap>", line 488, in _call_with_frames_removed
  File "/opt/airflow/dags/filter_questions.py", line 30
    )
    ^
SyntaxError: invalid syntax
[2026-03-28T18:22:41.342+0000] {processor.py:842} WARNING - No viable dags retrieved from /opt/airflow/dags/filter_questions.py
[2026-03-28T18:22:41.375+0000] {processor.py:183} INFO - Processing /opt/airflow/dags/filter_questions.py took 0.057 seconds
[2026-03-28T18:23:11.767+0000] {processor.py:161} INFO - Started process (PID=720) to work on /opt/airflow/dags/filter_questions.py
[2026-03-28T18:23:11.780+0000] {processor.py:830} INFO - Processing file /opt/airflow/dags/filter_questions.py for tasks to queue
[2026-03-28T18:23:11.782+0000] {logging_mixin.py:188} INFO - [2026-03-28T18:23:11.781+0000] {dagbag.py:545} INFO - Filling up the DagBag from /opt/airflow/dags/filter_questions.py
[2026-03-28T18:23:11.785+0000] {logging_mixin.py:188} INFO - [2026-03-28T18:23:11.784+0000] {dagbag.py:355} ERROR - Failed to import: /opt/airflow/dags/filter_questions.py
Traceback (most recent call last):
  File "/home/airflow/.local/lib/python3.12/site-packages/airflow/models/dagbag.py", line 351, in parse
    loader.exec_module(new_module)
  File "<frozen importlib._bootstrap_external>", line 991, in exec_module
  File "<frozen importlib._bootstrap_external>", line 1129, in get_code
  File "<frozen importlib._bootstrap_external>", line 1059, in source_to_code
  File "<frozen importlib._bootstrap>", line 488, in _call_with_frames_removed
  File "/opt/airflow/dags/filter_questions.py", line 30
    )
    ^
SyntaxError: invalid syntax
[2026-03-28T18:23:11.786+0000] {processor.py:842} WARNING - No viable dags retrieved from /opt/airflow/dags/filter_questions.py
[2026-03-28T18:23:11.814+0000] {processor.py:183} INFO - Processing /opt/airflow/dags/filter_questions.py took 0.054 seconds
[2026-03-28T18:23:42.253+0000] {processor.py:161} INFO - Started process (PID=735) to work on /opt/airflow/dags/filter_questions.py
[2026-03-28T18:23:42.257+0000] {processor.py:830} INFO - Processing file /opt/airflow/dags/filter_questions.py for tasks to queue
[2026-03-28T18:23:42.258+0000] {logging_mixin.py:188} INFO - [2026-03-28T18:23:42.258+0000] {dagbag.py:545} INFO - Filling up the DagBag from /opt/airflow/dags/filter_questions.py
[2026-03-28T18:23:42.263+0000] {logging_mixin.py:188} INFO - [2026-03-28T18:23:42.262+0000] {dagbag.py:355} ERROR - Failed to import: /opt/airflow/dags/filter_questions.py
Traceback (most recent call last):
  File "/home/airflow/.local/lib/python3.12/site-packages/airflow/models/dagbag.py", line 351, in parse
    loader.exec_module(new_module)
  File "<frozen importlib._bootstrap_external>", line 991, in exec_module
  File "<frozen importlib._bootstrap_external>", line 1129, in get_code
  File "<frozen importlib._bootstrap_external>", line 1059, in source_to_code
  File "<frozen importlib._bootstrap>", line 488, in _call_with_frames_removed
  File "/opt/airflow/dags/filter_questions.py", line 30
    )
    ^
SyntaxError: invalid syntax
[2026-03-28T18:23:42.264+0000] {processor.py:842} WARNING - No viable dags retrieved from /opt/airflow/dags/filter_questions.py
[2026-03-28T18:23:42.301+0000] {processor.py:183} INFO - Processing /opt/airflow/dags/filter_questions.py took 0.056 seconds
[2026-03-28T18:24:12.748+0000] {processor.py:161} INFO - Started process (PID=750) to work on /opt/airflow/dags/filter_questions.py
[2026-03-28T18:24:12.750+0000] {processor.py:830} INFO - Processing file /opt/airflow/dags/filter_questions.py for tasks to queue
[2026-03-28T18:24:12.751+0000] {logging_mixin.py:188} INFO - [2026-03-28T18:24:12.751+0000] {dagbag.py:545} INFO - Filling up the DagBag from /opt/airflow/dags/filter_questions.py
[2026-03-28T18:24:12.757+0000] {logging_mixin.py:188} INFO - [2026-03-28T18:24:12.754+0000] {dagbag.py:355} ERROR - Failed to import: /opt/airflow/dags/filter_questions.py
Traceback (most recent call last):
  File "/home/airflow/.local/lib/python3.12/site-packages/airflow/models/dagbag.py", line 351, in parse
    loader.exec_module(new_module)
  File "<frozen importlib._bootstrap_external>", line 991, in exec_module
  File "<frozen importlib._bootstrap_external>", line 1129, in get_code
  File "<frozen importlib._bootstrap_external>", line 1059, in source_to_code
  File "<frozen importlib._bootstrap>", line 488, in _call_with_frames_removed
  File "/opt/airflow/dags/filter_questions.py", line 30
    )
    ^
SyntaxError: invalid syntax
[2026-03-28T18:24:12.759+0000] {processor.py:842} WARNING - No viable dags retrieved from /opt/airflow/dags/filter_questions.py
[2026-03-28T18:24:12.785+0000] {processor.py:183} INFO - Processing /opt/airflow/dags/filter_questions.py took 0.044 seconds
[2026-03-28T18:24:43.211+0000] {processor.py:161} INFO - Started process (PID=765) to work on /opt/airflow/dags/filter_questions.py
[2026-03-28T18:24:43.213+0000] {processor.py:830} INFO - Processing file /opt/airflow/dags/filter_questions.py for tasks to queue
[2026-03-28T18:24:43.214+0000] {logging_mixin.py:188} INFO - [2026-03-28T18:24:43.213+0000] {dagbag.py:545} INFO - Filling up the DagBag from /opt/airflow/dags/filter_questions.py
[2026-03-28T18:24:43.218+0000] {logging_mixin.py:188} INFO - [2026-03-28T18:24:43.217+0000] {dagbag.py:355} ERROR - Failed to import: /opt/airflow/dags/filter_questions.py
Traceback (most recent call last):
  File "/home/airflow/.local/lib/python3.12/site-packages/airflow/models/dagbag.py", line 351, in parse
    loader.exec_module(new_module)
  File "<frozen importlib._bootstrap_external>", line 991, in exec_module
  File "<frozen importlib._bootstrap_external>", line 1129, in get_code
  File "<frozen importlib._bootstrap_external>", line 1059, in source_to_code
  File "<frozen importlib._bootstrap>", line 488, in _call_with_frames_removed
  File "/opt/airflow/dags/filter_questions.py", line 30
    )
    ^
SyntaxError: invalid syntax
[2026-03-28T18:24:43.219+0000] {processor.py:842} WARNING - No viable dags retrieved from /opt/airflow/dags/filter_questions.py
[2026-03-28T18:24:43.253+0000] {processor.py:183} INFO - Processing /opt/airflow/dags/filter_questions.py took 0.052 seconds
[2026-03-28T18:25:13.650+0000] {processor.py:161} INFO - Started process (PID=780) to work on /opt/airflow/dags/filter_questions.py
[2026-03-28T18:25:13.652+0000] {processor.py:830} INFO - Processing file /opt/airflow/dags/filter_questions.py for tasks to queue
[2026-03-28T18:25:13.653+0000] {logging_mixin.py:188} INFO - [2026-03-28T18:25:13.653+0000] {dagbag.py:545} INFO - Filling up the DagBag from /opt/airflow/dags/filter_questions.py
[2026-03-28T18:25:13.658+0000] {logging_mixin.py:188} INFO - [2026-03-28T18:25:13.657+0000] {dagbag.py:355} ERROR - Failed to import: /opt/airflow/dags/filter_questions.py
Traceback (most recent call last):
  File "/home/airflow/.local/lib/python3.12/site-packages/airflow/models/dagbag.py", line 351, in parse
    loader.exec_module(new_module)
  File "<frozen importlib._bootstrap_external>", line 991, in exec_module
  File "<frozen importlib._bootstrap_external>", line 1129, in get_code
  File "<frozen importlib._bootstrap_external>", line 1059, in source_to_code
  File "<frozen importlib._bootstrap>", line 488, in _call_with_frames_removed
  File "/opt/airflow/dags/filter_questions.py", line 30
    )
    ^
SyntaxError: invalid syntax
[2026-03-28T18:25:13.661+0000] {processor.py:842} WARNING - No viable dags retrieved from /opt/airflow/dags/filter_questions.py
[2026-03-28T18:25:13.705+0000] {processor.py:183} INFO - Processing /opt/airflow/dags/filter_questions.py took 0.064 seconds
[2026-03-28T18:25:44.110+0000] {processor.py:161} INFO - Started process (PID=795) to work on /opt/airflow/dags/filter_questions.py
[2026-03-28T18:25:44.112+0000] {processor.py:830} INFO - Processing file /opt/airflow/dags/filter_questions.py for tasks to queue
[2026-03-28T18:25:44.113+0000] {logging_mixin.py:188} INFO - [2026-03-28T18:25:44.112+0000] {dagbag.py:545} INFO - Filling up the DagBag from /opt/airflow/dags/filter_questions.py
[2026-03-28T18:25:44.118+0000] {logging_mixin.py:188} INFO - [2026-03-28T18:25:44.116+0000] {dagbag.py:355} ERROR - Failed to import: /opt/airflow/dags/filter_questions.py
Traceback (most recent call last):
  File "/home/airflow/.local/lib/python3.12/site-packages/airflow/models/dagbag.py", line 351, in parse
    loader.exec_module(new_module)
  File "<frozen importlib._bootstrap_external>", line 991, in exec_module
  File "<frozen importlib._bootstrap_external>", line 1129, in get_code
  File "<frozen importlib._bootstrap_external>", line 1059, in source_to_code
  File "<frozen importlib._bootstrap>", line 488, in _call_with_frames_removed
  File "/opt/airflow/dags/filter_questions.py", line 30
    )
    ^
SyntaxError: invalid syntax
[2026-03-28T18:25:44.118+0000] {processor.py:842} WARNING - No viable dags retrieved from /opt/airflow/dags/filter_questions.py
[2026-03-28T18:25:44.145+0000] {processor.py:183} INFO - Processing /opt/airflow/dags/filter_questions.py took 0.043 seconds
[2026-03-28T18:26:14.486+0000] {processor.py:161} INFO - Started process (PID=810) to work on /opt/airflow/dags/filter_questions.py
[2026-03-28T18:26:14.487+0000] {processor.py:830} INFO - Processing file /opt/airflow/dags/filter_questions.py for tasks to queue
[2026-03-28T18:26:14.488+0000] {logging_mixin.py:188} INFO - [2026-03-28T18:26:14.488+0000] {dagbag.py:545} INFO - Filling up the DagBag from /opt/airflow/dags/filter_questions.py
[2026-03-28T18:26:14.493+0000] {logging_mixin.py:188} INFO - [2026-03-28T18:26:14.491+0000] {dagbag.py:355} ERROR - Failed to import: /opt/airflow/dags/filter_questions.py
Traceback (most recent call last):
  File "/home/airflow/.local/lib/python3.12/site-packages/airflow/models/dagbag.py", line 351, in parse
    loader.exec_module(new_module)
  File "<frozen importlib._bootstrap_external>", line 991, in exec_module
  File "<frozen importlib._bootstrap_external>", line 1129, in get_code
  File "<frozen importlib._bootstrap_external>", line 1059, in source_to_code
  File "<frozen importlib._bootstrap>", line 488, in _call_with_frames_removed
  File "/opt/airflow/dags/filter_questions.py", line 30
    )
    ^
SyntaxError: invalid syntax
[2026-03-28T18:26:14.493+0000] {processor.py:842} WARNING - No viable dags retrieved from /opt/airflow/dags/filter_questions.py
[2026-03-28T18:26:14.523+0000] {processor.py:183} INFO - Processing /opt/airflow/dags/filter_questions.py took 0.047 seconds
[2026-03-28T18:26:44.946+0000] {processor.py:161} INFO - Started process (PID=825) to work on /opt/airflow/dags/filter_questions.py
[2026-03-28T18:26:44.954+0000] {processor.py:830} INFO - Processing file /opt/airflow/dags/filter_questions.py for tasks to queue
[2026-03-28T18:26:44.956+0000] {logging_mixin.py:188} INFO - [2026-03-28T18:26:44.955+0000] {dagbag.py:545} INFO - Filling up the DagBag from /opt/airflow/dags/filter_questions.py
[2026-03-28T18:26:44.959+0000] {logging_mixin.py:188} INFO - [2026-03-28T18:26:44.958+0000] {dagbag.py:355} ERROR - Failed to import: /opt/airflow/dags/filter_questions.py
Traceback (most recent call last):
  File "/home/airflow/.local/lib/python3.12/site-packages/airflow/models/dagbag.py", line 351, in parse
    loader.exec_module(new_module)
  File "<frozen importlib._bootstrap_external>", line 991, in exec_module
  File "<frozen importlib._bootstrap_external>", line 1129, in get_code
  File "<frozen importlib._bootstrap_external>", line 1059, in source_to_code
  File "<frozen importlib._bootstrap>", line 488, in _call_with_frames_removed
  File "/opt/airflow/dags/filter_questions.py", line 30
    )
    ^
SyntaxError: invalid syntax
[2026-03-28T18:26:44.960+0000] {processor.py:842} WARNING - No viable dags retrieved from /opt/airflow/dags/filter_questions.py
[2026-03-28T18:26:44.985+0000] {processor.py:183} INFO - Processing /opt/airflow/dags/filter_questions.py took 0.046 seconds
[2026-03-28T18:27:15.321+0000] {processor.py:161} INFO - Started process (PID=840) to work on /opt/airflow/dags/filter_questions.py
[2026-03-28T18:27:15.323+0000] {processor.py:830} INFO - Processing file /opt/airflow/dags/filter_questions.py for tasks to queue
[2026-03-28T18:27:15.324+0000] {logging_mixin.py:188} INFO - [2026-03-28T18:27:15.323+0000] {dagbag.py:545} INFO - Filling up the DagBag from /opt/airflow/dags/filter_questions.py
[2026-03-28T18:27:15.327+0000] {logging_mixin.py:188} INFO - [2026-03-28T18:27:15.326+0000] {dagbag.py:355} ERROR - Failed to import: /opt/airflow/dags/filter_questions.py
Traceback (most recent call last):
  File "/home/airflow/.local/lib/python3.12/site-packages/airflow/models/dagbag.py", line 351, in parse
    loader.exec_module(new_module)
  File "<frozen importlib._bootstrap_external>", line 991, in exec_module
  File "<frozen importlib._bootstrap_external>", line 1129, in get_code
  File "<frozen importlib._bootstrap_external>", line 1059, in source_to_code
  File "<frozen importlib._bootstrap>", line 488, in _call_with_frames_removed
  File "/opt/airflow/dags/filter_questions.py", line 30
    )
    ^
SyntaxError: invalid syntax
[2026-03-28T18:27:15.328+0000] {processor.py:842} WARNING - No viable dags retrieved from /opt/airflow/dags/filter_questions.py
[2026-03-28T18:27:15.357+0000] {processor.py:183} INFO - Processing /opt/airflow/dags/filter_questions.py took 0.044 seconds
[2026-03-28T18:27:45.775+0000] {processor.py:161} INFO - Started process (PID=855) to work on /opt/airflow/dags/filter_questions.py
[2026-03-28T18:27:45.793+0000] {processor.py:830} INFO - Processing file /opt/airflow/dags/filter_questions.py for tasks to queue
[2026-03-28T18:27:45.795+0000] {logging_mixin.py:188} INFO - [2026-03-28T18:27:45.794+0000] {dagbag.py:545} INFO - Filling up the DagBag from /opt/airflow/dags/filter_questions.py
[2026-03-28T18:27:45.799+0000] {logging_mixin.py:188} INFO - [2026-03-28T18:27:45.797+0000] {dagbag.py:355} ERROR - Failed to import: /opt/airflow/dags/filter_questions.py
Traceback (most recent call last):
  File "/home/airflow/.local/lib/python3.12/site-packages/airflow/models/dagbag.py", line 351, in parse
    loader.exec_module(new_module)
  File "<frozen importlib._bootstrap_external>", line 991, in exec_module
  File "<frozen importlib._bootstrap_external>", line 1129, in get_code
  File "<frozen importlib._bootstrap_external>", line 1059, in source_to_code
  File "<frozen importlib._bootstrap>", line 488, in _call_with_frames_removed
  File "/opt/airflow/dags/filter_questions.py", line 30
    )
    ^
SyntaxError: invalid syntax
[2026-03-28T18:27:45.800+0000] {processor.py:842} WARNING - No viable dags retrieved from /opt/airflow/dags/filter_questions.py
[2026-03-28T18:27:45.826+0000] {processor.py:183} INFO - Processing /opt/airflow/dags/filter_questions.py took 0.060 seconds
[2026-03-28T18:28:16.186+0000] {processor.py:161} INFO - Started process (PID=870) to work on /opt/airflow/dags/filter_questions.py
[2026-03-28T18:28:16.203+0000] {processor.py:830} INFO - Processing file /opt/airflow/dags/filter_questions.py for tasks to queue
[2026-03-28T18:28:16.205+0000] {logging_mixin.py:188} INFO - [2026-03-28T18:28:16.204+0000] {dagbag.py:545} INFO - Filling up the DagBag from /opt/airflow/dags/filter_questions.py
[2026-03-28T18:28:16.210+0000] {logging_mixin.py:188} INFO - [2026-03-28T18:28:16.208+0000] {dagbag.py:355} ERROR - Failed to import: /opt/airflow/dags/filter_questions.py
Traceback (most recent call last):
  File "/home/airflow/.local/lib/python3.12/site-packages/airflow/models/dagbag.py", line 351, in parse
    loader.exec_module(new_module)
  File "<frozen importlib._bootstrap_external>", line 991, in exec_module
  File "<frozen importlib._bootstrap_external>", line 1129, in get_code
  File "<frozen importlib._bootstrap_external>", line 1059, in source_to_code
  File "<frozen importlib._bootstrap>", line 488, in _call_with_frames_removed
  File "/opt/airflow/dags/filter_questions.py", line 30
    )
    ^
SyntaxError: invalid syntax
[2026-03-28T18:28:16.210+0000] {processor.py:842} WARNING - No viable dags retrieved from /opt/airflow/dags/filter_questions.py
[2026-03-28T18:28:16.240+0000] {processor.py:183} INFO - Processing /opt/airflow/dags/filter_questions.py took 0.062 seconds
[2026-03-28T18:28:46.663+0000] {processor.py:161} INFO - Started process (PID=885) to work on /opt/airflow/dags/filter_questions.py
[2026-03-28T18:28:46.665+0000] {processor.py:830} INFO - Processing file /opt/airflow/dags/filter_questions.py for tasks to queue
[2026-03-28T18:28:46.667+0000] {logging_mixin.py:188} INFO - [2026-03-28T18:28:46.667+0000] {dagbag.py:545} INFO - Filling up the DagBag from /opt/airflow/dags/filter_questions.py
[2026-03-28T18:28:46.673+0000] {logging_mixin.py:188} INFO - [2026-03-28T18:28:46.671+0000] {dagbag.py:355} ERROR - Failed to import: /opt/airflow/dags/filter_questions.py
Traceback (most recent call last):
  File "/home/airflow/.local/lib/python3.12/site-packages/airflow/models/dagbag.py", line 351, in parse
    loader.exec_module(new_module)
  File "<frozen importlib._bootstrap_external>", line 991, in exec_module
  File "<frozen importlib._bootstrap_external>", line 1129, in get_code
  File "<frozen importlib._bootstrap_external>", line 1059, in source_to_code
  File "<frozen importlib._bootstrap>", line 488, in _call_with_frames_removed
  File "/opt/airflow/dags/filter_questions.py", line 30
    )
    ^
SyntaxError: invalid syntax
[2026-03-28T18:28:46.674+0000] {processor.py:842} WARNING - No viable dags retrieved from /opt/airflow/dags/filter_questions.py
[2026-03-28T18:28:46.700+0000] {processor.py:183} INFO - Processing /opt/airflow/dags/filter_questions.py took 0.043 seconds
[2026-03-28T18:29:17.081+0000] {processor.py:161} INFO - Started process (PID=900) to work on /opt/airflow/dags/filter_questions.py
[2026-03-28T18:29:17.083+0000] {processor.py:830} INFO - Processing file /opt/airflow/dags/filter_questions.py for tasks to queue
[2026-03-28T18:29:17.085+0000] {logging_mixin.py:188} INFO - [2026-03-28T18:29:17.084+0000] {dagbag.py:545} INFO - Filling up the DagBag from /opt/airflow/dags/filter_questions.py
[2026-03-28T18:29:17.088+0000] {logging_mixin.py:188} INFO - [2026-03-28T18:29:17.087+0000] {dagbag.py:355} ERROR - Failed to import: /opt/airflow/dags/filter_questions.py
Traceback (most recent call last):
  File "/home/airflow/.local/lib/python3.12/site-packages/airflow/models/dagbag.py", line 351, in parse
    loader.exec_module(new_module)
  File "<frozen importlib._bootstrap_external>", line 991, in exec_module
  File "<frozen importlib._bootstrap_external>", line 1129, in get_code
  File "<frozen importlib._bootstrap_external>", line 1059, in source_to_code
  File "<frozen importlib._bootstrap>", line 488, in _call_with_frames_removed
  File "/opt/airflow/dags/filter_questions.py", line 30
    )
    ^
SyntaxError: invalid syntax
[2026-03-28T18:29:17.089+0000] {processor.py:842} WARNING - No viable dags retrieved from /opt/airflow/dags/filter_questions.py
[2026-03-28T18:29:17.118+0000] {processor.py:183} INFO - Processing /opt/airflow/dags/filter_questions.py took 0.046 seconds
[2026-03-28T18:29:47.487+0000] {processor.py:161} INFO - Started process (PID=915) to work on /opt/airflow/dags/filter_questions.py
[2026-03-28T18:29:47.488+0000] {processor.py:830} INFO - Processing file /opt/airflow/dags/filter_questions.py for tasks to queue
[2026-03-28T18:29:47.489+0000] {logging_mixin.py:188} INFO - [2026-03-28T18:29:47.489+0000] {dagbag.py:545} INFO - Filling up the DagBag from /opt/airflow/dags/filter_questions.py
[2026-03-28T18:29:47.493+0000] {logging_mixin.py:188} INFO - [2026-03-28T18:29:47.492+0000] {dagbag.py:355} ERROR - Failed to import: /opt/airflow/dags/filter_questions.py
Traceback (most recent call last):
  File "/home/airflow/.local/lib/python3.12/site-packages/airflow/models/dagbag.py", line 351, in parse
    loader.exec_module(new_module)
  File "<frozen importlib._bootstrap_external>", line 991, in exec_module
  File "<frozen importlib._bootstrap_external>", line 1129, in get_code
  File "<frozen importlib._bootstrap_external>", line 1059, in source_to_code
  File "<frozen importlib._bootstrap>", line 488, in _call_with_frames_removed
  File "/opt/airflow/dags/filter_questions.py", line 30
    )
    ^
SyntaxError: invalid syntax
[2026-03-28T18:29:47.494+0000] {processor.py:842} WARNING - No viable dags retrieved from /opt/airflow/dags/filter_questions.py
[2026-03-28T18:29:47.520+0000] {processor.py:183} INFO - Processing /opt/airflow/dags/filter_questions.py took 0.040 seconds
[2026-03-28T18:30:17.909+0000] {processor.py:161} INFO - Started process (PID=930) to work on /opt/airflow/dags/filter_questions.py
[2026-03-28T18:30:17.910+0000] {processor.py:830} INFO - Processing file /opt/airflow/dags/filter_questions.py for tasks to queue
[2026-03-28T18:30:17.911+0000] {logging_mixin.py:188} INFO - [2026-03-28T18:30:17.911+0000] {dagbag.py:545} INFO - Filling up the DagBag from /opt/airflow/dags/filter_questions.py
[2026-03-28T18:30:17.915+0000] {logging_mixin.py:188} INFO - [2026-03-28T18:30:17.914+0000] {dagbag.py:355} ERROR - Failed to import: /opt/airflow/dags/filter_questions.py
Traceback (most recent call last):
  File "/home/airflow/.local/lib/python3.12/site-packages/airflow/models/dagbag.py", line 351, in parse
    loader.exec_module(new_module)
  File "<frozen importlib._bootstrap_external>", line 991, in exec_module
  File "<frozen importlib._bootstrap_external>", line 1129, in get_code
  File "<frozen importlib._bootstrap_external>", line 1059, in source_to_code
  File "<frozen importlib._bootstrap>", line 488, in _call_with_frames_removed
  File "/opt/airflow/dags/filter_questions.py", line 30
    )
    ^
SyntaxError: invalid syntax
[2026-03-28T18:30:17.916+0000] {processor.py:842} WARNING - No viable dags retrieved from /opt/airflow/dags/filter_questions.py
[2026-03-28T18:30:17.944+0000] {processor.py:183} INFO - Processing /opt/airflow/dags/filter_questions.py took 0.043 seconds
[2026-03-28T18:30:48.328+0000] {processor.py:161} INFO - Started process (PID=945) to work on /opt/airflow/dags/filter_questions.py
[2026-03-28T18:30:48.330+0000] {processor.py:830} INFO - Processing file /opt/airflow/dags/filter_questions.py for tasks to queue
[2026-03-28T18:30:48.331+0000] {logging_mixin.py:188} INFO - [2026-03-28T18:30:48.330+0000] {dagbag.py:545} INFO - Filling up the DagBag from /opt/airflow/dags/filter_questions.py
[2026-03-28T18:30:48.336+0000] {logging_mixin.py:188} INFO - [2026-03-28T18:30:48.335+0000] {dagbag.py:355} ERROR - Failed to import: /opt/airflow/dags/filter_questions.py
Traceback (most recent call last):
  File "/home/airflow/.local/lib/python3.12/site-packages/airflow/models/dagbag.py", line 351, in parse
    loader.exec_module(new_module)
  File "<frozen importlib._bootstrap_external>", line 991, in exec_module
  File "<frozen importlib._bootstrap_external>", line 1129, in get_code
  File "<frozen importlib._bootstrap_external>", line 1059, in source_to_code
  File "<frozen importlib._bootstrap>", line 488, in _call_with_frames_removed
  File "/opt/airflow/dags/filter_questions.py", line 30
    )
    ^
SyntaxError: invalid syntax
[2026-03-28T18:30:48.337+0000] {processor.py:842} WARNING - No viable dags retrieved from /opt/airflow/dags/filter_questions.py
[2026-03-28T18:30:48.366+0000] {processor.py:183} INFO - Processing /opt/airflow/dags/filter_questions.py took 0.045 seconds
[2026-03-28T18:31:18.791+0000] {processor.py:161} INFO - Started process (PID=960) to work on /opt/airflow/dags/filter_questions.py
[2026-03-28T18:31:18.795+0000] {processor.py:830} INFO - Processing file /opt/airflow/dags/filter_questions.py for tasks to queue
[2026-03-28T18:31:18.797+0000] {logging_mixin.py:188} INFO - [2026-03-28T18:31:18.796+0000] {dagbag.py:545} INFO - Filling up the DagBag from /opt/airflow/dags/filter_questions.py
[2026-03-28T18:31:18.801+0000] {logging_mixin.py:188} INFO - [2026-03-28T18:31:18.800+0000] {dagbag.py:355} ERROR - Failed to import: /opt/airflow/dags/filter_questions.py
Traceback (most recent call last):
  File "/home/airflow/.local/lib/python3.12/site-packages/airflow/models/dagbag.py", line 351, in parse
    loader.exec_module(new_module)
  File "<frozen importlib._bootstrap_external>", line 991, in exec_module
  File "<frozen importlib._bootstrap_external>", line 1129, in get_code
  File "<frozen importlib._bootstrap_external>", line 1059, in source_to_code
  File "<frozen importlib._bootstrap>", line 488, in _call_with_frames_removed
  File "/opt/airflow/dags/filter_questions.py", line 30
    )
    ^
SyntaxError: invalid syntax
[2026-03-28T18:31:18.802+0000] {processor.py:842} WARNING - No viable dags retrieved from /opt/airflow/dags/filter_questions.py
[2026-03-28T18:31:18.835+0000] {processor.py:183} INFO - Processing /opt/airflow/dags/filter_questions.py took 0.051 seconds
[2026-03-28T18:31:49.336+0000] {processor.py:161} INFO - Started process (PID=975) to work on /opt/airflow/dags/filter_questions.py
[2026-03-28T18:31:49.366+0000] {processor.py:830} INFO - Processing file /opt/airflow/dags/filter_questions.py for tasks to queue
[2026-03-28T18:31:49.373+0000] {logging_mixin.py:188} INFO - [2026-03-28T18:31:49.367+0000] {dagbag.py:545} INFO - Filling up the DagBag from /opt/airflow/dags/filter_questions.py
[2026-03-28T18:31:49.379+0000] {logging_mixin.py:188} INFO - [2026-03-28T18:31:49.378+0000] {dagbag.py:355} ERROR - Failed to import: /opt/airflow/dags/filter_questions.py
Traceback (most recent call last):
  File "/home/airflow/.local/lib/python3.12/site-packages/airflow/models/dagbag.py", line 351, in parse
    loader.exec_module(new_module)
  File "<frozen importlib._bootstrap_external>", line 991, in exec_module
  File "<frozen importlib._bootstrap_external>", line 1129, in get_code
  File "<frozen importlib._bootstrap_external>", line 1059, in source_to_code
  File "<frozen importlib._bootstrap>", line 488, in _call_with_frames_removed
  File "/opt/airflow/dags/filter_questions.py", line 30
    )
    ^
SyntaxError: invalid syntax
[2026-03-28T18:31:49.379+0000] {processor.py:842} WARNING - No viable dags retrieved from /opt/airflow/dags/filter_questions.py
[2026-03-28T18:31:49.807+0000] {processor.py:183} INFO - Processing /opt/airflow/dags/filter_questions.py took 0.607 seconds
[2026-03-28T18:32:16.749+0000] {processor.py:161} INFO - Started process (PID=990) to work on /opt/airflow/dags/filter_questions.py
[2026-03-28T18:32:16.751+0000] {processor.py:830} INFO - Processing file /opt/airflow/dags/filter_questions.py for tasks to queue
[2026-03-28T18:32:16.753+0000] {logging_mixin.py:188} INFO - [2026-03-28T18:32:16.752+0000] {dagbag.py:545} INFO - Filling up the DagBag from /opt/airflow/dags/filter_questions.py
[2026-03-28T18:32:16.758+0000] {logging_mixin.py:188} INFO - [2026-03-28T18:32:16.756+0000] {dagbag.py:355} ERROR - Failed to import: /opt/airflow/dags/filter_questions.py
Traceback (most recent call last):
  File "/home/airflow/.local/lib/python3.12/site-packages/airflow/models/dagbag.py", line 351, in parse
    loader.exec_module(new_module)
  File "<frozen importlib._bootstrap_external>", line 991, in exec_module
  File "<frozen importlib._bootstrap_external>", line 1129, in get_code
  File "<frozen importlib._bootstrap_external>", line 1059, in source_to_code
  File "<frozen importlib._bootstrap>", line 488, in _call_with_frames_removed
  File "/opt/airflow/dags/filter_questions.py", line 34
    )
    ^
SyntaxError: invalid syntax
[2026-03-28T18:32:16.758+0000] {processor.py:842} WARNING - No viable dags retrieved from /opt/airflow/dags/filter_questions.py
[2026-03-28T18:32:16.789+0000] {processor.py:183} INFO - Processing /opt/airflow/dags/filter_questions.py took 0.049 seconds
[2026-03-28T18:32:21.791+0000] {processor.py:161} INFO - Started process (PID=995) to work on /opt/airflow/dags/filter_questions.py
[2026-03-28T18:32:21.792+0000] {processor.py:830} INFO - Processing file /opt/airflow/dags/filter_questions.py for tasks to queue
[2026-03-28T18:32:21.793+0000] {logging_mixin.py:188} INFO - [2026-03-28T18:32:21.793+0000] {dagbag.py:545} INFO - Filling up the DagBag from /opt/airflow/dags/filter_questions.py
[2026-03-28T18:32:21.798+0000] {logging_mixin.py:188} INFO - [2026-03-28T18:32:21.797+0000] {dagbag.py:355} ERROR - Failed to import: /opt/airflow/dags/filter_questions.py
Traceback (most recent call last):
  File "/home/airflow/.local/lib/python3.12/site-packages/airflow/models/dagbag.py", line 351, in parse
    loader.exec_module(new_module)
  File "<frozen importlib._bootstrap_external>", line 991, in exec_module
  File "<frozen importlib._bootstrap_external>", line 1129, in get_code
  File "<frozen importlib._bootstrap_external>", line 1059, in source_to_code
  File "<frozen importlib._bootstrap>", line 488, in _call_with_frames_removed
  File "/opt/airflow/dags/filter_questions.py", line 35
    )
    ^
SyntaxError: invalid syntax
[2026-03-28T18:32:21.799+0000] {processor.py:842} WARNING - No viable dags retrieved from /opt/airflow/dags/filter_questions.py
[2026-03-28T18:32:21.831+0000] {processor.py:183} INFO - Processing /opt/airflow/dags/filter_questions.py took 0.048 seconds
[2026-03-28T18:32:37.209+0000] {processor.py:161} INFO - Started process (PID=1000) to work on /opt/airflow/dags/filter_questions.py
[2026-03-28T18:32:37.211+0000] {processor.py:830} INFO - Processing file /opt/airflow/dags/filter_questions.py for tasks to queue
[2026-03-28T18:32:37.212+0000] {logging_mixin.py:188} INFO - [2026-03-28T18:32:37.211+0000] {dagbag.py:545} INFO - Filling up the DagBag from /opt/airflow/dags/filter_questions.py
[2026-03-28T18:32:37.218+0000] {logging_mixin.py:188} INFO - [2026-03-28T18:32:37.215+0000] {dagbag.py:355} ERROR - Failed to import: /opt/airflow/dags/filter_questions.py
Traceback (most recent call last):
  File "/home/airflow/.local/lib/python3.12/site-packages/airflow/models/dagbag.py", line 351, in parse
    loader.exec_module(new_module)
  File "<frozen importlib._bootstrap_external>", line 991, in exec_module
  File "<frozen importlib._bootstrap_external>", line 1129, in get_code
  File "<frozen importlib._bootstrap_external>", line 1059, in source_to_code
  File "<frozen importlib._bootstrap>", line 488, in _call_with_frames_removed
  File "/opt/airflow/dags/filter_questions.py", line 36
    )
    ^
SyntaxError: invalid syntax
[2026-03-28T18:32:37.218+0000] {processor.py:842} WARNING - No viable dags retrieved from /opt/airflow/dags/filter_questions.py
[2026-03-28T18:32:37.270+0000] {processor.py:183} INFO - Processing /opt/airflow/dags/filter_questions.py took 0.078 seconds
[2026-03-28T18:32:51.531+0000] {processor.py:161} INFO - Started process (PID=1015) to work on /opt/airflow/dags/filter_questions.py
[2026-03-28T18:32:51.539+0000] {processor.py:830} INFO - Processing file /opt/airflow/dags/filter_questions.py for tasks to queue
[2026-03-28T18:32:51.545+0000] {logging_mixin.py:188} INFO - [2026-03-28T18:32:51.543+0000] {dagbag.py:545} INFO - Filling up the DagBag from /opt/airflow/dags/filter_questions.py
[2026-03-28T18:32:51.567+0000] {logging_mixin.py:188} INFO - [2026-03-28T18:32:51.560+0000] {dagbag.py:355} ERROR - Failed to import: /opt/airflow/dags/filter_questions.py
Traceback (most recent call last):
  File "/home/airflow/.local/lib/python3.12/site-packages/airflow/models/dagbag.py", line 351, in parse
    loader.exec_module(new_module)
  File "<frozen importlib._bootstrap_external>", line 991, in exec_module
  File "<frozen importlib._bootstrap_external>", line 1129, in get_code
  File "<frozen importlib._bootstrap_external>", line 1059, in source_to_code
  File "<frozen importlib._bootstrap>", line 488, in _call_with_frames_removed
  File "/opt/airflow/dags/filter_questions.py", line 36
    )
    ^
SyntaxError: invalid syntax
[2026-03-28T18:32:51.569+0000] {processor.py:842} WARNING - No viable dags retrieved from /opt/airflow/dags/filter_questions.py
[2026-03-28T18:32:51.659+0000] {processor.py:183} INFO - Processing /opt/airflow/dags/filter_questions.py took 0.151 seconds
[2026-03-28T18:32:52.616+0000] {processor.py:161} INFO - Started process (PID=1020) to work on /opt/airflow/dags/filter_questions.py
[2026-03-28T18:32:52.624+0000] {processor.py:830} INFO - Processing file /opt/airflow/dags/filter_questions.py for tasks to queue
[2026-03-28T18:32:52.627+0000] {logging_mixin.py:188} INFO - [2026-03-28T18:32:52.625+0000] {dagbag.py:545} INFO - Filling up the DagBag from /opt/airflow/dags/filter_questions.py
[2026-03-28T18:32:52.646+0000] {logging_mixin.py:188} INFO - [2026-03-28T18:32:52.641+0000] {dagbag.py:355} ERROR - Failed to import: /opt/airflow/dags/filter_questions.py
Traceback (most recent call last):
  File "/home/airflow/.local/lib/python3.12/site-packages/airflow/models/dagbag.py", line 351, in parse
    loader.exec_module(new_module)
  File "<frozen importlib._bootstrap_external>", line 991, in exec_module
  File "<frozen importlib._bootstrap_external>", line 1129, in get_code
  File "<frozen importlib._bootstrap_external>", line 1059, in source_to_code
  File "<frozen importlib._bootstrap>", line 488, in _call_with_frames_removed
  File "/opt/airflow/dags/filter_questions.py", line 37
    )
    ^
SyntaxError: invalid syntax
[2026-03-28T18:32:52.647+0000] {processor.py:842} WARNING - No viable dags retrieved from /opt/airflow/dags/filter_questions.py
[2026-03-28T18:32:52.742+0000] {processor.py:183} INFO - Processing /opt/airflow/dags/filter_questions.py took 0.170 seconds
[2026-03-28T18:33:03.918+0000] {processor.py:161} INFO - Started process (PID=1025) to work on /opt/airflow/dags/filter_questions.py
[2026-03-28T18:33:03.924+0000] {processor.py:830} INFO - Processing file /opt/airflow/dags/filter_questions.py for tasks to queue
[2026-03-28T18:33:03.927+0000] {logging_mixin.py:188} INFO - [2026-03-28T18:33:03.926+0000] {dagbag.py:545} INFO - Filling up the DagBag from /opt/airflow/dags/filter_questions.py
[2026-03-28T18:33:03.943+0000] {logging_mixin.py:188} INFO - [2026-03-28T18:33:03.938+0000] {dagbag.py:355} ERROR - Failed to import: /opt/airflow/dags/filter_questions.py
Traceback (most recent call last):
  File "/home/airflow/.local/lib/python3.12/site-packages/airflow/models/dagbag.py", line 351, in parse
    loader.exec_module(new_module)
  File "<frozen importlib._bootstrap_external>", line 991, in exec_module
  File "<frozen importlib._bootstrap_external>", line 1129, in get_code
  File "<frozen importlib._bootstrap_external>", line 1059, in source_to_code
  File "<frozen importlib._bootstrap>", line 488, in _call_with_frames_removed
  File "/opt/airflow/dags/filter_questions.py", line 37
    )
    ^
SyntaxError: invalid syntax
[2026-03-28T18:33:03.945+0000] {processor.py:842} WARNING - No viable dags retrieved from /opt/airflow/dags/filter_questions.py
[2026-03-28T18:33:04.023+0000] {processor.py:183} INFO - Processing /opt/airflow/dags/filter_questions.py took 0.125 seconds
[2026-03-28T18:33:04.965+0000] {processor.py:161} INFO - Started process (PID=1030) to work on /opt/airflow/dags/filter_questions.py
[2026-03-28T18:33:04.966+0000] {processor.py:830} INFO - Processing file /opt/airflow/dags/filter_questions.py for tasks to queue
[2026-03-28T18:33:04.968+0000] {logging_mixin.py:188} INFO - [2026-03-28T18:33:04.967+0000] {dagbag.py:545} INFO - Filling up the DagBag from /opt/airflow/dags/filter_questions.py
[2026-03-28T18:33:04.974+0000] {logging_mixin.py:188} INFO - [2026-03-28T18:33:04.972+0000] {dagbag.py:355} ERROR - Failed to import: /opt/airflow/dags/filter_questions.py
Traceback (most recent call last):
  File "/home/airflow/.local/lib/python3.12/site-packages/airflow/models/dagbag.py", line 351, in parse
    loader.exec_module(new_module)
  File "<frozen importlib._bootstrap_external>", line 991, in exec_module
  File "<frozen importlib._bootstrap_external>", line 1129, in get_code
  File "<frozen importlib._bootstrap_external>", line 1059, in source_to_code
  File "<frozen importlib._bootstrap>", line 488, in _call_with_frames_removed
  File "/opt/airflow/dags/filter_questions.py", line 37
    )
    ^
SyntaxError: invalid syntax
[2026-03-28T18:33:04.975+0000] {processor.py:842} WARNING - No viable dags retrieved from /opt/airflow/dags/filter_questions.py
[2026-03-28T18:33:05.000+0000] {processor.py:183} INFO - Processing /opt/airflow/dags/filter_questions.py took 0.042 seconds
[2026-03-28T18:33:28.395+0000] {processor.py:161} INFO - Started process (PID=1045) to work on /opt/airflow/dags/filter_questions.py
[2026-03-28T18:33:28.396+0000] {processor.py:830} INFO - Processing file /opt/airflow/dags/filter_questions.py for tasks to queue
[2026-03-28T18:33:28.397+0000] {logging_mixin.py:188} INFO - [2026-03-28T18:33:28.397+0000] {dagbag.py:545} INFO - Filling up the DagBag from /opt/airflow/dags/filter_questions.py
[2026-03-28T18:33:28.404+0000] {logging_mixin.py:188} INFO - [2026-03-28T18:33:28.402+0000] {dagbag.py:355} ERROR - Failed to import: /opt/airflow/dags/filter_questions.py
Traceback (most recent call last):
  File "/home/airflow/.local/lib/python3.12/site-packages/airflow/models/dagbag.py", line 351, in parse
    loader.exec_module(new_module)
  File "<frozen importlib._bootstrap_external>", line 991, in exec_module
  File "<frozen importlib._bootstrap_external>", line 1129, in get_code
  File "<frozen importlib._bootstrap_external>", line 1059, in source_to_code
  File "<frozen importlib._bootstrap>", line 488, in _call_with_frames_removed
  File "/opt/airflow/dags/filter_questions.py", line 40
    )
    ^
SyntaxError: invalid syntax
[2026-03-28T18:33:28.405+0000] {processor.py:842} WARNING - No viable dags retrieved from /opt/airflow/dags/filter_questions.py
[2026-03-28T18:33:28.437+0000] {processor.py:183} INFO - Processing /opt/airflow/dags/filter_questions.py took 0.050 seconds
[2026-03-28T18:33:41.572+0000] {processor.py:161} INFO - Started process (PID=1060) to work on /opt/airflow/dags/filter_questions.py
[2026-03-28T18:33:41.577+0000] {processor.py:830} INFO - Processing file /opt/airflow/dags/filter_questions.py for tasks to queue
[2026-03-28T18:33:41.579+0000] {logging_mixin.py:188} INFO - [2026-03-28T18:33:41.578+0000] {dagbag.py:545} INFO - Filling up the DagBag from /opt/airflow/dags/filter_questions.py
[2026-03-28T18:33:41.583+0000] {logging_mixin.py:188} INFO - [2026-03-28T18:33:41.582+0000] {dagbag.py:355} ERROR - Failed to import: /opt/airflow/dags/filter_questions.py
Traceback (most recent call last):
  File "/home/airflow/.local/lib/python3.12/site-packages/airflow/models/dagbag.py", line 351, in parse
    loader.exec_module(new_module)
  File "<frozen importlib._bootstrap_external>", line 991, in exec_module
  File "<frozen importlib._bootstrap_external>", line 1129, in get_code
  File "<frozen importlib._bootstrap_external>", line 1059, in source_to_code
  File "<frozen importlib._bootstrap>", line 488, in _call_with_frames_removed
  File "/opt/airflow/dags/filter_questions.py", line 41
    )
    ^
SyntaxError: invalid syntax
[2026-03-28T18:33:41.584+0000] {processor.py:842} WARNING - No viable dags retrieved from /opt/airflow/dags/filter_questions.py
[2026-03-28T18:33:41.616+0000] {processor.py:183} INFO - Processing /opt/airflow/dags/filter_questions.py took 0.051 seconds
[2026-03-28T18:34:00.877+0000] {processor.py:161} INFO - Started process (PID=1065) to work on /opt/airflow/dags/filter_questions.py
[2026-03-28T18:34:00.878+0000] {processor.py:830} INFO - Processing file /opt/airflow/dags/filter_questions.py for tasks to queue
[2026-03-28T18:34:00.879+0000] {logging_mixin.py:188} INFO - [2026-03-28T18:34:00.879+0000] {dagbag.py:545} INFO - Filling up the DagBag from /opt/airflow/dags/filter_questions.py
[2026-03-28T18:34:00.883+0000] {logging_mixin.py:188} INFO - [2026-03-28T18:34:00.882+0000] {dagbag.py:355} ERROR - Failed to import: /opt/airflow/dags/filter_questions.py
Traceback (most recent call last):
  File "/home/airflow/.local/lib/python3.12/site-packages/airflow/models/dagbag.py", line 351, in parse
    loader.exec_module(new_module)
  File "<frozen importlib._bootstrap_external>", line 991, in exec_module
  File "<frozen importlib._bootstrap_external>", line 1129, in get_code
  File "<frozen importlib._bootstrap_external>", line 1059, in source_to_code
  File "<frozen importlib._bootstrap>", line 488, in _call_with_frames_removed
  File "/opt/airflow/dags/filter_questions.py", line 41
    )
    ^
SyntaxError: invalid syntax
[2026-03-28T18:34:00.884+0000] {processor.py:842} WARNING - No viable dags retrieved from /opt/airflow/dags/filter_questions.py
[2026-03-28T18:34:00.918+0000] {processor.py:183} INFO - Processing /opt/airflow/dags/filter_questions.py took 0.050 seconds
[2026-03-28T18:34:17.072+0000] {processor.py:161} INFO - Started process (PID=1080) to work on /opt/airflow/dags/filter_questions.py
[2026-03-28T18:34:17.073+0000] {processor.py:830} INFO - Processing file /opt/airflow/dags/filter_questions.py for tasks to queue
[2026-03-28T18:34:17.074+0000] {logging_mixin.py:188} INFO - [2026-03-28T18:34:17.074+0000] {dagbag.py:545} INFO - Filling up the DagBag from /opt/airflow/dags/filter_questions.py
[2026-03-28T18:34:17.078+0000] {logging_mixin.py:188} INFO - [2026-03-28T18:34:17.077+0000] {dagbag.py:355} ERROR - Failed to import: /opt/airflow/dags/filter_questions.py
Traceback (most recent call last):
  File "/home/airflow/.local/lib/python3.12/site-packages/airflow/models/dagbag.py", line 351, in parse
    loader.exec_module(new_module)
  File "<frozen importlib._bootstrap_external>", line 991, in exec_module
  File "<frozen importlib._bootstrap_external>", line 1129, in get_code
  File "<frozen importlib._bootstrap_external>", line 1059, in source_to_code
  File "<frozen importlib._bootstrap>", line 488, in _call_with_frames_removed
  File "/opt/airflow/dags/filter_questions.py", line 40
    )
    ^
SyntaxError: invalid syntax
[2026-03-28T18:34:17.078+0000] {processor.py:842} WARNING - No viable dags retrieved from /opt/airflow/dags/filter_questions.py
[2026-03-28T18:34:17.104+0000] {processor.py:183} INFO - Processing /opt/airflow/dags/filter_questions.py took 0.040 seconds
[2026-03-28T18:34:47.493+0000] {processor.py:161} INFO - Started process (PID=1095) to work on /opt/airflow/dags/filter_questions.py
[2026-03-28T18:34:47.499+0000] {processor.py:830} INFO - Processing file /opt/airflow/dags/filter_questions.py for tasks to queue
[2026-03-28T18:34:47.501+0000] {logging_mixin.py:188} INFO - [2026-03-28T18:34:47.500+0000] {dagbag.py:545} INFO - Filling up the DagBag from /opt/airflow/dags/filter_questions.py
[2026-03-28T18:34:47.505+0000] {logging_mixin.py:188} INFO - [2026-03-28T18:34:47.503+0000] {dagbag.py:355} ERROR - Failed to import: /opt/airflow/dags/filter_questions.py
Traceback (most recent call last):
  File "/home/airflow/.local/lib/python3.12/site-packages/airflow/models/dagbag.py", line 351, in parse
    loader.exec_module(new_module)
  File "<frozen importlib._bootstrap_external>", line 991, in exec_module
  File "<frozen importlib._bootstrap_external>", line 1129, in get_code
  File "<frozen importlib._bootstrap_external>", line 1059, in source_to_code
  File "<frozen importlib._bootstrap>", line 488, in _call_with_frames_removed
  File "/opt/airflow/dags/filter_questions.py", line 40
    )
    ^
SyntaxError: invalid syntax
[2026-03-28T18:34:47.505+0000] {processor.py:842} WARNING - No viable dags retrieved from /opt/airflow/dags/filter_questions.py
[2026-03-28T18:34:47.532+0000] {processor.py:183} INFO - Processing /opt/airflow/dags/filter_questions.py took 0.046 seconds
[2026-03-28T18:35:17.926+0000] {processor.py:161} INFO - Started process (PID=1110) to work on /opt/airflow/dags/filter_questions.py
[2026-03-28T18:35:17.928+0000] {processor.py:830} INFO - Processing file /opt/airflow/dags/filter_questions.py for tasks to queue
[2026-03-28T18:35:17.929+0000] {logging_mixin.py:188} INFO - [2026-03-28T18:35:17.928+0000] {dagbag.py:545} INFO - Filling up the DagBag from /opt/airflow/dags/filter_questions.py
[2026-03-28T18:35:17.935+0000] {logging_mixin.py:188} INFO - [2026-03-28T18:35:17.932+0000] {dagbag.py:355} ERROR - Failed to import: /opt/airflow/dags/filter_questions.py
Traceback (most recent call last):
  File "/home/airflow/.local/lib/python3.12/site-packages/airflow/models/dagbag.py", line 351, in parse
    loader.exec_module(new_module)
  File "<frozen importlib._bootstrap_external>", line 991, in exec_module
  File "<frozen importlib._bootstrap_external>", line 1129, in get_code
  File "<frozen importlib._bootstrap_external>", line 1059, in source_to_code
  File "<frozen importlib._bootstrap>", line 488, in _call_with_frames_removed
  File "/opt/airflow/dags/filter_questions.py", line 40
    )
    ^
SyntaxError: invalid syntax
[2026-03-28T18:35:17.936+0000] {processor.py:842} WARNING - No viable dags retrieved from /opt/airflow/dags/filter_questions.py
[2026-03-28T18:35:17.963+0000] {processor.py:183} INFO - Processing /opt/airflow/dags/filter_questions.py took 0.047 seconds
[2026-03-28T18:35:35.150+0000] {processor.py:161} INFO - Started process (PID=1115) to work on /opt/airflow/dags/filter_questions.py
[2026-03-28T18:35:35.152+0000] {processor.py:830} INFO - Processing file /opt/airflow/dags/filter_questions.py for tasks to queue
[2026-03-28T18:35:35.153+0000] {logging_mixin.py:188} INFO - [2026-03-28T18:35:35.153+0000] {dagbag.py:545} INFO - Filling up the DagBag from /opt/airflow/dags/filter_questions.py
[2026-03-28T18:35:35.158+0000] {logging_mixin.py:188} INFO - [2026-03-28T18:35:35.156+0000] {dagbag.py:355} ERROR - Failed to import: /opt/airflow/dags/filter_questions.py
Traceback (most recent call last):
  File "/home/airflow/.local/lib/python3.12/site-packages/airflow/models/dagbag.py", line 351, in parse
    loader.exec_module(new_module)
  File "<frozen importlib._bootstrap_external>", line 991, in exec_module
  File "<frozen importlib._bootstrap_external>", line 1129, in get_code
  File "<frozen importlib._bootstrap_external>", line 1059, in source_to_code
  File "<frozen importlib._bootstrap>", line 488, in _call_with_frames_removed
  File "/opt/airflow/dags/filter_questions.py", line 21
    filter_func = lambda: q: q['discipline'] in ['Matemática']
                           ^
SyntaxError: invalid syntax
[2026-03-28T18:35:35.159+0000] {processor.py:842} WARNING - No viable dags retrieved from /opt/airflow/dags/filter_questions.py
[2026-03-28T18:35:35.191+0000] {processor.py:183} INFO - Processing /opt/airflow/dags/filter_questions.py took 0.052 seconds
[2026-03-28T18:35:40.233+0000] {processor.py:161} INFO - Started process (PID=1120) to work on /opt/airflow/dags/filter_questions.py
[2026-03-28T18:35:40.234+0000] {processor.py:830} INFO - Processing file /opt/airflow/dags/filter_questions.py for tasks to queue
[2026-03-28T18:35:40.236+0000] {logging_mixin.py:188} INFO - [2026-03-28T18:35:40.236+0000] {dagbag.py:545} INFO - Filling up the DagBag from /opt/airflow/dags/filter_questions.py
[2026-03-28T18:35:40.241+0000] {logging_mixin.py:188} INFO - [2026-03-28T18:35:40.240+0000] {dagbag.py:355} ERROR - Failed to import: /opt/airflow/dags/filter_questions.py
Traceback (most recent call last):
  File "/home/airflow/.local/lib/python3.12/site-packages/airflow/models/dagbag.py", line 351, in parse
    loader.exec_module(new_module)
  File "<frozen importlib._bootstrap_external>", line 991, in exec_module
  File "<frozen importlib._bootstrap_external>", line 1129, in get_code
  File "<frozen importlib._bootstrap_external>", line 1059, in source_to_code
  File "<frozen importlib._bootstrap>", line 488, in _call_with_frames_removed
  File "/opt/airflow/dags/filter_questions.py", line 21
    filter_func = lambda: q: q['discipline'] in ['matematica']
                           ^
SyntaxError: invalid syntax
[2026-03-28T18:35:40.241+0000] {processor.py:842} WARNING - No viable dags retrieved from /opt/airflow/dags/filter_questions.py
[2026-03-28T18:35:40.321+0000] {processor.py:183} INFO - Processing /opt/airflow/dags/filter_questions.py took 0.095 seconds
[2026-03-28T18:36:10.876+0000] {processor.py:161} INFO - Started process (PID=1135) to work on /opt/airflow/dags/filter_questions.py
[2026-03-28T18:36:10.903+0000] {processor.py:830} INFO - Processing file /opt/airflow/dags/filter_questions.py for tasks to queue
[2026-03-28T18:36:10.906+0000] {logging_mixin.py:188} INFO - [2026-03-28T18:36:10.905+0000] {dagbag.py:545} INFO - Filling up the DagBag from /opt/airflow/dags/filter_questions.py
[2026-03-28T18:36:10.932+0000] {logging_mixin.py:188} INFO - [2026-03-28T18:36:10.909+0000] {dagbag.py:355} ERROR - Failed to import: /opt/airflow/dags/filter_questions.py
Traceback (most recent call last):
  File "/home/airflow/.local/lib/python3.12/site-packages/airflow/models/dagbag.py", line 351, in parse
    loader.exec_module(new_module)
  File "<frozen importlib._bootstrap_external>", line 991, in exec_module
  File "<frozen importlib._bootstrap_external>", line 1129, in get_code
  File "<frozen importlib._bootstrap_external>", line 1059, in source_to_code
  File "<frozen importlib._bootstrap>", line 488, in _call_with_frames_removed
  File "/opt/airflow/dags/filter_questions.py", line 21
    filter_func = lambda: q: q['discipline'] in ['matematica']
                           ^
SyntaxError: invalid syntax
[2026-03-28T18:36:10.934+0000] {processor.py:842} WARNING - No viable dags retrieved from /opt/airflow/dags/filter_questions.py
[2026-03-28T18:36:11.066+0000] {processor.py:183} INFO - Processing /opt/airflow/dags/filter_questions.py took 0.227 seconds
[2026-03-28T18:36:13.369+0000] {processor.py:161} INFO - Started process (PID=1150) to work on /opt/airflow/dags/filter_questions.py
[2026-03-28T18:36:13.370+0000] {processor.py:830} INFO - Processing file /opt/airflow/dags/filter_questions.py for tasks to queue
[2026-03-28T18:36:13.370+0000] {logging_mixin.py:188} INFO - [2026-03-28T18:36:13.370+0000] {dagbag.py:545} INFO - Filling up the DagBag from /opt/airflow/dags/filter_questions.py
[2026-03-28T18:36:13.375+0000] {logging_mixin.py:188} INFO - [2026-03-28T18:36:13.373+0000] {dagbag.py:355} ERROR - Failed to import: /opt/airflow/dags/filter_questions.py
Traceback (most recent call last):
  File "/home/airflow/.local/lib/python3.12/site-packages/airflow/models/dagbag.py", line 351, in parse
    loader.exec_module(new_module)
  File "<frozen importlib._bootstrap_external>", line 991, in exec_module
  File "<frozen importlib._bootstrap_external>", line 1129, in get_code
  File "<frozen importlib._bootstrap_external>", line 1059, in source_to_code
  File "<frozen importlib._bootstrap>", line 488, in _call_with_frames_removed
  File "/opt/airflow/dags/filter_questions.py", line 21
    filter_func = lambda: q: q['discipline'] in ['matematica']
                           ^
SyntaxError: invalid syntax
[2026-03-28T18:36:13.376+0000] {processor.py:842} WARNING - No viable dags retrieved from /opt/airflow/dags/filter_questions.py
[2026-03-28T18:36:13.415+0000] {processor.py:183} INFO - Processing /opt/airflow/dags/filter_questions.py took 0.054 seconds
[2026-03-28T18:36:14.421+0000] {processor.py:161} INFO - Started process (PID=1155) to work on /opt/airflow/dags/filter_questions.py
[2026-03-28T18:36:14.422+0000] {processor.py:830} INFO - Processing file /opt/airflow/dags/filter_questions.py for tasks to queue
[2026-03-28T18:36:14.423+0000] {logging_mixin.py:188} INFO - [2026-03-28T18:36:14.423+0000] {dagbag.py:545} INFO - Filling up the DagBag from /opt/airflow/dags/filter_questions.py
[2026-03-28T18:36:14.427+0000] {logging_mixin.py:188} INFO - [2026-03-28T18:36:14.425+0000] {dagbag.py:355} ERROR - Failed to import: /opt/airflow/dags/filter_questions.py
Traceback (most recent call last):
  File "/home/airflow/.local/lib/python3.12/site-packages/airflow/models/dagbag.py", line 351, in parse
    loader.exec_module(new_module)
  File "<frozen importlib._bootstrap_external>", line 991, in exec_module
  File "<frozen importlib._bootstrap_external>", line 1129, in get_code
  File "<frozen importlib._bootstrap_external>", line 1059, in source_to_code
  File "<frozen importlib._bootstrap>", line 488, in _call_with_frames_removed
  File "/opt/airflow/dags/filter_questions.py", line 21
    filter_func = lambda: q: q['discipline'] in ['matematica']
                           ^
SyntaxError: invalid syntax
[2026-03-28T18:36:14.427+0000] {processor.py:842} WARNING - No viable dags retrieved from /opt/airflow/dags/filter_questions.py
[2026-03-28T18:36:14.476+0000] {processor.py:183} INFO - Processing /opt/airflow/dags/filter_questions.py took 0.064 seconds
[2026-03-28T18:36:44.950+0000] {processor.py:161} INFO - Started process (PID=1170) to work on /opt/airflow/dags/filter_questions.py
[2026-03-28T18:36:44.951+0000] {processor.py:830} INFO - Processing file /opt/airflow/dags/filter_questions.py for tasks to queue
[2026-03-28T18:36:44.952+0000] {logging_mixin.py:188} INFO - [2026-03-28T18:36:44.952+0000] {dagbag.py:545} INFO - Filling up the DagBag from /opt/airflow/dags/filter_questions.py
[2026-03-28T18:36:44.956+0000] {logging_mixin.py:188} INFO - [2026-03-28T18:36:44.955+0000] {dagbag.py:355} ERROR - Failed to import: /opt/airflow/dags/filter_questions.py
Traceback (most recent call last):
  File "/home/airflow/.local/lib/python3.12/site-packages/airflow/models/dagbag.py", line 351, in parse
    loader.exec_module(new_module)
  File "<frozen importlib._bootstrap_external>", line 991, in exec_module
  File "<frozen importlib._bootstrap_external>", line 1129, in get_code
  File "<frozen importlib._bootstrap_external>", line 1059, in source_to_code
  File "<frozen importlib._bootstrap>", line 488, in _call_with_frames_removed
  File "/opt/airflow/dags/filter_questions.py", line 21
    filter_func = lambda: q: q['discipline'] in ['matematica']
                           ^
SyntaxError: invalid syntax
[2026-03-28T18:36:44.957+0000] {processor.py:842} WARNING - No viable dags retrieved from /opt/airflow/dags/filter_questions.py
[2026-03-28T18:36:44.990+0000] {processor.py:183} INFO - Processing /opt/airflow/dags/filter_questions.py took 0.049 seconds
[2026-03-28T18:37:15.425+0000] {processor.py:161} INFO - Started process (PID=1185) to work on /opt/airflow/dags/filter_questions.py
[2026-03-28T18:37:15.426+0000] {processor.py:830} INFO - Processing file /opt/airflow/dags/filter_questions.py for tasks to queue
[2026-03-28T18:37:15.427+0000] {logging_mixin.py:188} INFO - [2026-03-28T18:37:15.427+0000] {dagbag.py:545} INFO - Filling up the DagBag from /opt/airflow/dags/filter_questions.py
[2026-03-28T18:37:15.431+0000] {logging_mixin.py:188} INFO - [2026-03-28T18:37:15.430+0000] {dagbag.py:355} ERROR - Failed to import: /opt/airflow/dags/filter_questions.py
Traceback (most recent call last):
  File "/home/airflow/.local/lib/python3.12/site-packages/airflow/models/dagbag.py", line 351, in parse
    loader.exec_module(new_module)
  File "<frozen importlib._bootstrap_external>", line 991, in exec_module
  File "<frozen importlib._bootstrap_external>", line 1129, in get_code
  File "<frozen importlib._bootstrap_external>", line 1059, in source_to_code
  File "<frozen importlib._bootstrap>", line 488, in _call_with_frames_removed
  File "/opt/airflow/dags/filter_questions.py", line 21
    filter_func = lambda: q: q['discipline'] in ['matematica']
                           ^
SyntaxError: invalid syntax
[2026-03-28T18:37:15.432+0000] {processor.py:842} WARNING - No viable dags retrieved from /opt/airflow/dags/filter_questions.py
[2026-03-28T18:37:15.473+0000] {processor.py:183} INFO - Processing /opt/airflow/dags/filter_questions.py took 0.059 seconds
[2026-03-28T18:37:26.649+0000] {processor.py:161} INFO - Started process (PID=1190) to work on /opt/airflow/dags/filter_questions.py
[2026-03-28T18:37:26.658+0000] {processor.py:830} INFO - Processing file /opt/airflow/dags/filter_questions.py for tasks to queue
[2026-03-28T18:37:26.659+0000] {logging_mixin.py:188} INFO - [2026-03-28T18:37:26.658+0000] {dagbag.py:545} INFO - Filling up the DagBag from /opt/airflow/dags/filter_questions.py
[2026-03-28T18:37:26.664+0000] {logging_mixin.py:188} INFO - [2026-03-28T18:37:26.662+0000] {dagbag.py:355} ERROR - Failed to import: /opt/airflow/dags/filter_questions.py
Traceback (most recent call last):
  File "/home/airflow/.local/lib/python3.12/site-packages/airflow/models/dagbag.py", line 351, in parse
    loader.exec_module(new_module)
  File "<frozen importlib._bootstrap_external>", line 991, in exec_module
  File "<frozen importlib._bootstrap_external>", line 1129, in get_code
  File "<frozen importlib._bootstrap_external>", line 1059, in source_to_code
  File "<frozen importlib._bootstrap>", line 488, in _call_with_frames_removed
  File "/opt/airflow/dags/filter_questions.py", line 23
    filter_func = lambda: q: q['discipline'] in ['matematica']
                           ^
SyntaxError: invalid syntax
[2026-03-28T18:37:26.665+0000] {processor.py:842} WARNING - No viable dags retrieved from /opt/airflow/dags/filter_questions.py
[2026-03-28T18:37:26.772+0000] {processor.py:183} INFO - Processing /opt/airflow/dags/filter_questions.py took 0.133 seconds
[2026-03-28T18:37:36.985+0000] {processor.py:161} INFO - Started process (PID=1195) to work on /opt/airflow/dags/filter_questions.py
[2026-03-28T18:37:36.987+0000] {processor.py:830} INFO - Processing file /opt/airflow/dags/filter_questions.py for tasks to queue
[2026-03-28T18:37:36.988+0000] {logging_mixin.py:188} INFO - [2026-03-28T18:37:36.988+0000] {dagbag.py:545} INFO - Filling up the DagBag from /opt/airflow/dags/filter_questions.py
[2026-03-28T18:37:36.996+0000] {logging_mixin.py:188} INFO - [2026-03-28T18:37:36.994+0000] {dagbag.py:355} ERROR - Failed to import: /opt/airflow/dags/filter_questions.py
Traceback (most recent call last):
  File "/home/airflow/.local/lib/python3.12/site-packages/airflow/models/dagbag.py", line 351, in parse
    loader.exec_module(new_module)
  File "<frozen importlib._bootstrap_external>", line 991, in exec_module
  File "<frozen importlib._bootstrap_external>", line 1129, in get_code
  File "<frozen importlib._bootstrap_external>", line 1059, in source_to_code
  File "<frozen importlib._bootstrap>", line 488, in _call_with_frames_removed
  File "/opt/airflow/dags/filter_questions.py", line 22
    filter_func = lambda: q: q['discipline'] in ['matematica']
                           ^
SyntaxError: invalid syntax
[2026-03-28T18:37:36.996+0000] {processor.py:842} WARNING - No viable dags retrieved from /opt/airflow/dags/filter_questions.py
[2026-03-28T18:37:37.042+0000] {processor.py:183} INFO - Processing /opt/airflow/dags/filter_questions.py took 0.070 seconds
[2026-03-28T18:37:54.227+0000] {processor.py:161} INFO - Started process (PID=1210) to work on /opt/airflow/dags/filter_questions.py
[2026-03-28T18:37:54.228+0000] {processor.py:830} INFO - Processing file /opt/airflow/dags/filter_questions.py for tasks to queue
[2026-03-28T18:37:54.230+0000] {logging_mixin.py:188} INFO - [2026-03-28T18:37:54.229+0000] {dagbag.py:545} INFO - Filling up the DagBag from /opt/airflow/dags/filter_questions.py
[2026-03-28T18:37:54.234+0000] {logging_mixin.py:188} INFO - [2026-03-28T18:37:54.232+0000] {dagbag.py:355} ERROR - Failed to import: /opt/airflow/dags/filter_questions.py
Traceback (most recent call last):
  File "/home/airflow/.local/lib/python3.12/site-packages/airflow/models/dagbag.py", line 351, in parse
    loader.exec_module(new_module)
  File "<frozen importlib._bootstrap_external>", line 991, in exec_module
  File "<frozen importlib._bootstrap_external>", line 1129, in get_code
  File "<frozen importlib._bootstrap_external>", line 1059, in source_to_code
  File "<frozen importlib._bootstrap>", line 488, in _call_with_frames_removed
  File "/opt/airflow/dags/filter_questions.py", line 22
    filter_func = lambda: q: q['discipline'] in ['matematica']
                           ^
SyntaxError: invalid syntax
[2026-03-28T18:37:54.234+0000] {processor.py:842} WARNING - No viable dags retrieved from /opt/airflow/dags/filter_questions.py
[2026-03-28T18:37:54.269+0000] {processor.py:183} INFO - Processing /opt/airflow/dags/filter_questions.py took 0.053 seconds
[2026-03-28T18:38:18.802+0000] {processor.py:161} INFO - Started process (PID=1225) to work on /opt/airflow/dags/filter_questions.py
[2026-03-28T18:38:18.806+0000] {processor.py:830} INFO - Processing file /opt/airflow/dags/filter_questions.py for tasks to queue
[2026-03-28T18:38:18.809+0000] {logging_mixin.py:188} INFO - [2026-03-28T18:38:18.806+0000] {dagbag.py:545} INFO - Filling up the DagBag from /opt/airflow/dags/filter_questions.py
[2026-03-28T18:38:18.825+0000] {logging_mixin.py:188} INFO - [2026-03-28T18:38:18.821+0000] {dagbag.py:355} ERROR - Failed to import: /opt/airflow/dags/filter_questions.py
Traceback (most recent call last):
  File "/home/airflow/.local/lib/python3.12/site-packages/airflow/models/dagbag.py", line 351, in parse
    loader.exec_module(new_module)
  File "<frozen importlib._bootstrap_external>", line 991, in exec_module
  File "<frozen importlib._bootstrap_external>", line 1129, in get_code
  File "<frozen importlib._bootstrap_external>", line 1059, in source_to_code
  File "<frozen importlib._bootstrap>", line 488, in _call_with_frames_removed
  File "/opt/airflow/dags/filter_questions.py", line 22
    filter_func = lambda: q: q['discipline'] in ['matematica']
                           ^
SyntaxError: invalid syntax
[2026-03-28T18:38:18.826+0000] {processor.py:842} WARNING - No viable dags retrieved from /opt/airflow/dags/filter_questions.py
[2026-03-28T18:38:18.862+0000] {processor.py:183} INFO - Processing /opt/airflow/dags/filter_questions.py took 0.070 seconds
[2026-03-28T18:38:43.078+0000] {processor.py:161} INFO - Started process (PID=1230) to work on /opt/airflow/dags/filter_questions.py
[2026-03-28T18:38:43.080+0000] {processor.py:830} INFO - Processing file /opt/airflow/dags/filter_questions.py for tasks to queue
[2026-03-28T18:38:43.082+0000] {logging_mixin.py:188} INFO - [2026-03-28T18:38:43.081+0000] {dagbag.py:545} INFO - Filling up the DagBag from /opt/airflow/dags/filter_questions.py
[2026-03-28T18:38:43.086+0000] {logging_mixin.py:188} INFO - [2026-03-28T18:38:43.085+0000] {dagbag.py:355} ERROR - Failed to import: /opt/airflow/dags/filter_questions.py
Traceback (most recent call last):
  File "/home/airflow/.local/lib/python3.12/site-packages/airflow/models/dagbag.py", line 351, in parse
    loader.exec_module(new_module)
  File "<frozen importlib._bootstrap_external>", line 991, in exec_module
  File "<frozen importlib._bootstrap_external>", line 1129, in get_code
  File "<frozen importlib._bootstrap_external>", line 1059, in source_to_code
  File "<frozen importlib._bootstrap>", line 488, in _call_with_frames_removed
  File "/opt/airflow/dags/filter_questions.py", line 22
    filter_func = lambda: q: q['discipline'] in ['matematica']
                           ^
SyntaxError: invalid syntax
[2026-03-28T18:38:43.087+0000] {processor.py:842} WARNING - No viable dags retrieved from /opt/airflow/dags/filter_questions.py
[2026-03-28T18:38:43.113+0000] {processor.py:183} INFO - Processing /opt/airflow/dags/filter_questions.py took 0.042 seconds
[2026-03-28T18:38:45.266+0000] {processor.py:161} INFO - Started process (PID=1245) to work on /opt/airflow/dags/filter_questions.py
[2026-03-28T18:38:45.267+0000] {processor.py:830} INFO - Processing file /opt/airflow/dags/filter_questions.py for tasks to queue
[2026-03-28T18:38:45.268+0000] {logging_mixin.py:188} INFO - [2026-03-28T18:38:45.268+0000] {dagbag.py:545} INFO - Filling up the DagBag from /opt/airflow/dags/filter_questions.py
[2026-03-28T18:38:45.272+0000] {logging_mixin.py:188} INFO - [2026-03-28T18:38:45.271+0000] {dagbag.py:355} ERROR - Failed to import: /opt/airflow/dags/filter_questions.py
Traceback (most recent call last):
  File "/home/airflow/.local/lib/python3.12/site-packages/airflow/models/dagbag.py", line 351, in parse
    loader.exec_module(new_module)
  File "<frozen importlib._bootstrap_external>", line 991, in exec_module
  File "<frozen importlib._bootstrap_external>", line 1129, in get_code
  File "<frozen importlib._bootstrap_external>", line 1059, in source_to_code
  File "<frozen importlib._bootstrap>", line 488, in _call_with_frames_removed
  File "/opt/airflow/dags/filter_questions.py", line 22
    filter_func = lambda: q: q['discipline'] in ['matematica']
                           ^
SyntaxError: invalid syntax
[2026-03-28T18:38:45.273+0000] {processor.py:842} WARNING - No viable dags retrieved from /opt/airflow/dags/filter_questions.py
[2026-03-28T18:38:45.305+0000] {processor.py:183} INFO - Processing /opt/airflow/dags/filter_questions.py took 0.048 seconds
[2026-03-28T18:38:54.346+0000] {processor.py:161} INFO - Started process (PID=1250) to work on /opt/airflow/dags/filter_questions.py
[2026-03-28T18:38:54.347+0000] {processor.py:830} INFO - Processing file /opt/airflow/dags/filter_questions.py for tasks to queue
[2026-03-28T18:38:54.348+0000] {logging_mixin.py:188} INFO - [2026-03-28T18:38:54.348+0000] {dagbag.py:545} INFO - Filling up the DagBag from /opt/airflow/dags/filter_questions.py
[2026-03-28T18:38:54.351+0000] {logging_mixin.py:188} INFO - [2026-03-28T18:38:54.350+0000] {dagbag.py:355} ERROR - Failed to import: /opt/airflow/dags/filter_questions.py
Traceback (most recent call last):
  File "/home/airflow/.local/lib/python3.12/site-packages/airflow/models/dagbag.py", line 351, in parse
    loader.exec_module(new_module)
  File "<frozen importlib._bootstrap_external>", line 991, in exec_module
  File "<frozen importlib._bootstrap_external>", line 1129, in get_code
  File "<frozen importlib._bootstrap_external>", line 1059, in source_to_code
  File "<frozen importlib._bootstrap>", line 488, in _call_with_frames_removed
  File "/opt/airflow/dags/filter_questions.py", line 23
    filter_func = lambda: q: q['discipline'] in ['matematica']
                           ^
SyntaxError: invalid syntax
[2026-03-28T18:38:54.352+0000] {processor.py:842} WARNING - No viable dags retrieved from /opt/airflow/dags/filter_questions.py
[2026-03-28T18:38:54.386+0000] {processor.py:183} INFO - Processing /opt/airflow/dags/filter_questions.py took 0.049 seconds
[2026-03-28T18:38:56.418+0000] {processor.py:161} INFO - Started process (PID=1255) to work on /opt/airflow/dags/filter_questions.py
[2026-03-28T18:38:56.420+0000] {processor.py:830} INFO - Processing file /opt/airflow/dags/filter_questions.py for tasks to queue
[2026-03-28T18:38:56.422+0000] {logging_mixin.py:188} INFO - [2026-03-28T18:38:56.422+0000] {dagbag.py:545} INFO - Filling up the DagBag from /opt/airflow/dags/filter_questions.py
[2026-03-28T18:38:56.428+0000] {logging_mixin.py:188} INFO - [2026-03-28T18:38:56.427+0000] {dagbag.py:355} ERROR - Failed to import: /opt/airflow/dags/filter_questions.py
Traceback (most recent call last):
  File "/home/airflow/.local/lib/python3.12/site-packages/airflow/models/dagbag.py", line 351, in parse
    loader.exec_module(new_module)
  File "<frozen importlib._bootstrap_external>", line 991, in exec_module
  File "<frozen importlib._bootstrap_external>", line 1129, in get_code
  File "<frozen importlib._bootstrap_external>", line 1059, in source_to_code
  File "<frozen importlib._bootstrap>", line 488, in _call_with_frames_removed
  File "/opt/airflow/dags/filter_questions.py", line 22
    filter_func = lambda: q: q['discipline'] in ['matematica']
                           ^
SyntaxError: invalid syntax
[2026-03-28T18:38:56.430+0000] {processor.py:842} WARNING - No viable dags retrieved from /opt/airflow/dags/filter_questions.py
[2026-03-28T18:38:56.463+0000] {processor.py:183} INFO - Processing /opt/airflow/dags/filter_questions.py took 0.058 seconds
[2026-03-28T18:38:57.447+0000] {processor.py:161} INFO - Started process (PID=1260) to work on /opt/airflow/dags/filter_questions.py
[2026-03-28T18:38:57.449+0000] {processor.py:830} INFO - Processing file /opt/airflow/dags/filter_questions.py for tasks to queue
[2026-03-28T18:38:57.450+0000] {logging_mixin.py:188} INFO - [2026-03-28T18:38:57.449+0000] {dagbag.py:545} INFO - Filling up the DagBag from /opt/airflow/dags/filter_questions.py
[2026-03-28T18:38:57.454+0000] {logging_mixin.py:188} INFO - [2026-03-28T18:38:57.452+0000] {dagbag.py:355} ERROR - Failed to import: /opt/airflow/dags/filter_questions.py
Traceback (most recent call last):
  File "/home/airflow/.local/lib/python3.12/site-packages/airflow/models/dagbag.py", line 351, in parse
    loader.exec_module(new_module)
  File "<frozen importlib._bootstrap_external>", line 991, in exec_module
  File "<frozen importlib._bootstrap_external>", line 1129, in get_code
  File "<frozen importlib._bootstrap_external>", line 1059, in source_to_code
  File "<frozen importlib._bootstrap>", line 488, in _call_with_frames_removed
  File "/opt/airflow/dags/filter_questions.py", line 23
    filter_func = lambda: q: q['discipline'] in ['matematica']
                           ^
SyntaxError: invalid syntax
[2026-03-28T18:38:57.455+0000] {processor.py:842} WARNING - No viable dags retrieved from /opt/airflow/dags/filter_questions.py
[2026-03-28T18:38:57.491+0000] {processor.py:183} INFO - Processing /opt/airflow/dags/filter_questions.py took 0.051 seconds
[2026-03-28T18:38:59.536+0000] {processor.py:161} INFO - Started process (PID=1265) to work on /opt/airflow/dags/filter_questions.py
[2026-03-28T18:38:59.537+0000] {processor.py:830} INFO - Processing file /opt/airflow/dags/filter_questions.py for tasks to queue
[2026-03-28T18:38:59.539+0000] {logging_mixin.py:188} INFO - [2026-03-28T18:38:59.538+0000] {dagbag.py:545} INFO - Filling up the DagBag from /opt/airflow/dags/filter_questions.py
[2026-03-28T18:38:59.548+0000] {logging_mixin.py:188} INFO - [2026-03-28T18:38:59.545+0000] {dagbag.py:355} ERROR - Failed to import: /opt/airflow/dags/filter_questions.py
Traceback (most recent call last):
  File "/home/airflow/.local/lib/python3.12/site-packages/airflow/models/dagbag.py", line 351, in parse
    loader.exec_module(new_module)
  File "<frozen importlib._bootstrap_external>", line 991, in exec_module
  File "<frozen importlib._bootstrap_external>", line 1129, in get_code
  File "<frozen importlib._bootstrap_external>", line 1059, in source_to_code
  File "<frozen importlib._bootstrap>", line 488, in _call_with_frames_removed
  File "/opt/airflow/dags/filter_questions.py", line 23
    filter_func = lambda: q: q['discipline'] in ['matematica']
                           ^
SyntaxError: invalid syntax
[2026-03-28T18:38:59.549+0000] {processor.py:842} WARNING - No viable dags retrieved from /opt/airflow/dags/filter_questions.py
[2026-03-28T18:38:59.581+0000] {processor.py:183} INFO - Processing /opt/airflow/dags/filter_questions.py took 0.057 seconds
[2026-03-28T18:39:13.750+0000] {processor.py:161} INFO - Started process (PID=1270) to work on /opt/airflow/dags/filter_questions.py
[2026-03-28T18:39:13.751+0000] {processor.py:830} INFO - Processing file /opt/airflow/dags/filter_questions.py for tasks to queue
[2026-03-28T18:39:13.752+0000] {logging_mixin.py:188} INFO - [2026-03-28T18:39:13.751+0000] {dagbag.py:545} INFO - Filling up the DagBag from /opt/airflow/dags/filter_questions.py
[2026-03-28T18:39:13.756+0000] {logging_mixin.py:188} INFO - [2026-03-28T18:39:13.755+0000] {dagbag.py:355} ERROR - Failed to import: /opt/airflow/dags/filter_questions.py
Traceback (most recent call last):
  File "/home/airflow/.local/lib/python3.12/site-packages/airflow/models/dagbag.py", line 351, in parse
    loader.exec_module(new_module)
  File "<frozen importlib._bootstrap_external>", line 991, in exec_module
  File "<frozen importlib._bootstrap_external>", line 1129, in get_code
  File "<frozen importlib._bootstrap_external>", line 1059, in source_to_code
  File "<frozen importlib._bootstrap>", line 488, in _call_with_frames_removed
  File "/opt/airflow/dags/filter_questions.py", line 23
    filter_func = lambda: q: q['discipline'] in ['matematica']
                           ^
SyntaxError: invalid syntax
[2026-03-28T18:39:13.757+0000] {processor.py:842} WARNING - No viable dags retrieved from /opt/airflow/dags/filter_questions.py
[2026-03-28T18:39:13.793+0000] {processor.py:183} INFO - Processing /opt/airflow/dags/filter_questions.py took 0.050 seconds
[2026-03-28T18:39:18.954+0000] {processor.py:161} INFO - Started process (PID=1285) to work on /opt/airflow/dags/filter_questions.py
[2026-03-28T18:39:18.955+0000] {processor.py:830} INFO - Processing file /opt/airflow/dags/filter_questions.py for tasks to queue
[2026-03-28T18:39:18.955+0000] {logging_mixin.py:188} INFO - [2026-03-28T18:39:18.955+0000] {dagbag.py:545} INFO - Filling up the DagBag from /opt/airflow/dags/filter_questions.py
[2026-03-28T18:39:18.961+0000] {logging_mixin.py:188} INFO - [2026-03-28T18:39:18.958+0000] {dagbag.py:355} ERROR - Failed to import: /opt/airflow/dags/filter_questions.py
Traceback (most recent call last):
  File "/home/airflow/.local/lib/python3.12/site-packages/airflow/models/dagbag.py", line 351, in parse
    loader.exec_module(new_module)
  File "<frozen importlib._bootstrap_external>", line 991, in exec_module
  File "<frozen importlib._bootstrap_external>", line 1129, in get_code
  File "<frozen importlib._bootstrap_external>", line 1059, in source_to_code
  File "<frozen importlib._bootstrap>", line 488, in _call_with_frames_removed
  File "/opt/airflow/dags/filter_questions.py", line 23
    filter_func = lambda: q: q['discipline'] in ['matematica']
                           ^
SyntaxError: invalid syntax
[2026-03-28T18:39:18.962+0000] {processor.py:842} WARNING - No viable dags retrieved from /opt/airflow/dags/filter_questions.py
[2026-03-28T18:39:18.988+0000] {processor.py:183} INFO - Processing /opt/airflow/dags/filter_questions.py took 0.041 seconds
[2026-03-28T18:39:49.346+0000] {processor.py:161} INFO - Started process (PID=1300) to work on /opt/airflow/dags/filter_questions.py
[2026-03-28T18:39:49.364+0000] {processor.py:830} INFO - Processing file /opt/airflow/dags/filter_questions.py for tasks to queue
[2026-03-28T18:39:49.365+0000] {logging_mixin.py:188} INFO - [2026-03-28T18:39:49.365+0000] {dagbag.py:545} INFO - Filling up the DagBag from /opt/airflow/dags/filter_questions.py
[2026-03-28T18:39:49.369+0000] {logging_mixin.py:188} INFO - [2026-03-28T18:39:49.367+0000] {dagbag.py:355} ERROR - Failed to import: /opt/airflow/dags/filter_questions.py
Traceback (most recent call last):
  File "/home/airflow/.local/lib/python3.12/site-packages/airflow/models/dagbag.py", line 351, in parse
    loader.exec_module(new_module)
  File "<frozen importlib._bootstrap_external>", line 991, in exec_module
  File "<frozen importlib._bootstrap_external>", line 1129, in get_code
  File "<frozen importlib._bootstrap_external>", line 1059, in source_to_code
  File "<frozen importlib._bootstrap>", line 488, in _call_with_frames_removed
  File "/opt/airflow/dags/filter_questions.py", line 23
    filter_func = lambda: q: q['discipline'] in ['matematica']
                           ^
SyntaxError: invalid syntax
[2026-03-28T18:39:49.370+0000] {processor.py:842} WARNING - No viable dags retrieved from /opt/airflow/dags/filter_questions.py
[2026-03-28T18:39:49.399+0000] {processor.py:183} INFO - Processing /opt/airflow/dags/filter_questions.py took 0.061 seconds
[2026-03-28T18:39:50.424+0000] {processor.py:161} INFO - Started process (PID=1305) to work on /opt/airflow/dags/filter_questions.py
[2026-03-28T18:39:50.425+0000] {processor.py:830} INFO - Processing file /opt/airflow/dags/filter_questions.py for tasks to queue
[2026-03-28T18:39:50.426+0000] {logging_mixin.py:188} INFO - [2026-03-28T18:39:50.425+0000] {dagbag.py:545} INFO - Filling up the DagBag from /opt/airflow/dags/filter_questions.py
[2026-03-28T18:39:50.430+0000] {logging_mixin.py:188} INFO - [2026-03-28T18:39:50.429+0000] {dagbag.py:355} ERROR - Failed to import: /opt/airflow/dags/filter_questions.py
Traceback (most recent call last):
  File "/home/airflow/.local/lib/python3.12/site-packages/airflow/models/dagbag.py", line 351, in parse
    loader.exec_module(new_module)
  File "<frozen importlib._bootstrap_external>", line 991, in exec_module
  File "<frozen importlib._bootstrap_external>", line 1129, in get_code
  File "<frozen importlib._bootstrap_external>", line 1059, in source_to_code
  File "<frozen importlib._bootstrap>", line 488, in _call_with_frames_removed
  File "/opt/airflow/dags/filter_questions.py", line 23
    filter_func = lambda: q: q['discipline'] in ['matematica']
                           ^
SyntaxError: invalid syntax
[2026-03-28T18:39:50.431+0000] {processor.py:842} WARNING - No viable dags retrieved from /opt/airflow/dags/filter_questions.py
[2026-03-28T18:39:50.456+0000] {processor.py:183} INFO - Processing /opt/airflow/dags/filter_questions.py took 0.040 seconds
[2026-03-28T18:39:54.470+0000] {processor.py:161} INFO - Started process (PID=1310) to work on /opt/airflow/dags/filter_questions.py
[2026-03-28T18:39:54.471+0000] {processor.py:830} INFO - Processing file /opt/airflow/dags/filter_questions.py for tasks to queue
[2026-03-28T18:39:54.472+0000] {logging_mixin.py:188} INFO - [2026-03-28T18:39:54.472+0000] {dagbag.py:545} INFO - Filling up the DagBag from /opt/airflow/dags/filter_questions.py
[2026-03-28T18:39:54.476+0000] {logging_mixin.py:188} INFO - [2026-03-28T18:39:54.475+0000] {dagbag.py:355} ERROR - Failed to import: /opt/airflow/dags/filter_questions.py
Traceback (most recent call last):
  File "/home/airflow/.local/lib/python3.12/site-packages/airflow/models/dagbag.py", line 351, in parse
    loader.exec_module(new_module)
  File "<frozen importlib._bootstrap_external>", line 991, in exec_module
  File "<frozen importlib._bootstrap_external>", line 1129, in get_code
  File "<frozen importlib._bootstrap_external>", line 1059, in source_to_code
  File "<frozen importlib._bootstrap>", line 488, in _call_with_frames_removed
  File "/opt/airflow/dags/filter_questions.py", line 23
    filter_func = lambda: q: q['discipline'] in ['matematica']
                           ^
SyntaxError: invalid syntax
[2026-03-28T18:39:54.476+0000] {processor.py:842} WARNING - No viable dags retrieved from /opt/airflow/dags/filter_questions.py
[2026-03-28T18:39:54.505+0000] {processor.py:183} INFO - Processing /opt/airflow/dags/filter_questions.py took 0.044 seconds
[2026-03-28T18:40:24.888+0000] {processor.py:161} INFO - Started process (PID=1325) to work on /opt/airflow/dags/filter_questions.py
[2026-03-28T18:40:24.889+0000] {processor.py:830} INFO - Processing file /opt/airflow/dags/filter_questions.py for tasks to queue
[2026-03-28T18:40:24.890+0000] {logging_mixin.py:188} INFO - [2026-03-28T18:40:24.890+0000] {dagbag.py:545} INFO - Filling up the DagBag from /opt/airflow/dags/filter_questions.py
[2026-03-28T18:40:24.894+0000] {logging_mixin.py:188} INFO - [2026-03-28T18:40:24.893+0000] {dagbag.py:355} ERROR - Failed to import: /opt/airflow/dags/filter_questions.py
Traceback (most recent call last):
  File "/home/airflow/.local/lib/python3.12/site-packages/airflow/models/dagbag.py", line 351, in parse
    loader.exec_module(new_module)
  File "<frozen importlib._bootstrap_external>", line 991, in exec_module
  File "<frozen importlib._bootstrap_external>", line 1129, in get_code
  File "<frozen importlib._bootstrap_external>", line 1059, in source_to_code
  File "<frozen importlib._bootstrap>", line 488, in _call_with_frames_removed
  File "/opt/airflow/dags/filter_questions.py", line 23
    filter_func = lambda: q: q['discipline'] in ['matematica']
                           ^
SyntaxError: invalid syntax
[2026-03-28T18:40:24.894+0000] {processor.py:842} WARNING - No viable dags retrieved from /opt/airflow/dags/filter_questions.py
[2026-03-28T18:40:24.923+0000] {processor.py:183} INFO - Processing /opt/airflow/dags/filter_questions.py took 0.045 seconds
[2026-03-28T18:40:55.398+0000] {processor.py:161} INFO - Started process (PID=1340) to work on /opt/airflow/dags/filter_questions.py
[2026-03-28T18:40:55.401+0000] {processor.py:830} INFO - Processing file /opt/airflow/dags/filter_questions.py for tasks to queue
[2026-03-28T18:40:55.404+0000] {logging_mixin.py:188} INFO - [2026-03-28T18:40:55.403+0000] {dagbag.py:545} INFO - Filling up the DagBag from /opt/airflow/dags/filter_questions.py
[2026-03-28T18:40:55.413+0000] {logging_mixin.py:188} INFO - [2026-03-28T18:40:55.409+0000] {dagbag.py:355} ERROR - Failed to import: /opt/airflow/dags/filter_questions.py
Traceback (most recent call last):
  File "/home/airflow/.local/lib/python3.12/site-packages/airflow/models/dagbag.py", line 351, in parse
    loader.exec_module(new_module)
  File "<frozen importlib._bootstrap_external>", line 991, in exec_module
  File "<frozen importlib._bootstrap_external>", line 1129, in get_code
  File "<frozen importlib._bootstrap_external>", line 1059, in source_to_code
  File "<frozen importlib._bootstrap>", line 488, in _call_with_frames_removed
  File "/opt/airflow/dags/filter_questions.py", line 23
    filter_func = lambda: q: q['discipline'] in ['matematica']
                           ^
SyntaxError: invalid syntax
[2026-03-28T18:40:55.414+0000] {processor.py:842} WARNING - No viable dags retrieved from /opt/airflow/dags/filter_questions.py
[2026-03-28T18:40:55.446+0000] {processor.py:183} INFO - Processing /opt/airflow/dags/filter_questions.py took 0.060 seconds
[2026-03-28T18:41:07.642+0000] {processor.py:161} INFO - Started process (PID=1345) to work on /opt/airflow/dags/filter_questions.py
[2026-03-28T18:41:07.643+0000] {processor.py:830} INFO - Processing file /opt/airflow/dags/filter_questions.py for tasks to queue
[2026-03-28T18:41:07.644+0000] {logging_mixin.py:188} INFO - [2026-03-28T18:41:07.644+0000] {dagbag.py:545} INFO - Filling up the DagBag from /opt/airflow/dags/filter_questions.py
[2026-03-28T18:41:07.665+0000] {processor.py:840} INFO - DAG(s) 'dag_filter_questions' retrieved from /opt/airflow/dags/filter_questions.py
[2026-03-28T18:41:08.112+0000] {logging_mixin.py:188} INFO - [2026-03-28T18:41:08.112+0000] {dag.py:3096} INFO - Sync 1 DAGs
[2026-03-28T18:41:08.126+0000] {logging_mixin.py:188} INFO - [2026-03-28T18:41:08.126+0000] {dag.py:3954} INFO - Setting next_dagrun for dag_filter_questions to None, run_after=None
[2026-03-28T18:41:08.163+0000] {processor.py:183} INFO - Processing /opt/airflow/dags/filter_questions.py took 0.527 seconds
[2026-03-28T18:41:39.126+0000] {processor.py:161} INFO - Started process (PID=1360) to work on /opt/airflow/dags/filter_questions.py
[2026-03-28T18:41:39.129+0000] {processor.py:830} INFO - Processing file /opt/airflow/dags/filter_questions.py for tasks to queue
[2026-03-28T18:41:39.131+0000] {logging_mixin.py:188} INFO - [2026-03-28T18:41:39.130+0000] {dagbag.py:545} INFO - Filling up the DagBag from /opt/airflow/dags/filter_questions.py
[2026-03-28T18:41:39.150+0000] {processor.py:840} INFO - DAG(s) 'dag_filter_questions' retrieved from /opt/airflow/dags/filter_questions.py
[2026-03-28T18:41:39.200+0000] {logging_mixin.py:188} INFO - [2026-03-28T18:41:39.200+0000] {dag.py:3096} INFO - Sync 1 DAGs
[2026-03-28T18:41:39.226+0000] {logging_mixin.py:188} INFO - [2026-03-28T18:41:39.226+0000] {dag.py:3954} INFO - Setting next_dagrun for dag_filter_questions to None, run_after=None
[2026-03-28T18:41:39.252+0000] {processor.py:183} INFO - Processing /opt/airflow/dags/filter_questions.py took 0.140 seconds
[2026-03-28T18:42:09.521+0000] {processor.py:161} INFO - Started process (PID=1375) to work on /opt/airflow/dags/filter_questions.py
[2026-03-28T18:42:09.524+0000] {processor.py:830} INFO - Processing file /opt/airflow/dags/filter_questions.py for tasks to queue
[2026-03-28T18:42:09.525+0000] {logging_mixin.py:188} INFO - [2026-03-28T18:42:09.525+0000] {dagbag.py:545} INFO - Filling up the DagBag from /opt/airflow/dags/filter_questions.py
[2026-03-28T18:42:09.541+0000] {processor.py:840} INFO - DAG(s) 'dag_filter_questions' retrieved from /opt/airflow/dags/filter_questions.py
[2026-03-28T18:42:09.588+0000] {logging_mixin.py:188} INFO - [2026-03-28T18:42:09.587+0000] {dag.py:3096} INFO - Sync 1 DAGs
[2026-03-28T18:42:09.608+0000] {logging_mixin.py:188} INFO - [2026-03-28T18:42:09.608+0000] {dag.py:3954} INFO - Setting next_dagrun for dag_filter_questions to None, run_after=None
[2026-03-28T18:42:09.635+0000] {processor.py:183} INFO - Processing /opt/airflow/dags/filter_questions.py took 0.123 seconds
[2026-03-28T18:42:39.955+0000] {processor.py:161} INFO - Started process (PID=1390) to work on /opt/airflow/dags/filter_questions.py
[2026-03-28T18:42:39.963+0000] {processor.py:830} INFO - Processing file /opt/airflow/dags/filter_questions.py for tasks to queue
[2026-03-28T18:42:39.964+0000] {logging_mixin.py:188} INFO - [2026-03-28T18:42:39.963+0000] {dagbag.py:545} INFO - Filling up the DagBag from /opt/airflow/dags/filter_questions.py
[2026-03-28T18:42:39.978+0000] {processor.py:840} INFO - DAG(s) 'dag_filter_questions' retrieved from /opt/airflow/dags/filter_questions.py
[2026-03-28T18:42:40.028+0000] {logging_mixin.py:188} INFO - [2026-03-28T18:42:40.027+0000] {dag.py:3096} INFO - Sync 1 DAGs
[2026-03-28T18:42:40.051+0000] {logging_mixin.py:188} INFO - [2026-03-28T18:42:40.051+0000] {dag.py:3954} INFO - Setting next_dagrun for dag_filter_questions to None, run_after=None
[2026-03-28T18:42:40.082+0000] {processor.py:183} INFO - Processing /opt/airflow/dags/filter_questions.py took 0.134 seconds
[2026-03-28T18:43:10.441+0000] {processor.py:161} INFO - Started process (PID=1408) to work on /opt/airflow/dags/filter_questions.py
[2026-03-28T18:43:10.442+0000] {processor.py:830} INFO - Processing file /opt/airflow/dags/filter_questions.py for tasks to queue
[2026-03-28T18:43:10.444+0000] {logging_mixin.py:188} INFO - [2026-03-28T18:43:10.443+0000] {dagbag.py:545} INFO - Filling up the DagBag from /opt/airflow/dags/filter_questions.py
[2026-03-28T18:43:10.456+0000] {processor.py:840} INFO - DAG(s) 'dag_filter_questions' retrieved from /opt/airflow/dags/filter_questions.py
[2026-03-28T18:43:10.497+0000] {logging_mixin.py:188} INFO - [2026-03-28T18:43:10.497+0000] {dag.py:3096} INFO - Sync 1 DAGs
[2026-03-28T18:43:10.513+0000] {logging_mixin.py:188} INFO - [2026-03-28T18:43:10.513+0000] {dag.py:3954} INFO - Setting next_dagrun for dag_filter_questions to None, run_after=None
[2026-03-28T18:43:10.544+0000] {processor.py:183} INFO - Processing /opt/airflow/dags/filter_questions.py took 0.111 seconds
[2026-03-28T18:43:40.855+0000] {processor.py:161} INFO - Started process (PID=1423) to work on /opt/airflow/dags/filter_questions.py
[2026-03-28T18:43:40.857+0000] {processor.py:830} INFO - Processing file /opt/airflow/dags/filter_questions.py for tasks to queue
[2026-03-28T18:43:40.858+0000] {logging_mixin.py:188} INFO - [2026-03-28T18:43:40.857+0000] {dagbag.py:545} INFO - Filling up the DagBag from /opt/airflow/dags/filter_questions.py
[2026-03-28T18:43:40.873+0000] {processor.py:840} INFO - DAG(s) 'dag_filter_questions' retrieved from /opt/airflow/dags/filter_questions.py
[2026-03-28T18:43:40.915+0000] {logging_mixin.py:188} INFO - [2026-03-28T18:43:40.915+0000] {dag.py:3096} INFO - Sync 1 DAGs
[2026-03-28T18:43:40.934+0000] {logging_mixin.py:188} INFO - [2026-03-28T18:43:40.933+0000] {dag.py:3954} INFO - Setting next_dagrun for dag_filter_questions to None, run_after=None
[2026-03-28T18:43:40.962+0000] {processor.py:183} INFO - Processing /opt/airflow/dags/filter_questions.py took 0.116 seconds
[2026-03-28T18:44:11.279+0000] {processor.py:161} INFO - Started process (PID=1438) to work on /opt/airflow/dags/filter_questions.py
[2026-03-28T18:44:11.281+0000] {processor.py:830} INFO - Processing file /opt/airflow/dags/filter_questions.py for tasks to queue
[2026-03-28T18:44:11.282+0000] {logging_mixin.py:188} INFO - [2026-03-28T18:44:11.282+0000] {dagbag.py:545} INFO - Filling up the DagBag from /opt/airflow/dags/filter_questions.py
[2026-03-28T18:44:11.301+0000] {processor.py:840} INFO - DAG(s) 'dag_filter_questions' retrieved from /opt/airflow/dags/filter_questions.py
[2026-03-28T18:44:11.345+0000] {logging_mixin.py:188} INFO - [2026-03-28T18:44:11.344+0000] {dag.py:3096} INFO - Sync 1 DAGs
[2026-03-28T18:44:11.365+0000] {logging_mixin.py:188} INFO - [2026-03-28T18:44:11.365+0000] {dag.py:3954} INFO - Setting next_dagrun for dag_filter_questions to None, run_after=None
[2026-03-28T18:44:11.400+0000] {processor.py:183} INFO - Processing /opt/airflow/dags/filter_questions.py took 0.128 seconds
[2026-03-28T18:44:17.363+0000] {processor.py:161} INFO - Started process (PID=1443) to work on /opt/airflow/dags/filter_questions.py
[2026-03-28T18:44:17.364+0000] {processor.py:830} INFO - Processing file /opt/airflow/dags/filter_questions.py for tasks to queue
[2026-03-28T18:44:17.365+0000] {logging_mixin.py:188} INFO - [2026-03-28T18:44:17.365+0000] {dagbag.py:545} INFO - Filling up the DagBag from /opt/airflow/dags/filter_questions.py
[2026-03-28T18:44:17.377+0000] {logging_mixin.py:188} INFO - [2026-03-28T18:44:17.371+0000] {dagbag.py:355} ERROR - Failed to import: /opt/airflow/dags/filter_questions.py
Traceback (most recent call last):
  File "/home/airflow/.local/lib/python3.12/site-packages/airflow/models/dagbag.py", line 351, in parse
    loader.exec_module(new_module)
  File "<frozen importlib._bootstrap_external>", line 995, in exec_module
  File "<frozen importlib._bootstrap>", line 488, in _call_with_frames_removed
  File "/opt/airflow/dags/filter_questions.py", line 41, in <module>
    bash_command=f"ls {BASE_PATH}/data/questions.csv",
                       ^^^^^^^^^
NameError: name 'BASE_PATH' is not defined
[2026-03-28T18:44:17.380+0000] {processor.py:842} WARNING - No viable dags retrieved from /opt/airflow/dags/filter_questions.py
[2026-03-28T18:44:17.414+0000] {processor.py:183} INFO - Processing /opt/airflow/dags/filter_questions.py took 0.058 seconds
[2026-03-28T18:44:21.556+0000] {processor.py:161} INFO - Started process (PID=1458) to work on /opt/airflow/dags/filter_questions.py
[2026-03-28T18:44:21.558+0000] {processor.py:830} INFO - Processing file /opt/airflow/dags/filter_questions.py for tasks to queue
[2026-03-28T18:44:21.565+0000] {logging_mixin.py:188} INFO - [2026-03-28T18:44:21.559+0000] {dagbag.py:545} INFO - Filling up the DagBag from /opt/airflow/dags/filter_questions.py
[2026-03-28T18:44:21.583+0000] {logging_mixin.py:188} INFO - [2026-03-28T18:44:21.573+0000] {dagbag.py:355} ERROR - Failed to import: /opt/airflow/dags/filter_questions.py
Traceback (most recent call last):
  File "/home/airflow/.local/lib/python3.12/site-packages/airflow/models/dagbag.py", line 351, in parse
    loader.exec_module(new_module)
  File "<frozen importlib._bootstrap_external>", line 995, in exec_module
  File "<frozen importlib._bootstrap>", line 488, in _call_with_frames_removed
  File "/opt/airflow/dags/filter_questions.py", line 39, in <module>
    bash_command=f"ls {BASE_PATH}/data/questions.csv",
                       ^^^^^^^^^
NameError: name 'BASE_PATH' is not defined
[2026-03-28T18:44:21.586+0000] {processor.py:842} WARNING - No viable dags retrieved from /opt/airflow/dags/filter_questions.py
[2026-03-28T18:44:21.614+0000] {processor.py:183} INFO - Processing /opt/airflow/dags/filter_questions.py took 0.070 seconds
[2026-03-28T18:44:26.632+0000] {processor.py:161} INFO - Started process (PID=1463) to work on /opt/airflow/dags/filter_questions.py
[2026-03-28T18:44:26.634+0000] {processor.py:830} INFO - Processing file /opt/airflow/dags/filter_questions.py for tasks to queue
[2026-03-28T18:44:26.636+0000] {logging_mixin.py:188} INFO - [2026-03-28T18:44:26.635+0000] {dagbag.py:545} INFO - Filling up the DagBag from /opt/airflow/dags/filter_questions.py
[2026-03-28T18:44:26.646+0000] {logging_mixin.py:188} INFO - [2026-03-28T18:44:26.641+0000] {dagbag.py:355} ERROR - Failed to import: /opt/airflow/dags/filter_questions.py
Traceback (most recent call last):
  File "/home/airflow/.local/lib/python3.12/site-packages/airflow/models/dagbag.py", line 351, in parse
    loader.exec_module(new_module)
  File "<frozen importlib._bootstrap_external>", line 995, in exec_module
  File "<frozen importlib._bootstrap>", line 488, in _call_with_frames_removed
  File "/opt/airflow/dags/filter_questions.py", line 40, in <module>
    bash_command=f"ls {BASE_PATH}/data/questions.csv",
                       ^^^^^^^^^
NameError: name 'BASE_PATH' is not defined
[2026-03-28T18:44:26.649+0000] {processor.py:842} WARNING - No viable dags retrieved from /opt/airflow/dags/filter_questions.py
[2026-03-28T18:44:26.683+0000] {processor.py:183} INFO - Processing /opt/airflow/dags/filter_questions.py took 0.060 seconds
[2026-03-28T18:44:33.872+0000] {processor.py:161} INFO - Started process (PID=1468) to work on /opt/airflow/dags/filter_questions.py
[2026-03-28T18:44:33.873+0000] {processor.py:830} INFO - Processing file /opt/airflow/dags/filter_questions.py for tasks to queue
[2026-03-28T18:44:33.874+0000] {logging_mixin.py:188} INFO - [2026-03-28T18:44:33.873+0000] {dagbag.py:545} INFO - Filling up the DagBag from /opt/airflow/dags/filter_questions.py
[2026-03-28T18:44:33.884+0000] {logging_mixin.py:188} INFO - [2026-03-28T18:44:33.880+0000] {dagbag.py:355} ERROR - Failed to import: /opt/airflow/dags/filter_questions.py
Traceback (most recent call last):
  File "/home/airflow/.local/lib/python3.12/site-packages/airflow/models/dagbag.py", line 351, in parse
    loader.exec_module(new_module)
  File "<frozen importlib._bootstrap_external>", line 995, in exec_module
  File "<frozen importlib._bootstrap>", line 488, in _call_with_frames_removed
  File "/opt/airflow/dags/filter_questions.py", line 41, in <module>
    bash_command=f"ls {BASE_PATH}/data/questions.csv",
                       ^^^^^^^^^
NameError: name 'BASE_PATH' is not defined
[2026-03-28T18:44:33.888+0000] {processor.py:842} WARNING - No viable dags retrieved from /opt/airflow/dags/filter_questions.py
[2026-03-28T18:44:33.918+0000] {processor.py:183} INFO - Processing /opt/airflow/dags/filter_questions.py took 0.056 seconds
[2026-03-28T18:44:38.987+0000] {processor.py:161} INFO - Started process (PID=1473) to work on /opt/airflow/dags/filter_questions.py
[2026-03-28T18:44:38.989+0000] {processor.py:830} INFO - Processing file /opt/airflow/dags/filter_questions.py for tasks to queue
[2026-03-28T18:44:38.991+0000] {logging_mixin.py:188} INFO - [2026-03-28T18:44:38.990+0000] {dagbag.py:545} INFO - Filling up the DagBag from /opt/airflow/dags/filter_questions.py
[2026-03-28T18:44:39.003+0000] {logging_mixin.py:188} INFO - [2026-03-28T18:44:38.998+0000] {dagbag.py:355} ERROR - Failed to import: /opt/airflow/dags/filter_questions.py
Traceback (most recent call last):
  File "/home/airflow/.local/lib/python3.12/site-packages/airflow/models/dagbag.py", line 351, in parse
    loader.exec_module(new_module)
  File "<frozen importlib._bootstrap_external>", line 995, in exec_module
  File "<frozen importlib._bootstrap>", line 488, in _call_with_frames_removed
  File "/opt/airflow/dags/filter_questions.py", line 41, in <module>
    bash_command=f"ls {BASE_PATH}/data/questions.csv",
                       ^^^^^^^^^
NameError: name 'BASE_PATH' is not defined
[2026-03-28T18:44:39.006+0000] {processor.py:842} WARNING - No viable dags retrieved from /opt/airflow/dags/filter_questions.py
[2026-03-28T18:44:39.040+0000] {processor.py:183} INFO - Processing /opt/airflow/dags/filter_questions.py took 0.064 seconds
[2026-03-28T18:45:09.517+0000] {processor.py:161} INFO - Started process (PID=1488) to work on /opt/airflow/dags/filter_questions.py
[2026-03-28T18:45:09.520+0000] {processor.py:830} INFO - Processing file /opt/airflow/dags/filter_questions.py for tasks to queue
[2026-03-28T18:45:09.523+0000] {logging_mixin.py:188} INFO - [2026-03-28T18:45:09.522+0000] {dagbag.py:545} INFO - Filling up the DagBag from /opt/airflow/dags/filter_questions.py
[2026-03-28T18:45:09.535+0000] {logging_mixin.py:188} INFO - [2026-03-28T18:45:09.529+0000] {dagbag.py:355} ERROR - Failed to import: /opt/airflow/dags/filter_questions.py
Traceback (most recent call last):
  File "/home/airflow/.local/lib/python3.12/site-packages/airflow/models/dagbag.py", line 351, in parse
    loader.exec_module(new_module)
  File "<frozen importlib._bootstrap_external>", line 995, in exec_module
  File "<frozen importlib._bootstrap>", line 488, in _call_with_frames_removed
  File "/opt/airflow/dags/filter_questions.py", line 41, in <module>
    bash_command=f"ls {BASE_PATH}/data/questions.csv",
                       ^^^^^^^^^
NameError: name 'BASE_PATH' is not defined
[2026-03-28T18:45:09.540+0000] {processor.py:842} WARNING - No viable dags retrieved from /opt/airflow/dags/filter_questions.py
[2026-03-28T18:45:09.592+0000] {processor.py:183} INFO - Processing /opt/airflow/dags/filter_questions.py took 0.088 seconds
[2026-03-28T18:45:14.617+0000] {processor.py:161} INFO - Started process (PID=1493) to work on /opt/airflow/dags/filter_questions.py
[2026-03-28T18:45:14.618+0000] {processor.py:830} INFO - Processing file /opt/airflow/dags/filter_questions.py for tasks to queue
[2026-03-28T18:45:14.619+0000] {logging_mixin.py:188} INFO - [2026-03-28T18:45:14.619+0000] {dagbag.py:545} INFO - Filling up the DagBag from /opt/airflow/dags/filter_questions.py
[2026-03-28T18:45:14.640+0000] {processor.py:840} INFO - DAG(s) 'dag_filter_questions' retrieved from /opt/airflow/dags/filter_questions.py
[2026-03-28T18:45:15.197+0000] {logging_mixin.py:188} INFO - [2026-03-28T18:45:15.196+0000] {dag.py:3096} INFO - Sync 1 DAGs
[2026-03-28T18:45:15.214+0000] {logging_mixin.py:188} INFO - [2026-03-28T18:45:15.214+0000] {dag.py:3954} INFO - Setting next_dagrun for dag_filter_questions to None, run_after=None
[2026-03-28T18:45:15.249+0000] {processor.py:183} INFO - Processing /opt/airflow/dags/filter_questions.py took 0.641 seconds
[2026-03-28T18:45:45.656+0000] {processor.py:161} INFO - Started process (PID=1514) to work on /opt/airflow/dags/filter_questions.py
[2026-03-28T18:45:45.658+0000] {processor.py:830} INFO - Processing file /opt/airflow/dags/filter_questions.py for tasks to queue
[2026-03-28T18:45:45.659+0000] {logging_mixin.py:188} INFO - [2026-03-28T18:45:45.658+0000] {dagbag.py:545} INFO - Filling up the DagBag from /opt/airflow/dags/filter_questions.py
[2026-03-28T18:45:45.674+0000] {processor.py:840} INFO - DAG(s) 'dag_filter_questions' retrieved from /opt/airflow/dags/filter_questions.py
[2026-03-28T18:45:45.716+0000] {logging_mixin.py:188} INFO - [2026-03-28T18:45:45.715+0000] {dag.py:3096} INFO - Sync 1 DAGs
[2026-03-28T18:45:45.732+0000] {logging_mixin.py:188} INFO - [2026-03-28T18:45:45.732+0000] {dag.py:3954} INFO - Setting next_dagrun for dag_filter_questions to None, run_after=None
[2026-03-28T18:45:45.807+0000] {processor.py:183} INFO - Processing /opt/airflow/dags/filter_questions.py took 0.158 seconds
[2026-03-28T18:46:16.174+0000] {processor.py:161} INFO - Started process (PID=1529) to work on /opt/airflow/dags/filter_questions.py
[2026-03-28T18:46:16.175+0000] {processor.py:830} INFO - Processing file /opt/airflow/dags/filter_questions.py for tasks to queue
[2026-03-28T18:46:16.177+0000] {logging_mixin.py:188} INFO - [2026-03-28T18:46:16.177+0000] {dagbag.py:545} INFO - Filling up the DagBag from /opt/airflow/dags/filter_questions.py
[2026-03-28T18:46:16.203+0000] {processor.py:840} INFO - DAG(s) 'dag_filter_questions' retrieved from /opt/airflow/dags/filter_questions.py
[2026-03-28T18:46:16.271+0000] {logging_mixin.py:188} INFO - [2026-03-28T18:46:16.271+0000] {dag.py:3096} INFO - Sync 1 DAGs
[2026-03-28T18:46:16.297+0000] {logging_mixin.py:188} INFO - [2026-03-28T18:46:16.297+0000] {dag.py:3954} INFO - Setting next_dagrun for dag_filter_questions to None, run_after=None
[2026-03-28T18:46:16.336+0000] {processor.py:183} INFO - Processing /opt/airflow/dags/filter_questions.py took 0.174 seconds
[2026-03-28T18:46:46.687+0000] {processor.py:161} INFO - Started process (PID=1544) to work on /opt/airflow/dags/filter_questions.py
[2026-03-28T18:46:46.697+0000] {processor.py:830} INFO - Processing file /opt/airflow/dags/filter_questions.py for tasks to queue
[2026-03-28T18:46:46.703+0000] {logging_mixin.py:188} INFO - [2026-03-28T18:46:46.700+0000] {dagbag.py:545} INFO - Filling up the DagBag from /opt/airflow/dags/filter_questions.py
[2026-03-28T18:46:46.758+0000] {processor.py:840} INFO - DAG(s) 'dag_filter_questions' retrieved from /opt/airflow/dags/filter_questions.py
[2026-03-28T18:46:46.862+0000] {logging_mixin.py:188} INFO - [2026-03-28T18:46:46.861+0000] {dag.py:3096} INFO - Sync 1 DAGs
[2026-03-28T18:46:46.903+0000] {logging_mixin.py:188} INFO - [2026-03-28T18:46:46.903+0000] {dag.py:3954} INFO - Setting next_dagrun for dag_filter_questions to None, run_after=None
[2026-03-28T18:46:46.937+0000] {processor.py:183} INFO - Processing /opt/airflow/dags/filter_questions.py took 0.297 seconds
[2026-03-28T18:46:57.876+0000] {processor.py:161} INFO - Started process (PID=1559) to work on /opt/airflow/dags/filter_questions.py
[2026-03-28T18:46:57.878+0000] {processor.py:830} INFO - Processing file /opt/airflow/dags/filter_questions.py for tasks to queue
[2026-03-28T18:46:57.879+0000] {logging_mixin.py:188} INFO - [2026-03-28T18:46:57.878+0000] {dagbag.py:545} INFO - Filling up the DagBag from /opt/airflow/dags/filter_questions.py
[2026-03-28T18:46:57.895+0000] {processor.py:840} INFO - DAG(s) 'dag_filter_questions' retrieved from /opt/airflow/dags/filter_questions.py
[2026-03-28T18:46:57.938+0000] {logging_mixin.py:188} INFO - [2026-03-28T18:46:57.938+0000] {dag.py:3096} INFO - Sync 1 DAGs
[2026-03-28T18:46:57.961+0000] {logging_mixin.py:188} INFO - [2026-03-28T18:46:57.961+0000] {dag.py:3954} INFO - Setting next_dagrun for dag_filter_questions to None, run_after=None
[2026-03-28T18:46:57.994+0000] {processor.py:183} INFO - Processing /opt/airflow/dags/filter_questions.py took 0.127 seconds
[2026-03-28T18:47:28.399+0000] {processor.py:161} INFO - Started process (PID=1580) to work on /opt/airflow/dags/filter_questions.py
[2026-03-28T18:47:28.402+0000] {processor.py:830} INFO - Processing file /opt/airflow/dags/filter_questions.py for tasks to queue
[2026-03-28T18:47:28.404+0000] {logging_mixin.py:188} INFO - [2026-03-28T18:47:28.403+0000] {dagbag.py:545} INFO - Filling up the DagBag from /opt/airflow/dags/filter_questions.py
[2026-03-28T18:47:28.419+0000] {processor.py:840} INFO - DAG(s) 'dag_filter_questions' retrieved from /opt/airflow/dags/filter_questions.py
[2026-03-28T18:47:28.473+0000] {logging_mixin.py:188} INFO - [2026-03-28T18:47:28.473+0000] {dag.py:3096} INFO - Sync 1 DAGs
[2026-03-28T18:47:28.522+0000] {logging_mixin.py:188} INFO - [2026-03-28T18:47:28.521+0000] {dag.py:3954} INFO - Setting next_dagrun for dag_filter_questions to None, run_after=None
[2026-03-28T18:47:28.585+0000] {processor.py:183} INFO - Processing /opt/airflow/dags/filter_questions.py took 0.198 seconds
[2026-03-28T18:47:58.945+0000] {processor.py:161} INFO - Started process (PID=1595) to work on /opt/airflow/dags/filter_questions.py
[2026-03-28T18:47:58.947+0000] {processor.py:830} INFO - Processing file /opt/airflow/dags/filter_questions.py for tasks to queue
[2026-03-28T18:47:58.948+0000] {logging_mixin.py:188} INFO - [2026-03-28T18:47:58.947+0000] {dagbag.py:545} INFO - Filling up the DagBag from /opt/airflow/dags/filter_questions.py
[2026-03-28T18:47:58.960+0000] {processor.py:840} INFO - DAG(s) 'dag_filter_questions' retrieved from /opt/airflow/dags/filter_questions.py
[2026-03-28T18:47:58.999+0000] {logging_mixin.py:188} INFO - [2026-03-28T18:47:58.999+0000] {dag.py:3096} INFO - Sync 1 DAGs
[2026-03-28T18:47:59.015+0000] {logging_mixin.py:188} INFO - [2026-03-28T18:47:59.015+0000] {dag.py:3954} INFO - Setting next_dagrun for dag_filter_questions to None, run_after=None
[2026-03-28T18:47:59.042+0000] {processor.py:183} INFO - Processing /opt/airflow/dags/filter_questions.py took 0.104 seconds
[2026-03-28T18:48:29.371+0000] {processor.py:161} INFO - Started process (PID=1610) to work on /opt/airflow/dags/filter_questions.py
[2026-03-28T18:48:29.373+0000] {processor.py:830} INFO - Processing file /opt/airflow/dags/filter_questions.py for tasks to queue
[2026-03-28T18:48:29.374+0000] {logging_mixin.py:188} INFO - [2026-03-28T18:48:29.374+0000] {dagbag.py:545} INFO - Filling up the DagBag from /opt/airflow/dags/filter_questions.py
[2026-03-28T18:48:29.390+0000] {processor.py:840} INFO - DAG(s) 'dag_filter_questions' retrieved from /opt/airflow/dags/filter_questions.py
[2026-03-28T18:48:29.437+0000] {logging_mixin.py:188} INFO - [2026-03-28T18:48:29.437+0000] {dag.py:3096} INFO - Sync 1 DAGs
[2026-03-28T18:48:29.458+0000] {logging_mixin.py:188} INFO - [2026-03-28T18:48:29.458+0000] {dag.py:3954} INFO - Setting next_dagrun for dag_filter_questions to None, run_after=None
[2026-03-28T18:48:29.492+0000] {processor.py:183} INFO - Processing /opt/airflow/dags/filter_questions.py took 0.134 seconds
[2026-03-28T18:51:01.850+0000] {processor.py:161} INFO - Started process (PID=1685) to work on /opt/airflow/dags/filter_questions.py
[2026-03-28T18:51:01.852+0000] {processor.py:830} INFO - Processing file /opt/airflow/dags/filter_questions.py for tasks to queue
[2026-03-28T18:51:01.853+0000] {logging_mixin.py:188} INFO - [2026-03-28T18:51:01.852+0000] {dagbag.py:545} INFO - Filling up the DagBag from /opt/airflow/dags/filter_questions.py
[2026-03-28T18:51:01.863+0000] {processor.py:840} INFO - DAG(s) 'dag_filter_questions' retrieved from /opt/airflow/dags/filter_questions.py
[2026-03-28T18:51:01.902+0000] {logging_mixin.py:188} INFO - [2026-03-28T18:51:01.902+0000] {dag.py:3096} INFO - Sync 1 DAGs
[2026-03-28T18:51:01.921+0000] {logging_mixin.py:188} INFO - [2026-03-28T18:51:01.921+0000] {dag.py:3954} INFO - Setting next_dagrun for dag_filter_questions to None, run_after=None
[2026-03-28T18:51:01.948+0000] {processor.py:183} INFO - Processing /opt/airflow/dags/filter_questions.py took 0.108 seconds
[2026-03-28T18:51:32.308+0000] {processor.py:161} INFO - Started process (PID=1700) to work on /opt/airflow/dags/filter_questions.py
[2026-03-28T18:51:32.310+0000] {processor.py:830} INFO - Processing file /opt/airflow/dags/filter_questions.py for tasks to queue
[2026-03-28T18:51:32.312+0000] {logging_mixin.py:188} INFO - [2026-03-28T18:51:32.311+0000] {dagbag.py:545} INFO - Filling up the DagBag from /opt/airflow/dags/filter_questions.py
[2026-03-28T18:51:32.329+0000] {processor.py:840} INFO - DAG(s) 'dag_filter_questions' retrieved from /opt/airflow/dags/filter_questions.py
[2026-03-28T18:51:32.382+0000] {logging_mixin.py:188} INFO - [2026-03-28T18:51:32.381+0000] {dag.py:3096} INFO - Sync 1 DAGs
[2026-03-28T18:51:32.401+0000] {logging_mixin.py:188} INFO - [2026-03-28T18:51:32.401+0000] {dag.py:3954} INFO - Setting next_dagrun for dag_filter_questions to None, run_after=None
[2026-03-28T18:51:32.425+0000] {processor.py:183} INFO - Processing /opt/airflow/dags/filter_questions.py took 0.128 seconds
[2026-03-28T18:52:02.813+0000] {processor.py:161} INFO - Started process (PID=1715) to work on /opt/airflow/dags/filter_questions.py
[2026-03-28T18:52:02.823+0000] {processor.py:830} INFO - Processing file /opt/airflow/dags/filter_questions.py for tasks to queue
[2026-03-28T18:52:02.824+0000] {logging_mixin.py:188} INFO - [2026-03-28T18:52:02.824+0000] {dagbag.py:545} INFO - Filling up the DagBag from /opt/airflow/dags/filter_questions.py
[2026-03-28T18:52:02.843+0000] {processor.py:840} INFO - DAG(s) 'dag_filter_questions' retrieved from /opt/airflow/dags/filter_questions.py
[2026-03-28T18:52:03.022+0000] {logging_mixin.py:188} INFO - [2026-03-28T18:52:03.022+0000] {dag.py:3096} INFO - Sync 1 DAGs
[2026-03-28T18:52:03.052+0000] {logging_mixin.py:188} INFO - [2026-03-28T18:52:03.052+0000] {dag.py:3954} INFO - Setting next_dagrun for dag_filter_questions to None, run_after=None
[2026-03-28T18:52:03.082+0000] {processor.py:183} INFO - Processing /opt/airflow/dags/filter_questions.py took 0.162 seconds
[2026-03-28T18:52:33.384+0000] {processor.py:161} INFO - Started process (PID=1730) to work on /opt/airflow/dags/filter_questions.py
[2026-03-28T18:52:33.385+0000] {processor.py:830} INFO - Processing file /opt/airflow/dags/filter_questions.py for tasks to queue
[2026-03-28T18:52:33.387+0000] {logging_mixin.py:188} INFO - [2026-03-28T18:52:33.386+0000] {dagbag.py:545} INFO - Filling up the DagBag from /opt/airflow/dags/filter_questions.py
[2026-03-28T18:52:33.399+0000] {processor.py:840} INFO - DAG(s) 'dag_filter_questions' retrieved from /opt/airflow/dags/filter_questions.py
[2026-03-28T18:52:33.444+0000] {logging_mixin.py:188} INFO - [2026-03-28T18:52:33.444+0000] {dag.py:3096} INFO - Sync 1 DAGs
[2026-03-28T18:52:33.461+0000] {logging_mixin.py:188} INFO - [2026-03-28T18:52:33.461+0000] {dag.py:3954} INFO - Setting next_dagrun for dag_filter_questions to None, run_after=None
[2026-03-28T18:52:33.495+0000] {processor.py:183} INFO - Processing /opt/airflow/dags/filter_questions.py took 0.118 seconds
[2026-03-28T18:53:03.813+0000] {processor.py:161} INFO - Started process (PID=1745) to work on /opt/airflow/dags/filter_questions.py
[2026-03-28T18:53:03.815+0000] {processor.py:830} INFO - Processing file /opt/airflow/dags/filter_questions.py for tasks to queue
[2026-03-28T18:53:03.817+0000] {logging_mixin.py:188} INFO - [2026-03-28T18:53:03.816+0000] {dagbag.py:545} INFO - Filling up the DagBag from /opt/airflow/dags/filter_questions.py
[2026-03-28T18:53:03.828+0000] {processor.py:840} INFO - DAG(s) 'dag_filter_questions' retrieved from /opt/airflow/dags/filter_questions.py
[2026-03-28T18:53:03.869+0000] {logging_mixin.py:188} INFO - [2026-03-28T18:53:03.869+0000] {dag.py:3096} INFO - Sync 1 DAGs
[2026-03-28T18:53:03.884+0000] {logging_mixin.py:188} INFO - [2026-03-28T18:53:03.883+0000] {dag.py:3954} INFO - Setting next_dagrun for dag_filter_questions to None, run_after=None
[2026-03-28T18:53:03.908+0000] {processor.py:183} INFO - Processing /opt/airflow/dags/filter_questions.py took 0.101 seconds
[2026-03-28T18:53:34.327+0000] {processor.py:161} INFO - Started process (PID=1760) to work on /opt/airflow/dags/filter_questions.py
[2026-03-28T18:53:34.328+0000] {processor.py:830} INFO - Processing file /opt/airflow/dags/filter_questions.py for tasks to queue
[2026-03-28T18:53:34.329+0000] {logging_mixin.py:188} INFO - [2026-03-28T18:53:34.329+0000] {dagbag.py:545} INFO - Filling up the DagBag from /opt/airflow/dags/filter_questions.py
[2026-03-28T18:53:34.343+0000] {processor.py:840} INFO - DAG(s) 'dag_filter_questions' retrieved from /opt/airflow/dags/filter_questions.py
[2026-03-28T18:53:34.385+0000] {logging_mixin.py:188} INFO - [2026-03-28T18:53:34.385+0000] {dag.py:3096} INFO - Sync 1 DAGs
[2026-03-28T18:53:34.407+0000] {logging_mixin.py:188} INFO - [2026-03-28T18:53:34.406+0000] {dag.py:3954} INFO - Setting next_dagrun for dag_filter_questions to None, run_after=None
[2026-03-28T18:53:34.445+0000] {processor.py:183} INFO - Processing /opt/airflow/dags/filter_questions.py took 0.127 seconds
[2026-03-28T18:54:04.808+0000] {processor.py:161} INFO - Started process (PID=1775) to work on /opt/airflow/dags/filter_questions.py
[2026-03-28T18:54:04.810+0000] {processor.py:830} INFO - Processing file /opt/airflow/dags/filter_questions.py for tasks to queue
[2026-03-28T18:54:04.811+0000] {logging_mixin.py:188} INFO - [2026-03-28T18:54:04.811+0000] {dagbag.py:545} INFO - Filling up the DagBag from /opt/airflow/dags/filter_questions.py
[2026-03-28T18:54:04.823+0000] {processor.py:840} INFO - DAG(s) 'dag_filter_questions' retrieved from /opt/airflow/dags/filter_questions.py
[2026-03-28T18:54:04.862+0000] {logging_mixin.py:188} INFO - [2026-03-28T18:54:04.861+0000] {dag.py:3096} INFO - Sync 1 DAGs
[2026-03-28T18:54:04.881+0000] {logging_mixin.py:188} INFO - [2026-03-28T18:54:04.881+0000] {dag.py:3954} INFO - Setting next_dagrun for dag_filter_questions to None, run_after=None
[2026-03-28T18:54:04.907+0000] {processor.py:183} INFO - Processing /opt/airflow/dags/filter_questions.py took 0.106 seconds
[2026-03-28T18:54:35.272+0000] {processor.py:161} INFO - Started process (PID=1790) to work on /opt/airflow/dags/filter_questions.py
[2026-03-28T18:54:35.273+0000] {processor.py:830} INFO - Processing file /opt/airflow/dags/filter_questions.py for tasks to queue
[2026-03-28T18:54:35.274+0000] {logging_mixin.py:188} INFO - [2026-03-28T18:54:35.274+0000] {dagbag.py:545} INFO - Filling up the DagBag from /opt/airflow/dags/filter_questions.py
[2026-03-28T18:54:35.290+0000] {processor.py:840} INFO - DAG(s) 'dag_filter_questions' retrieved from /opt/airflow/dags/filter_questions.py
[2026-03-28T18:54:35.331+0000] {logging_mixin.py:188} INFO - [2026-03-28T18:54:35.330+0000] {dag.py:3096} INFO - Sync 1 DAGs
[2026-03-28T18:54:35.348+0000] {logging_mixin.py:188} INFO - [2026-03-28T18:54:35.348+0000] {dag.py:3954} INFO - Setting next_dagrun for dag_filter_questions to None, run_after=None
[2026-03-28T18:54:35.375+0000] {processor.py:183} INFO - Processing /opt/airflow/dags/filter_questions.py took 0.110 seconds
[2026-03-28T18:55:05.738+0000] {processor.py:161} INFO - Started process (PID=1805) to work on /opt/airflow/dags/filter_questions.py
[2026-03-28T18:55:05.741+0000] {processor.py:830} INFO - Processing file /opt/airflow/dags/filter_questions.py for tasks to queue
[2026-03-28T18:55:05.742+0000] {logging_mixin.py:188} INFO - [2026-03-28T18:55:05.742+0000] {dagbag.py:545} INFO - Filling up the DagBag from /opt/airflow/dags/filter_questions.py
[2026-03-28T18:55:05.754+0000] {processor.py:840} INFO - DAG(s) 'dag_filter_questions' retrieved from /opt/airflow/dags/filter_questions.py
[2026-03-28T18:55:05.796+0000] {logging_mixin.py:188} INFO - [2026-03-28T18:55:05.795+0000] {dag.py:3096} INFO - Sync 1 DAGs
[2026-03-28T18:55:05.811+0000] {logging_mixin.py:188} INFO - [2026-03-28T18:55:05.810+0000] {dag.py:3954} INFO - Setting next_dagrun for dag_filter_questions to None, run_after=None
[2026-03-28T18:55:05.839+0000] {processor.py:183} INFO - Processing /opt/airflow/dags/filter_questions.py took 0.108 seconds
[2026-03-28T18:55:36.151+0000] {processor.py:161} INFO - Started process (PID=1820) to work on /opt/airflow/dags/filter_questions.py
[2026-03-28T18:55:36.152+0000] {processor.py:830} INFO - Processing file /opt/airflow/dags/filter_questions.py for tasks to queue
[2026-03-28T18:55:36.153+0000] {logging_mixin.py:188} INFO - [2026-03-28T18:55:36.152+0000] {dagbag.py:545} INFO - Filling up the DagBag from /opt/airflow/dags/filter_questions.py
[2026-03-28T18:55:36.164+0000] {processor.py:840} INFO - DAG(s) 'dag_filter_questions' retrieved from /opt/airflow/dags/filter_questions.py
[2026-03-28T18:55:36.203+0000] {logging_mixin.py:188} INFO - [2026-03-28T18:55:36.202+0000] {dag.py:3096} INFO - Sync 1 DAGs
[2026-03-28T18:55:36.218+0000] {logging_mixin.py:188} INFO - [2026-03-28T18:55:36.218+0000] {dag.py:3954} INFO - Setting next_dagrun for dag_filter_questions to None, run_after=None
[2026-03-28T18:55:36.246+0000] {processor.py:183} INFO - Processing /opt/airflow/dags/filter_questions.py took 0.103 seconds
[2026-03-28T18:56:06.569+0000] {processor.py:161} INFO - Started process (PID=1835) to work on /opt/airflow/dags/filter_questions.py
[2026-03-28T18:56:06.576+0000] {processor.py:830} INFO - Processing file /opt/airflow/dags/filter_questions.py for tasks to queue
[2026-03-28T18:56:06.578+0000] {logging_mixin.py:188} INFO - [2026-03-28T18:56:06.577+0000] {dagbag.py:545} INFO - Filling up the DagBag from /opt/airflow/dags/filter_questions.py
[2026-03-28T18:56:06.589+0000] {processor.py:840} INFO - DAG(s) 'dag_filter_questions' retrieved from /opt/airflow/dags/filter_questions.py
[2026-03-28T18:56:06.628+0000] {logging_mixin.py:188} INFO - [2026-03-28T18:56:06.628+0000] {dag.py:3096} INFO - Sync 1 DAGs
[2026-03-28T18:56:06.644+0000] {logging_mixin.py:188} INFO - [2026-03-28T18:56:06.643+0000] {dag.py:3954} INFO - Setting next_dagrun for dag_filter_questions to None, run_after=None
[2026-03-28T18:56:06.668+0000] {processor.py:183} INFO - Processing /opt/airflow/dags/filter_questions.py took 0.107 seconds
[2026-03-28T18:56:37.002+0000] {processor.py:161} INFO - Started process (PID=1850) to work on /opt/airflow/dags/filter_questions.py
[2026-03-28T18:56:37.003+0000] {processor.py:830} INFO - Processing file /opt/airflow/dags/filter_questions.py for tasks to queue
[2026-03-28T18:56:37.005+0000] {logging_mixin.py:188} INFO - [2026-03-28T18:56:37.004+0000] {dagbag.py:545} INFO - Filling up the DagBag from /opt/airflow/dags/filter_questions.py
[2026-03-28T18:56:37.017+0000] {processor.py:840} INFO - DAG(s) 'dag_filter_questions' retrieved from /opt/airflow/dags/filter_questions.py
[2026-03-28T18:56:37.057+0000] {logging_mixin.py:188} INFO - [2026-03-28T18:56:37.056+0000] {dag.py:3096} INFO - Sync 1 DAGs
[2026-03-28T18:56:37.077+0000] {logging_mixin.py:188} INFO - [2026-03-28T18:56:37.076+0000] {dag.py:3954} INFO - Setting next_dagrun for dag_filter_questions to None, run_after=None
[2026-03-28T18:56:37.103+0000] {processor.py:183} INFO - Processing /opt/airflow/dags/filter_questions.py took 0.110 seconds
[2026-03-28T18:57:07.409+0000] {processor.py:161} INFO - Started process (PID=1865) to work on /opt/airflow/dags/filter_questions.py
[2026-03-28T18:57:07.410+0000] {processor.py:830} INFO - Processing file /opt/airflow/dags/filter_questions.py for tasks to queue
[2026-03-28T18:57:07.411+0000] {logging_mixin.py:188} INFO - [2026-03-28T18:57:07.411+0000] {dagbag.py:545} INFO - Filling up the DagBag from /opt/airflow/dags/filter_questions.py
[2026-03-28T18:57:07.423+0000] {processor.py:840} INFO - DAG(s) 'dag_filter_questions' retrieved from /opt/airflow/dags/filter_questions.py
[2026-03-28T18:57:07.460+0000] {logging_mixin.py:188} INFO - [2026-03-28T18:57:07.460+0000] {dag.py:3096} INFO - Sync 1 DAGs
[2026-03-28T18:57:07.476+0000] {logging_mixin.py:188} INFO - [2026-03-28T18:57:07.476+0000] {dag.py:3954} INFO - Setting next_dagrun for dag_filter_questions to None, run_after=None
[2026-03-28T18:57:07.503+0000] {processor.py:183} INFO - Processing /opt/airflow/dags/filter_questions.py took 0.102 seconds
[2026-03-28T18:57:37.808+0000] {processor.py:161} INFO - Started process (PID=1880) to work on /opt/airflow/dags/filter_questions.py
[2026-03-28T18:57:37.809+0000] {processor.py:830} INFO - Processing file /opt/airflow/dags/filter_questions.py for tasks to queue
[2026-03-28T18:57:37.810+0000] {logging_mixin.py:188} INFO - [2026-03-28T18:57:37.809+0000] {dagbag.py:545} INFO - Filling up the DagBag from /opt/airflow/dags/filter_questions.py
[2026-03-28T18:57:37.821+0000] {processor.py:840} INFO - DAG(s) 'dag_filter_questions' retrieved from /opt/airflow/dags/filter_questions.py
[2026-03-28T18:57:37.861+0000] {logging_mixin.py:188} INFO - [2026-03-28T18:57:37.861+0000] {dag.py:3096} INFO - Sync 1 DAGs
[2026-03-28T18:57:37.878+0000] {logging_mixin.py:188} INFO - [2026-03-28T18:57:37.878+0000] {dag.py:3954} INFO - Setting next_dagrun for dag_filter_questions to None, run_after=None
[2026-03-28T18:57:37.902+0000] {processor.py:183} INFO - Processing /opt/airflow/dags/filter_questions.py took 0.102 seconds
[2026-03-28T18:58:08.214+0000] {processor.py:161} INFO - Started process (PID=1895) to work on /opt/airflow/dags/filter_questions.py
[2026-03-28T18:58:08.216+0000] {processor.py:830} INFO - Processing file /opt/airflow/dags/filter_questions.py for tasks to queue
[2026-03-28T18:58:08.217+0000] {logging_mixin.py:188} INFO - [2026-03-28T18:58:08.216+0000] {dagbag.py:545} INFO - Filling up the DagBag from /opt/airflow/dags/filter_questions.py
[2026-03-28T18:58:08.227+0000] {processor.py:840} INFO - DAG(s) 'dag_filter_questions' retrieved from /opt/airflow/dags/filter_questions.py
[2026-03-28T18:58:08.262+0000] {logging_mixin.py:188} INFO - [2026-03-28T18:58:08.262+0000] {dag.py:3096} INFO - Sync 1 DAGs
[2026-03-28T18:58:08.276+0000] {logging_mixin.py:188} INFO - [2026-03-28T18:58:08.276+0000] {dag.py:3954} INFO - Setting next_dagrun for dag_filter_questions to None, run_after=None
[2026-03-28T18:58:08.299+0000] {processor.py:183} INFO - Processing /opt/airflow/dags/filter_questions.py took 0.092 seconds
[2026-03-28T18:58:38.626+0000] {processor.py:161} INFO - Started process (PID=1910) to work on /opt/airflow/dags/filter_questions.py
[2026-03-28T18:58:38.627+0000] {processor.py:830} INFO - Processing file /opt/airflow/dags/filter_questions.py for tasks to queue
[2026-03-28T18:58:38.628+0000] {logging_mixin.py:188} INFO - [2026-03-28T18:58:38.628+0000] {dagbag.py:545} INFO - Filling up the DagBag from /opt/airflow/dags/filter_questions.py
[2026-03-28T18:58:38.639+0000] {processor.py:840} INFO - DAG(s) 'dag_filter_questions' retrieved from /opt/airflow/dags/filter_questions.py
[2026-03-28T18:58:38.678+0000] {logging_mixin.py:188} INFO - [2026-03-28T18:58:38.678+0000] {dag.py:3096} INFO - Sync 1 DAGs
[2026-03-28T18:58:38.695+0000] {logging_mixin.py:188} INFO - [2026-03-28T18:58:38.695+0000] {dag.py:3954} INFO - Setting next_dagrun for dag_filter_questions to None, run_after=None
[2026-03-28T18:58:38.720+0000] {processor.py:183} INFO - Processing /opt/airflow/dags/filter_questions.py took 0.101 seconds
[2026-03-28T18:59:09.027+0000] {processor.py:161} INFO - Started process (PID=1925) to work on /opt/airflow/dags/filter_questions.py
[2026-03-28T18:59:09.029+0000] {processor.py:830} INFO - Processing file /opt/airflow/dags/filter_questions.py for tasks to queue
[2026-03-28T18:59:09.030+0000] {logging_mixin.py:188} INFO - [2026-03-28T18:59:09.029+0000] {dagbag.py:545} INFO - Filling up the DagBag from /opt/airflow/dags/filter_questions.py
[2026-03-28T18:59:09.041+0000] {processor.py:840} INFO - DAG(s) 'dag_filter_questions' retrieved from /opt/airflow/dags/filter_questions.py
[2026-03-28T18:59:09.078+0000] {logging_mixin.py:188} INFO - [2026-03-28T18:59:09.078+0000] {dag.py:3096} INFO - Sync 1 DAGs
[2026-03-28T18:59:09.095+0000] {logging_mixin.py:188} INFO - [2026-03-28T18:59:09.095+0000] {dag.py:3954} INFO - Setting next_dagrun for dag_filter_questions to None, run_after=None
[2026-03-28T18:59:09.121+0000] {processor.py:183} INFO - Processing /opt/airflow/dags/filter_questions.py took 0.101 seconds
[2026-03-28T18:59:39.435+0000] {processor.py:161} INFO - Started process (PID=1940) to work on /opt/airflow/dags/filter_questions.py
[2026-03-28T18:59:39.436+0000] {processor.py:830} INFO - Processing file /opt/airflow/dags/filter_questions.py for tasks to queue
[2026-03-28T18:59:39.437+0000] {logging_mixin.py:188} INFO - [2026-03-28T18:59:39.436+0000] {dagbag.py:545} INFO - Filling up the DagBag from /opt/airflow/dags/filter_questions.py
[2026-03-28T18:59:39.448+0000] {processor.py:840} INFO - DAG(s) 'dag_filter_questions' retrieved from /opt/airflow/dags/filter_questions.py
[2026-03-28T18:59:39.484+0000] {logging_mixin.py:188} INFO - [2026-03-28T18:59:39.483+0000] {dag.py:3096} INFO - Sync 1 DAGs
[2026-03-28T18:59:39.502+0000] {logging_mixin.py:188} INFO - [2026-03-28T18:59:39.501+0000] {dag.py:3954} INFO - Setting next_dagrun for dag_filter_questions to None, run_after=None
[2026-03-28T18:59:39.527+0000] {processor.py:183} INFO - Processing /opt/airflow/dags/filter_questions.py took 0.100 seconds
[2026-03-28T19:00:09.873+0000] {processor.py:161} INFO - Started process (PID=1955) to work on /opt/airflow/dags/filter_questions.py
[2026-03-28T19:00:09.875+0000] {processor.py:830} INFO - Processing file /opt/airflow/dags/filter_questions.py for tasks to queue
[2026-03-28T19:00:09.876+0000] {logging_mixin.py:188} INFO - [2026-03-28T19:00:09.876+0000] {dagbag.py:545} INFO - Filling up the DagBag from /opt/airflow/dags/filter_questions.py
[2026-03-28T19:00:09.887+0000] {processor.py:840} INFO - DAG(s) 'dag_filter_questions' retrieved from /opt/airflow/dags/filter_questions.py
[2026-03-28T19:00:09.921+0000] {logging_mixin.py:188} INFO - [2026-03-28T19:00:09.920+0000] {dag.py:3096} INFO - Sync 1 DAGs
[2026-03-28T19:00:09.937+0000] {logging_mixin.py:188} INFO - [2026-03-28T19:00:09.937+0000] {dag.py:3954} INFO - Setting next_dagrun for dag_filter_questions to None, run_after=None
[2026-03-28T19:00:09.960+0000] {processor.py:183} INFO - Processing /opt/airflow/dags/filter_questions.py took 0.094 seconds
[2026-03-28T19:00:40.273+0000] {processor.py:161} INFO - Started process (PID=1970) to work on /opt/airflow/dags/filter_questions.py
[2026-03-28T19:00:40.274+0000] {processor.py:830} INFO - Processing file /opt/airflow/dags/filter_questions.py for tasks to queue
[2026-03-28T19:00:40.275+0000] {logging_mixin.py:188} INFO - [2026-03-28T19:00:40.274+0000] {dagbag.py:545} INFO - Filling up the DagBag from /opt/airflow/dags/filter_questions.py
[2026-03-28T19:00:40.286+0000] {processor.py:840} INFO - DAG(s) 'dag_filter_questions' retrieved from /opt/airflow/dags/filter_questions.py
[2026-03-28T19:00:40.324+0000] {logging_mixin.py:188} INFO - [2026-03-28T19:00:40.323+0000] {dag.py:3096} INFO - Sync 1 DAGs
[2026-03-28T19:00:40.340+0000] {logging_mixin.py:188} INFO - [2026-03-28T19:00:40.340+0000] {dag.py:3954} INFO - Setting next_dagrun for dag_filter_questions to None, run_after=None
[2026-03-28T19:00:40.364+0000] {processor.py:183} INFO - Processing /opt/airflow/dags/filter_questions.py took 0.098 seconds
[2026-03-28T19:01:10.681+0000] {processor.py:161} INFO - Started process (PID=1985) to work on /opt/airflow/dags/filter_questions.py
[2026-03-28T19:01:10.683+0000] {processor.py:830} INFO - Processing file /opt/airflow/dags/filter_questions.py for tasks to queue
[2026-03-28T19:01:10.684+0000] {logging_mixin.py:188} INFO - [2026-03-28T19:01:10.684+0000] {dagbag.py:545} INFO - Filling up the DagBag from /opt/airflow/dags/filter_questions.py
[2026-03-28T19:01:10.695+0000] {processor.py:840} INFO - DAG(s) 'dag_filter_questions' retrieved from /opt/airflow/dags/filter_questions.py
[2026-03-28T19:01:10.729+0000] {logging_mixin.py:188} INFO - [2026-03-28T19:01:10.728+0000] {dag.py:3096} INFO - Sync 1 DAGs
[2026-03-28T19:01:10.744+0000] {logging_mixin.py:188} INFO - [2026-03-28T19:01:10.744+0000] {dag.py:3954} INFO - Setting next_dagrun for dag_filter_questions to None, run_after=None
[2026-03-28T19:01:10.769+0000] {processor.py:183} INFO - Processing /opt/airflow/dags/filter_questions.py took 0.095 seconds
[2026-03-28T19:01:41.149+0000] {processor.py:161} INFO - Started process (PID=2000) to work on /opt/airflow/dags/filter_questions.py
[2026-03-28T19:01:41.150+0000] {processor.py:830} INFO - Processing file /opt/airflow/dags/filter_questions.py for tasks to queue
[2026-03-28T19:01:41.150+0000] {logging_mixin.py:188} INFO - [2026-03-28T19:01:41.150+0000] {dagbag.py:545} INFO - Filling up the DagBag from /opt/airflow/dags/filter_questions.py
[2026-03-28T19:01:41.161+0000] {processor.py:840} INFO - DAG(s) 'dag_filter_questions' retrieved from /opt/airflow/dags/filter_questions.py
[2026-03-28T19:01:41.198+0000] {logging_mixin.py:188} INFO - [2026-03-28T19:01:41.198+0000] {dag.py:3096} INFO - Sync 1 DAGs
[2026-03-28T19:01:41.215+0000] {logging_mixin.py:188} INFO - [2026-03-28T19:01:41.214+0000] {dag.py:3954} INFO - Setting next_dagrun for dag_filter_questions to None, run_after=None
[2026-03-28T19:01:41.238+0000] {processor.py:183} INFO - Processing /opt/airflow/dags/filter_questions.py took 0.097 seconds
[2026-03-28T19:02:11.568+0000] {processor.py:161} INFO - Started process (PID=2015) to work on /opt/airflow/dags/filter_questions.py
[2026-03-28T19:02:11.587+0000] {processor.py:830} INFO - Processing file /opt/airflow/dags/filter_questions.py for tasks to queue
[2026-03-28T19:02:11.589+0000] {logging_mixin.py:188} INFO - [2026-03-28T19:02:11.588+0000] {dagbag.py:545} INFO - Filling up the DagBag from /opt/airflow/dags/filter_questions.py
[2026-03-28T19:02:11.600+0000] {processor.py:840} INFO - DAG(s) 'dag_filter_questions' retrieved from /opt/airflow/dags/filter_questions.py
[2026-03-28T19:02:11.634+0000] {logging_mixin.py:188} INFO - [2026-03-28T19:02:11.634+0000] {dag.py:3096} INFO - Sync 1 DAGs
[2026-03-28T19:02:11.650+0000] {logging_mixin.py:188} INFO - [2026-03-28T19:02:11.650+0000] {dag.py:3954} INFO - Setting next_dagrun for dag_filter_questions to None, run_after=None
[2026-03-28T19:02:11.678+0000] {processor.py:183} INFO - Processing /opt/airflow/dags/filter_questions.py took 0.117 seconds
[2026-03-28T19:02:41.974+0000] {processor.py:161} INFO - Started process (PID=2030) to work on /opt/airflow/dags/filter_questions.py
[2026-03-28T19:02:41.975+0000] {processor.py:830} INFO - Processing file /opt/airflow/dags/filter_questions.py for tasks to queue
[2026-03-28T19:02:41.977+0000] {logging_mixin.py:188} INFO - [2026-03-28T19:02:41.976+0000] {dagbag.py:545} INFO - Filling up the DagBag from /opt/airflow/dags/filter_questions.py
[2026-03-28T19:02:41.987+0000] {processor.py:840} INFO - DAG(s) 'dag_filter_questions' retrieved from /opt/airflow/dags/filter_questions.py
[2026-03-28T19:02:42.024+0000] {logging_mixin.py:188} INFO - [2026-03-28T19:02:42.023+0000] {dag.py:3096} INFO - Sync 1 DAGs
[2026-03-28T19:02:42.040+0000] {logging_mixin.py:188} INFO - [2026-03-28T19:02:42.040+0000] {dag.py:3954} INFO - Setting next_dagrun for dag_filter_questions to None, run_after=None
[2026-03-28T19:02:42.065+0000] {processor.py:183} INFO - Processing /opt/airflow/dags/filter_questions.py took 0.098 seconds
[2026-03-28T19:03:12.396+0000] {processor.py:161} INFO - Started process (PID=2045) to work on /opt/airflow/dags/filter_questions.py
[2026-03-28T19:03:12.398+0000] {processor.py:830} INFO - Processing file /opt/airflow/dags/filter_questions.py for tasks to queue
[2026-03-28T19:03:12.399+0000] {logging_mixin.py:188} INFO - [2026-03-28T19:03:12.399+0000] {dagbag.py:545} INFO - Filling up the DagBag from /opt/airflow/dags/filter_questions.py
[2026-03-28T19:03:12.410+0000] {processor.py:840} INFO - DAG(s) 'dag_filter_questions' retrieved from /opt/airflow/dags/filter_questions.py
[2026-03-28T19:03:12.446+0000] {logging_mixin.py:188} INFO - [2026-03-28T19:03:12.446+0000] {dag.py:3096} INFO - Sync 1 DAGs
[2026-03-28T19:03:12.460+0000] {logging_mixin.py:188} INFO - [2026-03-28T19:03:12.460+0000] {dag.py:3954} INFO - Setting next_dagrun for dag_filter_questions to None, run_after=None
[2026-03-28T19:03:12.486+0000] {processor.py:183} INFO - Processing /opt/airflow/dags/filter_questions.py took 0.115 seconds
[2026-03-28T19:03:42.788+0000] {processor.py:161} INFO - Started process (PID=2060) to work on /opt/airflow/dags/filter_questions.py
[2026-03-28T19:03:42.789+0000] {processor.py:830} INFO - Processing file /opt/airflow/dags/filter_questions.py for tasks to queue
[2026-03-28T19:03:42.790+0000] {logging_mixin.py:188} INFO - [2026-03-28T19:03:42.790+0000] {dagbag.py:545} INFO - Filling up the DagBag from /opt/airflow/dags/filter_questions.py
[2026-03-28T19:03:42.803+0000] {processor.py:840} INFO - DAG(s) 'dag_filter_questions' retrieved from /opt/airflow/dags/filter_questions.py
[2026-03-28T19:03:42.844+0000] {logging_mixin.py:188} INFO - [2026-03-28T19:03:42.844+0000] {dag.py:3096} INFO - Sync 1 DAGs
[2026-03-28T19:03:42.860+0000] {logging_mixin.py:188} INFO - [2026-03-28T19:03:42.860+0000] {dag.py:3954} INFO - Setting next_dagrun for dag_filter_questions to None, run_after=None
[2026-03-28T19:03:42.886+0000] {processor.py:183} INFO - Processing /opt/airflow/dags/filter_questions.py took 0.105 seconds
[2026-03-28T19:04:13.190+0000] {processor.py:161} INFO - Started process (PID=2075) to work on /opt/airflow/dags/filter_questions.py
[2026-03-28T19:04:13.192+0000] {processor.py:830} INFO - Processing file /opt/airflow/dags/filter_questions.py for tasks to queue
[2026-03-28T19:04:13.194+0000] {logging_mixin.py:188} INFO - [2026-03-28T19:04:13.193+0000] {dagbag.py:545} INFO - Filling up the DagBag from /opt/airflow/dags/filter_questions.py
[2026-03-28T19:04:13.205+0000] {processor.py:840} INFO - DAG(s) 'dag_filter_questions' retrieved from /opt/airflow/dags/filter_questions.py
[2026-03-28T19:04:13.241+0000] {logging_mixin.py:188} INFO - [2026-03-28T19:04:13.240+0000] {dag.py:3096} INFO - Sync 1 DAGs
[2026-03-28T19:04:13.257+0000] {logging_mixin.py:188} INFO - [2026-03-28T19:04:13.257+0000] {dag.py:3954} INFO - Setting next_dagrun for dag_filter_questions to None, run_after=None
[2026-03-28T19:04:13.281+0000] {processor.py:183} INFO - Processing /opt/airflow/dags/filter_questions.py took 0.099 seconds
[2026-03-28T19:04:43.628+0000] {processor.py:161} INFO - Started process (PID=2090) to work on /opt/airflow/dags/filter_questions.py
[2026-03-28T19:04:43.630+0000] {processor.py:830} INFO - Processing file /opt/airflow/dags/filter_questions.py for tasks to queue
[2026-03-28T19:04:43.632+0000] {logging_mixin.py:188} INFO - [2026-03-28T19:04:43.631+0000] {dagbag.py:545} INFO - Filling up the DagBag from /opt/airflow/dags/filter_questions.py
[2026-03-28T19:04:43.643+0000] {processor.py:840} INFO - DAG(s) 'dag_filter_questions' retrieved from /opt/airflow/dags/filter_questions.py
[2026-03-28T19:04:43.680+0000] {logging_mixin.py:188} INFO - [2026-03-28T19:04:43.680+0000] {dag.py:3096} INFO - Sync 1 DAGs
[2026-03-28T19:04:43.695+0000] {logging_mixin.py:188} INFO - [2026-03-28T19:04:43.694+0000] {dag.py:3954} INFO - Setting next_dagrun for dag_filter_questions to None, run_after=None
[2026-03-28T19:04:43.721+0000] {processor.py:183} INFO - Processing /opt/airflow/dags/filter_questions.py took 0.100 seconds
[2026-03-28T19:05:14.044+0000] {processor.py:161} INFO - Started process (PID=2105) to work on /opt/airflow/dags/filter_questions.py
[2026-03-28T19:05:14.046+0000] {processor.py:830} INFO - Processing file /opt/airflow/dags/filter_questions.py for tasks to queue
[2026-03-28T19:05:14.047+0000] {logging_mixin.py:188} INFO - [2026-03-28T19:05:14.047+0000] {dagbag.py:545} INFO - Filling up the DagBag from /opt/airflow/dags/filter_questions.py
[2026-03-28T19:05:14.058+0000] {processor.py:840} INFO - DAG(s) 'dag_filter_questions' retrieved from /opt/airflow/dags/filter_questions.py
[2026-03-28T19:05:14.096+0000] {logging_mixin.py:188} INFO - [2026-03-28T19:05:14.095+0000] {dag.py:3096} INFO - Sync 1 DAGs
[2026-03-28T19:05:14.111+0000] {logging_mixin.py:188} INFO - [2026-03-28T19:05:14.111+0000] {dag.py:3954} INFO - Setting next_dagrun for dag_filter_questions to None, run_after=None
[2026-03-28T19:05:14.135+0000] {processor.py:183} INFO - Processing /opt/airflow/dags/filter_questions.py took 0.100 seconds
[2026-03-28T19:05:44.427+0000] {processor.py:161} INFO - Started process (PID=2120) to work on /opt/airflow/dags/filter_questions.py
[2026-03-28T19:05:44.429+0000] {processor.py:830} INFO - Processing file /opt/airflow/dags/filter_questions.py for tasks to queue
[2026-03-28T19:05:44.431+0000] {logging_mixin.py:188} INFO - [2026-03-28T19:05:44.430+0000] {dagbag.py:545} INFO - Filling up the DagBag from /opt/airflow/dags/filter_questions.py
[2026-03-28T19:05:44.442+0000] {processor.py:840} INFO - DAG(s) 'dag_filter_questions' retrieved from /opt/airflow/dags/filter_questions.py
[2026-03-28T19:05:44.477+0000] {logging_mixin.py:188} INFO - [2026-03-28T19:05:44.477+0000] {dag.py:3096} INFO - Sync 1 DAGs
[2026-03-28T19:05:44.493+0000] {logging_mixin.py:188} INFO - [2026-03-28T19:05:44.492+0000] {dag.py:3954} INFO - Setting next_dagrun for dag_filter_questions to None, run_after=None
[2026-03-28T19:05:44.521+0000] {processor.py:183} INFO - Processing /opt/airflow/dags/filter_questions.py took 0.100 seconds
[2026-03-28T19:06:14.842+0000] {processor.py:161} INFO - Started process (PID=2135) to work on /opt/airflow/dags/filter_questions.py
[2026-03-28T19:06:14.843+0000] {processor.py:830} INFO - Processing file /opt/airflow/dags/filter_questions.py for tasks to queue
[2026-03-28T19:06:14.844+0000] {logging_mixin.py:188} INFO - [2026-03-28T19:06:14.844+0000] {dagbag.py:545} INFO - Filling up the DagBag from /opt/airflow/dags/filter_questions.py
[2026-03-28T19:06:14.855+0000] {processor.py:840} INFO - DAG(s) 'dag_filter_questions' retrieved from /opt/airflow/dags/filter_questions.py
[2026-03-28T19:06:14.891+0000] {logging_mixin.py:188} INFO - [2026-03-28T19:06:14.891+0000] {dag.py:3096} INFO - Sync 1 DAGs
[2026-03-28T19:06:14.908+0000] {logging_mixin.py:188} INFO - [2026-03-28T19:06:14.907+0000] {dag.py:3954} INFO - Setting next_dagrun for dag_filter_questions to None, run_after=None
[2026-03-28T19:06:14.932+0000] {processor.py:183} INFO - Processing /opt/airflow/dags/filter_questions.py took 0.097 seconds
[2026-03-28T19:06:45.295+0000] {processor.py:161} INFO - Started process (PID=2150) to work on /opt/airflow/dags/filter_questions.py
[2026-03-28T19:06:45.297+0000] {processor.py:830} INFO - Processing file /opt/airflow/dags/filter_questions.py for tasks to queue
[2026-03-28T19:06:45.298+0000] {logging_mixin.py:188} INFO - [2026-03-28T19:06:45.298+0000] {dagbag.py:545} INFO - Filling up the DagBag from /opt/airflow/dags/filter_questions.py
[2026-03-28T19:06:45.314+0000] {processor.py:840} INFO - DAG(s) 'dag_filter_questions' retrieved from /opt/airflow/dags/filter_questions.py
[2026-03-28T19:06:45.352+0000] {logging_mixin.py:188} INFO - [2026-03-28T19:06:45.351+0000] {dag.py:3096} INFO - Sync 1 DAGs
[2026-03-28T19:06:45.366+0000] {logging_mixin.py:188} INFO - [2026-03-28T19:06:45.365+0000] {dag.py:3954} INFO - Setting next_dagrun for dag_filter_questions to None, run_after=None
[2026-03-28T19:06:45.393+0000] {processor.py:183} INFO - Processing /opt/airflow/dags/filter_questions.py took 0.108 seconds
[2026-03-28T19:07:15.743+0000] {processor.py:161} INFO - Started process (PID=2165) to work on /opt/airflow/dags/filter_questions.py
[2026-03-28T19:07:15.745+0000] {processor.py:830} INFO - Processing file /opt/airflow/dags/filter_questions.py for tasks to queue
[2026-03-28T19:07:15.746+0000] {logging_mixin.py:188} INFO - [2026-03-28T19:07:15.745+0000] {dagbag.py:545} INFO - Filling up the DagBag from /opt/airflow/dags/filter_questions.py
[2026-03-28T19:07:15.756+0000] {processor.py:840} INFO - DAG(s) 'dag_filter_questions' retrieved from /opt/airflow/dags/filter_questions.py
[2026-03-28T19:07:15.791+0000] {logging_mixin.py:188} INFO - [2026-03-28T19:07:15.791+0000] {dag.py:3096} INFO - Sync 1 DAGs
[2026-03-28T19:07:15.805+0000] {logging_mixin.py:188} INFO - [2026-03-28T19:07:15.805+0000] {dag.py:3954} INFO - Setting next_dagrun for dag_filter_questions to None, run_after=None
[2026-03-28T19:07:15.830+0000] {processor.py:183} INFO - Processing /opt/airflow/dags/filter_questions.py took 0.094 seconds
[2026-03-28T19:07:46.138+0000] {processor.py:161} INFO - Started process (PID=2180) to work on /opt/airflow/dags/filter_questions.py
[2026-03-28T19:07:46.139+0000] {processor.py:830} INFO - Processing file /opt/airflow/dags/filter_questions.py for tasks to queue
[2026-03-28T19:07:46.140+0000] {logging_mixin.py:188} INFO - [2026-03-28T19:07:46.140+0000] {dagbag.py:545} INFO - Filling up the DagBag from /opt/airflow/dags/filter_questions.py
[2026-03-28T19:07:46.150+0000] {processor.py:840} INFO - DAG(s) 'dag_filter_questions' retrieved from /opt/airflow/dags/filter_questions.py
[2026-03-28T19:07:46.184+0000] {logging_mixin.py:188} INFO - [2026-03-28T19:07:46.184+0000] {dag.py:3096} INFO - Sync 1 DAGs
[2026-03-28T19:07:46.199+0000] {logging_mixin.py:188} INFO - [2026-03-28T19:07:46.198+0000] {dag.py:3954} INFO - Setting next_dagrun for dag_filter_questions to None, run_after=None
[2026-03-28T19:07:46.224+0000] {processor.py:183} INFO - Processing /opt/airflow/dags/filter_questions.py took 0.093 seconds
[2026-03-28T19:08:16.546+0000] {processor.py:161} INFO - Started process (PID=2195) to work on /opt/airflow/dags/filter_questions.py
[2026-03-28T19:08:16.548+0000] {processor.py:830} INFO - Processing file /opt/airflow/dags/filter_questions.py for tasks to queue
[2026-03-28T19:08:16.549+0000] {logging_mixin.py:188} INFO - [2026-03-28T19:08:16.548+0000] {dagbag.py:545} INFO - Filling up the DagBag from /opt/airflow/dags/filter_questions.py
[2026-03-28T19:08:16.560+0000] {processor.py:840} INFO - DAG(s) 'dag_filter_questions' retrieved from /opt/airflow/dags/filter_questions.py
[2026-03-28T19:08:16.596+0000] {logging_mixin.py:188} INFO - [2026-03-28T19:08:16.596+0000] {dag.py:3096} INFO - Sync 1 DAGs
[2026-03-28T19:08:16.611+0000] {logging_mixin.py:188} INFO - [2026-03-28T19:08:16.611+0000] {dag.py:3954} INFO - Setting next_dagrun for dag_filter_questions to None, run_after=None
[2026-03-28T19:08:16.634+0000] {processor.py:183} INFO - Processing /opt/airflow/dags/filter_questions.py took 0.095 seconds
[2026-03-28T19:08:46.955+0000] {processor.py:161} INFO - Started process (PID=2210) to work on /opt/airflow/dags/filter_questions.py
[2026-03-28T19:08:46.971+0000] {processor.py:830} INFO - Processing file /opt/airflow/dags/filter_questions.py for tasks to queue
[2026-03-28T19:08:46.973+0000] {logging_mixin.py:188} INFO - [2026-03-28T19:08:46.972+0000] {dagbag.py:545} INFO - Filling up the DagBag from /opt/airflow/dags/filter_questions.py
[2026-03-28T19:08:46.986+0000] {processor.py:840} INFO - DAG(s) 'dag_filter_questions' retrieved from /opt/airflow/dags/filter_questions.py
[2026-03-28T19:08:47.027+0000] {logging_mixin.py:188} INFO - [2026-03-28T19:08:47.026+0000] {dag.py:3096} INFO - Sync 1 DAGs
[2026-03-28T19:08:47.045+0000] {logging_mixin.py:188} INFO - [2026-03-28T19:08:47.045+0000] {dag.py:3954} INFO - Setting next_dagrun for dag_filter_questions to None, run_after=None
[2026-03-28T19:08:47.074+0000] {processor.py:183} INFO - Processing /opt/airflow/dags/filter_questions.py took 0.126 seconds
[2026-03-28T19:09:17.359+0000] {processor.py:161} INFO - Started process (PID=2225) to work on /opt/airflow/dags/filter_questions.py
[2026-03-28T19:09:17.364+0000] {processor.py:830} INFO - Processing file /opt/airflow/dags/filter_questions.py for tasks to queue
[2026-03-28T19:09:17.365+0000] {logging_mixin.py:188} INFO - [2026-03-28T19:09:17.365+0000] {dagbag.py:545} INFO - Filling up the DagBag from /opt/airflow/dags/filter_questions.py
[2026-03-28T19:09:17.382+0000] {processor.py:840} INFO - DAG(s) 'dag_filter_questions' retrieved from /opt/airflow/dags/filter_questions.py
[2026-03-28T19:09:17.419+0000] {logging_mixin.py:188} INFO - [2026-03-28T19:09:17.419+0000] {dag.py:3096} INFO - Sync 1 DAGs
[2026-03-28T19:09:17.435+0000] {logging_mixin.py:188} INFO - [2026-03-28T19:09:17.435+0000] {dag.py:3954} INFO - Setting next_dagrun for dag_filter_questions to None, run_after=None
[2026-03-28T19:09:17.467+0000] {processor.py:183} INFO - Processing /opt/airflow/dags/filter_questions.py took 0.116 seconds
[2026-03-28T19:09:47.794+0000] {processor.py:161} INFO - Started process (PID=2240) to work on /opt/airflow/dags/filter_questions.py
[2026-03-28T19:09:47.795+0000] {processor.py:830} INFO - Processing file /opt/airflow/dags/filter_questions.py for tasks to queue
[2026-03-28T19:09:47.796+0000] {logging_mixin.py:188} INFO - [2026-03-28T19:09:47.796+0000] {dagbag.py:545} INFO - Filling up the DagBag from /opt/airflow/dags/filter_questions.py
[2026-03-28T19:09:47.807+0000] {processor.py:840} INFO - DAG(s) 'dag_filter_questions' retrieved from /opt/airflow/dags/filter_questions.py
[2026-03-28T19:09:47.844+0000] {logging_mixin.py:188} INFO - [2026-03-28T19:09:47.844+0000] {dag.py:3096} INFO - Sync 1 DAGs
[2026-03-28T19:09:47.858+0000] {logging_mixin.py:188} INFO - [2026-03-28T19:09:47.858+0000] {dag.py:3954} INFO - Setting next_dagrun for dag_filter_questions to None, run_after=None
[2026-03-28T19:09:47.881+0000] {processor.py:183} INFO - Processing /opt/airflow/dags/filter_questions.py took 0.094 seconds
[2026-03-28T19:10:18.191+0000] {processor.py:161} INFO - Started process (PID=2255) to work on /opt/airflow/dags/filter_questions.py
[2026-03-28T19:10:18.192+0000] {processor.py:830} INFO - Processing file /opt/airflow/dags/filter_questions.py for tasks to queue
[2026-03-28T19:10:18.193+0000] {logging_mixin.py:188} INFO - [2026-03-28T19:10:18.193+0000] {dagbag.py:545} INFO - Filling up the DagBag from /opt/airflow/dags/filter_questions.py
[2026-03-28T19:10:18.203+0000] {processor.py:840} INFO - DAG(s) 'dag_filter_questions' retrieved from /opt/airflow/dags/filter_questions.py
[2026-03-28T19:10:18.239+0000] {logging_mixin.py:188} INFO - [2026-03-28T19:10:18.238+0000] {dag.py:3096} INFO - Sync 1 DAGs
[2026-03-28T19:10:18.257+0000] {logging_mixin.py:188} INFO - [2026-03-28T19:10:18.257+0000] {dag.py:3954} INFO - Setting next_dagrun for dag_filter_questions to None, run_after=None
[2026-03-28T19:10:18.282+0000] {processor.py:183} INFO - Processing /opt/airflow/dags/filter_questions.py took 0.098 seconds
[2026-03-28T19:10:48.585+0000] {processor.py:161} INFO - Started process (PID=2270) to work on /opt/airflow/dags/filter_questions.py
[2026-03-28T19:10:48.585+0000] {processor.py:830} INFO - Processing file /opt/airflow/dags/filter_questions.py for tasks to queue
[2026-03-28T19:10:48.586+0000] {logging_mixin.py:188} INFO - [2026-03-28T19:10:48.586+0000] {dagbag.py:545} INFO - Filling up the DagBag from /opt/airflow/dags/filter_questions.py
[2026-03-28T19:10:48.597+0000] {processor.py:840} INFO - DAG(s) 'dag_filter_questions' retrieved from /opt/airflow/dags/filter_questions.py
[2026-03-28T19:10:48.631+0000] {logging_mixin.py:188} INFO - [2026-03-28T19:10:48.631+0000] {dag.py:3096} INFO - Sync 1 DAGs
[2026-03-28T19:10:48.645+0000] {logging_mixin.py:188} INFO - [2026-03-28T19:10:48.644+0000] {dag.py:3954} INFO - Setting next_dagrun for dag_filter_questions to None, run_after=None
[2026-03-28T19:10:48.669+0000] {processor.py:183} INFO - Processing /opt/airflow/dags/filter_questions.py took 0.092 seconds
[2026-03-28T19:11:18.995+0000] {processor.py:161} INFO - Started process (PID=2285) to work on /opt/airflow/dags/filter_questions.py
[2026-03-28T19:11:18.997+0000] {processor.py:830} INFO - Processing file /opt/airflow/dags/filter_questions.py for tasks to queue
[2026-03-28T19:11:18.998+0000] {logging_mixin.py:188} INFO - [2026-03-28T19:11:18.997+0000] {dagbag.py:545} INFO - Filling up the DagBag from /opt/airflow/dags/filter_questions.py
[2026-03-28T19:11:19.009+0000] {processor.py:840} INFO - DAG(s) 'dag_filter_questions' retrieved from /opt/airflow/dags/filter_questions.py
[2026-03-28T19:11:19.044+0000] {logging_mixin.py:188} INFO - [2026-03-28T19:11:19.043+0000] {dag.py:3096} INFO - Sync 1 DAGs
[2026-03-28T19:11:19.059+0000] {logging_mixin.py:188} INFO - [2026-03-28T19:11:19.058+0000] {dag.py:3954} INFO - Setting next_dagrun for dag_filter_questions to None, run_after=None
[2026-03-28T19:11:19.083+0000] {processor.py:183} INFO - Processing /opt/airflow/dags/filter_questions.py took 0.096 seconds
[2026-03-28T19:11:49.421+0000] {processor.py:161} INFO - Started process (PID=2300) to work on /opt/airflow/dags/filter_questions.py
[2026-03-28T19:11:49.423+0000] {processor.py:830} INFO - Processing file /opt/airflow/dags/filter_questions.py for tasks to queue
[2026-03-28T19:11:49.424+0000] {logging_mixin.py:188} INFO - [2026-03-28T19:11:49.424+0000] {dagbag.py:545} INFO - Filling up the DagBag from /opt/airflow/dags/filter_questions.py
[2026-03-28T19:11:49.435+0000] {processor.py:840} INFO - DAG(s) 'dag_filter_questions' retrieved from /opt/airflow/dags/filter_questions.py
[2026-03-28T19:11:49.470+0000] {logging_mixin.py:188} INFO - [2026-03-28T19:11:49.469+0000] {dag.py:3096} INFO - Sync 1 DAGs
[2026-03-28T19:11:49.483+0000] {logging_mixin.py:188} INFO - [2026-03-28T19:11:49.483+0000] {dag.py:3954} INFO - Setting next_dagrun for dag_filter_questions to None, run_after=None
[2026-03-28T19:11:49.508+0000] {processor.py:183} INFO - Processing /opt/airflow/dags/filter_questions.py took 0.094 seconds
[2026-03-28T19:12:19.818+0000] {processor.py:161} INFO - Started process (PID=2315) to work on /opt/airflow/dags/filter_questions.py
[2026-03-28T19:12:19.837+0000] {processor.py:830} INFO - Processing file /opt/airflow/dags/filter_questions.py for tasks to queue
[2026-03-28T19:12:19.838+0000] {logging_mixin.py:188} INFO - [2026-03-28T19:12:19.838+0000] {dagbag.py:545} INFO - Filling up the DagBag from /opt/airflow/dags/filter_questions.py
[2026-03-28T19:12:19.850+0000] {processor.py:840} INFO - DAG(s) 'dag_filter_questions' retrieved from /opt/airflow/dags/filter_questions.py
[2026-03-28T19:12:19.883+0000] {logging_mixin.py:188} INFO - [2026-03-28T19:12:19.883+0000] {dag.py:3096} INFO - Sync 1 DAGs
[2026-03-28T19:12:19.897+0000] {logging_mixin.py:188} INFO - [2026-03-28T19:12:19.896+0000] {dag.py:3954} INFO - Setting next_dagrun for dag_filter_questions to None, run_after=None
[2026-03-28T19:12:19.920+0000] {processor.py:183} INFO - Processing /opt/airflow/dags/filter_questions.py took 0.109 seconds
[2026-03-28T19:12:50.227+0000] {processor.py:161} INFO - Started process (PID=2330) to work on /opt/airflow/dags/filter_questions.py
[2026-03-28T19:12:50.229+0000] {processor.py:830} INFO - Processing file /opt/airflow/dags/filter_questions.py for tasks to queue
[2026-03-28T19:12:50.231+0000] {logging_mixin.py:188} INFO - [2026-03-28T19:12:50.230+0000] {dagbag.py:545} INFO - Filling up the DagBag from /opt/airflow/dags/filter_questions.py
[2026-03-28T19:12:50.241+0000] {processor.py:840} INFO - DAG(s) 'dag_filter_questions' retrieved from /opt/airflow/dags/filter_questions.py
[2026-03-28T19:12:50.274+0000] {logging_mixin.py:188} INFO - [2026-03-28T19:12:50.274+0000] {dag.py:3096} INFO - Sync 1 DAGs
[2026-03-28T19:12:50.289+0000] {logging_mixin.py:188} INFO - [2026-03-28T19:12:50.288+0000] {dag.py:3954} INFO - Setting next_dagrun for dag_filter_questions to None, run_after=None
[2026-03-28T19:12:50.312+0000] {processor.py:183} INFO - Processing /opt/airflow/dags/filter_questions.py took 0.091 seconds
[2026-03-28T19:13:20.659+0000] {processor.py:161} INFO - Started process (PID=2345) to work on /opt/airflow/dags/filter_questions.py
[2026-03-28T19:13:20.661+0000] {processor.py:830} INFO - Processing file /opt/airflow/dags/filter_questions.py for tasks to queue
[2026-03-28T19:13:20.662+0000] {logging_mixin.py:188} INFO - [2026-03-28T19:13:20.661+0000] {dagbag.py:545} INFO - Filling up the DagBag from /opt/airflow/dags/filter_questions.py
[2026-03-28T19:13:20.673+0000] {processor.py:840} INFO - DAG(s) 'dag_filter_questions' retrieved from /opt/airflow/dags/filter_questions.py
[2026-03-28T19:13:20.709+0000] {logging_mixin.py:188} INFO - [2026-03-28T19:13:20.709+0000] {dag.py:3096} INFO - Sync 1 DAGs
[2026-03-28T19:13:20.724+0000] {logging_mixin.py:188} INFO - [2026-03-28T19:13:20.724+0000] {dag.py:3954} INFO - Setting next_dagrun for dag_filter_questions to None, run_after=None
[2026-03-28T19:13:20.748+0000] {processor.py:183} INFO - Processing /opt/airflow/dags/filter_questions.py took 0.097 seconds
[2026-03-28T19:13:51.052+0000] {processor.py:161} INFO - Started process (PID=2360) to work on /opt/airflow/dags/filter_questions.py
[2026-03-28T19:13:51.070+0000] {processor.py:830} INFO - Processing file /opt/airflow/dags/filter_questions.py for tasks to queue
[2026-03-28T19:13:51.072+0000] {logging_mixin.py:188} INFO - [2026-03-28T19:13:51.071+0000] {dagbag.py:545} INFO - Filling up the DagBag from /opt/airflow/dags/filter_questions.py
[2026-03-28T19:13:51.083+0000] {processor.py:840} INFO - DAG(s) 'dag_filter_questions' retrieved from /opt/airflow/dags/filter_questions.py
[2026-03-28T19:13:51.118+0000] {logging_mixin.py:188} INFO - [2026-03-28T19:13:51.118+0000] {dag.py:3096} INFO - Sync 1 DAGs
[2026-03-28T19:13:51.132+0000] {logging_mixin.py:188} INFO - [2026-03-28T19:13:51.132+0000] {dag.py:3954} INFO - Setting next_dagrun for dag_filter_questions to None, run_after=None
[2026-03-28T19:13:51.156+0000] {processor.py:183} INFO - Processing /opt/airflow/dags/filter_questions.py took 0.111 seconds
[2026-03-28T19:14:21.456+0000] {processor.py:161} INFO - Started process (PID=2375) to work on /opt/airflow/dags/filter_questions.py
[2026-03-28T19:14:21.474+0000] {processor.py:830} INFO - Processing file /opt/airflow/dags/filter_questions.py for tasks to queue
[2026-03-28T19:14:21.476+0000] {logging_mixin.py:188} INFO - [2026-03-28T19:14:21.475+0000] {dagbag.py:545} INFO - Filling up the DagBag from /opt/airflow/dags/filter_questions.py
[2026-03-28T19:14:21.486+0000] {processor.py:840} INFO - DAG(s) 'dag_filter_questions' retrieved from /opt/airflow/dags/filter_questions.py
[2026-03-28T19:14:21.524+0000] {logging_mixin.py:188} INFO - [2026-03-28T19:14:21.524+0000] {dag.py:3096} INFO - Sync 1 DAGs
[2026-03-28T19:14:21.538+0000] {logging_mixin.py:188} INFO - [2026-03-28T19:14:21.538+0000] {dag.py:3954} INFO - Setting next_dagrun for dag_filter_questions to None, run_after=None
[2026-03-28T19:14:21.561+0000] {processor.py:183} INFO - Processing /opt/airflow/dags/filter_questions.py took 0.113 seconds
[2026-03-28T20:24:59.966+0000] {processor.py:161} INFO - Started process (PID=2380) to work on /opt/airflow/dags/filter_questions.py
[2026-03-28T20:24:59.972+0000] {processor.py:830} INFO - Processing file /opt/airflow/dags/filter_questions.py for tasks to queue
[2026-03-28T20:24:59.993+0000] {logging_mixin.py:188} INFO - [2026-03-28T20:24:59.986+0000] {dagbag.py:545} INFO - Filling up the DagBag from /opt/airflow/dags/filter_questions.py
[2026-03-28T20:25:00.090+0000] {processor.py:840} INFO - DAG(s) 'dag_filter_questions' retrieved from /opt/airflow/dags/filter_questions.py
[2026-03-28T20:25:00.227+0000] {logging_mixin.py:188} INFO - [2026-03-28T20:25:00.227+0000] {dag.py:3096} INFO - Sync 1 DAGs
[2026-03-28T20:25:00.278+0000] {logging_mixin.py:188} INFO - [2026-03-28T20:25:00.278+0000] {dag.py:3954} INFO - Setting next_dagrun for dag_filter_questions to None, run_after=None
[2026-03-28T20:25:00.326+0000] {processor.py:183} INFO - Processing /opt/airflow/dags/filter_questions.py took 0.411 seconds
[2026-03-28T20:25:01.581+0000] {processor.py:161} INFO - Started process (PID=2392) to work on /opt/airflow/dags/filter_questions.py
[2026-03-28T20:25:01.582+0000] {processor.py:830} INFO - Processing file /opt/airflow/dags/filter_questions.py for tasks to queue
[2026-03-28T20:25:01.588+0000] {logging_mixin.py:188} INFO - [2026-03-28T20:25:01.586+0000] {dagbag.py:545} INFO - Filling up the DagBag from /opt/airflow/dags/filter_questions.py
[2026-03-28T20:25:01.657+0000] {processor.py:840} INFO - DAG(s) 'dag_filter_questions' retrieved from /opt/airflow/dags/filter_questions.py
[2026-03-28T20:25:01.803+0000] {logging_mixin.py:188} INFO - [2026-03-28T20:25:01.803+0000] {dag.py:3096} INFO - Sync 1 DAGs
[2026-03-28T20:25:01.849+0000] {logging_mixin.py:188} INFO - [2026-03-28T20:25:01.848+0000] {dag.py:3954} INFO - Setting next_dagrun for dag_filter_questions to None, run_after=None
[2026-03-28T20:25:01.894+0000] {processor.py:183} INFO - Processing /opt/airflow/dags/filter_questions.py took 0.327 seconds
[2026-03-28T20:25:32.177+0000] {processor.py:161} INFO - Started process (PID=2407) to work on /opt/airflow/dags/filter_questions.py
[2026-03-28T20:25:32.183+0000] {processor.py:830} INFO - Processing file /opt/airflow/dags/filter_questions.py for tasks to queue
[2026-03-28T20:25:32.185+0000] {logging_mixin.py:188} INFO - [2026-03-28T20:25:32.184+0000] {dagbag.py:545} INFO - Filling up the DagBag from /opt/airflow/dags/filter_questions.py
[2026-03-28T20:25:32.211+0000] {processor.py:840} INFO - DAG(s) 'dag_filter_questions' retrieved from /opt/airflow/dags/filter_questions.py
[2026-03-28T20:25:32.251+0000] {logging_mixin.py:188} INFO - [2026-03-28T20:25:32.251+0000] {dag.py:3096} INFO - Sync 1 DAGs
[2026-03-28T20:25:32.266+0000] {logging_mixin.py:188} INFO - [2026-03-28T20:25:32.266+0000] {dag.py:3954} INFO - Setting next_dagrun for dag_filter_questions to None, run_after=None
[2026-03-28T20:25:32.293+0000] {processor.py:183} INFO - Processing /opt/airflow/dags/filter_questions.py took 0.125 seconds
[2026-03-28T20:26:02.555+0000] {processor.py:161} INFO - Started process (PID=2422) to work on /opt/airflow/dags/filter_questions.py
[2026-03-28T20:26:02.557+0000] {processor.py:830} INFO - Processing file /opt/airflow/dags/filter_questions.py for tasks to queue
[2026-03-28T20:26:02.558+0000] {logging_mixin.py:188} INFO - [2026-03-28T20:26:02.558+0000] {dagbag.py:545} INFO - Filling up the DagBag from /opt/airflow/dags/filter_questions.py
[2026-03-28T20:26:02.564+0000] {processor.py:840} INFO - DAG(s) 'dag_filter_questions' retrieved from /opt/airflow/dags/filter_questions.py
[2026-03-28T20:26:02.619+0000] {logging_mixin.py:188} INFO - [2026-03-28T20:26:02.619+0000] {dag.py:3096} INFO - Sync 1 DAGs
[2026-03-28T20:26:02.639+0000] {logging_mixin.py:188} INFO - [2026-03-28T20:26:02.639+0000] {dag.py:3954} INFO - Setting next_dagrun for dag_filter_questions to None, run_after=None
[2026-03-28T20:26:02.669+0000] {processor.py:183} INFO - Processing /opt/airflow/dags/filter_questions.py took 0.123 seconds
[2026-03-28T20:26:32.952+0000] {processor.py:161} INFO - Started process (PID=2437) to work on /opt/airflow/dags/filter_questions.py
[2026-03-28T20:26:32.954+0000] {processor.py:830} INFO - Processing file /opt/airflow/dags/filter_questions.py for tasks to queue
[2026-03-28T20:26:32.956+0000] {logging_mixin.py:188} INFO - [2026-03-28T20:26:32.955+0000] {dagbag.py:545} INFO - Filling up the DagBag from /opt/airflow/dags/filter_questions.py
[2026-03-28T20:26:32.964+0000] {processor.py:840} INFO - DAG(s) 'dag_filter_questions' retrieved from /opt/airflow/dags/filter_questions.py
[2026-03-28T20:26:33.012+0000] {logging_mixin.py:188} INFO - [2026-03-28T20:26:33.011+0000] {dag.py:3096} INFO - Sync 1 DAGs
[2026-03-28T20:26:33.029+0000] {logging_mixin.py:188} INFO - [2026-03-28T20:26:33.028+0000] {dag.py:3954} INFO - Setting next_dagrun for dag_filter_questions to None, run_after=None
[2026-03-28T20:26:33.056+0000] {processor.py:183} INFO - Processing /opt/airflow/dags/filter_questions.py took 0.113 seconds
[2026-03-28T20:27:03.397+0000] {processor.py:161} INFO - Started process (PID=2452) to work on /opt/airflow/dags/filter_questions.py
[2026-03-28T20:27:03.400+0000] {processor.py:830} INFO - Processing file /opt/airflow/dags/filter_questions.py for tasks to queue
[2026-03-28T20:27:03.401+0000] {logging_mixin.py:188} INFO - [2026-03-28T20:27:03.401+0000] {dagbag.py:545} INFO - Filling up the DagBag from /opt/airflow/dags/filter_questions.py
[2026-03-28T20:27:03.412+0000] {processor.py:840} INFO - DAG(s) 'dag_filter_questions' retrieved from /opt/airflow/dags/filter_questions.py
[2026-03-28T20:27:03.470+0000] {logging_mixin.py:188} INFO - [2026-03-28T20:27:03.470+0000] {dag.py:3096} INFO - Sync 1 DAGs
[2026-03-28T20:27:03.491+0000] {logging_mixin.py:188} INFO - [2026-03-28T20:27:03.491+0000] {dag.py:3954} INFO - Setting next_dagrun for dag_filter_questions to None, run_after=None
[2026-03-28T20:27:03.524+0000] {processor.py:183} INFO - Processing /opt/airflow/dags/filter_questions.py took 0.144 seconds
[2026-03-28T20:27:33.876+0000] {processor.py:161} INFO - Started process (PID=2467) to work on /opt/airflow/dags/filter_questions.py
[2026-03-28T20:27:33.879+0000] {processor.py:830} INFO - Processing file /opt/airflow/dags/filter_questions.py for tasks to queue
[2026-03-28T20:27:33.881+0000] {logging_mixin.py:188} INFO - [2026-03-28T20:27:33.880+0000] {dagbag.py:545} INFO - Filling up the DagBag from /opt/airflow/dags/filter_questions.py
[2026-03-28T20:27:33.889+0000] {processor.py:840} INFO - DAG(s) 'dag_filter_questions' retrieved from /opt/airflow/dags/filter_questions.py
[2026-03-28T20:27:33.950+0000] {logging_mixin.py:188} INFO - [2026-03-28T20:27:33.950+0000] {dag.py:3096} INFO - Sync 1 DAGs
[2026-03-28T20:27:33.974+0000] {logging_mixin.py:188} INFO - [2026-03-28T20:27:33.973+0000] {dag.py:3954} INFO - Setting next_dagrun for dag_filter_questions to None, run_after=None
[2026-03-28T20:27:34.009+0000] {processor.py:183} INFO - Processing /opt/airflow/dags/filter_questions.py took 0.143 seconds
[2026-03-28T20:28:04.384+0000] {processor.py:161} INFO - Started process (PID=2482) to work on /opt/airflow/dags/filter_questions.py
[2026-03-28T20:28:04.385+0000] {processor.py:830} INFO - Processing file /opt/airflow/dags/filter_questions.py for tasks to queue
[2026-03-28T20:28:04.386+0000] {logging_mixin.py:188} INFO - [2026-03-28T20:28:04.386+0000] {dagbag.py:545} INFO - Filling up the DagBag from /opt/airflow/dags/filter_questions.py
[2026-03-28T20:28:04.395+0000] {processor.py:840} INFO - DAG(s) 'dag_filter_questions' retrieved from /opt/airflow/dags/filter_questions.py
[2026-03-28T20:28:04.444+0000] {logging_mixin.py:188} INFO - [2026-03-28T20:28:04.444+0000] {dag.py:3096} INFO - Sync 1 DAGs
[2026-03-28T20:28:04.465+0000] {logging_mixin.py:188} INFO - [2026-03-28T20:28:04.465+0000] {dag.py:3954} INFO - Setting next_dagrun for dag_filter_questions to None, run_after=None
[2026-03-28T20:28:04.516+0000] {processor.py:183} INFO - Processing /opt/airflow/dags/filter_questions.py took 0.139 seconds
[2026-03-28T20:28:34.928+0000] {processor.py:161} INFO - Started process (PID=2497) to work on /opt/airflow/dags/filter_questions.py
[2026-03-28T20:28:34.946+0000] {processor.py:830} INFO - Processing file /opt/airflow/dags/filter_questions.py for tasks to queue
[2026-03-28T20:28:34.947+0000] {logging_mixin.py:188} INFO - [2026-03-28T20:28:34.947+0000] {dagbag.py:545} INFO - Filling up the DagBag from /opt/airflow/dags/filter_questions.py
[2026-03-28T20:28:34.956+0000] {processor.py:840} INFO - DAG(s) 'dag_filter_questions' retrieved from /opt/airflow/dags/filter_questions.py
[2026-03-28T20:28:35.006+0000] {logging_mixin.py:188} INFO - [2026-03-28T20:28:35.006+0000] {dag.py:3096} INFO - Sync 1 DAGs
[2026-03-28T20:28:35.031+0000] {logging_mixin.py:188} INFO - [2026-03-28T20:28:35.030+0000] {dag.py:3954} INFO - Setting next_dagrun for dag_filter_questions to None, run_after=None
[2026-03-28T20:28:35.076+0000] {processor.py:183} INFO - Processing /opt/airflow/dags/filter_questions.py took 0.156 seconds
[2026-03-28T20:29:05.669+0000] {processor.py:161} INFO - Started process (PID=2512) to work on /opt/airflow/dags/filter_questions.py
[2026-03-28T20:29:05.674+0000] {processor.py:830} INFO - Processing file /opt/airflow/dags/filter_questions.py for tasks to queue
[2026-03-28T20:29:05.679+0000] {logging_mixin.py:188} INFO - [2026-03-28T20:29:05.676+0000] {dagbag.py:545} INFO - Filling up the DagBag from /opt/airflow/dags/filter_questions.py
[2026-03-28T20:29:05.721+0000] {processor.py:840} INFO - DAG(s) 'dag_filter_questions' retrieved from /opt/airflow/dags/filter_questions.py
[2026-03-28T20:29:05.894+0000] {logging_mixin.py:188} INFO - [2026-03-28T20:29:05.893+0000] {dag.py:3096} INFO - Sync 1 DAGs
[2026-03-28T20:29:05.930+0000] {logging_mixin.py:188} INFO - [2026-03-28T20:29:05.930+0000] {dag.py:3954} INFO - Setting next_dagrun for dag_filter_questions to None, run_after=None
[2026-03-28T20:29:06.017+0000] {processor.py:183} INFO - Processing /opt/airflow/dags/filter_questions.py took 0.392 seconds
[2026-03-28T20:29:36.410+0000] {processor.py:161} INFO - Started process (PID=2527) to work on /opt/airflow/dags/filter_questions.py
[2026-03-28T20:29:36.411+0000] {processor.py:830} INFO - Processing file /opt/airflow/dags/filter_questions.py for tasks to queue
[2026-03-28T20:29:36.413+0000] {logging_mixin.py:188} INFO - [2026-03-28T20:29:36.412+0000] {dagbag.py:545} INFO - Filling up the DagBag from /opt/airflow/dags/filter_questions.py
[2026-03-28T20:29:36.421+0000] {processor.py:840} INFO - DAG(s) 'dag_filter_questions' retrieved from /opt/airflow/dags/filter_questions.py
[2026-03-28T20:29:36.466+0000] {logging_mixin.py:188} INFO - [2026-03-28T20:29:36.466+0000] {dag.py:3096} INFO - Sync 1 DAGs
[2026-03-28T20:29:36.483+0000] {logging_mixin.py:188} INFO - [2026-03-28T20:29:36.483+0000] {dag.py:3954} INFO - Setting next_dagrun for dag_filter_questions to None, run_after=None
[2026-03-28T20:29:36.513+0000] {processor.py:183} INFO - Processing /opt/airflow/dags/filter_questions.py took 0.119 seconds
[2026-03-28T20:30:06.913+0000] {processor.py:161} INFO - Started process (PID=2542) to work on /opt/airflow/dags/filter_questions.py
[2026-03-28T20:30:06.915+0000] {processor.py:830} INFO - Processing file /opt/airflow/dags/filter_questions.py for tasks to queue
[2026-03-28T20:30:06.916+0000] {logging_mixin.py:188} INFO - [2026-03-28T20:30:06.916+0000] {dagbag.py:545} INFO - Filling up the DagBag from /opt/airflow/dags/filter_questions.py
[2026-03-28T20:30:06.924+0000] {processor.py:840} INFO - DAG(s) 'dag_filter_questions' retrieved from /opt/airflow/dags/filter_questions.py
[2026-03-28T20:30:06.978+0000] {logging_mixin.py:188} INFO - [2026-03-28T20:30:06.978+0000] {dag.py:3096} INFO - Sync 1 DAGs
[2026-03-28T20:30:06.997+0000] {logging_mixin.py:188} INFO - [2026-03-28T20:30:06.997+0000] {dag.py:3954} INFO - Setting next_dagrun for dag_filter_questions to None, run_after=None
[2026-03-28T20:30:07.031+0000] {processor.py:183} INFO - Processing /opt/airflow/dags/filter_questions.py took 0.126 seconds
[2026-03-28T20:30:37.448+0000] {processor.py:161} INFO - Started process (PID=2557) to work on /opt/airflow/dags/filter_questions.py
[2026-03-28T20:30:37.453+0000] {processor.py:830} INFO - Processing file /opt/airflow/dags/filter_questions.py for tasks to queue
[2026-03-28T20:30:37.455+0000] {logging_mixin.py:188} INFO - [2026-03-28T20:30:37.454+0000] {dagbag.py:545} INFO - Filling up the DagBag from /opt/airflow/dags/filter_questions.py
[2026-03-28T20:30:37.465+0000] {processor.py:840} INFO - DAG(s) 'dag_filter_questions' retrieved from /opt/airflow/dags/filter_questions.py
[2026-03-28T20:30:37.571+0000] {logging_mixin.py:188} INFO - [2026-03-28T20:30:37.570+0000] {dag.py:3096} INFO - Sync 1 DAGs
[2026-03-28T20:30:37.623+0000] {logging_mixin.py:188} INFO - [2026-03-28T20:30:37.622+0000] {dag.py:3954} INFO - Setting next_dagrun for dag_filter_questions to None, run_after=None
[2026-03-28T20:30:37.654+0000] {processor.py:183} INFO - Processing /opt/airflow/dags/filter_questions.py took 0.216 seconds
[2026-03-28T20:31:08.020+0000] {processor.py:161} INFO - Started process (PID=2572) to work on /opt/airflow/dags/filter_questions.py
[2026-03-28T20:31:08.022+0000] {processor.py:830} INFO - Processing file /opt/airflow/dags/filter_questions.py for tasks to queue
[2026-03-28T20:31:08.023+0000] {logging_mixin.py:188} INFO - [2026-03-28T20:31:08.023+0000] {dagbag.py:545} INFO - Filling up the DagBag from /opt/airflow/dags/filter_questions.py
[2026-03-28T20:31:08.030+0000] {processor.py:840} INFO - DAG(s) 'dag_filter_questions' retrieved from /opt/airflow/dags/filter_questions.py
[2026-03-28T20:31:08.068+0000] {logging_mixin.py:188} INFO - [2026-03-28T20:31:08.068+0000] {dag.py:3096} INFO - Sync 1 DAGs
[2026-03-28T20:31:08.083+0000] {logging_mixin.py:188} INFO - [2026-03-28T20:31:08.083+0000] {dag.py:3954} INFO - Setting next_dagrun for dag_filter_questions to None, run_after=None
[2026-03-28T20:31:08.111+0000] {processor.py:183} INFO - Processing /opt/airflow/dags/filter_questions.py took 0.101 seconds
[2026-03-28T20:31:38.555+0000] {processor.py:161} INFO - Started process (PID=2587) to work on /opt/airflow/dags/filter_questions.py
[2026-03-28T20:31:38.561+0000] {processor.py:830} INFO - Processing file /opt/airflow/dags/filter_questions.py for tasks to queue
[2026-03-28T20:31:38.563+0000] {logging_mixin.py:188} INFO - [2026-03-28T20:31:38.562+0000] {dagbag.py:545} INFO - Filling up the DagBag from /opt/airflow/dags/filter_questions.py
[2026-03-28T20:31:38.576+0000] {processor.py:840} INFO - DAG(s) 'dag_filter_questions' retrieved from /opt/airflow/dags/filter_questions.py
[2026-03-28T20:31:38.648+0000] {logging_mixin.py:188} INFO - [2026-03-28T20:31:38.647+0000] {dag.py:3096} INFO - Sync 1 DAGs
[2026-03-28T20:31:38.683+0000] {logging_mixin.py:188} INFO - [2026-03-28T20:31:38.683+0000] {dag.py:3954} INFO - Setting next_dagrun for dag_filter_questions to None, run_after=None
[2026-03-28T20:31:38.723+0000] {processor.py:183} INFO - Processing /opt/airflow/dags/filter_questions.py took 0.181 seconds
[2026-03-28T20:31:40.868+0000] {processor.py:161} INFO - Started process (PID=2602) to work on /opt/airflow/dags/filter_questions.py
[2026-03-28T20:31:40.869+0000] {processor.py:830} INFO - Processing file /opt/airflow/dags/filter_questions.py for tasks to queue
[2026-03-28T20:31:40.870+0000] {logging_mixin.py:188} INFO - [2026-03-28T20:31:40.869+0000] {dagbag.py:545} INFO - Filling up the DagBag from /opt/airflow/dags/filter_questions.py
[2026-03-28T20:31:40.885+0000] {logging_mixin.py:188} INFO - [2026-03-28T20:31:40.875+0000] {dagbag.py:355} ERROR - Failed to import: /opt/airflow/dags/filter_questions.py
Traceback (most recent call last):
  File "/home/airflow/.local/lib/python3.12/site-packages/airflow/models/dagbag.py", line 351, in parse
    loader.exec_module(new_module)
  File "<frozen importlib._bootstrap_external>", line 991, in exec_module
  File "<frozen importlib._bootstrap_external>", line 1129, in get_code
  File "<frozen importlib._bootstrap_external>", line 1059, in source_to_code
  File "<frozen importlib._bootstrap>", line 488, in _call_with_frames_removed
  File "/opt/airflow/dags/filter_questions.py", line 36
    with DAG(
    ^^^^
IndentationError: expected an indented block after function definition on line 32
[2026-03-28T20:31:40.886+0000] {processor.py:842} WARNING - No viable dags retrieved from /opt/airflow/dags/filter_questions.py
[2026-03-28T20:31:40.927+0000] {processor.py:183} INFO - Processing /opt/airflow/dags/filter_questions.py took 0.068 seconds
[2026-03-28T20:32:11.287+0000] {processor.py:161} INFO - Started process (PID=2617) to work on /opt/airflow/dags/filter_questions.py
[2026-03-28T20:32:11.288+0000] {processor.py:830} INFO - Processing file /opt/airflow/dags/filter_questions.py for tasks to queue
[2026-03-28T20:32:11.290+0000] {logging_mixin.py:188} INFO - [2026-03-28T20:32:11.290+0000] {dagbag.py:545} INFO - Filling up the DagBag from /opt/airflow/dags/filter_questions.py
[2026-03-28T20:32:11.294+0000] {logging_mixin.py:188} INFO - [2026-03-28T20:32:11.293+0000] {dagbag.py:355} ERROR - Failed to import: /opt/airflow/dags/filter_questions.py
Traceback (most recent call last):
  File "/home/airflow/.local/lib/python3.12/site-packages/airflow/models/dagbag.py", line 351, in parse
    loader.exec_module(new_module)
  File "<frozen importlib._bootstrap_external>", line 991, in exec_module
  File "<frozen importlib._bootstrap_external>", line 1129, in get_code
  File "<frozen importlib._bootstrap_external>", line 1059, in source_to_code
  File "<frozen importlib._bootstrap>", line 488, in _call_with_frames_removed
  File "/opt/airflow/dags/filter_questions.py", line 36
    with DAG(
    ^^^^
IndentationError: expected an indented block after function definition on line 32
[2026-03-28T20:32:11.295+0000] {processor.py:842} WARNING - No viable dags retrieved from /opt/airflow/dags/filter_questions.py
[2026-03-28T20:32:11.324+0000] {processor.py:183} INFO - Processing /opt/airflow/dags/filter_questions.py took 0.047 seconds
[2026-03-28T20:32:41.779+0000] {processor.py:161} INFO - Started process (PID=2632) to work on /opt/airflow/dags/filter_questions.py
[2026-03-28T20:32:41.781+0000] {processor.py:830} INFO - Processing file /opt/airflow/dags/filter_questions.py for tasks to queue
[2026-03-28T20:32:41.782+0000] {logging_mixin.py:188} INFO - [2026-03-28T20:32:41.781+0000] {dagbag.py:545} INFO - Filling up the DagBag from /opt/airflow/dags/filter_questions.py
[2026-03-28T20:32:41.786+0000] {logging_mixin.py:188} INFO - [2026-03-28T20:32:41.785+0000] {dagbag.py:355} ERROR - Failed to import: /opt/airflow/dags/filter_questions.py
Traceback (most recent call last):
  File "/home/airflow/.local/lib/python3.12/site-packages/airflow/models/dagbag.py", line 351, in parse
    loader.exec_module(new_module)
  File "<frozen importlib._bootstrap_external>", line 991, in exec_module
  File "<frozen importlib._bootstrap_external>", line 1129, in get_code
  File "<frozen importlib._bootstrap_external>", line 1059, in source_to_code
  File "<frozen importlib._bootstrap>", line 488, in _call_with_frames_removed
  File "/opt/airflow/dags/filter_questions.py", line 36
    with DAG(
    ^^^^
IndentationError: expected an indented block after function definition on line 32
[2026-03-28T20:32:41.786+0000] {processor.py:842} WARNING - No viable dags retrieved from /opt/airflow/dags/filter_questions.py
[2026-03-28T20:32:41.821+0000] {processor.py:183} INFO - Processing /opt/airflow/dags/filter_questions.py took 0.056 seconds
[2026-03-28T20:33:12.214+0000] {processor.py:161} INFO - Started process (PID=2647) to work on /opt/airflow/dags/filter_questions.py
[2026-03-28T20:33:12.216+0000] {processor.py:830} INFO - Processing file /opt/airflow/dags/filter_questions.py for tasks to queue
[2026-03-28T20:33:12.218+0000] {logging_mixin.py:188} INFO - [2026-03-28T20:33:12.217+0000] {dagbag.py:545} INFO - Filling up the DagBag from /opt/airflow/dags/filter_questions.py
[2026-03-28T20:33:12.222+0000] {logging_mixin.py:188} INFO - [2026-03-28T20:33:12.221+0000] {dagbag.py:355} ERROR - Failed to import: /opt/airflow/dags/filter_questions.py
Traceback (most recent call last):
  File "/home/airflow/.local/lib/python3.12/site-packages/airflow/models/dagbag.py", line 351, in parse
    loader.exec_module(new_module)
  File "<frozen importlib._bootstrap_external>", line 991, in exec_module
  File "<frozen importlib._bootstrap_external>", line 1129, in get_code
  File "<frozen importlib._bootstrap_external>", line 1059, in source_to_code
  File "<frozen importlib._bootstrap>", line 488, in _call_with_frames_removed
  File "/opt/airflow/dags/filter_questions.py", line 36
    with DAG(
    ^^^^
IndentationError: expected an indented block after function definition on line 32
[2026-03-28T20:33:12.222+0000] {processor.py:842} WARNING - No viable dags retrieved from /opt/airflow/dags/filter_questions.py
[2026-03-28T20:33:12.254+0000] {processor.py:183} INFO - Processing /opt/airflow/dags/filter_questions.py took 0.050 seconds
[2026-03-28T20:33:42.672+0000] {processor.py:161} INFO - Started process (PID=2662) to work on /opt/airflow/dags/filter_questions.py
[2026-03-28T20:33:42.673+0000] {processor.py:830} INFO - Processing file /opt/airflow/dags/filter_questions.py for tasks to queue
[2026-03-28T20:33:42.674+0000] {logging_mixin.py:188} INFO - [2026-03-28T20:33:42.674+0000] {dagbag.py:545} INFO - Filling up the DagBag from /opt/airflow/dags/filter_questions.py
[2026-03-28T20:33:42.679+0000] {logging_mixin.py:188} INFO - [2026-03-28T20:33:42.677+0000] {dagbag.py:355} ERROR - Failed to import: /opt/airflow/dags/filter_questions.py
Traceback (most recent call last):
  File "/home/airflow/.local/lib/python3.12/site-packages/airflow/models/dagbag.py", line 351, in parse
    loader.exec_module(new_module)
  File "<frozen importlib._bootstrap_external>", line 991, in exec_module
  File "<frozen importlib._bootstrap_external>", line 1129, in get_code
  File "<frozen importlib._bootstrap_external>", line 1059, in source_to_code
  File "<frozen importlib._bootstrap>", line 488, in _call_with_frames_removed
  File "/opt/airflow/dags/filter_questions.py", line 36
    with DAG(
    ^^^^
IndentationError: expected an indented block after function definition on line 32
[2026-03-28T20:33:42.680+0000] {processor.py:842} WARNING - No viable dags retrieved from /opt/airflow/dags/filter_questions.py
[2026-03-28T20:33:42.710+0000] {processor.py:183} INFO - Processing /opt/airflow/dags/filter_questions.py took 0.048 seconds
[2026-03-28T20:34:13.114+0000] {processor.py:161} INFO - Started process (PID=2677) to work on /opt/airflow/dags/filter_questions.py
[2026-03-28T20:34:13.115+0000] {processor.py:830} INFO - Processing file /opt/airflow/dags/filter_questions.py for tasks to queue
[2026-03-28T20:34:13.116+0000] {logging_mixin.py:188} INFO - [2026-03-28T20:34:13.116+0000] {dagbag.py:545} INFO - Filling up the DagBag from /opt/airflow/dags/filter_questions.py
[2026-03-28T20:34:13.120+0000] {logging_mixin.py:188} INFO - [2026-03-28T20:34:13.119+0000] {dagbag.py:355} ERROR - Failed to import: /opt/airflow/dags/filter_questions.py
Traceback (most recent call last):
  File "/home/airflow/.local/lib/python3.12/site-packages/airflow/models/dagbag.py", line 351, in parse
    loader.exec_module(new_module)
  File "<frozen importlib._bootstrap_external>", line 991, in exec_module
  File "<frozen importlib._bootstrap_external>", line 1129, in get_code
  File "<frozen importlib._bootstrap_external>", line 1059, in source_to_code
  File "<frozen importlib._bootstrap>", line 488, in _call_with_frames_removed
  File "/opt/airflow/dags/filter_questions.py", line 36
    with DAG(
    ^^^^
IndentationError: expected an indented block after function definition on line 32
[2026-03-28T20:34:13.121+0000] {processor.py:842} WARNING - No viable dags retrieved from /opt/airflow/dags/filter_questions.py
[2026-03-28T20:34:13.145+0000] {processor.py:183} INFO - Processing /opt/airflow/dags/filter_questions.py took 0.038 seconds
[2026-03-28T20:34:43.645+0000] {processor.py:161} INFO - Started process (PID=2692) to work on /opt/airflow/dags/filter_questions.py
[2026-03-28T20:34:43.647+0000] {processor.py:830} INFO - Processing file /opt/airflow/dags/filter_questions.py for tasks to queue
[2026-03-28T20:34:43.648+0000] {logging_mixin.py:188} INFO - [2026-03-28T20:34:43.648+0000] {dagbag.py:545} INFO - Filling up the DagBag from /opt/airflow/dags/filter_questions.py
[2026-03-28T20:34:43.654+0000] {logging_mixin.py:188} INFO - [2026-03-28T20:34:43.652+0000] {dagbag.py:355} ERROR - Failed to import: /opt/airflow/dags/filter_questions.py
Traceback (most recent call last):
  File "/home/airflow/.local/lib/python3.12/site-packages/airflow/models/dagbag.py", line 351, in parse
    loader.exec_module(new_module)
  File "<frozen importlib._bootstrap_external>", line 991, in exec_module
  File "<frozen importlib._bootstrap_external>", line 1129, in get_code
  File "<frozen importlib._bootstrap_external>", line 1059, in source_to_code
  File "<frozen importlib._bootstrap>", line 488, in _call_with_frames_removed
  File "/opt/airflow/dags/filter_questions.py", line 36
    with DAG(
    ^^^^
IndentationError: expected an indented block after function definition on line 32
[2026-03-28T20:34:43.655+0000] {processor.py:842} WARNING - No viable dags retrieved from /opt/airflow/dags/filter_questions.py
[2026-03-28T20:34:43.691+0000] {processor.py:183} INFO - Processing /opt/airflow/dags/filter_questions.py took 0.063 seconds
[2026-03-28T20:35:14.053+0000] {processor.py:161} INFO - Started process (PID=2707) to work on /opt/airflow/dags/filter_questions.py
[2026-03-28T20:35:14.054+0000] {processor.py:830} INFO - Processing file /opt/airflow/dags/filter_questions.py for tasks to queue
[2026-03-28T20:35:14.055+0000] {logging_mixin.py:188} INFO - [2026-03-28T20:35:14.055+0000] {dagbag.py:545} INFO - Filling up the DagBag from /opt/airflow/dags/filter_questions.py
[2026-03-28T20:35:14.059+0000] {logging_mixin.py:188} INFO - [2026-03-28T20:35:14.058+0000] {dagbag.py:355} ERROR - Failed to import: /opt/airflow/dags/filter_questions.py
Traceback (most recent call last):
  File "/home/airflow/.local/lib/python3.12/site-packages/airflow/models/dagbag.py", line 351, in parse
    loader.exec_module(new_module)
  File "<frozen importlib._bootstrap_external>", line 991, in exec_module
  File "<frozen importlib._bootstrap_external>", line 1129, in get_code
  File "<frozen importlib._bootstrap_external>", line 1059, in source_to_code
  File "<frozen importlib._bootstrap>", line 488, in _call_with_frames_removed
  File "/opt/airflow/dags/filter_questions.py", line 36
    with DAG(
    ^^^^
IndentationError: expected an indented block after function definition on line 32
[2026-03-28T20:35:14.060+0000] {processor.py:842} WARNING - No viable dags retrieved from /opt/airflow/dags/filter_questions.py
[2026-03-28T20:35:14.089+0000] {processor.py:183} INFO - Processing /opt/airflow/dags/filter_questions.py took 0.043 seconds
[2026-03-28T20:35:44.490+0000] {processor.py:161} INFO - Started process (PID=2722) to work on /opt/airflow/dags/filter_questions.py
[2026-03-28T20:35:44.491+0000] {processor.py:830} INFO - Processing file /opt/airflow/dags/filter_questions.py for tasks to queue
[2026-03-28T20:35:44.492+0000] {logging_mixin.py:188} INFO - [2026-03-28T20:35:44.492+0000] {dagbag.py:545} INFO - Filling up the DagBag from /opt/airflow/dags/filter_questions.py
[2026-03-28T20:35:44.496+0000] {logging_mixin.py:188} INFO - [2026-03-28T20:35:44.495+0000] {dagbag.py:355} ERROR - Failed to import: /opt/airflow/dags/filter_questions.py
Traceback (most recent call last):
  File "/home/airflow/.local/lib/python3.12/site-packages/airflow/models/dagbag.py", line 351, in parse
    loader.exec_module(new_module)
  File "<frozen importlib._bootstrap_external>", line 991, in exec_module
  File "<frozen importlib._bootstrap_external>", line 1129, in get_code
  File "<frozen importlib._bootstrap_external>", line 1059, in source_to_code
  File "<frozen importlib._bootstrap>", line 488, in _call_with_frames_removed
  File "/opt/airflow/dags/filter_questions.py", line 36
    with DAG(
    ^^^^
IndentationError: expected an indented block after function definition on line 32
[2026-03-28T20:35:44.497+0000] {processor.py:842} WARNING - No viable dags retrieved from /opt/airflow/dags/filter_questions.py
[2026-03-28T20:35:44.521+0000] {processor.py:183} INFO - Processing /opt/airflow/dags/filter_questions.py took 0.039 seconds
[2026-03-28T20:36:14.914+0000] {processor.py:161} INFO - Started process (PID=2737) to work on /opt/airflow/dags/filter_questions.py
[2026-03-28T20:36:14.915+0000] {processor.py:830} INFO - Processing file /opt/airflow/dags/filter_questions.py for tasks to queue
[2026-03-28T20:36:14.916+0000] {logging_mixin.py:188} INFO - [2026-03-28T20:36:14.916+0000] {dagbag.py:545} INFO - Filling up the DagBag from /opt/airflow/dags/filter_questions.py
[2026-03-28T20:36:14.920+0000] {logging_mixin.py:188} INFO - [2026-03-28T20:36:14.919+0000] {dagbag.py:355} ERROR - Failed to import: /opt/airflow/dags/filter_questions.py
Traceback (most recent call last):
  File "/home/airflow/.local/lib/python3.12/site-packages/airflow/models/dagbag.py", line 351, in parse
    loader.exec_module(new_module)
  File "<frozen importlib._bootstrap_external>", line 991, in exec_module
  File "<frozen importlib._bootstrap_external>", line 1129, in get_code
  File "<frozen importlib._bootstrap_external>", line 1059, in source_to_code
  File "<frozen importlib._bootstrap>", line 488, in _call_with_frames_removed
  File "/opt/airflow/dags/filter_questions.py", line 36
    with DAG(
    ^^^^
IndentationError: expected an indented block after function definition on line 32
[2026-03-28T20:36:14.920+0000] {processor.py:842} WARNING - No viable dags retrieved from /opt/airflow/dags/filter_questions.py
[2026-03-28T20:36:14.950+0000] {processor.py:183} INFO - Processing /opt/airflow/dags/filter_questions.py took 0.044 seconds
[2026-03-28T20:36:45.380+0000] {processor.py:161} INFO - Started process (PID=2752) to work on /opt/airflow/dags/filter_questions.py
[2026-03-28T20:36:45.382+0000] {processor.py:830} INFO - Processing file /opt/airflow/dags/filter_questions.py for tasks to queue
[2026-03-28T20:36:45.383+0000] {logging_mixin.py:188} INFO - [2026-03-28T20:36:45.383+0000] {dagbag.py:545} INFO - Filling up the DagBag from /opt/airflow/dags/filter_questions.py
[2026-03-28T20:36:45.387+0000] {logging_mixin.py:188} INFO - [2026-03-28T20:36:45.386+0000] {dagbag.py:355} ERROR - Failed to import: /opt/airflow/dags/filter_questions.py
Traceback (most recent call last):
  File "/home/airflow/.local/lib/python3.12/site-packages/airflow/models/dagbag.py", line 351, in parse
    loader.exec_module(new_module)
  File "<frozen importlib._bootstrap_external>", line 991, in exec_module
  File "<frozen importlib._bootstrap_external>", line 1129, in get_code
  File "<frozen importlib._bootstrap_external>", line 1059, in source_to_code
  File "<frozen importlib._bootstrap>", line 488, in _call_with_frames_removed
  File "/opt/airflow/dags/filter_questions.py", line 36
    with DAG(
    ^^^^
IndentationError: expected an indented block after function definition on line 32
[2026-03-28T20:36:45.387+0000] {processor.py:842} WARNING - No viable dags retrieved from /opt/airflow/dags/filter_questions.py
[2026-03-28T20:36:45.416+0000] {processor.py:183} INFO - Processing /opt/airflow/dags/filter_questions.py took 0.044 seconds
[2026-03-28T20:37:15.821+0000] {processor.py:161} INFO - Started process (PID=2767) to work on /opt/airflow/dags/filter_questions.py
[2026-03-28T20:37:15.822+0000] {processor.py:830} INFO - Processing file /opt/airflow/dags/filter_questions.py for tasks to queue
[2026-03-28T20:37:15.823+0000] {logging_mixin.py:188} INFO - [2026-03-28T20:37:15.822+0000] {dagbag.py:545} INFO - Filling up the DagBag from /opt/airflow/dags/filter_questions.py
[2026-03-28T20:37:15.827+0000] {logging_mixin.py:188} INFO - [2026-03-28T20:37:15.825+0000] {dagbag.py:355} ERROR - Failed to import: /opt/airflow/dags/filter_questions.py
Traceback (most recent call last):
  File "/home/airflow/.local/lib/python3.12/site-packages/airflow/models/dagbag.py", line 351, in parse
    loader.exec_module(new_module)
  File "<frozen importlib._bootstrap_external>", line 991, in exec_module
  File "<frozen importlib._bootstrap_external>", line 1129, in get_code
  File "<frozen importlib._bootstrap_external>", line 1059, in source_to_code
  File "<frozen importlib._bootstrap>", line 488, in _call_with_frames_removed
  File "/opt/airflow/dags/filter_questions.py", line 36
    with DAG(
    ^^^^
IndentationError: expected an indented block after function definition on line 32
[2026-03-28T20:37:15.827+0000] {processor.py:842} WARNING - No viable dags retrieved from /opt/airflow/dags/filter_questions.py
[2026-03-28T20:37:15.854+0000] {processor.py:183} INFO - Processing /opt/airflow/dags/filter_questions.py took 0.042 seconds
[2026-03-28T20:37:46.325+0000] {processor.py:161} INFO - Started process (PID=2782) to work on /opt/airflow/dags/filter_questions.py
[2026-03-28T20:37:46.328+0000] {processor.py:830} INFO - Processing file /opt/airflow/dags/filter_questions.py for tasks to queue
[2026-03-28T20:37:46.330+0000] {logging_mixin.py:188} INFO - [2026-03-28T20:37:46.329+0000] {dagbag.py:545} INFO - Filling up the DagBag from /opt/airflow/dags/filter_questions.py
[2026-03-28T20:37:46.334+0000] {logging_mixin.py:188} INFO - [2026-03-28T20:37:46.332+0000] {dagbag.py:355} ERROR - Failed to import: /opt/airflow/dags/filter_questions.py
Traceback (most recent call last):
  File "/home/airflow/.local/lib/python3.12/site-packages/airflow/models/dagbag.py", line 351, in parse
    loader.exec_module(new_module)
  File "<frozen importlib._bootstrap_external>", line 991, in exec_module
  File "<frozen importlib._bootstrap_external>", line 1129, in get_code
  File "<frozen importlib._bootstrap_external>", line 1059, in source_to_code
  File "<frozen importlib._bootstrap>", line 488, in _call_with_frames_removed
  File "/opt/airflow/dags/filter_questions.py", line 36
    with DAG(
    ^^^^
IndentationError: expected an indented block after function definition on line 32
[2026-03-28T20:37:46.334+0000] {processor.py:842} WARNING - No viable dags retrieved from /opt/airflow/dags/filter_questions.py
[2026-03-28T20:37:46.366+0000] {processor.py:183} INFO - Processing /opt/airflow/dags/filter_questions.py took 0.071 seconds
[2026-03-28T20:38:54.875+0000] {processor.py:161} INFO - Started process (PID=159) to work on /opt/airflow/dags/filter_questions.py
[2026-03-28T20:38:54.897+0000] {processor.py:830} INFO - Processing file /opt/airflow/dags/filter_questions.py for tasks to queue
[2026-03-28T20:38:54.938+0000] {logging_mixin.py:188} INFO - [2026-03-28T20:38:54.934+0000] {dagbag.py:545} INFO - Filling up the DagBag from /opt/airflow/dags/filter_questions.py
[2026-03-28T20:38:55.054+0000] {logging_mixin.py:188} INFO - [2026-03-28T20:38:54.974+0000] {dagbag.py:355} ERROR - Failed to import: /opt/airflow/dags/filter_questions.py
Traceback (most recent call last):
  File "/home/airflow/.local/lib/python3.12/site-packages/airflow/models/dagbag.py", line 351, in parse
    loader.exec_module(new_module)
  File "<frozen importlib._bootstrap_external>", line 991, in exec_module
  File "<frozen importlib._bootstrap_external>", line 1129, in get_code
  File "<frozen importlib._bootstrap_external>", line 1059, in source_to_code
  File "<frozen importlib._bootstrap>", line 488, in _call_with_frames_removed
  File "/opt/airflow/dags/filter_questions.py", line 36
    with DAG(
    ^^^^
IndentationError: expected an indented block after function definition on line 32
[2026-03-28T20:38:55.055+0000] {processor.py:842} WARNING - No viable dags retrieved from /opt/airflow/dags/filter_questions.py
[2026-03-28T20:38:55.205+0000] {processor.py:183} INFO - Processing /opt/airflow/dags/filter_questions.py took 0.453 seconds
[2026-03-28T20:39:26.705+0000] {processor.py:161} INFO - Started process (PID=175) to work on /opt/airflow/dags/filter_questions.py
[2026-03-28T20:39:26.725+0000] {processor.py:830} INFO - Processing file /opt/airflow/dags/filter_questions.py for tasks to queue
[2026-03-28T20:39:26.775+0000] {logging_mixin.py:188} INFO - [2026-03-28T20:39:26.768+0000] {dagbag.py:545} INFO - Filling up the DagBag from /opt/airflow/dags/filter_questions.py
[2026-03-28T20:39:27.402+0000] {logging_mixin.py:188} INFO - [2026-03-28T20:39:26.914+0000] {dagbag.py:355} ERROR - Failed to import: /opt/airflow/dags/filter_questions.py
Traceback (most recent call last):
  File "/home/airflow/.local/lib/python3.12/site-packages/airflow/models/dagbag.py", line 351, in parse
    loader.exec_module(new_module)
  File "<frozen importlib._bootstrap_external>", line 991, in exec_module
  File "<frozen importlib._bootstrap_external>", line 1129, in get_code
  File "<frozen importlib._bootstrap_external>", line 1059, in source_to_code
  File "<frozen importlib._bootstrap>", line 488, in _call_with_frames_removed
  File "/opt/airflow/dags/filter_questions.py", line 36
    with DAG(
    ^^^^
IndentationError: expected an indented block after function definition on line 32
[2026-03-28T20:39:27.588+0000] {processor.py:842} WARNING - No viable dags retrieved from /opt/airflow/dags/filter_questions.py
[2026-03-28T20:39:28.493+0000] {processor.py:183} INFO - Processing /opt/airflow/dags/filter_questions.py took 2.559 seconds
[2026-03-28T20:39:59.197+0000] {processor.py:161} INFO - Started process (PID=190) to work on /opt/airflow/dags/filter_questions.py
[2026-03-28T20:39:59.200+0000] {processor.py:830} INFO - Processing file /opt/airflow/dags/filter_questions.py for tasks to queue
[2026-03-28T20:39:59.202+0000] {logging_mixin.py:188} INFO - [2026-03-28T20:39:59.202+0000] {dagbag.py:545} INFO - Filling up the DagBag from /opt/airflow/dags/filter_questions.py
[2026-03-28T20:39:59.207+0000] {logging_mixin.py:188} INFO - [2026-03-28T20:39:59.206+0000] {dagbag.py:355} ERROR - Failed to import: /opt/airflow/dags/filter_questions.py
Traceback (most recent call last):
  File "/home/airflow/.local/lib/python3.12/site-packages/airflow/models/dagbag.py", line 351, in parse
    loader.exec_module(new_module)
  File "<frozen importlib._bootstrap_external>", line 991, in exec_module
  File "<frozen importlib._bootstrap_external>", line 1129, in get_code
  File "<frozen importlib._bootstrap_external>", line 1059, in source_to_code
  File "<frozen importlib._bootstrap>", line 488, in _call_with_frames_removed
  File "/opt/airflow/dags/filter_questions.py", line 36
    with DAG(
    ^^^^
IndentationError: expected an indented block after function definition on line 32
[2026-03-28T20:39:59.208+0000] {processor.py:842} WARNING - No viable dags retrieved from /opt/airflow/dags/filter_questions.py
[2026-03-28T20:39:59.249+0000] {processor.py:183} INFO - Processing /opt/airflow/dags/filter_questions.py took 0.062 seconds
[2026-03-28T20:40:29.896+0000] {processor.py:161} INFO - Started process (PID=205) to work on /opt/airflow/dags/filter_questions.py
[2026-03-28T20:40:29.909+0000] {processor.py:830} INFO - Processing file /opt/airflow/dags/filter_questions.py for tasks to queue
[2026-03-28T20:40:29.912+0000] {logging_mixin.py:188} INFO - [2026-03-28T20:40:29.911+0000] {dagbag.py:545} INFO - Filling up the DagBag from /opt/airflow/dags/filter_questions.py
[2026-03-28T20:40:29.916+0000] {logging_mixin.py:188} INFO - [2026-03-28T20:40:29.915+0000] {dagbag.py:355} ERROR - Failed to import: /opt/airflow/dags/filter_questions.py
Traceback (most recent call last):
  File "/home/airflow/.local/lib/python3.12/site-packages/airflow/models/dagbag.py", line 351, in parse
    loader.exec_module(new_module)
  File "<frozen importlib._bootstrap_external>", line 991, in exec_module
  File "<frozen importlib._bootstrap_external>", line 1129, in get_code
  File "<frozen importlib._bootstrap_external>", line 1059, in source_to_code
  File "<frozen importlib._bootstrap>", line 488, in _call_with_frames_removed
  File "/opt/airflow/dags/filter_questions.py", line 36
    with DAG(
    ^^^^
IndentationError: expected an indented block after function definition on line 32
[2026-03-28T20:40:29.917+0000] {processor.py:842} WARNING - No viable dags retrieved from /opt/airflow/dags/filter_questions.py
[2026-03-28T20:40:29.988+0000] {processor.py:183} INFO - Processing /opt/airflow/dags/filter_questions.py took 0.104 seconds
[2026-03-28T20:41:00.245+0000] {processor.py:161} INFO - Started process (PID=220) to work on /opt/airflow/dags/filter_questions.py
[2026-03-28T20:41:00.246+0000] {processor.py:830} INFO - Processing file /opt/airflow/dags/filter_questions.py for tasks to queue
[2026-03-28T20:41:00.248+0000] {logging_mixin.py:188} INFO - [2026-03-28T20:41:00.248+0000] {dagbag.py:545} INFO - Filling up the DagBag from /opt/airflow/dags/filter_questions.py
[2026-03-28T20:41:00.252+0000] {logging_mixin.py:188} INFO - [2026-03-28T20:41:00.251+0000] {dagbag.py:355} ERROR - Failed to import: /opt/airflow/dags/filter_questions.py
Traceback (most recent call last):
  File "/home/airflow/.local/lib/python3.12/site-packages/airflow/models/dagbag.py", line 351, in parse
    loader.exec_module(new_module)
  File "<frozen importlib._bootstrap_external>", line 991, in exec_module
  File "<frozen importlib._bootstrap_external>", line 1129, in get_code
  File "<frozen importlib._bootstrap_external>", line 1059, in source_to_code
  File "<frozen importlib._bootstrap>", line 488, in _call_with_frames_removed
  File "/opt/airflow/dags/filter_questions.py", line 36
    with DAG(
    ^^^^
IndentationError: expected an indented block after function definition on line 32
[2026-03-28T20:41:00.253+0000] {processor.py:842} WARNING - No viable dags retrieved from /opt/airflow/dags/filter_questions.py
[2026-03-28T20:41:00.279+0000] {processor.py:183} INFO - Processing /opt/airflow/dags/filter_questions.py took 0.042 seconds
[2026-03-28T20:41:30.657+0000] {processor.py:161} INFO - Started process (PID=235) to work on /opt/airflow/dags/filter_questions.py
[2026-03-28T20:41:30.659+0000] {processor.py:830} INFO - Processing file /opt/airflow/dags/filter_questions.py for tasks to queue
[2026-03-28T20:41:30.662+0000] {logging_mixin.py:188} INFO - [2026-03-28T20:41:30.661+0000] {dagbag.py:545} INFO - Filling up the DagBag from /opt/airflow/dags/filter_questions.py
[2026-03-28T20:41:30.666+0000] {logging_mixin.py:188} INFO - [2026-03-28T20:41:30.665+0000] {dagbag.py:355} ERROR - Failed to import: /opt/airflow/dags/filter_questions.py
Traceback (most recent call last):
  File "/home/airflow/.local/lib/python3.12/site-packages/airflow/models/dagbag.py", line 351, in parse
    loader.exec_module(new_module)
  File "<frozen importlib._bootstrap_external>", line 991, in exec_module
  File "<frozen importlib._bootstrap_external>", line 1129, in get_code
  File "<frozen importlib._bootstrap_external>", line 1059, in source_to_code
  File "<frozen importlib._bootstrap>", line 488, in _call_with_frames_removed
  File "/opt/airflow/dags/filter_questions.py", line 36
    with DAG(
    ^^^^
IndentationError: expected an indented block after function definition on line 32
[2026-03-28T20:41:30.667+0000] {processor.py:842} WARNING - No viable dags retrieved from /opt/airflow/dags/filter_questions.py
[2026-03-28T20:41:30.697+0000] {processor.py:183} INFO - Processing /opt/airflow/dags/filter_questions.py took 0.047 seconds
[2026-03-28T20:42:01.124+0000] {processor.py:161} INFO - Started process (PID=250) to work on /opt/airflow/dags/filter_questions.py
[2026-03-28T20:42:01.125+0000] {processor.py:830} INFO - Processing file /opt/airflow/dags/filter_questions.py for tasks to queue
[2026-03-28T20:42:01.127+0000] {logging_mixin.py:188} INFO - [2026-03-28T20:42:01.127+0000] {dagbag.py:545} INFO - Filling up the DagBag from /opt/airflow/dags/filter_questions.py
[2026-03-28T20:42:01.131+0000] {logging_mixin.py:188} INFO - [2026-03-28T20:42:01.130+0000] {dagbag.py:355} ERROR - Failed to import: /opt/airflow/dags/filter_questions.py
Traceback (most recent call last):
  File "/home/airflow/.local/lib/python3.12/site-packages/airflow/models/dagbag.py", line 351, in parse
    loader.exec_module(new_module)
  File "<frozen importlib._bootstrap_external>", line 991, in exec_module
  File "<frozen importlib._bootstrap_external>", line 1129, in get_code
  File "<frozen importlib._bootstrap_external>", line 1059, in source_to_code
  File "<frozen importlib._bootstrap>", line 488, in _call_with_frames_removed
  File "/opt/airflow/dags/filter_questions.py", line 36
    with DAG(
    ^^^^
IndentationError: expected an indented block after function definition on line 32
[2026-03-28T20:42:01.132+0000] {processor.py:842} WARNING - No viable dags retrieved from /opt/airflow/dags/filter_questions.py
[2026-03-28T20:42:01.162+0000] {processor.py:183} INFO - Processing /opt/airflow/dags/filter_questions.py took 0.047 seconds
[2026-03-28T20:42:29.583+0000] {processor.py:161} INFO - Started process (PID=265) to work on /opt/airflow/dags/filter_questions.py
[2026-03-28T20:42:29.586+0000] {processor.py:830} INFO - Processing file /opt/airflow/dags/filter_questions.py for tasks to queue
[2026-03-28T20:42:29.596+0000] {logging_mixin.py:188} INFO - [2026-03-28T20:42:29.594+0000] {dagbag.py:545} INFO - Filling up the DagBag from /opt/airflow/dags/filter_questions.py
[2026-03-28T20:42:29.607+0000] {logging_mixin.py:188} INFO - [2026-03-28T20:42:29.604+0000] {dagbag.py:355} ERROR - Failed to import: /opt/airflow/dags/filter_questions.py
Traceback (most recent call last):
  File "/home/airflow/.local/lib/python3.12/site-packages/airflow/models/dagbag.py", line 351, in parse
    loader.exec_module(new_module)
  File "<frozen importlib._bootstrap_external>", line 991, in exec_module
  File "<frozen importlib._bootstrap_external>", line 1129, in get_code
  File "<frozen importlib._bootstrap_external>", line 1059, in source_to_code
  File "<frozen importlib._bootstrap>", line 488, in _call_with_frames_removed
  File "/opt/airflow/dags/filter_questions.py", line 35
    with DAG(
    ^^^^
IndentationError: expected an indented block after function definition on line 31
[2026-03-28T20:42:29.608+0000] {processor.py:842} WARNING - No viable dags retrieved from /opt/airflow/dags/filter_questions.py
[2026-03-28T20:42:29.695+0000] {processor.py:183} INFO - Processing /opt/airflow/dags/filter_questions.py took 0.131 seconds
[2026-03-28T20:43:00.025+0000] {processor.py:161} INFO - Started process (PID=280) to work on /opt/airflow/dags/filter_questions.py
[2026-03-28T20:43:00.027+0000] {processor.py:830} INFO - Processing file /opt/airflow/dags/filter_questions.py for tasks to queue
[2026-03-28T20:43:00.033+0000] {logging_mixin.py:188} INFO - [2026-03-28T20:43:00.032+0000] {dagbag.py:545} INFO - Filling up the DagBag from /opt/airflow/dags/filter_questions.py
[2026-03-28T20:43:00.039+0000] {logging_mixin.py:188} INFO - [2026-03-28T20:43:00.037+0000] {dagbag.py:355} ERROR - Failed to import: /opt/airflow/dags/filter_questions.py
Traceback (most recent call last):
  File "/home/airflow/.local/lib/python3.12/site-packages/airflow/models/dagbag.py", line 351, in parse
    loader.exec_module(new_module)
  File "<frozen importlib._bootstrap_external>", line 991, in exec_module
  File "<frozen importlib._bootstrap_external>", line 1129, in get_code
  File "<frozen importlib._bootstrap_external>", line 1059, in source_to_code
  File "<frozen importlib._bootstrap>", line 488, in _call_with_frames_removed
  File "/opt/airflow/dags/filter_questions.py", line 35
    with DAG(
    ^^^^
IndentationError: expected an indented block after function definition on line 31
[2026-03-28T20:43:00.040+0000] {processor.py:842} WARNING - No viable dags retrieved from /opt/airflow/dags/filter_questions.py
[2026-03-28T20:43:00.094+0000] {processor.py:183} INFO - Processing /opt/airflow/dags/filter_questions.py took 0.082 seconds
[2026-03-28T20:43:30.468+0000] {processor.py:161} INFO - Started process (PID=295) to work on /opt/airflow/dags/filter_questions.py
[2026-03-28T20:43:30.469+0000] {processor.py:830} INFO - Processing file /opt/airflow/dags/filter_questions.py for tasks to queue
[2026-03-28T20:43:30.472+0000] {logging_mixin.py:188} INFO - [2026-03-28T20:43:30.472+0000] {dagbag.py:545} INFO - Filling up the DagBag from /opt/airflow/dags/filter_questions.py
[2026-03-28T20:43:30.479+0000] {logging_mixin.py:188} INFO - [2026-03-28T20:43:30.475+0000] {dagbag.py:355} ERROR - Failed to import: /opt/airflow/dags/filter_questions.py
Traceback (most recent call last):
  File "/home/airflow/.local/lib/python3.12/site-packages/airflow/models/dagbag.py", line 351, in parse
    loader.exec_module(new_module)
  File "<frozen importlib._bootstrap_external>", line 991, in exec_module
  File "<frozen importlib._bootstrap_external>", line 1129, in get_code
  File "<frozen importlib._bootstrap_external>", line 1059, in source_to_code
  File "<frozen importlib._bootstrap>", line 488, in _call_with_frames_removed
  File "/opt/airflow/dags/filter_questions.py", line 35
    with DAG(
    ^^^^
IndentationError: expected an indented block after function definition on line 31
[2026-03-28T20:43:30.480+0000] {processor.py:842} WARNING - No viable dags retrieved from /opt/airflow/dags/filter_questions.py
[2026-03-28T20:43:30.523+0000] {processor.py:183} INFO - Processing /opt/airflow/dags/filter_questions.py took 0.069 seconds
[2026-03-28T20:44:01.006+0000] {processor.py:161} INFO - Started process (PID=310) to work on /opt/airflow/dags/filter_questions.py
[2026-03-28T20:44:01.008+0000] {processor.py:830} INFO - Processing file /opt/airflow/dags/filter_questions.py for tasks to queue
[2026-03-28T20:44:01.011+0000] {logging_mixin.py:188} INFO - [2026-03-28T20:44:01.010+0000] {dagbag.py:545} INFO - Filling up the DagBag from /opt/airflow/dags/filter_questions.py
[2026-03-28T20:44:01.015+0000] {logging_mixin.py:188} INFO - [2026-03-28T20:44:01.014+0000] {dagbag.py:355} ERROR - Failed to import: /opt/airflow/dags/filter_questions.py
Traceback (most recent call last):
  File "/home/airflow/.local/lib/python3.12/site-packages/airflow/models/dagbag.py", line 351, in parse
    loader.exec_module(new_module)
  File "<frozen importlib._bootstrap_external>", line 991, in exec_module
  File "<frozen importlib._bootstrap_external>", line 1129, in get_code
  File "<frozen importlib._bootstrap_external>", line 1059, in source_to_code
  File "<frozen importlib._bootstrap>", line 488, in _call_with_frames_removed
  File "/opt/airflow/dags/filter_questions.py", line 35
    with DAG(
    ^^^^
IndentationError: expected an indented block after function definition on line 31
[2026-03-28T20:44:01.016+0000] {processor.py:842} WARNING - No viable dags retrieved from /opt/airflow/dags/filter_questions.py
[2026-03-28T20:44:01.054+0000] {processor.py:183} INFO - Processing /opt/airflow/dags/filter_questions.py took 0.057 seconds
[2026-03-28T20:44:31.613+0000] {processor.py:161} INFO - Started process (PID=325) to work on /opt/airflow/dags/filter_questions.py
[2026-03-28T20:44:31.618+0000] {processor.py:830} INFO - Processing file /opt/airflow/dags/filter_questions.py for tasks to queue
[2026-03-28T20:44:31.632+0000] {logging_mixin.py:188} INFO - [2026-03-28T20:44:31.631+0000] {dagbag.py:545} INFO - Filling up the DagBag from /opt/airflow/dags/filter_questions.py
[2026-03-28T20:44:31.650+0000] {logging_mixin.py:188} INFO - [2026-03-28T20:44:31.647+0000] {dagbag.py:355} ERROR - Failed to import: /opt/airflow/dags/filter_questions.py
Traceback (most recent call last):
  File "/home/airflow/.local/lib/python3.12/site-packages/airflow/models/dagbag.py", line 351, in parse
    loader.exec_module(new_module)
  File "<frozen importlib._bootstrap_external>", line 991, in exec_module
  File "<frozen importlib._bootstrap_external>", line 1129, in get_code
  File "<frozen importlib._bootstrap_external>", line 1059, in source_to_code
  File "<frozen importlib._bootstrap>", line 488, in _call_with_frames_removed
  File "/opt/airflow/dags/filter_questions.py", line 35
    with DAG(
    ^^^^
IndentationError: expected an indented block after function definition on line 31
[2026-03-28T20:44:31.652+0000] {processor.py:842} WARNING - No viable dags retrieved from /opt/airflow/dags/filter_questions.py
[2026-03-28T20:44:31.827+0000] {processor.py:183} INFO - Processing /opt/airflow/dags/filter_questions.py took 0.260 seconds
[2026-03-28T20:44:35.623+0000] {processor.py:161} INFO - Started process (PID=330) to work on /opt/airflow/dags/filter_questions.py
[2026-03-28T20:44:35.625+0000] {processor.py:830} INFO - Processing file /opt/airflow/dags/filter_questions.py for tasks to queue
[2026-03-28T20:44:35.630+0000] {logging_mixin.py:188} INFO - [2026-03-28T20:44:35.629+0000] {dagbag.py:545} INFO - Filling up the DagBag from /opt/airflow/dags/filter_questions.py
[2026-03-28T20:44:35.648+0000] {logging_mixin.py:188} INFO - [2026-03-28T20:44:35.642+0000] {dagbag.py:355} ERROR - Failed to import: /opt/airflow/dags/filter_questions.py
Traceback (most recent call last):
  File "/home/airflow/.local/lib/python3.12/site-packages/airflow/models/dagbag.py", line 351, in parse
    loader.exec_module(new_module)
  File "<frozen importlib._bootstrap_external>", line 991, in exec_module
  File "<frozen importlib._bootstrap_external>", line 1129, in get_code
  File "<frozen importlib._bootstrap_external>", line 1059, in source_to_code
  File "<frozen importlib._bootstrap>", line 488, in _call_with_frames_removed
  File "/opt/airflow/dags/filter_questions.py", line 36
    with DAG(
    ^^^^
IndentationError: expected an indented block after function definition on line 32
[2026-03-28T20:44:35.655+0000] {processor.py:842} WARNING - No viable dags retrieved from /opt/airflow/dags/filter_questions.py
[2026-03-28T20:44:36.164+0000] {processor.py:183} INFO - Processing /opt/airflow/dags/filter_questions.py took 0.554 seconds
[2026-03-28T20:44:38.356+0000] {processor.py:161} INFO - Started process (PID=345) to work on /opt/airflow/dags/filter_questions.py
[2026-03-28T20:44:38.357+0000] {processor.py:830} INFO - Processing file /opt/airflow/dags/filter_questions.py for tasks to queue
[2026-03-28T20:44:38.361+0000] {logging_mixin.py:188} INFO - [2026-03-28T20:44:38.360+0000] {dagbag.py:545} INFO - Filling up the DagBag from /opt/airflow/dags/filter_questions.py
[2026-03-28T20:44:38.387+0000] {logging_mixin.py:188} INFO - [2026-03-28T20:44:38.385+0000] {dagbag.py:355} ERROR - Failed to import: /opt/airflow/dags/filter_questions.py
Traceback (most recent call last):
  File "/home/airflow/.local/lib/python3.12/site-packages/airflow/models/dagbag.py", line 351, in parse
    loader.exec_module(new_module)
  File "<frozen importlib._bootstrap_external>", line 991, in exec_module
  File "<frozen importlib._bootstrap_external>", line 1129, in get_code
  File "<frozen importlib._bootstrap_external>", line 1059, in source_to_code
  File "<frozen importlib._bootstrap>", line 488, in _call_with_frames_removed
  File "/opt/airflow/dags/filter_questions.py", line 37
    with DAG(
    ^^^^
IndentationError: expected an indented block after function definition on line 33
[2026-03-28T20:44:38.388+0000] {processor.py:842} WARNING - No viable dags retrieved from /opt/airflow/dags/filter_questions.py
[2026-03-28T20:44:38.568+0000] {processor.py:183} INFO - Processing /opt/airflow/dags/filter_questions.py took 0.222 seconds
[2026-03-28T20:44:49.464+0000] {processor.py:161} INFO - Started process (PID=350) to work on /opt/airflow/dags/filter_questions.py
[2026-03-28T20:44:49.466+0000] {processor.py:830} INFO - Processing file /opt/airflow/dags/filter_questions.py for tasks to queue
[2026-03-28T20:44:49.468+0000] {logging_mixin.py:188} INFO - [2026-03-28T20:44:49.468+0000] {dagbag.py:545} INFO - Filling up the DagBag from /opt/airflow/dags/filter_questions.py
[2026-03-28T20:44:49.472+0000] {logging_mixin.py:188} INFO - [2026-03-28T20:44:49.471+0000] {dagbag.py:355} ERROR - Failed to import: /opt/airflow/dags/filter_questions.py
Traceback (most recent call last):
  File "/home/airflow/.local/lib/python3.12/site-packages/airflow/models/dagbag.py", line 351, in parse
    loader.exec_module(new_module)
  File "<frozen importlib._bootstrap_external>", line 991, in exec_module
  File "<frozen importlib._bootstrap_external>", line 1129, in get_code
  File "<frozen importlib._bootstrap_external>", line 1059, in source_to_code
  File "<frozen importlib._bootstrap>", line 488, in _call_with_frames_removed
  File "/opt/airflow/dags/filter_questions.py", line 38
    with DAG(
    ^^^^
IndentationError: expected an indented block after function definition on line 34
[2026-03-28T20:44:49.473+0000] {processor.py:842} WARNING - No viable dags retrieved from /opt/airflow/dags/filter_questions.py
[2026-03-28T20:44:49.502+0000] {processor.py:183} INFO - Processing /opt/airflow/dags/filter_questions.py took 0.046 seconds
[2026-03-28T20:45:20.093+0000] {processor.py:161} INFO - Started process (PID=365) to work on /opt/airflow/dags/filter_questions.py
[2026-03-28T20:45:20.100+0000] {processor.py:830} INFO - Processing file /opt/airflow/dags/filter_questions.py for tasks to queue
[2026-03-28T20:45:20.115+0000] {logging_mixin.py:188} INFO - [2026-03-28T20:45:20.112+0000] {dagbag.py:545} INFO - Filling up the DagBag from /opt/airflow/dags/filter_questions.py
[2026-03-28T20:45:20.143+0000] {logging_mixin.py:188} INFO - [2026-03-28T20:45:20.131+0000] {dagbag.py:355} ERROR - Failed to import: /opt/airflow/dags/filter_questions.py
Traceback (most recent call last):
  File "/home/airflow/.local/lib/python3.12/site-packages/airflow/models/dagbag.py", line 351, in parse
    loader.exec_module(new_module)
  File "<frozen importlib._bootstrap_external>", line 991, in exec_module
  File "<frozen importlib._bootstrap_external>", line 1129, in get_code
  File "<frozen importlib._bootstrap_external>", line 1059, in source_to_code
  File "<frozen importlib._bootstrap>", line 488, in _call_with_frames_removed
  File "/opt/airflow/dags/filter_questions.py", line 38
    with DAG(
    ^^^^
IndentationError: expected an indented block after function definition on line 34
[2026-03-28T20:45:20.146+0000] {processor.py:842} WARNING - No viable dags retrieved from /opt/airflow/dags/filter_questions.py
[2026-03-28T20:45:20.323+0000] {processor.py:183} INFO - Processing /opt/airflow/dags/filter_questions.py took 0.276 seconds
[2026-03-28T20:45:50.732+0000] {processor.py:161} INFO - Started process (PID=380) to work on /opt/airflow/dags/filter_questions.py
[2026-03-28T20:45:50.734+0000] {processor.py:830} INFO - Processing file /opt/airflow/dags/filter_questions.py for tasks to queue
[2026-03-28T20:45:50.736+0000] {logging_mixin.py:188} INFO - [2026-03-28T20:45:50.736+0000] {dagbag.py:545} INFO - Filling up the DagBag from /opt/airflow/dags/filter_questions.py
[2026-03-28T20:45:50.740+0000] {logging_mixin.py:188} INFO - [2026-03-28T20:45:50.739+0000] {dagbag.py:355} ERROR - Failed to import: /opt/airflow/dags/filter_questions.py
Traceback (most recent call last):
  File "/home/airflow/.local/lib/python3.12/site-packages/airflow/models/dagbag.py", line 351, in parse
    loader.exec_module(new_module)
  File "<frozen importlib._bootstrap_external>", line 991, in exec_module
  File "<frozen importlib._bootstrap_external>", line 1129, in get_code
  File "<frozen importlib._bootstrap_external>", line 1059, in source_to_code
  File "<frozen importlib._bootstrap>", line 488, in _call_with_frames_removed
  File "/opt/airflow/dags/filter_questions.py", line 38
    with DAG(
    ^^^^
IndentationError: expected an indented block after function definition on line 34
[2026-03-28T20:45:50.740+0000] {processor.py:842} WARNING - No viable dags retrieved from /opt/airflow/dags/filter_questions.py
[2026-03-28T20:45:50.770+0000] {processor.py:183} INFO - Processing /opt/airflow/dags/filter_questions.py took 0.047 seconds
[2026-03-28T20:46:21.158+0000] {processor.py:161} INFO - Started process (PID=395) to work on /opt/airflow/dags/filter_questions.py
[2026-03-28T20:46:21.159+0000] {processor.py:830} INFO - Processing file /opt/airflow/dags/filter_questions.py for tasks to queue
[2026-03-28T20:46:21.162+0000] {logging_mixin.py:188} INFO - [2026-03-28T20:46:21.161+0000] {dagbag.py:545} INFO - Filling up the DagBag from /opt/airflow/dags/filter_questions.py
[2026-03-28T20:46:21.167+0000] {logging_mixin.py:188} INFO - [2026-03-28T20:46:21.164+0000] {dagbag.py:355} ERROR - Failed to import: /opt/airflow/dags/filter_questions.py
Traceback (most recent call last):
  File "/home/airflow/.local/lib/python3.12/site-packages/airflow/models/dagbag.py", line 351, in parse
    loader.exec_module(new_module)
  File "<frozen importlib._bootstrap_external>", line 991, in exec_module
  File "<frozen importlib._bootstrap_external>", line 1129, in get_code
  File "<frozen importlib._bootstrap_external>", line 1059, in source_to_code
  File "<frozen importlib._bootstrap>", line 488, in _call_with_frames_removed
  File "/opt/airflow/dags/filter_questions.py", line 38
    with DAG(
    ^^^^
IndentationError: expected an indented block after function definition on line 34
[2026-03-28T20:46:21.167+0000] {processor.py:842} WARNING - No viable dags retrieved from /opt/airflow/dags/filter_questions.py
[2026-03-28T20:46:21.200+0000] {processor.py:183} INFO - Processing /opt/airflow/dags/filter_questions.py took 0.052 seconds
[2026-03-28T20:46:51.562+0000] {processor.py:161} INFO - Started process (PID=410) to work on /opt/airflow/dags/filter_questions.py
[2026-03-28T20:46:51.564+0000] {processor.py:830} INFO - Processing file /opt/airflow/dags/filter_questions.py for tasks to queue
[2026-03-28T20:46:51.567+0000] {logging_mixin.py:188} INFO - [2026-03-28T20:46:51.566+0000] {dagbag.py:545} INFO - Filling up the DagBag from /opt/airflow/dags/filter_questions.py
[2026-03-28T20:46:51.571+0000] {logging_mixin.py:188} INFO - [2026-03-28T20:46:51.570+0000] {dagbag.py:355} ERROR - Failed to import: /opt/airflow/dags/filter_questions.py
Traceback (most recent call last):
  File "/home/airflow/.local/lib/python3.12/site-packages/airflow/models/dagbag.py", line 351, in parse
    loader.exec_module(new_module)
  File "<frozen importlib._bootstrap_external>", line 991, in exec_module
  File "<frozen importlib._bootstrap_external>", line 1129, in get_code
  File "<frozen importlib._bootstrap_external>", line 1059, in source_to_code
  File "<frozen importlib._bootstrap>", line 488, in _call_with_frames_removed
  File "/opt/airflow/dags/filter_questions.py", line 38
    with DAG(
    ^^^^
IndentationError: expected an indented block after function definition on line 34
[2026-03-28T20:46:51.571+0000] {processor.py:842} WARNING - No viable dags retrieved from /opt/airflow/dags/filter_questions.py
[2026-03-28T20:46:51.603+0000] {processor.py:183} INFO - Processing /opt/airflow/dags/filter_questions.py took 0.048 seconds
[2026-03-28T20:47:21.999+0000] {processor.py:161} INFO - Started process (PID=425) to work on /opt/airflow/dags/filter_questions.py
[2026-03-28T20:47:22.000+0000] {processor.py:830} INFO - Processing file /opt/airflow/dags/filter_questions.py for tasks to queue
[2026-03-28T20:47:22.002+0000] {logging_mixin.py:188} INFO - [2026-03-28T20:47:22.002+0000] {dagbag.py:545} INFO - Filling up the DagBag from /opt/airflow/dags/filter_questions.py
[2026-03-28T20:47:22.006+0000] {logging_mixin.py:188} INFO - [2026-03-28T20:47:22.005+0000] {dagbag.py:355} ERROR - Failed to import: /opt/airflow/dags/filter_questions.py
Traceback (most recent call last):
  File "/home/airflow/.local/lib/python3.12/site-packages/airflow/models/dagbag.py", line 351, in parse
    loader.exec_module(new_module)
  File "<frozen importlib._bootstrap_external>", line 991, in exec_module
  File "<frozen importlib._bootstrap_external>", line 1129, in get_code
  File "<frozen importlib._bootstrap_external>", line 1059, in source_to_code
  File "<frozen importlib._bootstrap>", line 488, in _call_with_frames_removed
  File "/opt/airflow/dags/filter_questions.py", line 38
    with DAG(
    ^^^^
IndentationError: expected an indented block after function definition on line 34
[2026-03-28T20:47:22.006+0000] {processor.py:842} WARNING - No viable dags retrieved from /opt/airflow/dags/filter_questions.py
[2026-03-28T20:47:22.035+0000] {processor.py:183} INFO - Processing /opt/airflow/dags/filter_questions.py took 0.044 seconds
[2026-03-28T20:47:42.424+0000] {processor.py:161} INFO - Started process (PID=440) to work on /opt/airflow/dags/filter_questions.py
[2026-03-28T20:47:42.427+0000] {processor.py:830} INFO - Processing file /opt/airflow/dags/filter_questions.py for tasks to queue
[2026-03-28T20:47:42.431+0000] {logging_mixin.py:188} INFO - [2026-03-28T20:47:42.430+0000] {dagbag.py:545} INFO - Filling up the DagBag from /opt/airflow/dags/filter_questions.py
[2026-03-28T20:47:42.438+0000] {logging_mixin.py:188} INFO - [2026-03-28T20:47:42.437+0000] {dagbag.py:355} ERROR - Failed to import: /opt/airflow/dags/filter_questions.py
Traceback (most recent call last):
  File "/home/airflow/.local/lib/python3.12/site-packages/airflow/models/dagbag.py", line 351, in parse
    loader.exec_module(new_module)
  File "<frozen importlib._bootstrap_external>", line 991, in exec_module
  File "<frozen importlib._bootstrap_external>", line 1129, in get_code
  File "<frozen importlib._bootstrap_external>", line 1059, in source_to_code
  File "<frozen importlib._bootstrap>", line 488, in _call_with_frames_removed
  File "/opt/airflow/dags/filter_questions.py", line 38
    with DAG(
    ^^^^
IndentationError: expected an indented block after function definition on line 34
[2026-03-28T20:47:42.439+0000] {processor.py:842} WARNING - No viable dags retrieved from /opt/airflow/dags/filter_questions.py
[2026-03-28T20:47:42.474+0000] {processor.py:183} INFO - Processing /opt/airflow/dags/filter_questions.py took 0.060 seconds
[2026-03-28T20:47:43.438+0000] {processor.py:161} INFO - Started process (PID=445) to work on /opt/airflow/dags/filter_questions.py
[2026-03-28T20:47:43.439+0000] {processor.py:830} INFO - Processing file /opt/airflow/dags/filter_questions.py for tasks to queue
[2026-03-28T20:47:43.442+0000] {logging_mixin.py:188} INFO - [2026-03-28T20:47:43.441+0000] {dagbag.py:545} INFO - Filling up the DagBag from /opt/airflow/dags/filter_questions.py
[2026-03-28T20:47:43.453+0000] {logging_mixin.py:188} INFO - [2026-03-28T20:47:43.445+0000] {dagbag.py:355} ERROR - Failed to import: /opt/airflow/dags/filter_questions.py
Traceback (most recent call last):
  File "/home/airflow/.local/lib/python3.12/site-packages/airflow/models/dagbag.py", line 351, in parse
    loader.exec_module(new_module)
  File "<frozen importlib._bootstrap_external>", line 991, in exec_module
  File "<frozen importlib._bootstrap_external>", line 1129, in get_code
  File "<frozen importlib._bootstrap_external>", line 1059, in source_to_code
  File "<frozen importlib._bootstrap>", line 488, in _call_with_frames_removed
  File "/opt/airflow/dags/filter_questions.py", line 39
    with DAG(
    ^^^^
IndentationError: expected an indented block after function definition on line 35
[2026-03-28T20:47:43.455+0000] {processor.py:842} WARNING - No viable dags retrieved from /opt/airflow/dags/filter_questions.py
[2026-03-28T20:47:43.490+0000] {processor.py:183} INFO - Processing /opt/airflow/dags/filter_questions.py took 0.061 seconds
[2026-03-28T20:47:58.616+0000] {processor.py:161} INFO - Started process (PID=450) to work on /opt/airflow/dags/filter_questions.py
[2026-03-28T20:47:58.618+0000] {processor.py:830} INFO - Processing file /opt/airflow/dags/filter_questions.py for tasks to queue
[2026-03-28T20:47:58.623+0000] {logging_mixin.py:188} INFO - [2026-03-28T20:47:58.622+0000] {dagbag.py:545} INFO - Filling up the DagBag from /opt/airflow/dags/filter_questions.py
[2026-03-28T20:47:58.644+0000] {logging_mixin.py:188} INFO - [2026-03-28T20:47:58.633+0000] {dagbag.py:355} ERROR - Failed to import: /opt/airflow/dags/filter_questions.py
Traceback (most recent call last):
  File "/home/airflow/.local/lib/python3.12/site-packages/airflow/models/dagbag.py", line 351, in parse
    loader.exec_module(new_module)
  File "<frozen importlib._bootstrap_external>", line 995, in exec_module
  File "<frozen importlib._bootstrap>", line 488, in _call_with_frames_removed
  File "/opt/airflow/dags/filter_questions.py", line 7, in <module>
    from dontenv import load_dotenv
ModuleNotFoundError: No module named 'dontenv'
[2026-03-28T20:47:58.645+0000] {processor.py:842} WARNING - No viable dags retrieved from /opt/airflow/dags/filter_questions.py
[2026-03-28T20:47:58.673+0000] {processor.py:183} INFO - Processing /opt/airflow/dags/filter_questions.py took 0.072 seconds
[2026-03-28T20:48:19.116+0000] {processor.py:161} INFO - Started process (PID=465) to work on /opt/airflow/dags/filter_questions.py
[2026-03-28T20:48:19.118+0000] {processor.py:830} INFO - Processing file /opt/airflow/dags/filter_questions.py for tasks to queue
[2026-03-28T20:48:19.120+0000] {logging_mixin.py:188} INFO - [2026-03-28T20:48:19.120+0000] {dagbag.py:545} INFO - Filling up the DagBag from /opt/airflow/dags/filter_questions.py
[2026-03-28T20:48:19.126+0000] {logging_mixin.py:188} INFO - [2026-03-28T20:48:19.124+0000] {dagbag.py:355} ERROR - Failed to import: /opt/airflow/dags/filter_questions.py
Traceback (most recent call last):
  File "/home/airflow/.local/lib/python3.12/site-packages/airflow/models/dagbag.py", line 351, in parse
    loader.exec_module(new_module)
  File "<frozen importlib._bootstrap_external>", line 995, in exec_module
  File "<frozen importlib._bootstrap>", line 488, in _call_with_frames_removed
  File "/opt/airflow/dags/filter_questions.py", line 7, in <module>
    from dontenv import load_dotenv
ModuleNotFoundError: No module named 'dontenv'
[2026-03-28T20:48:19.126+0000] {processor.py:842} WARNING - No viable dags retrieved from /opt/airflow/dags/filter_questions.py
[2026-03-28T20:48:19.157+0000] {processor.py:183} INFO - Processing /opt/airflow/dags/filter_questions.py took 0.049 seconds
[2026-03-28T20:48:49.549+0000] {processor.py:161} INFO - Started process (PID=480) to work on /opt/airflow/dags/filter_questions.py
[2026-03-28T20:48:49.551+0000] {processor.py:830} INFO - Processing file /opt/airflow/dags/filter_questions.py for tasks to queue
[2026-03-28T20:48:49.553+0000] {logging_mixin.py:188} INFO - [2026-03-28T20:48:49.553+0000] {dagbag.py:545} INFO - Filling up the DagBag from /opt/airflow/dags/filter_questions.py
[2026-03-28T20:48:49.560+0000] {logging_mixin.py:188} INFO - [2026-03-28T20:48:49.557+0000] {dagbag.py:355} ERROR - Failed to import: /opt/airflow/dags/filter_questions.py
Traceback (most recent call last):
  File "/home/airflow/.local/lib/python3.12/site-packages/airflow/models/dagbag.py", line 351, in parse
    loader.exec_module(new_module)
  File "<frozen importlib._bootstrap_external>", line 995, in exec_module
  File "<frozen importlib._bootstrap>", line 488, in _call_with_frames_removed
  File "/opt/airflow/dags/filter_questions.py", line 7, in <module>
    from dontenv import load_dotenv
ModuleNotFoundError: No module named 'dontenv'
[2026-03-28T20:48:49.561+0000] {processor.py:842} WARNING - No viable dags retrieved from /opt/airflow/dags/filter_questions.py
[2026-03-28T20:48:49.598+0000] {processor.py:183} INFO - Processing /opt/airflow/dags/filter_questions.py took 0.057 seconds
[2026-03-28T20:48:53.581+0000] {processor.py:161} INFO - Started process (PID=485) to work on /opt/airflow/dags/filter_questions.py
[2026-03-28T20:48:53.584+0000] {processor.py:830} INFO - Processing file /opt/airflow/dags/filter_questions.py for tasks to queue
[2026-03-28T20:48:53.587+0000] {logging_mixin.py:188} INFO - [2026-03-28T20:48:53.587+0000] {dagbag.py:545} INFO - Filling up the DagBag from /opt/airflow/dags/filter_questions.py
[2026-03-28T20:48:53.594+0000] {logging_mixin.py:188} INFO - [2026-03-28T20:48:53.592+0000] {dagbag.py:355} ERROR - Failed to import: /opt/airflow/dags/filter_questions.py
Traceback (most recent call last):
  File "/home/airflow/.local/lib/python3.12/site-packages/airflow/models/dagbag.py", line 351, in parse
    loader.exec_module(new_module)
  File "<frozen importlib._bootstrap_external>", line 995, in exec_module
  File "<frozen importlib._bootstrap>", line 488, in _call_with_frames_removed
  File "/opt/airflow/dags/filter_questions.py", line 7, in <module>
    from dontenv import load_dotenv
ModuleNotFoundError: No module named 'dontenv'
[2026-03-28T20:48:53.594+0000] {processor.py:842} WARNING - No viable dags retrieved from /opt/airflow/dags/filter_questions.py
[2026-03-28T20:48:53.673+0000] {processor.py:183} INFO - Processing /opt/airflow/dags/filter_questions.py took 0.101 seconds
[2026-03-28T20:48:55.724+0000] {processor.py:161} INFO - Started process (PID=490) to work on /opt/airflow/dags/filter_questions.py
[2026-03-28T20:48:55.726+0000] {processor.py:830} INFO - Processing file /opt/airflow/dags/filter_questions.py for tasks to queue
[2026-03-28T20:48:55.731+0000] {logging_mixin.py:188} INFO - [2026-03-28T20:48:55.730+0000] {dagbag.py:545} INFO - Filling up the DagBag from /opt/airflow/dags/filter_questions.py
[2026-03-28T20:48:55.745+0000] {logging_mixin.py:188} INFO - [2026-03-28T20:48:55.738+0000] {dagbag.py:355} ERROR - Failed to import: /opt/airflow/dags/filter_questions.py
Traceback (most recent call last):
  File "/home/airflow/.local/lib/python3.12/site-packages/airflow/models/dagbag.py", line 351, in parse
    loader.exec_module(new_module)
  File "<frozen importlib._bootstrap_external>", line 995, in exec_module
  File "<frozen importlib._bootstrap>", line 488, in _call_with_frames_removed
  File "/opt/airflow/dags/filter_questions.py", line 7, in <module>
    from dontenv import load_dotenv
ModuleNotFoundError: No module named 'dontenv'
[2026-03-28T20:48:55.747+0000] {processor.py:842} WARNING - No viable dags retrieved from /opt/airflow/dags/filter_questions.py
[2026-03-28T20:48:55.782+0000] {processor.py:183} INFO - Processing /opt/airflow/dags/filter_questions.py took 0.077 seconds
[2026-03-28T20:49:09.982+0000] {processor.py:161} INFO - Started process (PID=495) to work on /opt/airflow/dags/filter_questions.py
[2026-03-28T20:49:09.983+0000] {processor.py:830} INFO - Processing file /opt/airflow/dags/filter_questions.py for tasks to queue
[2026-03-28T20:49:09.986+0000] {logging_mixin.py:188} INFO - [2026-03-28T20:49:09.986+0000] {dagbag.py:545} INFO - Filling up the DagBag from /opt/airflow/dags/filter_questions.py
[2026-03-28T20:49:09.993+0000] {logging_mixin.py:188} INFO - [2026-03-28T20:49:09.991+0000] {dagbag.py:355} ERROR - Failed to import: /opt/airflow/dags/filter_questions.py
Traceback (most recent call last):
  File "/home/airflow/.local/lib/python3.12/site-packages/airflow/models/dagbag.py", line 351, in parse
    loader.exec_module(new_module)
  File "<frozen importlib._bootstrap_external>", line 995, in exec_module
  File "<frozen importlib._bootstrap>", line 488, in _call_with_frames_removed
  File "/opt/airflow/dags/filter_questions.py", line 7, in <module>
    from dontenv import load_dotenv
ModuleNotFoundError: No module named 'dontenv'
[2026-03-28T20:49:09.994+0000] {processor.py:842} WARNING - No viable dags retrieved from /opt/airflow/dags/filter_questions.py
[2026-03-28T20:49:10.080+0000] {processor.py:183} INFO - Processing /opt/airflow/dags/filter_questions.py took 0.107 seconds
[2026-03-28T20:49:19.522+0000] {processor.py:161} INFO - Started process (PID=510) to work on /opt/airflow/dags/filter_questions.py
[2026-03-28T20:49:19.523+0000] {processor.py:830} INFO - Processing file /opt/airflow/dags/filter_questions.py for tasks to queue
[2026-03-28T20:49:19.529+0000] {logging_mixin.py:188} INFO - [2026-03-28T20:49:19.528+0000] {dagbag.py:545} INFO - Filling up the DagBag from /opt/airflow/dags/filter_questions.py
[2026-03-28T20:49:19.536+0000] {logging_mixin.py:188} INFO - [2026-03-28T20:49:19.534+0000] {dagbag.py:355} ERROR - Failed to import: /opt/airflow/dags/filter_questions.py
Traceback (most recent call last):
  File "/home/airflow/.local/lib/python3.12/site-packages/airflow/models/dagbag.py", line 351, in parse
    loader.exec_module(new_module)
  File "<frozen importlib._bootstrap_external>", line 995, in exec_module
  File "<frozen importlib._bootstrap>", line 488, in _call_with_frames_removed
  File "/opt/airflow/dags/filter_questions.py", line 7, in <module>
    from dontenv import load_dotenv
ModuleNotFoundError: No module named 'dontenv'
[2026-03-28T20:49:19.537+0000] {processor.py:842} WARNING - No viable dags retrieved from /opt/airflow/dags/filter_questions.py
[2026-03-28T20:49:19.588+0000] {processor.py:183} INFO - Processing /opt/airflow/dags/filter_questions.py took 0.075 seconds
[2026-03-28T20:49:21.543+0000] {processor.py:161} INFO - Started process (PID=515) to work on /opt/airflow/dags/filter_questions.py
[2026-03-28T20:49:21.544+0000] {processor.py:830} INFO - Processing file /opt/airflow/dags/filter_questions.py for tasks to queue
[2026-03-28T20:49:21.546+0000] {logging_mixin.py:188} INFO - [2026-03-28T20:49:21.545+0000] {dagbag.py:545} INFO - Filling up the DagBag from /opt/airflow/dags/filter_questions.py
[2026-03-28T20:49:21.551+0000] {logging_mixin.py:188} INFO - [2026-03-28T20:49:21.550+0000] {dagbag.py:355} ERROR - Failed to import: /opt/airflow/dags/filter_questions.py
Traceback (most recent call last):
  File "/home/airflow/.local/lib/python3.12/site-packages/airflow/models/dagbag.py", line 351, in parse
    loader.exec_module(new_module)
  File "<frozen importlib._bootstrap_external>", line 995, in exec_module
  File "<frozen importlib._bootstrap>", line 488, in _call_with_frames_removed
  File "/opt/airflow/dags/filter_questions.py", line 7, in <module>
    from dontenv import load_dotenv
ModuleNotFoundError: No module named 'dontenv'
[2026-03-28T20:49:21.552+0000] {processor.py:842} WARNING - No viable dags retrieved from /opt/airflow/dags/filter_questions.py
[2026-03-28T20:49:21.581+0000] {processor.py:183} INFO - Processing /opt/airflow/dags/filter_questions.py took 0.048 seconds
[2026-03-28T20:49:37.671+0000] {processor.py:161} INFO - Started process (PID=520) to work on /opt/airflow/dags/filter_questions.py
[2026-03-28T20:49:37.672+0000] {processor.py:830} INFO - Processing file /opt/airflow/dags/filter_questions.py for tasks to queue
[2026-03-28T20:49:37.676+0000] {logging_mixin.py:188} INFO - [2026-03-28T20:49:37.674+0000] {dagbag.py:545} INFO - Filling up the DagBag from /opt/airflow/dags/filter_questions.py
[2026-03-28T20:49:37.681+0000] {logging_mixin.py:188} INFO - [2026-03-28T20:49:37.680+0000] {dagbag.py:355} ERROR - Failed to import: /opt/airflow/dags/filter_questions.py
Traceback (most recent call last):
  File "/home/airflow/.local/lib/python3.12/site-packages/airflow/models/dagbag.py", line 351, in parse
    loader.exec_module(new_module)
  File "<frozen importlib._bootstrap_external>", line 995, in exec_module
  File "<frozen importlib._bootstrap>", line 488, in _call_with_frames_removed
  File "/opt/airflow/dags/filter_questions.py", line 7, in <module>
    from dontenv import load_dotenv
ModuleNotFoundError: No module named 'dontenv'
[2026-03-28T20:49:37.682+0000] {processor.py:842} WARNING - No viable dags retrieved from /opt/airflow/dags/filter_questions.py
[2026-03-28T20:49:37.709+0000] {processor.py:183} INFO - Processing /opt/airflow/dags/filter_questions.py took 0.047 seconds
[2026-03-28T20:49:38.861+0000] {processor.py:161} INFO - Started process (PID=525) to work on /opt/airflow/dags/filter_questions.py
[2026-03-28T20:49:38.862+0000] {processor.py:830} INFO - Processing file /opt/airflow/dags/filter_questions.py for tasks to queue
[2026-03-28T20:49:38.866+0000] {logging_mixin.py:188} INFO - [2026-03-28T20:49:38.865+0000] {dagbag.py:545} INFO - Filling up the DagBag from /opt/airflow/dags/filter_questions.py
[2026-03-28T20:49:38.874+0000] {logging_mixin.py:188} INFO - [2026-03-28T20:49:38.871+0000] {dagbag.py:355} ERROR - Failed to import: /opt/airflow/dags/filter_questions.py
Traceback (most recent call last):
  File "/home/airflow/.local/lib/python3.12/site-packages/airflow/models/dagbag.py", line 351, in parse
    loader.exec_module(new_module)
  File "<frozen importlib._bootstrap_external>", line 995, in exec_module
  File "<frozen importlib._bootstrap>", line 488, in _call_with_frames_removed
  File "/opt/airflow/dags/filter_questions.py", line 7, in <module>
    from dontenv import load_dotenv
ModuleNotFoundError: No module named 'dontenv'
[2026-03-28T20:49:38.875+0000] {processor.py:842} WARNING - No viable dags retrieved from /opt/airflow/dags/filter_questions.py
[2026-03-28T20:49:38.911+0000] {processor.py:183} INFO - Processing /opt/airflow/dags/filter_questions.py took 0.057 seconds
[2026-03-28T20:50:09.307+0000] {processor.py:161} INFO - Started process (PID=540) to work on /opt/airflow/dags/filter_questions.py
[2026-03-28T20:50:09.308+0000] {processor.py:830} INFO - Processing file /opt/airflow/dags/filter_questions.py for tasks to queue
[2026-03-28T20:50:09.311+0000] {logging_mixin.py:188} INFO - [2026-03-28T20:50:09.310+0000] {dagbag.py:545} INFO - Filling up the DagBag from /opt/airflow/dags/filter_questions.py
[2026-03-28T20:50:09.315+0000] {logging_mixin.py:188} INFO - [2026-03-28T20:50:09.314+0000] {dagbag.py:355} ERROR - Failed to import: /opt/airflow/dags/filter_questions.py
Traceback (most recent call last):
  File "/home/airflow/.local/lib/python3.12/site-packages/airflow/models/dagbag.py", line 351, in parse
    loader.exec_module(new_module)
  File "<frozen importlib._bootstrap_external>", line 995, in exec_module
  File "<frozen importlib._bootstrap>", line 488, in _call_with_frames_removed
  File "/opt/airflow/dags/filter_questions.py", line 7, in <module>
    from dontenv import load_dotenv
ModuleNotFoundError: No module named 'dontenv'
[2026-03-28T20:50:09.316+0000] {processor.py:842} WARNING - No viable dags retrieved from /opt/airflow/dags/filter_questions.py
[2026-03-28T20:50:09.348+0000] {processor.py:183} INFO - Processing /opt/airflow/dags/filter_questions.py took 0.049 seconds
[2026-03-28T20:50:39.773+0000] {processor.py:161} INFO - Started process (PID=555) to work on /opt/airflow/dags/filter_questions.py
[2026-03-28T20:50:39.775+0000] {processor.py:830} INFO - Processing file /opt/airflow/dags/filter_questions.py for tasks to queue
[2026-03-28T20:50:39.781+0000] {logging_mixin.py:188} INFO - [2026-03-28T20:50:39.780+0000] {dagbag.py:545} INFO - Filling up the DagBag from /opt/airflow/dags/filter_questions.py
[2026-03-28T20:50:39.789+0000] {logging_mixin.py:188} INFO - [2026-03-28T20:50:39.786+0000] {dagbag.py:355} ERROR - Failed to import: /opt/airflow/dags/filter_questions.py
Traceback (most recent call last):
  File "/home/airflow/.local/lib/python3.12/site-packages/airflow/models/dagbag.py", line 351, in parse
    loader.exec_module(new_module)
  File "<frozen importlib._bootstrap_external>", line 995, in exec_module
  File "<frozen importlib._bootstrap>", line 488, in _call_with_frames_removed
  File "/opt/airflow/dags/filter_questions.py", line 7, in <module>
    from dontenv import load_dotenv
ModuleNotFoundError: No module named 'dontenv'
[2026-03-28T20:50:39.790+0000] {processor.py:842} WARNING - No viable dags retrieved from /opt/airflow/dags/filter_questions.py
[2026-03-28T20:50:39.839+0000] {processor.py:183} INFO - Processing /opt/airflow/dags/filter_questions.py took 0.082 seconds
[2026-03-28T20:50:46.036+0000] {processor.py:161} INFO - Started process (PID=570) to work on /opt/airflow/dags/filter_questions.py
[2026-03-28T20:50:46.037+0000] {processor.py:830} INFO - Processing file /opt/airflow/dags/filter_questions.py for tasks to queue
[2026-03-28T20:50:46.040+0000] {logging_mixin.py:188} INFO - [2026-03-28T20:50:46.039+0000] {dagbag.py:545} INFO - Filling up the DagBag from /opt/airflow/dags/filter_questions.py
[2026-03-28T20:50:46.047+0000] {logging_mixin.py:188} INFO - [2026-03-28T20:50:46.045+0000] {dagbag.py:355} ERROR - Failed to import: /opt/airflow/dags/filter_questions.py
Traceback (most recent call last):
  File "/home/airflow/.local/lib/python3.12/site-packages/airflow/models/dagbag.py", line 351, in parse
    loader.exec_module(new_module)
  File "<frozen importlib._bootstrap_external>", line 991, in exec_module
  File "<frozen importlib._bootstrap_external>", line 1129, in get_code
  File "<frozen importlib._bootstrap_external>", line 1059, in source_to_code
  File "<frozen importlib._bootstrap>", line 488, in _call_with_frames_removed
  File "/opt/airflow/dags/filter_questions.py", line 45
    input_path_csv = os.path.join("/opt/airflow/dags/data", "questions.csv")
IndentationError: unexpected indent
[2026-03-28T20:50:46.047+0000] {processor.py:842} WARNING - No viable dags retrieved from /opt/airflow/dags/filter_questions.py
[2026-03-28T20:50:46.086+0000] {processor.py:183} INFO - Processing /opt/airflow/dags/filter_questions.py took 0.065 seconds
[2026-03-28T20:50:49.056+0000] {processor.py:161} INFO - Started process (PID=575) to work on /opt/airflow/dags/filter_questions.py
[2026-03-28T20:50:49.058+0000] {processor.py:830} INFO - Processing file /opt/airflow/dags/filter_questions.py for tasks to queue
[2026-03-28T20:50:49.060+0000] {logging_mixin.py:188} INFO - [2026-03-28T20:50:49.060+0000] {dagbag.py:545} INFO - Filling up the DagBag from /opt/airflow/dags/filter_questions.py
[2026-03-28T20:50:49.068+0000] {logging_mixin.py:188} INFO - [2026-03-28T20:50:49.067+0000] {dagbag.py:355} ERROR - Failed to import: /opt/airflow/dags/filter_questions.py
Traceback (most recent call last):
  File "/home/airflow/.local/lib/python3.12/site-packages/airflow/models/dagbag.py", line 351, in parse
    loader.exec_module(new_module)
  File "<frozen importlib._bootstrap_external>", line 995, in exec_module
  File "<frozen importlib._bootstrap>", line 488, in _call_with_frames_removed
  File "/opt/airflow/dags/filter_questions.py", line 7, in <module>
    from dontenv import load_dotenv
ModuleNotFoundError: No module named 'dontenv'
[2026-03-28T20:50:49.069+0000] {processor.py:842} WARNING - No viable dags retrieved from /opt/airflow/dags/filter_questions.py
[2026-03-28T20:50:49.105+0000] {processor.py:183} INFO - Processing /opt/airflow/dags/filter_questions.py took 0.057 seconds
[2026-03-28T20:51:06.180+0000] {processor.py:161} INFO - Started process (PID=580) to work on /opt/airflow/dags/filter_questions.py
[2026-03-28T20:51:06.182+0000] {processor.py:830} INFO - Processing file /opt/airflow/dags/filter_questions.py for tasks to queue
[2026-03-28T20:51:06.185+0000] {logging_mixin.py:188} INFO - [2026-03-28T20:51:06.185+0000] {dagbag.py:545} INFO - Filling up the DagBag from /opt/airflow/dags/filter_questions.py
[2026-03-28T20:51:06.196+0000] {logging_mixin.py:188} INFO - [2026-03-28T20:51:06.191+0000] {dagbag.py:355} ERROR - Failed to import: /opt/airflow/dags/filter_questions.py
Traceback (most recent call last):
  File "/home/airflow/.local/lib/python3.12/site-packages/airflow/models/dagbag.py", line 351, in parse
    loader.exec_module(new_module)
  File "<frozen importlib._bootstrap_external>", line 995, in exec_module
  File "<frozen importlib._bootstrap>", line 488, in _call_with_frames_removed
  File "/opt/airflow/dags/filter_questions.py", line 7, in <module>
    from dontenv import load_dotenv
ModuleNotFoundError: No module named 'dontenv'
[2026-03-28T20:51:06.200+0000] {processor.py:842} WARNING - No viable dags retrieved from /opt/airflow/dags/filter_questions.py
[2026-03-28T20:51:06.236+0000] {processor.py:183} INFO - Processing /opt/airflow/dags/filter_questions.py took 0.067 seconds
[2026-03-28T20:51:16.650+0000] {processor.py:161} INFO - Started process (PID=595) to work on /opt/airflow/dags/filter_questions.py
[2026-03-28T20:51:16.654+0000] {processor.py:830} INFO - Processing file /opt/airflow/dags/filter_questions.py for tasks to queue
[2026-03-28T20:51:16.656+0000] {logging_mixin.py:188} INFO - [2026-03-28T20:51:16.656+0000] {dagbag.py:545} INFO - Filling up the DagBag from /opt/airflow/dags/filter_questions.py
[2026-03-28T20:51:16.662+0000] {logging_mixin.py:188} INFO - [2026-03-28T20:51:16.660+0000] {dagbag.py:355} ERROR - Failed to import: /opt/airflow/dags/filter_questions.py
Traceback (most recent call last):
  File "/home/airflow/.local/lib/python3.12/site-packages/airflow/models/dagbag.py", line 351, in parse
    loader.exec_module(new_module)
  File "<frozen importlib._bootstrap_external>", line 995, in exec_module
  File "<frozen importlib._bootstrap>", line 488, in _call_with_frames_removed
  File "/opt/airflow/dags/filter_questions.py", line 7, in <module>
    from dontenv import load_dotenv
ModuleNotFoundError: No module named 'dontenv'
[2026-03-28T20:51:16.662+0000] {processor.py:842} WARNING - No viable dags retrieved from /opt/airflow/dags/filter_questions.py
[2026-03-28T20:51:16.695+0000] {processor.py:183} INFO - Processing /opt/airflow/dags/filter_questions.py took 0.052 seconds
[2026-03-28T20:51:46.043+0000] {processor.py:161} INFO - Started process (PID=605) to work on /opt/airflow/dags/filter_questions.py
[2026-03-28T20:51:46.044+0000] {processor.py:830} INFO - Processing file /opt/airflow/dags/filter_questions.py for tasks to queue
[2026-03-28T20:51:46.046+0000] {logging_mixin.py:188} INFO - [2026-03-28T20:51:46.045+0000] {dagbag.py:545} INFO - Filling up the DagBag from /opt/airflow/dags/filter_questions.py
[2026-03-28T20:51:46.051+0000] {logging_mixin.py:188} INFO - [2026-03-28T20:51:46.050+0000] {dagbag.py:355} ERROR - Failed to import: /opt/airflow/dags/filter_questions.py
Traceback (most recent call last):
  File "/home/airflow/.local/lib/python3.12/site-packages/airflow/models/dagbag.py", line 351, in parse
    loader.exec_module(new_module)
  File "<frozen importlib._bootstrap_external>", line 995, in exec_module
  File "<frozen importlib._bootstrap>", line 488, in _call_with_frames_removed
  File "/opt/airflow/dags/filter_questions.py", line 7, in <module>
    from dontenv import load_dotenv
ModuleNotFoundError: No module named 'dontenv'
[2026-03-28T20:51:46.052+0000] {processor.py:842} WARNING - No viable dags retrieved from /opt/airflow/dags/filter_questions.py
[2026-03-28T20:51:46.086+0000] {processor.py:183} INFO - Processing /opt/airflow/dags/filter_questions.py took 0.051 seconds
[2026-03-28T20:52:02.229+0000] {processor.py:161} INFO - Started process (PID=615) to work on /opt/airflow/dags/filter_questions.py
[2026-03-28T20:52:02.231+0000] {processor.py:830} INFO - Processing file /opt/airflow/dags/filter_questions.py for tasks to queue
[2026-03-28T20:52:02.236+0000] {logging_mixin.py:188} INFO - [2026-03-28T20:52:02.235+0000] {dagbag.py:545} INFO - Filling up the DagBag from /opt/airflow/dags/filter_questions.py
[2026-03-28T20:52:02.252+0000] {logging_mixin.py:188} INFO - [2026-03-28T20:52:02.246+0000] {dagbag.py:355} ERROR - Failed to import: /opt/airflow/dags/filter_questions.py
Traceback (most recent call last):
  File "/home/airflow/.local/lib/python3.12/site-packages/airflow/models/dagbag.py", line 351, in parse
    loader.exec_module(new_module)
  File "<frozen importlib._bootstrap_external>", line 995, in exec_module
  File "<frozen importlib._bootstrap>", line 488, in _call_with_frames_removed
  File "/opt/airflow/dags/filter_questions.py", line 7, in <module>
    from dontenv import load_dotenv
ModuleNotFoundError: No module named 'dontenv'
[2026-03-28T20:52:02.253+0000] {processor.py:842} WARNING - No viable dags retrieved from /opt/airflow/dags/filter_questions.py
[2026-03-28T20:52:02.292+0000] {processor.py:183} INFO - Processing /opt/airflow/dags/filter_questions.py took 0.073 seconds
[2026-03-28T20:52:32.766+0000] {processor.py:161} INFO - Started process (PID=630) to work on /opt/airflow/dags/filter_questions.py
[2026-03-28T20:52:32.768+0000] {processor.py:830} INFO - Processing file /opt/airflow/dags/filter_questions.py for tasks to queue
[2026-03-28T20:52:32.773+0000] {logging_mixin.py:188} INFO - [2026-03-28T20:52:32.772+0000] {dagbag.py:545} INFO - Filling up the DagBag from /opt/airflow/dags/filter_questions.py
[2026-03-28T20:52:32.783+0000] {logging_mixin.py:188} INFO - [2026-03-28T20:52:32.781+0000] {dagbag.py:355} ERROR - Failed to import: /opt/airflow/dags/filter_questions.py
Traceback (most recent call last):
  File "/home/airflow/.local/lib/python3.12/site-packages/airflow/models/dagbag.py", line 351, in parse
    loader.exec_module(new_module)
  File "<frozen importlib._bootstrap_external>", line 995, in exec_module
  File "<frozen importlib._bootstrap>", line 488, in _call_with_frames_removed
  File "/opt/airflow/dags/filter_questions.py", line 7, in <module>
    from dontenv import load_dotenv
ModuleNotFoundError: No module named 'dontenv'
[2026-03-28T20:52:32.784+0000] {processor.py:842} WARNING - No viable dags retrieved from /opt/airflow/dags/filter_questions.py
[2026-03-28T20:52:32.835+0000] {processor.py:183} INFO - Processing /opt/airflow/dags/filter_questions.py took 0.082 seconds
[2026-03-28T20:53:03.206+0000] {processor.py:161} INFO - Started process (PID=645) to work on /opt/airflow/dags/filter_questions.py
[2026-03-28T20:53:03.207+0000] {processor.py:830} INFO - Processing file /opt/airflow/dags/filter_questions.py for tasks to queue
[2026-03-28T20:53:03.210+0000] {logging_mixin.py:188} INFO - [2026-03-28T20:53:03.210+0000] {dagbag.py:545} INFO - Filling up the DagBag from /opt/airflow/dags/filter_questions.py
[2026-03-28T20:53:03.215+0000] {logging_mixin.py:188} INFO - [2026-03-28T20:53:03.214+0000] {dagbag.py:355} ERROR - Failed to import: /opt/airflow/dags/filter_questions.py
Traceback (most recent call last):
  File "/home/airflow/.local/lib/python3.12/site-packages/airflow/models/dagbag.py", line 351, in parse
    loader.exec_module(new_module)
  File "<frozen importlib._bootstrap_external>", line 995, in exec_module
  File "<frozen importlib._bootstrap>", line 488, in _call_with_frames_removed
  File "/opt/airflow/dags/filter_questions.py", line 7, in <module>
    from dontenv import load_dotenv
ModuleNotFoundError: No module named 'dontenv'
[2026-03-28T20:53:03.216+0000] {processor.py:842} WARNING - No viable dags retrieved from /opt/airflow/dags/filter_questions.py
[2026-03-28T20:53:03.251+0000] {processor.py:183} INFO - Processing /opt/airflow/dags/filter_questions.py took 0.054 seconds
[2026-03-28T20:53:33.691+0000] {processor.py:161} INFO - Started process (PID=660) to work on /opt/airflow/dags/filter_questions.py
[2026-03-28T20:53:33.694+0000] {processor.py:830} INFO - Processing file /opt/airflow/dags/filter_questions.py for tasks to queue
[2026-03-28T20:53:33.696+0000] {logging_mixin.py:188} INFO - [2026-03-28T20:53:33.696+0000] {dagbag.py:545} INFO - Filling up the DagBag from /opt/airflow/dags/filter_questions.py
[2026-03-28T20:53:33.701+0000] {logging_mixin.py:188} INFO - [2026-03-28T20:53:33.700+0000] {dagbag.py:355} ERROR - Failed to import: /opt/airflow/dags/filter_questions.py
Traceback (most recent call last):
  File "/home/airflow/.local/lib/python3.12/site-packages/airflow/models/dagbag.py", line 351, in parse
    loader.exec_module(new_module)
  File "<frozen importlib._bootstrap_external>", line 995, in exec_module
  File "<frozen importlib._bootstrap>", line 488, in _call_with_frames_removed
  File "/opt/airflow/dags/filter_questions.py", line 7, in <module>
    from dontenv import load_dotenv
ModuleNotFoundError: No module named 'dontenv'
[2026-03-28T20:53:33.702+0000] {processor.py:842} WARNING - No viable dags retrieved from /opt/airflow/dags/filter_questions.py
[2026-03-28T20:53:33.763+0000] {processor.py:183} INFO - Processing /opt/airflow/dags/filter_questions.py took 0.081 seconds
[2026-03-28T20:53:38.736+0000] {processor.py:161} INFO - Started process (PID=665) to work on /opt/airflow/dags/filter_questions.py
[2026-03-28T20:53:38.737+0000] {processor.py:830} INFO - Processing file /opt/airflow/dags/filter_questions.py for tasks to queue
[2026-03-28T20:53:38.741+0000] {logging_mixin.py:188} INFO - [2026-03-28T20:53:38.740+0000] {dagbag.py:545} INFO - Filling up the DagBag from /opt/airflow/dags/filter_questions.py
[2026-03-28T20:53:38.749+0000] {logging_mixin.py:188} INFO - [2026-03-28T20:53:38.747+0000] {dagbag.py:355} ERROR - Failed to import: /opt/airflow/dags/filter_questions.py
Traceback (most recent call last):
  File "/home/airflow/.local/lib/python3.12/site-packages/airflow/models/dagbag.py", line 351, in parse
    loader.exec_module(new_module)
  File "<frozen importlib._bootstrap_external>", line 995, in exec_module
  File "<frozen importlib._bootstrap>", line 488, in _call_with_frames_removed
  File "/opt/airflow/dags/filter_questions.py", line 7, in <module>
    from dontenv import load_dotenv
ModuleNotFoundError: No module named 'dontenv'
[2026-03-28T20:53:38.749+0000] {processor.py:842} WARNING - No viable dags retrieved from /opt/airflow/dags/filter_questions.py
[2026-03-28T20:53:38.818+0000] {processor.py:183} INFO - Processing /opt/airflow/dags/filter_questions.py took 0.088 seconds
[2026-03-28T20:53:50.186+0000] {processor.py:161} INFO - Started process (PID=680) to work on /opt/airflow/dags/filter_questions.py
[2026-03-28T20:53:50.188+0000] {processor.py:830} INFO - Processing file /opt/airflow/dags/filter_questions.py for tasks to queue
[2026-03-28T20:53:50.192+0000] {logging_mixin.py:188} INFO - [2026-03-28T20:53:50.191+0000] {dagbag.py:545} INFO - Filling up the DagBag from /opt/airflow/dags/filter_questions.py
[2026-03-28T20:53:50.216+0000] {logging_mixin.py:188} INFO - [2026-03-28T20:53:50.213+0000] {dagbag.py:355} ERROR - Failed to import: /opt/airflow/dags/filter_questions.py
Traceback (most recent call last):
  File "/home/airflow/.local/lib/python3.12/site-packages/airflow/models/dagbag.py", line 351, in parse
    loader.exec_module(new_module)
  File "<frozen importlib._bootstrap_external>", line 995, in exec_module
  File "<frozen importlib._bootstrap>", line 488, in _call_with_frames_removed
  File "/opt/airflow/dags/filter_questions.py", line 7, in <module>
    from dontenv import load_dotenv
ModuleNotFoundError: No module named 'dontenv'
[2026-03-28T20:53:50.218+0000] {processor.py:842} WARNING - No viable dags retrieved from /opt/airflow/dags/filter_questions.py
[2026-03-28T20:53:50.269+0000] {processor.py:183} INFO - Processing /opt/airflow/dags/filter_questions.py took 0.096 seconds
[2026-03-28T20:53:52.294+0000] {processor.py:161} INFO - Started process (PID=685) to work on /opt/airflow/dags/filter_questions.py
[2026-03-28T20:53:52.296+0000] {processor.py:830} INFO - Processing file /opt/airflow/dags/filter_questions.py for tasks to queue
[2026-03-28T20:53:52.298+0000] {logging_mixin.py:188} INFO - [2026-03-28T20:53:52.298+0000] {dagbag.py:545} INFO - Filling up the DagBag from /opt/airflow/dags/filter_questions.py
[2026-03-28T20:53:52.310+0000] {logging_mixin.py:188} INFO - [2026-03-28T20:53:52.305+0000] {dagbag.py:355} ERROR - Failed to import: /opt/airflow/dags/filter_questions.py
Traceback (most recent call last):
  File "/home/airflow/.local/lib/python3.12/site-packages/airflow/models/dagbag.py", line 351, in parse
    loader.exec_module(new_module)
  File "<frozen importlib._bootstrap_external>", line 995, in exec_module
  File "<frozen importlib._bootstrap>", line 488, in _call_with_frames_removed
  File "/opt/airflow/dags/filter_questions.py", line 7, in <module>
    from dontenv import load_dotenv
ModuleNotFoundError: No module named 'dontenv'
[2026-03-28T20:53:52.311+0000] {processor.py:842} WARNING - No viable dags retrieved from /opt/airflow/dags/filter_questions.py
[2026-03-28T20:53:52.346+0000] {processor.py:183} INFO - Processing /opt/airflow/dags/filter_questions.py took 0.082 seconds
[2026-03-28T20:54:22.724+0000] {processor.py:161} INFO - Started process (PID=700) to work on /opt/airflow/dags/filter_questions.py
[2026-03-28T20:54:22.726+0000] {processor.py:830} INFO - Processing file /opt/airflow/dags/filter_questions.py for tasks to queue
[2026-03-28T20:54:22.728+0000] {logging_mixin.py:188} INFO - [2026-03-28T20:54:22.728+0000] {dagbag.py:545} INFO - Filling up the DagBag from /opt/airflow/dags/filter_questions.py
[2026-03-28T20:54:22.732+0000] {logging_mixin.py:188} INFO - [2026-03-28T20:54:22.731+0000] {dagbag.py:355} ERROR - Failed to import: /opt/airflow/dags/filter_questions.py
Traceback (most recent call last):
  File "/home/airflow/.local/lib/python3.12/site-packages/airflow/models/dagbag.py", line 351, in parse
    loader.exec_module(new_module)
  File "<frozen importlib._bootstrap_external>", line 995, in exec_module
  File "<frozen importlib._bootstrap>", line 488, in _call_with_frames_removed
  File "/opt/airflow/dags/filter_questions.py", line 7, in <module>
    from dontenv import load_dotenv
ModuleNotFoundError: No module named 'dontenv'
[2026-03-28T20:54:22.733+0000] {processor.py:842} WARNING - No viable dags retrieved from /opt/airflow/dags/filter_questions.py
[2026-03-28T20:54:22.767+0000] {processor.py:183} INFO - Processing /opt/airflow/dags/filter_questions.py took 0.050 seconds
[2026-03-28T20:54:53.362+0000] {processor.py:161} INFO - Started process (PID=715) to work on /opt/airflow/dags/filter_questions.py
[2026-03-28T20:54:53.363+0000] {processor.py:830} INFO - Processing file /opt/airflow/dags/filter_questions.py for tasks to queue
[2026-03-28T20:54:53.365+0000] {logging_mixin.py:188} INFO - [2026-03-28T20:54:53.364+0000] {dagbag.py:545} INFO - Filling up the DagBag from /opt/airflow/dags/filter_questions.py
[2026-03-28T20:54:53.369+0000] {logging_mixin.py:188} INFO - [2026-03-28T20:54:53.368+0000] {dagbag.py:355} ERROR - Failed to import: /opt/airflow/dags/filter_questions.py
Traceback (most recent call last):
  File "/home/airflow/.local/lib/python3.12/site-packages/airflow/models/dagbag.py", line 351, in parse
    loader.exec_module(new_module)
  File "<frozen importlib._bootstrap_external>", line 995, in exec_module
  File "<frozen importlib._bootstrap>", line 488, in _call_with_frames_removed
  File "/opt/airflow/dags/filter_questions.py", line 7, in <module>
    from dontenv import load_dotenv
ModuleNotFoundError: No module named 'dontenv'
[2026-03-28T20:54:53.370+0000] {processor.py:842} WARNING - No viable dags retrieved from /opt/airflow/dags/filter_questions.py
[2026-03-28T20:54:53.402+0000] {processor.py:183} INFO - Processing /opt/airflow/dags/filter_questions.py took 0.048 seconds
[2026-03-28T20:55:23.795+0000] {processor.py:161} INFO - Started process (PID=730) to work on /opt/airflow/dags/filter_questions.py
[2026-03-28T20:55:23.798+0000] {processor.py:830} INFO - Processing file /opt/airflow/dags/filter_questions.py for tasks to queue
[2026-03-28T20:55:23.800+0000] {logging_mixin.py:188} INFO - [2026-03-28T20:55:23.800+0000] {dagbag.py:545} INFO - Filling up the DagBag from /opt/airflow/dags/filter_questions.py
[2026-03-28T20:55:23.807+0000] {logging_mixin.py:188} INFO - [2026-03-28T20:55:23.803+0000] {dagbag.py:355} ERROR - Failed to import: /opt/airflow/dags/filter_questions.py
Traceback (most recent call last):
  File "/home/airflow/.local/lib/python3.12/site-packages/airflow/models/dagbag.py", line 351, in parse
    loader.exec_module(new_module)
  File "<frozen importlib._bootstrap_external>", line 995, in exec_module
  File "<frozen importlib._bootstrap>", line 488, in _call_with_frames_removed
  File "/opt/airflow/dags/filter_questions.py", line 7, in <module>
    from dontenv import load_dotenv
ModuleNotFoundError: No module named 'dontenv'
[2026-03-28T20:55:23.808+0000] {processor.py:842} WARNING - No viable dags retrieved from /opt/airflow/dags/filter_questions.py
[2026-03-28T20:55:23.842+0000] {processor.py:183} INFO - Processing /opt/airflow/dags/filter_questions.py took 0.057 seconds
[2026-03-28T20:55:54.317+0000] {processor.py:161} INFO - Started process (PID=745) to work on /opt/airflow/dags/filter_questions.py
[2026-03-28T20:55:54.319+0000] {processor.py:830} INFO - Processing file /opt/airflow/dags/filter_questions.py for tasks to queue
[2026-03-28T20:55:54.322+0000] {logging_mixin.py:188} INFO - [2026-03-28T20:55:54.321+0000] {dagbag.py:545} INFO - Filling up the DagBag from /opt/airflow/dags/filter_questions.py
[2026-03-28T20:55:54.327+0000] {logging_mixin.py:188} INFO - [2026-03-28T20:55:54.325+0000] {dagbag.py:355} ERROR - Failed to import: /opt/airflow/dags/filter_questions.py
Traceback (most recent call last):
  File "/home/airflow/.local/lib/python3.12/site-packages/airflow/models/dagbag.py", line 351, in parse
    loader.exec_module(new_module)
  File "<frozen importlib._bootstrap_external>", line 995, in exec_module
  File "<frozen importlib._bootstrap>", line 488, in _call_with_frames_removed
  File "/opt/airflow/dags/filter_questions.py", line 7, in <module>
    from dontenv import load_dotenv
ModuleNotFoundError: No module named 'dontenv'
[2026-03-28T20:55:54.327+0000] {processor.py:842} WARNING - No viable dags retrieved from /opt/airflow/dags/filter_questions.py
[2026-03-28T20:55:54.356+0000] {processor.py:183} INFO - Processing /opt/airflow/dags/filter_questions.py took 0.046 seconds
[2026-03-28T20:56:24.741+0000] {processor.py:161} INFO - Started process (PID=760) to work on /opt/airflow/dags/filter_questions.py
[2026-03-28T20:56:24.742+0000] {processor.py:830} INFO - Processing file /opt/airflow/dags/filter_questions.py for tasks to queue
[2026-03-28T20:56:24.745+0000] {logging_mixin.py:188} INFO - [2026-03-28T20:56:24.745+0000] {dagbag.py:545} INFO - Filling up the DagBag from /opt/airflow/dags/filter_questions.py
[2026-03-28T20:56:24.749+0000] {logging_mixin.py:188} INFO - [2026-03-28T20:56:24.748+0000] {dagbag.py:355} ERROR - Failed to import: /opt/airflow/dags/filter_questions.py
Traceback (most recent call last):
  File "/home/airflow/.local/lib/python3.12/site-packages/airflow/models/dagbag.py", line 351, in parse
    loader.exec_module(new_module)
  File "<frozen importlib._bootstrap_external>", line 995, in exec_module
  File "<frozen importlib._bootstrap>", line 488, in _call_with_frames_removed
  File "/opt/airflow/dags/filter_questions.py", line 7, in <module>
    from dontenv import load_dotenv
ModuleNotFoundError: No module named 'dontenv'
[2026-03-28T20:56:24.750+0000] {processor.py:842} WARNING - No viable dags retrieved from /opt/airflow/dags/filter_questions.py
[2026-03-28T20:56:24.777+0000] {processor.py:183} INFO - Processing /opt/airflow/dags/filter_questions.py took 0.046 seconds
[2026-03-28T20:56:28.769+0000] {processor.py:161} INFO - Started process (PID=765) to work on /opt/airflow/dags/filter_questions.py
[2026-03-28T20:56:28.770+0000] {processor.py:830} INFO - Processing file /opt/airflow/dags/filter_questions.py for tasks to queue
[2026-03-28T20:56:28.774+0000] {logging_mixin.py:188} INFO - [2026-03-28T20:56:28.773+0000] {dagbag.py:545} INFO - Filling up the DagBag from /opt/airflow/dags/filter_questions.py
[2026-03-28T20:56:28.947+0000] {logging_mixin.py:188} INFO - [2026-03-28T20:56:28.946+0000] {dagbag.py:355} ERROR - Failed to import: /opt/airflow/dags/filter_questions.py
Traceback (most recent call last):
  File "/home/airflow/.local/lib/python3.12/site-packages/airflow/models/dagbag.py", line 351, in parse
    loader.exec_module(new_module)
  File "<frozen importlib._bootstrap_external>", line 995, in exec_module
  File "<frozen importlib._bootstrap>", line 488, in _call_with_frames_removed
  File "/opt/airflow/dags/filter_questions.py", line 8, in <module>
    import google.generativeai as genai
ModuleNotFoundError: No module named 'google.generativeai'
[2026-03-28T20:56:28.948+0000] {processor.py:842} WARNING - No viable dags retrieved from /opt/airflow/dags/filter_questions.py
[2026-03-28T20:56:28.992+0000] {processor.py:183} INFO - Processing /opt/airflow/dags/filter_questions.py took 0.231 seconds
[2026-03-28T20:56:59.260+0000] {processor.py:161} INFO - Started process (PID=780) to work on /opt/airflow/dags/filter_questions.py
[2026-03-28T20:56:59.261+0000] {processor.py:830} INFO - Processing file /opt/airflow/dags/filter_questions.py for tasks to queue
[2026-03-28T20:56:59.265+0000] {logging_mixin.py:188} INFO - [2026-03-28T20:56:59.264+0000] {dagbag.py:545} INFO - Filling up the DagBag from /opt/airflow/dags/filter_questions.py
[2026-03-28T20:56:59.276+0000] {logging_mixin.py:188} INFO - [2026-03-28T20:56:59.275+0000] {dagbag.py:355} ERROR - Failed to import: /opt/airflow/dags/filter_questions.py
Traceback (most recent call last):
  File "/home/airflow/.local/lib/python3.12/site-packages/airflow/models/dagbag.py", line 351, in parse
    loader.exec_module(new_module)
  File "<frozen importlib._bootstrap_external>", line 995, in exec_module
  File "<frozen importlib._bootstrap>", line 488, in _call_with_frames_removed
  File "/opt/airflow/dags/filter_questions.py", line 8, in <module>
    import google.generativeai as genai
ModuleNotFoundError: No module named 'google.generativeai'
[2026-03-28T20:56:59.277+0000] {processor.py:842} WARNING - No viable dags retrieved from /opt/airflow/dags/filter_questions.py
[2026-03-28T20:56:59.314+0000] {processor.py:183} INFO - Processing /opt/airflow/dags/filter_questions.py took 0.060 seconds
[2026-03-28T20:57:29.717+0000] {processor.py:161} INFO - Started process (PID=795) to work on /opt/airflow/dags/filter_questions.py
[2026-03-28T20:57:29.721+0000] {processor.py:830} INFO - Processing file /opt/airflow/dags/filter_questions.py for tasks to queue
[2026-03-28T20:57:29.732+0000] {logging_mixin.py:188} INFO - [2026-03-28T20:57:29.731+0000] {dagbag.py:545} INFO - Filling up the DagBag from /opt/airflow/dags/filter_questions.py
[2026-03-28T20:57:29.768+0000] {logging_mixin.py:188} INFO - [2026-03-28T20:57:29.764+0000] {dagbag.py:355} ERROR - Failed to import: /opt/airflow/dags/filter_questions.py
Traceback (most recent call last):
  File "/home/airflow/.local/lib/python3.12/site-packages/airflow/models/dagbag.py", line 351, in parse
    loader.exec_module(new_module)
  File "<frozen importlib._bootstrap_external>", line 995, in exec_module
  File "<frozen importlib._bootstrap>", line 488, in _call_with_frames_removed
  File "/opt/airflow/dags/filter_questions.py", line 8, in <module>
    import google.generativeai as genai
ModuleNotFoundError: No module named 'google.generativeai'
[2026-03-28T20:57:29.769+0000] {processor.py:842} WARNING - No viable dags retrieved from /opt/airflow/dags/filter_questions.py
[2026-03-28T20:57:29.836+0000] {processor.py:183} INFO - Processing /opt/airflow/dags/filter_questions.py took 0.143 seconds
[2026-03-28T20:58:00.227+0000] {processor.py:161} INFO - Started process (PID=810) to work on /opt/airflow/dags/filter_questions.py
[2026-03-28T20:58:00.228+0000] {processor.py:830} INFO - Processing file /opt/airflow/dags/filter_questions.py for tasks to queue
[2026-03-28T20:58:00.230+0000] {logging_mixin.py:188} INFO - [2026-03-28T20:58:00.230+0000] {dagbag.py:545} INFO - Filling up the DagBag from /opt/airflow/dags/filter_questions.py
[2026-03-28T20:58:00.240+0000] {logging_mixin.py:188} INFO - [2026-03-28T20:58:00.239+0000] {dagbag.py:355} ERROR - Failed to import: /opt/airflow/dags/filter_questions.py
Traceback (most recent call last):
  File "/home/airflow/.local/lib/python3.12/site-packages/airflow/models/dagbag.py", line 351, in parse
    loader.exec_module(new_module)
  File "<frozen importlib._bootstrap_external>", line 995, in exec_module
  File "<frozen importlib._bootstrap>", line 488, in _call_with_frames_removed
  File "/opt/airflow/dags/filter_questions.py", line 8, in <module>
    import google.generativeai as genai
ModuleNotFoundError: No module named 'google.generativeai'
[2026-03-28T20:58:00.241+0000] {processor.py:842} WARNING - No viable dags retrieved from /opt/airflow/dags/filter_questions.py
[2026-03-28T20:58:00.272+0000] {processor.py:183} INFO - Processing /opt/airflow/dags/filter_questions.py took 0.054 seconds
[2026-03-28T20:58:30.635+0000] {processor.py:161} INFO - Started process (PID=825) to work on /opt/airflow/dags/filter_questions.py
[2026-03-28T20:58:30.636+0000] {processor.py:830} INFO - Processing file /opt/airflow/dags/filter_questions.py for tasks to queue
[2026-03-28T20:58:30.639+0000] {logging_mixin.py:188} INFO - [2026-03-28T20:58:30.639+0000] {dagbag.py:545} INFO - Filling up the DagBag from /opt/airflow/dags/filter_questions.py
[2026-03-28T20:58:30.650+0000] {logging_mixin.py:188} INFO - [2026-03-28T20:58:30.649+0000] {dagbag.py:355} ERROR - Failed to import: /opt/airflow/dags/filter_questions.py
Traceback (most recent call last):
  File "/home/airflow/.local/lib/python3.12/site-packages/airflow/models/dagbag.py", line 351, in parse
    loader.exec_module(new_module)
  File "<frozen importlib._bootstrap_external>", line 995, in exec_module
  File "<frozen importlib._bootstrap>", line 488, in _call_with_frames_removed
  File "/opt/airflow/dags/filter_questions.py", line 8, in <module>
    import google.generativeai as genai
ModuleNotFoundError: No module named 'google.generativeai'
[2026-03-28T20:58:30.650+0000] {processor.py:842} WARNING - No viable dags retrieved from /opt/airflow/dags/filter_questions.py
[2026-03-28T20:58:30.682+0000] {processor.py:183} INFO - Processing /opt/airflow/dags/filter_questions.py took 0.054 seconds
[2026-03-28T20:59:01.096+0000] {processor.py:161} INFO - Started process (PID=840) to work on /opt/airflow/dags/filter_questions.py
[2026-03-28T20:59:01.097+0000] {processor.py:830} INFO - Processing file /opt/airflow/dags/filter_questions.py for tasks to queue
[2026-03-28T20:59:01.099+0000] {logging_mixin.py:188} INFO - [2026-03-28T20:59:01.099+0000] {dagbag.py:545} INFO - Filling up the DagBag from /opt/airflow/dags/filter_questions.py
[2026-03-28T20:59:01.111+0000] {logging_mixin.py:188} INFO - [2026-03-28T20:59:01.108+0000] {dagbag.py:355} ERROR - Failed to import: /opt/airflow/dags/filter_questions.py
Traceback (most recent call last):
  File "/home/airflow/.local/lib/python3.12/site-packages/airflow/models/dagbag.py", line 351, in parse
    loader.exec_module(new_module)
  File "<frozen importlib._bootstrap_external>", line 995, in exec_module
  File "<frozen importlib._bootstrap>", line 488, in _call_with_frames_removed
  File "/opt/airflow/dags/filter_questions.py", line 8, in <module>
    import google.generativeai as genai
ModuleNotFoundError: No module named 'google.generativeai'
[2026-03-28T20:59:01.112+0000] {processor.py:842} WARNING - No viable dags retrieved from /opt/airflow/dags/filter_questions.py
[2026-03-28T20:59:01.163+0000] {processor.py:183} INFO - Processing /opt/airflow/dags/filter_questions.py took 0.075 seconds
[2026-03-28T20:59:10.507+0000] {processor.py:161} INFO - Started process (PID=845) to work on /opt/airflow/dags/filter_questions.py
[2026-03-28T20:59:10.533+0000] {processor.py:830} INFO - Processing file /opt/airflow/dags/filter_questions.py for tasks to queue
[2026-03-28T20:59:10.587+0000] {logging_mixin.py:188} INFO - [2026-03-28T20:59:10.577+0000] {dagbag.py:545} INFO - Filling up the DagBag from /opt/airflow/dags/filter_questions.py
[2026-03-28T20:59:10.747+0000] {logging_mixin.py:188} INFO - [2026-03-28T20:59:10.714+0000] {dagbag.py:355} ERROR - Failed to import: /opt/airflow/dags/filter_questions.py
Traceback (most recent call last):
  File "/home/airflow/.local/lib/python3.12/site-packages/airflow/models/dagbag.py", line 351, in parse
    loader.exec_module(new_module)
  File "<frozen importlib._bootstrap_external>", line 995, in exec_module
  File "<frozen importlib._bootstrap>", line 488, in _call_with_frames_removed
  File "/opt/airflow/dags/filter_questions.py", line 8, in <module>
    import google.generativeai as genai
ModuleNotFoundError: No module named 'google.generativeai'
[2026-03-28T20:59:10.749+0000] {processor.py:842} WARNING - No viable dags retrieved from /opt/airflow/dags/filter_questions.py
[2026-03-28T20:59:10.997+0000] {processor.py:183} INFO - Processing /opt/airflow/dags/filter_questions.py took 0.591 seconds
[2026-03-28T20:59:12.655+0000] {processor.py:161} INFO - Started process (PID=850) to work on /opt/airflow/dags/filter_questions.py
[2026-03-28T20:59:12.656+0000] {processor.py:830} INFO - Processing file /opt/airflow/dags/filter_questions.py for tasks to queue
[2026-03-28T20:59:12.664+0000] {logging_mixin.py:188} INFO - [2026-03-28T20:59:12.664+0000] {dagbag.py:545} INFO - Filling up the DagBag from /opt/airflow/dags/filter_questions.py
[2026-03-28T20:59:12.679+0000] {logging_mixin.py:188} INFO - [2026-03-28T20:59:12.677+0000] {dagbag.py:355} ERROR - Failed to import: /opt/airflow/dags/filter_questions.py
Traceback (most recent call last):
  File "/home/airflow/.local/lib/python3.12/site-packages/airflow/models/dagbag.py", line 351, in parse
    loader.exec_module(new_module)
  File "<frozen importlib._bootstrap_external>", line 995, in exec_module
  File "<frozen importlib._bootstrap>", line 488, in _call_with_frames_removed
  File "/opt/airflow/dags/filter_questions.py", line 8, in <module>
    import google.generativeai as genai
ModuleNotFoundError: No module named 'google.generativeai'
[2026-03-28T20:59:12.679+0000] {processor.py:842} WARNING - No viable dags retrieved from /opt/airflow/dags/filter_questions.py
[2026-03-28T20:59:12.908+0000] {processor.py:183} INFO - Processing /opt/airflow/dags/filter_questions.py took 0.260 seconds
[2026-03-28T20:59:14.663+0000] {processor.py:161} INFO - Started process (PID=855) to work on /opt/airflow/dags/filter_questions.py
[2026-03-28T20:59:14.664+0000] {processor.py:830} INFO - Processing file /opt/airflow/dags/filter_questions.py for tasks to queue
[2026-03-28T20:59:14.668+0000] {logging_mixin.py:188} INFO - [2026-03-28T20:59:14.667+0000] {dagbag.py:545} INFO - Filling up the DagBag from /opt/airflow/dags/filter_questions.py
[2026-03-28T20:59:14.682+0000] {logging_mixin.py:188} INFO - [2026-03-28T20:59:14.681+0000] {dagbag.py:355} ERROR - Failed to import: /opt/airflow/dags/filter_questions.py
Traceback (most recent call last):
  File "/home/airflow/.local/lib/python3.12/site-packages/airflow/models/dagbag.py", line 351, in parse
    loader.exec_module(new_module)
  File "<frozen importlib._bootstrap_external>", line 995, in exec_module
  File "<frozen importlib._bootstrap>", line 488, in _call_with_frames_removed
  File "/opt/airflow/dags/filter_questions.py", line 8, in <module>
    import google.generativeai as genai
ModuleNotFoundError: No module named 'google.generativeai'
[2026-03-28T20:59:14.683+0000] {processor.py:842} WARNING - No viable dags retrieved from /opt/airflow/dags/filter_questions.py
[2026-03-28T20:59:14.940+0000] {processor.py:183} INFO - Processing /opt/airflow/dags/filter_questions.py took 0.289 seconds
[2026-03-28T20:59:35.240+0000] {processor.py:161} INFO - Started process (PID=870) to work on /opt/airflow/dags/filter_questions.py
[2026-03-28T20:59:35.253+0000] {processor.py:830} INFO - Processing file /opt/airflow/dags/filter_questions.py for tasks to queue
[2026-03-28T20:59:35.268+0000] {logging_mixin.py:188} INFO - [2026-03-28T20:59:35.267+0000] {dagbag.py:545} INFO - Filling up the DagBag from /opt/airflow/dags/filter_questions.py
[2026-03-28T20:59:35.368+0000] {logging_mixin.py:188} INFO - [2026-03-28T20:59:35.354+0000] {dagbag.py:355} ERROR - Failed to import: /opt/airflow/dags/filter_questions.py
Traceback (most recent call last):
  File "/home/airflow/.local/lib/python3.12/site-packages/airflow/models/dagbag.py", line 351, in parse
    loader.exec_module(new_module)
  File "<frozen importlib._bootstrap_external>", line 995, in exec_module
  File "<frozen importlib._bootstrap>", line 488, in _call_with_frames_removed
  File "/opt/airflow/dags/filter_questions.py", line 8, in <module>
    import google.generativeai as genai
ModuleNotFoundError: No module named 'google.generativeai'
[2026-03-28T20:59:35.371+0000] {processor.py:842} WARNING - No viable dags retrieved from /opt/airflow/dags/filter_questions.py
[2026-03-28T20:59:35.499+0000] {processor.py:183} INFO - Processing /opt/airflow/dags/filter_questions.py took 0.298 seconds
[2026-03-28T20:59:41.561+0000] {processor.py:161} INFO - Started process (PID=875) to work on /opt/airflow/dags/filter_questions.py
[2026-03-28T20:59:41.575+0000] {processor.py:830} INFO - Processing file /opt/airflow/dags/filter_questions.py for tasks to queue
[2026-03-28T20:59:41.598+0000] {logging_mixin.py:188} INFO - [2026-03-28T20:59:41.595+0000] {dagbag.py:545} INFO - Filling up the DagBag from /opt/airflow/dags/filter_questions.py
[2026-03-28T20:59:41.927+0000] {logging_mixin.py:188} INFO - [2026-03-28T20:59:41.916+0000] {dagbag.py:355} ERROR - Failed to import: /opt/airflow/dags/filter_questions.py
Traceback (most recent call last):
  File "/home/airflow/.local/lib/python3.12/site-packages/airflow/models/dagbag.py", line 351, in parse
    loader.exec_module(new_module)
  File "<frozen importlib._bootstrap_external>", line 995, in exec_module
  File "<frozen importlib._bootstrap>", line 488, in _call_with_frames_removed
  File "/opt/airflow/dags/filter_questions.py", line 8, in <module>
    import google.generativeai as genai
ModuleNotFoundError: No module named 'google.generativeai'
[2026-03-28T20:59:41.929+0000] {processor.py:842} WARNING - No viable dags retrieved from /opt/airflow/dags/filter_questions.py
[2026-03-28T20:59:42.080+0000] {processor.py:183} INFO - Processing /opt/airflow/dags/filter_questions.py took 0.436 seconds
[2026-03-28T21:00:02.343+0000] {processor.py:161} INFO - Started process (PID=890) to work on /opt/airflow/dags/filter_questions.py
[2026-03-28T21:00:02.346+0000] {processor.py:830} INFO - Processing file /opt/airflow/dags/filter_questions.py for tasks to queue
[2026-03-28T21:00:02.350+0000] {logging_mixin.py:188} INFO - [2026-03-28T21:00:02.349+0000] {dagbag.py:545} INFO - Filling up the DagBag from /opt/airflow/dags/filter_questions.py
[2026-03-28T21:00:02.367+0000] {logging_mixin.py:188} INFO - [2026-03-28T21:00:02.366+0000] {dagbag.py:355} ERROR - Failed to import: /opt/airflow/dags/filter_questions.py
Traceback (most recent call last):
  File "/home/airflow/.local/lib/python3.12/site-packages/airflow/models/dagbag.py", line 351, in parse
    loader.exec_module(new_module)
  File "<frozen importlib._bootstrap_external>", line 995, in exec_module
  File "<frozen importlib._bootstrap>", line 488, in _call_with_frames_removed
  File "/opt/airflow/dags/filter_questions.py", line 8, in <module>
    import google.generativeai as genai
ModuleNotFoundError: No module named 'google.generativeai'
[2026-03-28T21:00:02.368+0000] {processor.py:842} WARNING - No viable dags retrieved from /opt/airflow/dags/filter_questions.py
[2026-03-28T21:00:02.400+0000] {processor.py:183} INFO - Processing /opt/airflow/dags/filter_questions.py took 0.070 seconds
[2026-03-28T21:00:14.567+0000] {processor.py:161} INFO - Started process (PID=895) to work on /opt/airflow/dags/filter_questions.py
[2026-03-28T21:00:14.568+0000] {processor.py:830} INFO - Processing file /opt/airflow/dags/filter_questions.py for tasks to queue
[2026-03-28T21:00:14.571+0000] {logging_mixin.py:188} INFO - [2026-03-28T21:00:14.570+0000] {dagbag.py:545} INFO - Filling up the DagBag from /opt/airflow/dags/filter_questions.py
[2026-03-28T21:00:14.583+0000] {logging_mixin.py:188} INFO - [2026-03-28T21:00:14.582+0000] {dagbag.py:355} ERROR - Failed to import: /opt/airflow/dags/filter_questions.py
Traceback (most recent call last):
  File "/home/airflow/.local/lib/python3.12/site-packages/airflow/models/dagbag.py", line 351, in parse
    loader.exec_module(new_module)
  File "<frozen importlib._bootstrap_external>", line 995, in exec_module
  File "<frozen importlib._bootstrap>", line 488, in _call_with_frames_removed
  File "/opt/airflow/dags/filter_questions.py", line 8, in <module>
    import google.generativeai as genai
ModuleNotFoundError: No module named 'google.generativeai'
[2026-03-28T21:00:14.584+0000] {processor.py:842} WARNING - No viable dags retrieved from /opt/airflow/dags/filter_questions.py
[2026-03-28T21:00:14.615+0000] {processor.py:183} INFO - Processing /opt/airflow/dags/filter_questions.py took 0.055 seconds
[2026-03-28T21:00:25.827+0000] {processor.py:161} INFO - Started process (PID=905) to work on /opt/airflow/dags/filter_questions.py
[2026-03-28T21:00:25.831+0000] {processor.py:830} INFO - Processing file /opt/airflow/dags/filter_questions.py for tasks to queue
[2026-03-28T21:00:25.848+0000] {logging_mixin.py:188} INFO - [2026-03-28T21:00:25.846+0000] {dagbag.py:545} INFO - Filling up the DagBag from /opt/airflow/dags/filter_questions.py
[2026-03-28T21:00:25.863+0000] {logging_mixin.py:188} INFO - [2026-03-28T21:00:25.859+0000] {dagbag.py:355} ERROR - Failed to import: /opt/airflow/dags/filter_questions.py
Traceback (most recent call last):
  File "/home/airflow/.local/lib/python3.12/site-packages/airflow/models/dagbag.py", line 351, in parse
    loader.exec_module(new_module)
  File "<frozen importlib._bootstrap_external>", line 991, in exec_module
  File "<frozen importlib._bootstrap_external>", line 1129, in get_code
  File "<frozen importlib._bootstrap_external>", line 1059, in source_to_code
  File "<frozen importlib._bootstrap>", line 488, in _call_with_frames_removed
  File "/opt/airflow/dags/filter_questions.py", line 127
    task_filter_questions_physics = PythonOperator(
                                                  ^
SyntaxError: '(' was never closed
[2026-03-28T21:00:25.864+0000] {processor.py:842} WARNING - No viable dags retrieved from /opt/airflow/dags/filter_questions.py
[2026-03-28T21:00:25.927+0000] {processor.py:183} INFO - Processing /opt/airflow/dags/filter_questions.py took 0.149 seconds
[2026-03-28T21:00:27.992+0000] {processor.py:161} INFO - Started process (PID=915) to work on /opt/airflow/dags/filter_questions.py
[2026-03-28T21:00:27.993+0000] {processor.py:830} INFO - Processing file /opt/airflow/dags/filter_questions.py for tasks to queue
[2026-03-28T21:00:27.995+0000] {logging_mixin.py:188} INFO - [2026-03-28T21:00:27.995+0000] {dagbag.py:545} INFO - Filling up the DagBag from /opt/airflow/dags/filter_questions.py
[2026-03-28T21:00:28.011+0000] {logging_mixin.py:188} INFO - [2026-03-28T21:00:28.008+0000] {dagbag.py:355} ERROR - Failed to import: /opt/airflow/dags/filter_questions.py
Traceback (most recent call last):
  File "/home/airflow/.local/lib/python3.12/site-packages/airflow/models/dagbag.py", line 351, in parse
    loader.exec_module(new_module)
  File "<frozen importlib._bootstrap_external>", line 995, in exec_module
  File "<frozen importlib._bootstrap>", line 488, in _call_with_frames_removed
  File "/opt/airflow/dags/filter_questions.py", line 8, in <module>
    import google.generativeai as genai
ModuleNotFoundError: No module named 'google.generativeai'
[2026-03-28T21:00:28.012+0000] {processor.py:842} WARNING - No viable dags retrieved from /opt/airflow/dags/filter_questions.py
[2026-03-28T21:00:28.043+0000] {processor.py:183} INFO - Processing /opt/airflow/dags/filter_questions.py took 0.062 seconds
[2026-03-28T21:00:30.011+0000] {processor.py:161} INFO - Started process (PID=920) to work on /opt/airflow/dags/filter_questions.py
[2026-03-28T21:00:30.012+0000] {processor.py:830} INFO - Processing file /opt/airflow/dags/filter_questions.py for tasks to queue
[2026-03-28T21:00:30.015+0000] {logging_mixin.py:188} INFO - [2026-03-28T21:00:30.014+0000] {dagbag.py:545} INFO - Filling up the DagBag from /opt/airflow/dags/filter_questions.py
[2026-03-28T21:00:30.025+0000] {logging_mixin.py:188} INFO - [2026-03-28T21:00:30.024+0000] {dagbag.py:355} ERROR - Failed to import: /opt/airflow/dags/filter_questions.py
Traceback (most recent call last):
  File "/home/airflow/.local/lib/python3.12/site-packages/airflow/models/dagbag.py", line 351, in parse
    loader.exec_module(new_module)
  File "<frozen importlib._bootstrap_external>", line 995, in exec_module
  File "<frozen importlib._bootstrap>", line 488, in _call_with_frames_removed
  File "/opt/airflow/dags/filter_questions.py", line 8, in <module>
    import google.generativeai as genai
ModuleNotFoundError: No module named 'google.generativeai'
[2026-03-28T21:00:30.026+0000] {processor.py:842} WARNING - No viable dags retrieved from /opt/airflow/dags/filter_questions.py
[2026-03-28T21:00:30.056+0000] {processor.py:183} INFO - Processing /opt/airflow/dags/filter_questions.py took 0.052 seconds
[2026-03-28T21:00:51.330+0000] {processor.py:161} INFO - Started process (PID=925) to work on /opt/airflow/dags/filter_questions.py
[2026-03-28T21:00:51.339+0000] {processor.py:830} INFO - Processing file /opt/airflow/dags/filter_questions.py for tasks to queue
[2026-03-28T21:00:51.343+0000] {logging_mixin.py:188} INFO - [2026-03-28T21:00:51.342+0000] {dagbag.py:545} INFO - Filling up the DagBag from /opt/airflow/dags/filter_questions.py
[2026-03-28T21:00:51.364+0000] {logging_mixin.py:188} INFO - [2026-03-28T21:00:51.363+0000] {dagbag.py:355} ERROR - Failed to import: /opt/airflow/dags/filter_questions.py
Traceback (most recent call last):
  File "/home/airflow/.local/lib/python3.12/site-packages/airflow/models/dagbag.py", line 351, in parse
    loader.exec_module(new_module)
  File "<frozen importlib._bootstrap_external>", line 995, in exec_module
  File "<frozen importlib._bootstrap>", line 488, in _call_with_frames_removed
  File "/opt/airflow/dags/filter_questions.py", line 8, in <module>
    import google.generativeai as genai
ModuleNotFoundError: No module named 'google.generativeai'
[2026-03-28T21:00:51.369+0000] {processor.py:842} WARNING - No viable dags retrieved from /opt/airflow/dags/filter_questions.py
[2026-03-28T21:00:51.413+0000] {processor.py:183} INFO - Processing /opt/airflow/dags/filter_questions.py took 0.098 seconds
[2026-03-28T21:00:57.429+0000] {processor.py:161} INFO - Started process (PID=935) to work on /opt/airflow/dags/filter_questions.py
[2026-03-28T21:00:57.432+0000] {processor.py:830} INFO - Processing file /opt/airflow/dags/filter_questions.py for tasks to queue
[2026-03-28T21:00:57.435+0000] {logging_mixin.py:188} INFO - [2026-03-28T21:00:57.435+0000] {dagbag.py:545} INFO - Filling up the DagBag from /opt/airflow/dags/filter_questions.py
[2026-03-28T21:00:57.456+0000] {logging_mixin.py:188} INFO - [2026-03-28T21:00:57.453+0000] {dagbag.py:355} ERROR - Failed to import: /opt/airflow/dags/filter_questions.py
Traceback (most recent call last):
  File "/home/airflow/.local/lib/python3.12/site-packages/airflow/models/dagbag.py", line 351, in parse
    loader.exec_module(new_module)
  File "<frozen importlib._bootstrap_external>", line 995, in exec_module
  File "<frozen importlib._bootstrap>", line 488, in _call_with_frames_removed
  File "/opt/airflow/dags/filter_questions.py", line 8, in <module>
    import google.generativeai as genai
ModuleNotFoundError: No module named 'google.generativeai'
[2026-03-28T21:00:57.457+0000] {processor.py:842} WARNING - No viable dags retrieved from /opt/airflow/dags/filter_questions.py
[2026-03-28T21:00:57.633+0000] {processor.py:183} INFO - Processing /opt/airflow/dags/filter_questions.py took 0.218 seconds
[2026-03-28T21:01:00.725+0000] {processor.py:161} INFO - Started process (PID=945) to work on /opt/airflow/dags/filter_questions.py
[2026-03-28T21:01:00.726+0000] {processor.py:830} INFO - Processing file /opt/airflow/dags/filter_questions.py for tasks to queue
[2026-03-28T21:01:00.729+0000] {logging_mixin.py:188} INFO - [2026-03-28T21:01:00.728+0000] {dagbag.py:545} INFO - Filling up the DagBag from /opt/airflow/dags/filter_questions.py
[2026-03-28T21:01:00.746+0000] {logging_mixin.py:188} INFO - [2026-03-28T21:01:00.744+0000] {dagbag.py:355} ERROR - Failed to import: /opt/airflow/dags/filter_questions.py
Traceback (most recent call last):
  File "/home/airflow/.local/lib/python3.12/site-packages/airflow/models/dagbag.py", line 351, in parse
    loader.exec_module(new_module)
  File "<frozen importlib._bootstrap_external>", line 995, in exec_module
  File "<frozen importlib._bootstrap>", line 488, in _call_with_frames_removed
  File "/opt/airflow/dags/filter_questions.py", line 8, in <module>
    import google.generativeai as genai
ModuleNotFoundError: No module named 'google.generativeai'
[2026-03-28T21:01:00.747+0000] {processor.py:842} WARNING - No viable dags retrieved from /opt/airflow/dags/filter_questions.py
[2026-03-28T21:01:00.777+0000] {processor.py:183} INFO - Processing /opt/airflow/dags/filter_questions.py took 0.066 seconds
[2026-03-28T21:01:07.856+0000] {processor.py:161} INFO - Started process (PID=950) to work on /opt/airflow/dags/filter_questions.py
[2026-03-28T21:01:07.857+0000] {processor.py:830} INFO - Processing file /opt/airflow/dags/filter_questions.py for tasks to queue
[2026-03-28T21:01:07.860+0000] {logging_mixin.py:188} INFO - [2026-03-28T21:01:07.860+0000] {dagbag.py:545} INFO - Filling up the DagBag from /opt/airflow/dags/filter_questions.py
[2026-03-28T21:01:07.873+0000] {logging_mixin.py:188} INFO - [2026-03-28T21:01:07.872+0000] {dagbag.py:355} ERROR - Failed to import: /opt/airflow/dags/filter_questions.py
Traceback (most recent call last):
  File "/home/airflow/.local/lib/python3.12/site-packages/airflow/models/dagbag.py", line 351, in parse
    loader.exec_module(new_module)
  File "<frozen importlib._bootstrap_external>", line 995, in exec_module
  File "<frozen importlib._bootstrap>", line 488, in _call_with_frames_removed
  File "/opt/airflow/dags/filter_questions.py", line 8, in <module>
    import google.generativeai as genai
ModuleNotFoundError: No module named 'google.generativeai'
[2026-03-28T21:01:07.874+0000] {processor.py:842} WARNING - No viable dags retrieved from /opt/airflow/dags/filter_questions.py
[2026-03-28T21:01:07.902+0000] {processor.py:183} INFO - Processing /opt/airflow/dags/filter_questions.py took 0.060 seconds
[2026-03-28T21:01:10.883+0000] {processor.py:161} INFO - Started process (PID=955) to work on /opt/airflow/dags/filter_questions.py
[2026-03-28T21:01:10.884+0000] {processor.py:830} INFO - Processing file /opt/airflow/dags/filter_questions.py for tasks to queue
[2026-03-28T21:01:10.886+0000] {logging_mixin.py:188} INFO - [2026-03-28T21:01:10.886+0000] {dagbag.py:545} INFO - Filling up the DagBag from /opt/airflow/dags/filter_questions.py
[2026-03-28T21:01:10.899+0000] {logging_mixin.py:188} INFO - [2026-03-28T21:01:10.897+0000] {dagbag.py:355} ERROR - Failed to import: /opt/airflow/dags/filter_questions.py
Traceback (most recent call last):
  File "/home/airflow/.local/lib/python3.12/site-packages/airflow/models/dagbag.py", line 351, in parse
    loader.exec_module(new_module)
  File "<frozen importlib._bootstrap_external>", line 995, in exec_module
  File "<frozen importlib._bootstrap>", line 488, in _call_with_frames_removed
  File "/opt/airflow/dags/filter_questions.py", line 8, in <module>
    import google.generativeai as genai
ModuleNotFoundError: No module named 'google.generativeai'
[2026-03-28T21:01:10.899+0000] {processor.py:842} WARNING - No viable dags retrieved from /opt/airflow/dags/filter_questions.py
[2026-03-28T21:01:10.927+0000] {processor.py:183} INFO - Processing /opt/airflow/dags/filter_questions.py took 0.053 seconds
[2026-03-28T21:01:41.379+0000] {processor.py:161} INFO - Started process (PID=970) to work on /opt/airflow/dags/filter_questions.py
[2026-03-28T21:01:41.380+0000] {processor.py:830} INFO - Processing file /opt/airflow/dags/filter_questions.py for tasks to queue
[2026-03-28T21:01:41.383+0000] {logging_mixin.py:188} INFO - [2026-03-28T21:01:41.383+0000] {dagbag.py:545} INFO - Filling up the DagBag from /opt/airflow/dags/filter_questions.py
[2026-03-28T21:01:41.395+0000] {logging_mixin.py:188} INFO - [2026-03-28T21:01:41.393+0000] {dagbag.py:355} ERROR - Failed to import: /opt/airflow/dags/filter_questions.py
Traceback (most recent call last):
  File "/home/airflow/.local/lib/python3.12/site-packages/airflow/models/dagbag.py", line 351, in parse
    loader.exec_module(new_module)
  File "<frozen importlib._bootstrap_external>", line 995, in exec_module
  File "<frozen importlib._bootstrap>", line 488, in _call_with_frames_removed
  File "/opt/airflow/dags/filter_questions.py", line 8, in <module>
    import google.generativeai as genai
ModuleNotFoundError: No module named 'google.generativeai'
[2026-03-28T21:01:41.396+0000] {processor.py:842} WARNING - No viable dags retrieved from /opt/airflow/dags/filter_questions.py
[2026-03-28T21:01:41.430+0000] {processor.py:183} INFO - Processing /opt/airflow/dags/filter_questions.py took 0.063 seconds
[2026-03-28T21:02:11.861+0000] {processor.py:161} INFO - Started process (PID=985) to work on /opt/airflow/dags/filter_questions.py
[2026-03-28T21:02:11.863+0000] {processor.py:830} INFO - Processing file /opt/airflow/dags/filter_questions.py for tasks to queue
[2026-03-28T21:02:11.881+0000] {logging_mixin.py:188} INFO - [2026-03-28T21:02:11.874+0000] {dagbag.py:545} INFO - Filling up the DagBag from /opt/airflow/dags/filter_questions.py
[2026-03-28T21:02:11.925+0000] {logging_mixin.py:188} INFO - [2026-03-28T21:02:11.922+0000] {dagbag.py:355} ERROR - Failed to import: /opt/airflow/dags/filter_questions.py
Traceback (most recent call last):
  File "/home/airflow/.local/lib/python3.12/site-packages/airflow/models/dagbag.py", line 351, in parse
    loader.exec_module(new_module)
  File "<frozen importlib._bootstrap_external>", line 995, in exec_module
  File "<frozen importlib._bootstrap>", line 488, in _call_with_frames_removed
  File "/opt/airflow/dags/filter_questions.py", line 8, in <module>
    import google.generativeai as genai
ModuleNotFoundError: No module named 'google.generativeai'
[2026-03-28T21:02:11.927+0000] {processor.py:842} WARNING - No viable dags retrieved from /opt/airflow/dags/filter_questions.py
[2026-03-28T21:02:11.979+0000] {processor.py:183} INFO - Processing /opt/airflow/dags/filter_questions.py took 0.138 seconds
[2026-03-28T21:02:42.381+0000] {processor.py:161} INFO - Started process (PID=1000) to work on /opt/airflow/dags/filter_questions.py
[2026-03-28T21:02:42.382+0000] {processor.py:830} INFO - Processing file /opt/airflow/dags/filter_questions.py for tasks to queue
[2026-03-28T21:02:42.384+0000] {logging_mixin.py:188} INFO - [2026-03-28T21:02:42.384+0000] {dagbag.py:545} INFO - Filling up the DagBag from /opt/airflow/dags/filter_questions.py
[2026-03-28T21:02:42.395+0000] {logging_mixin.py:188} INFO - [2026-03-28T21:02:42.394+0000] {dagbag.py:355} ERROR - Failed to import: /opt/airflow/dags/filter_questions.py
Traceback (most recent call last):
  File "/home/airflow/.local/lib/python3.12/site-packages/airflow/models/dagbag.py", line 351, in parse
    loader.exec_module(new_module)
  File "<frozen importlib._bootstrap_external>", line 995, in exec_module
  File "<frozen importlib._bootstrap>", line 488, in _call_with_frames_removed
  File "/opt/airflow/dags/filter_questions.py", line 8, in <module>
    import google.generativeai as genai
ModuleNotFoundError: No module named 'google.generativeai'
[2026-03-28T21:02:42.396+0000] {processor.py:842} WARNING - No viable dags retrieved from /opt/airflow/dags/filter_questions.py
[2026-03-28T21:02:42.427+0000] {processor.py:183} INFO - Processing /opt/airflow/dags/filter_questions.py took 0.054 seconds
[2026-03-28T21:03:12.803+0000] {processor.py:161} INFO - Started process (PID=1015) to work on /opt/airflow/dags/filter_questions.py
[2026-03-28T21:03:12.804+0000] {processor.py:830} INFO - Processing file /opt/airflow/dags/filter_questions.py for tasks to queue
[2026-03-28T21:03:12.806+0000] {logging_mixin.py:188} INFO - [2026-03-28T21:03:12.805+0000] {dagbag.py:545} INFO - Filling up the DagBag from /opt/airflow/dags/filter_questions.py
[2026-03-28T21:03:12.816+0000] {logging_mixin.py:188} INFO - [2026-03-28T21:03:12.815+0000] {dagbag.py:355} ERROR - Failed to import: /opt/airflow/dags/filter_questions.py
Traceback (most recent call last):
  File "/home/airflow/.local/lib/python3.12/site-packages/airflow/models/dagbag.py", line 351, in parse
    loader.exec_module(new_module)
  File "<frozen importlib._bootstrap_external>", line 995, in exec_module
  File "<frozen importlib._bootstrap>", line 488, in _call_with_frames_removed
  File "/opt/airflow/dags/filter_questions.py", line 8, in <module>
    import google.generativeai as genai
ModuleNotFoundError: No module named 'google.generativeai'
[2026-03-28T21:03:12.817+0000] {processor.py:842} WARNING - No viable dags retrieved from /opt/airflow/dags/filter_questions.py
[2026-03-28T21:03:12.846+0000] {processor.py:183} INFO - Processing /opt/airflow/dags/filter_questions.py took 0.051 seconds
[2026-03-28T21:03:43.396+0000] {processor.py:161} INFO - Started process (PID=1030) to work on /opt/airflow/dags/filter_questions.py
[2026-03-28T21:03:43.398+0000] {processor.py:830} INFO - Processing file /opt/airflow/dags/filter_questions.py for tasks to queue
[2026-03-28T21:03:43.400+0000] {logging_mixin.py:188} INFO - [2026-03-28T21:03:43.400+0000] {dagbag.py:545} INFO - Filling up the DagBag from /opt/airflow/dags/filter_questions.py
[2026-03-28T21:03:43.412+0000] {logging_mixin.py:188} INFO - [2026-03-28T21:03:43.411+0000] {dagbag.py:355} ERROR - Failed to import: /opt/airflow/dags/filter_questions.py
Traceback (most recent call last):
  File "/home/airflow/.local/lib/python3.12/site-packages/airflow/models/dagbag.py", line 351, in parse
    loader.exec_module(new_module)
  File "<frozen importlib._bootstrap_external>", line 995, in exec_module
  File "<frozen importlib._bootstrap>", line 488, in _call_with_frames_removed
  File "/opt/airflow/dags/filter_questions.py", line 8, in <module>
    import google.generativeai as genai
ModuleNotFoundError: No module named 'google.generativeai'
[2026-03-28T21:03:43.413+0000] {processor.py:842} WARNING - No viable dags retrieved from /opt/airflow/dags/filter_questions.py
[2026-03-28T21:03:43.446+0000] {processor.py:183} INFO - Processing /opt/airflow/dags/filter_questions.py took 0.058 seconds
[2026-03-28T21:04:14.281+0000] {processor.py:161} INFO - Started process (PID=1045) to work on /opt/airflow/dags/filter_questions.py
[2026-03-28T21:04:14.282+0000] {processor.py:830} INFO - Processing file /opt/airflow/dags/filter_questions.py for tasks to queue
[2026-03-28T21:04:14.284+0000] {logging_mixin.py:188} INFO - [2026-03-28T21:04:14.284+0000] {dagbag.py:545} INFO - Filling up the DagBag from /opt/airflow/dags/filter_questions.py
[2026-03-28T21:04:14.295+0000] {logging_mixin.py:188} INFO - [2026-03-28T21:04:14.294+0000] {dagbag.py:355} ERROR - Failed to import: /opt/airflow/dags/filter_questions.py
Traceback (most recent call last):
  File "/home/airflow/.local/lib/python3.12/site-packages/airflow/models/dagbag.py", line 351, in parse
    loader.exec_module(new_module)
  File "<frozen importlib._bootstrap_external>", line 995, in exec_module
  File "<frozen importlib._bootstrap>", line 488, in _call_with_frames_removed
  File "/opt/airflow/dags/filter_questions.py", line 8, in <module>
    import google.generativeai as genai
ModuleNotFoundError: No module named 'google.generativeai'
[2026-03-28T21:04:14.296+0000] {processor.py:842} WARNING - No viable dags retrieved from /opt/airflow/dags/filter_questions.py
[2026-03-28T21:04:14.328+0000] {processor.py:183} INFO - Processing /opt/airflow/dags/filter_questions.py took 0.054 seconds
[2026-03-28T21:04:45.095+0000] {processor.py:161} INFO - Started process (PID=1060) to work on /opt/airflow/dags/filter_questions.py
[2026-03-28T21:04:45.097+0000] {processor.py:830} INFO - Processing file /opt/airflow/dags/filter_questions.py for tasks to queue
[2026-03-28T21:04:45.105+0000] {logging_mixin.py:188} INFO - [2026-03-28T21:04:45.104+0000] {dagbag.py:545} INFO - Filling up the DagBag from /opt/airflow/dags/filter_questions.py
[2026-03-28T21:04:45.118+0000] {logging_mixin.py:188} INFO - [2026-03-28T21:04:45.116+0000] {dagbag.py:355} ERROR - Failed to import: /opt/airflow/dags/filter_questions.py
Traceback (most recent call last):
  File "/home/airflow/.local/lib/python3.12/site-packages/airflow/models/dagbag.py", line 351, in parse
    loader.exec_module(new_module)
  File "<frozen importlib._bootstrap_external>", line 995, in exec_module
  File "<frozen importlib._bootstrap>", line 488, in _call_with_frames_removed
  File "/opt/airflow/dags/filter_questions.py", line 8, in <module>
    import google.generativeai as genai
ModuleNotFoundError: No module named 'google.generativeai'
[2026-03-28T21:04:45.119+0000] {processor.py:842} WARNING - No viable dags retrieved from /opt/airflow/dags/filter_questions.py
[2026-03-28T21:04:45.153+0000] {processor.py:183} INFO - Processing /opt/airflow/dags/filter_questions.py took 0.066 seconds
[2026-03-28T21:05:15.495+0000] {processor.py:161} INFO - Started process (PID=1075) to work on /opt/airflow/dags/filter_questions.py
[2026-03-28T21:05:15.496+0000] {processor.py:830} INFO - Processing file /opt/airflow/dags/filter_questions.py for tasks to queue
[2026-03-28T21:05:15.501+0000] {logging_mixin.py:188} INFO - [2026-03-28T21:05:15.500+0000] {dagbag.py:545} INFO - Filling up the DagBag from /opt/airflow/dags/filter_questions.py
[2026-03-28T21:05:15.512+0000] {logging_mixin.py:188} INFO - [2026-03-28T21:05:15.510+0000] {dagbag.py:355} ERROR - Failed to import: /opt/airflow/dags/filter_questions.py
Traceback (most recent call last):
  File "/home/airflow/.local/lib/python3.12/site-packages/airflow/models/dagbag.py", line 351, in parse
    loader.exec_module(new_module)
  File "<frozen importlib._bootstrap_external>", line 995, in exec_module
  File "<frozen importlib._bootstrap>", line 488, in _call_with_frames_removed
  File "/opt/airflow/dags/filter_questions.py", line 8, in <module>
    import google.generativeai as genai
ModuleNotFoundError: No module named 'google.generativeai'
[2026-03-28T21:05:15.513+0000] {processor.py:842} WARNING - No viable dags retrieved from /opt/airflow/dags/filter_questions.py
[2026-03-28T21:05:15.544+0000] {processor.py:183} INFO - Processing /opt/airflow/dags/filter_questions.py took 0.058 seconds
[2026-03-28T21:06:26.837+0000] {processor.py:161} INFO - Started process (PID=160) to work on /opt/airflow/dags/filter_questions.py
[2026-03-28T21:06:26.839+0000] {processor.py:830} INFO - Processing file /opt/airflow/dags/filter_questions.py for tasks to queue
[2026-03-28T21:06:26.841+0000] {logging_mixin.py:188} INFO - [2026-03-28T21:06:26.840+0000] {dagbag.py:545} INFO - Filling up the DagBag from /opt/airflow/dags/filter_questions.py
[2026-03-28T21:06:26.937+0000] {logging_mixin.py:188} INFO - [2026-03-28T21:06:26.927+0000] {dagbag.py:355} ERROR - Failed to import: /opt/airflow/dags/filter_questions.py
Traceback (most recent call last):
  File "/home/airflow/.local/lib/python3.12/site-packages/airflow/models/dagbag.py", line 351, in parse
    loader.exec_module(new_module)
  File "<frozen importlib._bootstrap_external>", line 995, in exec_module
  File "<frozen importlib._bootstrap>", line 488, in _call_with_frames_removed
  File "/opt/airflow/dags/filter_questions.py", line 8, in <module>
    import google.generativeai as genai
ModuleNotFoundError: No module named 'google.generativeai'
[2026-03-28T21:06:26.939+0000] {processor.py:842} WARNING - No viable dags retrieved from /opt/airflow/dags/filter_questions.py
[2026-03-28T21:06:27.114+0000] {processor.py:183} INFO - Processing /opt/airflow/dags/filter_questions.py took 0.285 seconds
[2026-03-28T21:06:57.640+0000] {processor.py:161} INFO - Started process (PID=175) to work on /opt/airflow/dags/filter_questions.py
[2026-03-28T21:06:57.642+0000] {processor.py:830} INFO - Processing file /opt/airflow/dags/filter_questions.py for tasks to queue
[2026-03-28T21:06:57.645+0000] {logging_mixin.py:188} INFO - [2026-03-28T21:06:57.645+0000] {dagbag.py:545} INFO - Filling up the DagBag from /opt/airflow/dags/filter_questions.py
[2026-03-28T21:06:57.656+0000] {logging_mixin.py:188} INFO - [2026-03-28T21:06:57.655+0000] {dagbag.py:355} ERROR - Failed to import: /opt/airflow/dags/filter_questions.py
Traceback (most recent call last):
  File "/home/airflow/.local/lib/python3.12/site-packages/airflow/models/dagbag.py", line 351, in parse
    loader.exec_module(new_module)
  File "<frozen importlib._bootstrap_external>", line 995, in exec_module
  File "<frozen importlib._bootstrap>", line 488, in _call_with_frames_removed
  File "/opt/airflow/dags/filter_questions.py", line 8, in <module>
    import google.generativeai as genai
ModuleNotFoundError: No module named 'google.generativeai'
[2026-03-28T21:06:57.656+0000] {processor.py:842} WARNING - No viable dags retrieved from /opt/airflow/dags/filter_questions.py
[2026-03-28T21:06:57.685+0000] {processor.py:183} INFO - Processing /opt/airflow/dags/filter_questions.py took 0.053 seconds
[2026-03-28T21:07:28.096+0000] {processor.py:161} INFO - Started process (PID=190) to work on /opt/airflow/dags/filter_questions.py
[2026-03-28T21:07:28.099+0000] {processor.py:830} INFO - Processing file /opt/airflow/dags/filter_questions.py for tasks to queue
[2026-03-28T21:07:28.101+0000] {logging_mixin.py:188} INFO - [2026-03-28T21:07:28.101+0000] {dagbag.py:545} INFO - Filling up the DagBag from /opt/airflow/dags/filter_questions.py
[2026-03-28T21:07:28.120+0000] {logging_mixin.py:188} INFO - [2026-03-28T21:07:28.118+0000] {dagbag.py:355} ERROR - Failed to import: /opt/airflow/dags/filter_questions.py
Traceback (most recent call last):
  File "/home/airflow/.local/lib/python3.12/site-packages/airflow/models/dagbag.py", line 351, in parse
    loader.exec_module(new_module)
  File "<frozen importlib._bootstrap_external>", line 995, in exec_module
  File "<frozen importlib._bootstrap>", line 488, in _call_with_frames_removed
  File "/opt/airflow/dags/filter_questions.py", line 8, in <module>
    import google.generativeai as genai
ModuleNotFoundError: No module named 'google.generativeai'
[2026-03-28T21:07:28.121+0000] {processor.py:842} WARNING - No viable dags retrieved from /opt/airflow/dags/filter_questions.py
[2026-03-28T21:07:28.161+0000] {processor.py:183} INFO - Processing /opt/airflow/dags/filter_questions.py took 0.075 seconds
[2026-03-28T21:07:59.017+0000] {processor.py:161} INFO - Started process (PID=205) to work on /opt/airflow/dags/filter_questions.py
[2026-03-28T21:07:59.022+0000] {processor.py:830} INFO - Processing file /opt/airflow/dags/filter_questions.py for tasks to queue
[2026-03-28T21:07:59.027+0000] {logging_mixin.py:188} INFO - [2026-03-28T21:07:59.026+0000] {dagbag.py:545} INFO - Filling up the DagBag from /opt/airflow/dags/filter_questions.py
[2026-03-28T21:07:59.045+0000] {logging_mixin.py:188} INFO - [2026-03-28T21:07:59.042+0000] {dagbag.py:355} ERROR - Failed to import: /opt/airflow/dags/filter_questions.py
Traceback (most recent call last):
  File "/home/airflow/.local/lib/python3.12/site-packages/airflow/models/dagbag.py", line 351, in parse
    loader.exec_module(new_module)
  File "<frozen importlib._bootstrap_external>", line 995, in exec_module
  File "<frozen importlib._bootstrap>", line 488, in _call_with_frames_removed
  File "/opt/airflow/dags/filter_questions.py", line 8, in <module>
    import google.generativeai as genai
ModuleNotFoundError: No module named 'google.generativeai'
[2026-03-28T21:07:59.047+0000] {processor.py:842} WARNING - No viable dags retrieved from /opt/airflow/dags/filter_questions.py
[2026-03-28T21:07:59.088+0000] {processor.py:183} INFO - Processing /opt/airflow/dags/filter_questions.py took 0.079 seconds
[2026-03-28T21:08:38.418+0000] {processor.py:161} INFO - Started process (PID=159) to work on /opt/airflow/dags/filter_questions.py
[2026-03-28T21:08:38.432+0000] {processor.py:830} INFO - Processing file /opt/airflow/dags/filter_questions.py for tasks to queue
[2026-03-28T21:08:38.464+0000] {logging_mixin.py:188} INFO - [2026-03-28T21:08:38.463+0000] {dagbag.py:545} INFO - Filling up the DagBag from /opt/airflow/dags/filter_questions.py
[2026-03-28T21:08:38.534+0000] {logging_mixin.py:188} INFO - [2026-03-28T21:08:38.526+0000] {dagbag.py:355} ERROR - Failed to import: /opt/airflow/dags/filter_questions.py
Traceback (most recent call last):
  File "/home/airflow/.local/lib/python3.12/site-packages/airflow/models/dagbag.py", line 351, in parse
    loader.exec_module(new_module)
  File "<frozen importlib._bootstrap_external>", line 995, in exec_module
  File "<frozen importlib._bootstrap>", line 488, in _call_with_frames_removed
  File "/opt/airflow/dags/filter_questions.py", line 8, in <module>
    import google.generativeai as genai
ModuleNotFoundError: No module named 'google.generativeai'
[2026-03-28T21:08:38.538+0000] {processor.py:842} WARNING - No viable dags retrieved from /opt/airflow/dags/filter_questions.py
[2026-03-28T21:08:38.663+0000] {processor.py:183} INFO - Processing /opt/airflow/dags/filter_questions.py took 0.290 seconds
[2026-03-28T21:09:08.758+0000] {processor.py:161} INFO - Started process (PID=175) to work on /opt/airflow/dags/filter_questions.py
[2026-03-28T21:09:08.759+0000] {processor.py:830} INFO - Processing file /opt/airflow/dags/filter_questions.py for tasks to queue
[2026-03-28T21:09:08.762+0000] {logging_mixin.py:188} INFO - [2026-03-28T21:09:08.761+0000] {dagbag.py:545} INFO - Filling up the DagBag from /opt/airflow/dags/filter_questions.py
[2026-03-28T21:09:08.779+0000] {logging_mixin.py:188} INFO - [2026-03-28T21:09:08.777+0000] {dagbag.py:355} ERROR - Failed to import: /opt/airflow/dags/filter_questions.py
Traceback (most recent call last):
  File "/home/airflow/.local/lib/python3.12/site-packages/airflow/models/dagbag.py", line 351, in parse
    loader.exec_module(new_module)
  File "<frozen importlib._bootstrap_external>", line 995, in exec_module
  File "<frozen importlib._bootstrap>", line 488, in _call_with_frames_removed
  File "/opt/airflow/dags/filter_questions.py", line 8, in <module>
    import google.generativeai as genai
ModuleNotFoundError: No module named 'google.generativeai'
[2026-03-28T21:09:08.780+0000] {processor.py:842} WARNING - No viable dags retrieved from /opt/airflow/dags/filter_questions.py
[2026-03-28T21:09:08.807+0000] {processor.py:183} INFO - Processing /opt/airflow/dags/filter_questions.py took 0.058 seconds
[2026-03-28T21:09:57.883+0000] {processor.py:161} INFO - Started process (PID=162) to work on /opt/airflow/dags/filter_questions.py
[2026-03-28T21:09:57.893+0000] {processor.py:830} INFO - Processing file /opt/airflow/dags/filter_questions.py for tasks to queue
[2026-03-28T21:09:57.921+0000] {logging_mixin.py:188} INFO - [2026-03-28T21:09:57.919+0000] {dagbag.py:545} INFO - Filling up the DagBag from /opt/airflow/dags/filter_questions.py
[2026-03-28T21:09:58.036+0000] {logging_mixin.py:188} INFO - [2026-03-28T21:09:58.027+0000] {dagbag.py:355} ERROR - Failed to import: /opt/airflow/dags/filter_questions.py
Traceback (most recent call last):
  File "/home/airflow/.local/lib/python3.12/site-packages/airflow/models/dagbag.py", line 351, in parse
    loader.exec_module(new_module)
  File "<frozen importlib._bootstrap_external>", line 995, in exec_module
  File "<frozen importlib._bootstrap>", line 488, in _call_with_frames_removed
  File "/opt/airflow/dags/filter_questions.py", line 8, in <module>
    import google.generativeai as genai
ModuleNotFoundError: No module named 'google.generativeai'
[2026-03-28T21:09:58.038+0000] {processor.py:842} WARNING - No viable dags retrieved from /opt/airflow/dags/filter_questions.py
[2026-03-28T21:09:58.193+0000] {processor.py:183} INFO - Processing /opt/airflow/dags/filter_questions.py took 0.410 seconds
[2026-03-28T21:10:28.504+0000] {processor.py:161} INFO - Started process (PID=177) to work on /opt/airflow/dags/filter_questions.py
[2026-03-28T21:10:28.505+0000] {processor.py:830} INFO - Processing file /opt/airflow/dags/filter_questions.py for tasks to queue
[2026-03-28T21:10:28.507+0000] {logging_mixin.py:188} INFO - [2026-03-28T21:10:28.507+0000] {dagbag.py:545} INFO - Filling up the DagBag from /opt/airflow/dags/filter_questions.py
[2026-03-28T21:10:28.521+0000] {logging_mixin.py:188} INFO - [2026-03-28T21:10:28.518+0000] {dagbag.py:355} ERROR - Failed to import: /opt/airflow/dags/filter_questions.py
Traceback (most recent call last):
  File "/home/airflow/.local/lib/python3.12/site-packages/airflow/models/dagbag.py", line 351, in parse
    loader.exec_module(new_module)
  File "<frozen importlib._bootstrap_external>", line 995, in exec_module
  File "<frozen importlib._bootstrap>", line 488, in _call_with_frames_removed
  File "/opt/airflow/dags/filter_questions.py", line 8, in <module>
    import google.generativeai as genai
ModuleNotFoundError: No module named 'google.generativeai'
[2026-03-28T21:10:28.521+0000] {processor.py:842} WARNING - No viable dags retrieved from /opt/airflow/dags/filter_questions.py
[2026-03-28T21:10:28.600+0000] {processor.py:183} INFO - Processing /opt/airflow/dags/filter_questions.py took 0.104 seconds
[2026-03-28T21:10:59.468+0000] {processor.py:161} INFO - Started process (PID=192) to work on /opt/airflow/dags/filter_questions.py
[2026-03-28T21:10:59.476+0000] {processor.py:830} INFO - Processing file /opt/airflow/dags/filter_questions.py for tasks to queue
[2026-03-28T21:10:59.495+0000] {logging_mixin.py:188} INFO - [2026-03-28T21:10:59.493+0000] {dagbag.py:545} INFO - Filling up the DagBag from /opt/airflow/dags/filter_questions.py
[2026-03-28T21:10:59.591+0000] {logging_mixin.py:188} INFO - [2026-03-28T21:10:59.562+0000] {dagbag.py:355} ERROR - Failed to import: /opt/airflow/dags/filter_questions.py
Traceback (most recent call last):
  File "/home/airflow/.local/lib/python3.12/site-packages/airflow/models/dagbag.py", line 351, in parse
    loader.exec_module(new_module)
  File "<frozen importlib._bootstrap_external>", line 995, in exec_module
  File "<frozen importlib._bootstrap>", line 488, in _call_with_frames_removed
  File "/opt/airflow/dags/filter_questions.py", line 8, in <module>
    import google.generativeai as genai
ModuleNotFoundError: No module named 'google.generativeai'
[2026-03-28T21:10:59.593+0000] {processor.py:842} WARNING - No viable dags retrieved from /opt/airflow/dags/filter_questions.py
[2026-03-28T21:10:59.716+0000] {processor.py:183} INFO - Processing /opt/airflow/dags/filter_questions.py took 0.276 seconds
[2026-03-28T21:11:29.782+0000] {processor.py:161} INFO - Started process (PID=207) to work on /opt/airflow/dags/filter_questions.py
[2026-03-28T21:11:29.783+0000] {processor.py:830} INFO - Processing file /opt/airflow/dags/filter_questions.py for tasks to queue
[2026-03-28T21:11:29.785+0000] {logging_mixin.py:188} INFO - [2026-03-28T21:11:29.785+0000] {dagbag.py:545} INFO - Filling up the DagBag from /opt/airflow/dags/filter_questions.py
[2026-03-28T21:11:29.865+0000] {logging_mixin.py:188} INFO - [2026-03-28T21:11:29.864+0000] {dagbag.py:355} ERROR - Failed to import: /opt/airflow/dags/filter_questions.py
Traceback (most recent call last):
  File "/home/airflow/.local/lib/python3.12/site-packages/airflow/models/dagbag.py", line 351, in parse
    loader.exec_module(new_module)
  File "<frozen importlib._bootstrap_external>", line 995, in exec_module
  File "<frozen importlib._bootstrap>", line 488, in _call_with_frames_removed
  File "/opt/airflow/dags/filter_questions.py", line 8, in <module>
    import google.generativeai as genai
ModuleNotFoundError: No module named 'google.generativeai'
[2026-03-28T21:11:29.866+0000] {processor.py:842} WARNING - No viable dags retrieved from /opt/airflow/dags/filter_questions.py
[2026-03-28T21:11:29.918+0000] {processor.py:183} INFO - Processing /opt/airflow/dags/filter_questions.py took 0.145 seconds
[2026-03-28T21:12:00.723+0000] {processor.py:161} INFO - Started process (PID=222) to work on /opt/airflow/dags/filter_questions.py
[2026-03-28T21:12:00.725+0000] {processor.py:830} INFO - Processing file /opt/airflow/dags/filter_questions.py for tasks to queue
[2026-03-28T21:12:00.730+0000] {logging_mixin.py:188} INFO - [2026-03-28T21:12:00.730+0000] {dagbag.py:545} INFO - Filling up the DagBag from /opt/airflow/dags/filter_questions.py
[2026-03-28T21:12:00.779+0000] {logging_mixin.py:188} INFO - [2026-03-28T21:12:00.775+0000] {dagbag.py:355} ERROR - Failed to import: /opt/airflow/dags/filter_questions.py
Traceback (most recent call last):
  File "/home/airflow/.local/lib/python3.12/site-packages/airflow/models/dagbag.py", line 351, in parse
    loader.exec_module(new_module)
  File "<frozen importlib._bootstrap_external>", line 995, in exec_module
  File "<frozen importlib._bootstrap>", line 488, in _call_with_frames_removed
  File "/opt/airflow/dags/filter_questions.py", line 8, in <module>
    import google.generativeai as genai
ModuleNotFoundError: No module named 'google.generativeai'
[2026-03-28T21:12:00.781+0000] {processor.py:842} WARNING - No viable dags retrieved from /opt/airflow/dags/filter_questions.py
[2026-03-28T21:12:00.889+0000] {processor.py:183} INFO - Processing /opt/airflow/dags/filter_questions.py took 0.182 seconds
[2026-03-28T21:12:31.727+0000] {processor.py:161} INFO - Started process (PID=237) to work on /opt/airflow/dags/filter_questions.py
[2026-03-28T21:12:31.730+0000] {processor.py:830} INFO - Processing file /opt/airflow/dags/filter_questions.py for tasks to queue
[2026-03-28T21:12:31.732+0000] {logging_mixin.py:188} INFO - [2026-03-28T21:12:31.732+0000] {dagbag.py:545} INFO - Filling up the DagBag from /opt/airflow/dags/filter_questions.py
[2026-03-28T21:12:31.754+0000] {logging_mixin.py:188} INFO - [2026-03-28T21:12:31.747+0000] {dagbag.py:355} ERROR - Failed to import: /opt/airflow/dags/filter_questions.py
Traceback (most recent call last):
  File "/home/airflow/.local/lib/python3.12/site-packages/airflow/models/dagbag.py", line 351, in parse
    loader.exec_module(new_module)
  File "<frozen importlib._bootstrap_external>", line 995, in exec_module
  File "<frozen importlib._bootstrap>", line 488, in _call_with_frames_removed
  File "/opt/airflow/dags/filter_questions.py", line 8, in <module>
    import google.generativeai as genai
ModuleNotFoundError: No module named 'google.generativeai'
[2026-03-28T21:12:31.756+0000] {processor.py:842} WARNING - No viable dags retrieved from /opt/airflow/dags/filter_questions.py
[2026-03-28T21:12:31.865+0000] {processor.py:183} INFO - Processing /opt/airflow/dags/filter_questions.py took 0.145 seconds
[2026-03-28T21:13:01.931+0000] {processor.py:161} INFO - Started process (PID=252) to work on /opt/airflow/dags/filter_questions.py
[2026-03-28T21:13:01.933+0000] {processor.py:830} INFO - Processing file /opt/airflow/dags/filter_questions.py for tasks to queue
[2026-03-28T21:13:01.936+0000] {logging_mixin.py:188} INFO - [2026-03-28T21:13:01.936+0000] {dagbag.py:545} INFO - Filling up the DagBag from /opt/airflow/dags/filter_questions.py
[2026-03-28T21:13:01.953+0000] {logging_mixin.py:188} INFO - [2026-03-28T21:13:01.952+0000] {dagbag.py:355} ERROR - Failed to import: /opt/airflow/dags/filter_questions.py
Traceback (most recent call last):
  File "/home/airflow/.local/lib/python3.12/site-packages/airflow/models/dagbag.py", line 351, in parse
    loader.exec_module(new_module)
  File "<frozen importlib._bootstrap_external>", line 995, in exec_module
  File "<frozen importlib._bootstrap>", line 488, in _call_with_frames_removed
  File "/opt/airflow/dags/filter_questions.py", line 8, in <module>
    import google.generativeai as genai
ModuleNotFoundError: No module named 'google.generativeai'
[2026-03-28T21:13:01.956+0000] {processor.py:842} WARNING - No viable dags retrieved from /opt/airflow/dags/filter_questions.py
[2026-03-28T21:13:01.998+0000] {processor.py:183} INFO - Processing /opt/airflow/dags/filter_questions.py took 0.080 seconds
[2026-03-28T21:13:32.219+0000] {processor.py:161} INFO - Started process (PID=267) to work on /opt/airflow/dags/filter_questions.py
[2026-03-28T21:13:32.222+0000] {processor.py:830} INFO - Processing file /opt/airflow/dags/filter_questions.py for tasks to queue
[2026-03-28T21:13:32.224+0000] {logging_mixin.py:188} INFO - [2026-03-28T21:13:32.224+0000] {dagbag.py:545} INFO - Filling up the DagBag from /opt/airflow/dags/filter_questions.py
[2026-03-28T21:13:32.235+0000] {logging_mixin.py:188} INFO - [2026-03-28T21:13:32.234+0000] {dagbag.py:355} ERROR - Failed to import: /opt/airflow/dags/filter_questions.py
Traceback (most recent call last):
  File "/home/airflow/.local/lib/python3.12/site-packages/airflow/models/dagbag.py", line 351, in parse
    loader.exec_module(new_module)
  File "<frozen importlib._bootstrap_external>", line 995, in exec_module
  File "<frozen importlib._bootstrap>", line 488, in _call_with_frames_removed
  File "/opt/airflow/dags/filter_questions.py", line 8, in <module>
    import google.generativeai as genai
ModuleNotFoundError: No module named 'google.generativeai'
[2026-03-28T21:13:32.236+0000] {processor.py:842} WARNING - No viable dags retrieved from /opt/airflow/dags/filter_questions.py
[2026-03-28T21:13:32.349+0000] {processor.py:183} INFO - Processing /opt/airflow/dags/filter_questions.py took 0.152 seconds
[2026-03-28T21:14:02.877+0000] {processor.py:161} INFO - Started process (PID=282) to work on /opt/airflow/dags/filter_questions.py
[2026-03-28T21:14:02.884+0000] {processor.py:830} INFO - Processing file /opt/airflow/dags/filter_questions.py for tasks to queue
[2026-03-28T21:14:02.886+0000] {logging_mixin.py:188} INFO - [2026-03-28T21:14:02.886+0000] {dagbag.py:545} INFO - Filling up the DagBag from /opt/airflow/dags/filter_questions.py
[2026-03-28T21:14:02.909+0000] {logging_mixin.py:188} INFO - [2026-03-28T21:14:02.907+0000] {dagbag.py:355} ERROR - Failed to import: /opt/airflow/dags/filter_questions.py
Traceback (most recent call last):
  File "/home/airflow/.local/lib/python3.12/site-packages/airflow/models/dagbag.py", line 351, in parse
    loader.exec_module(new_module)
  File "<frozen importlib._bootstrap_external>", line 995, in exec_module
  File "<frozen importlib._bootstrap>", line 488, in _call_with_frames_removed
  File "/opt/airflow/dags/filter_questions.py", line 8, in <module>
    import google.generativeai as genai
ModuleNotFoundError: No module named 'google.generativeai'
[2026-03-28T21:14:02.909+0000] {processor.py:842} WARNING - No viable dags retrieved from /opt/airflow/dags/filter_questions.py
[2026-03-28T21:14:02.955+0000] {processor.py:183} INFO - Processing /opt/airflow/dags/filter_questions.py took 0.086 seconds
[2026-03-28T21:14:33.788+0000] {processor.py:161} INFO - Started process (PID=297) to work on /opt/airflow/dags/filter_questions.py
[2026-03-28T21:14:33.790+0000] {processor.py:830} INFO - Processing file /opt/airflow/dags/filter_questions.py for tasks to queue
[2026-03-28T21:14:33.793+0000] {logging_mixin.py:188} INFO - [2026-03-28T21:14:33.792+0000] {dagbag.py:545} INFO - Filling up the DagBag from /opt/airflow/dags/filter_questions.py
[2026-03-28T21:14:33.807+0000] {logging_mixin.py:188} INFO - [2026-03-28T21:14:33.806+0000] {dagbag.py:355} ERROR - Failed to import: /opt/airflow/dags/filter_questions.py
Traceback (most recent call last):
  File "/home/airflow/.local/lib/python3.12/site-packages/airflow/models/dagbag.py", line 351, in parse
    loader.exec_module(new_module)
  File "<frozen importlib._bootstrap_external>", line 995, in exec_module
  File "<frozen importlib._bootstrap>", line 488, in _call_with_frames_removed
  File "/opt/airflow/dags/filter_questions.py", line 8, in <module>
    import google.generativeai as genai
ModuleNotFoundError: No module named 'google.generativeai'
[2026-03-28T21:14:33.808+0000] {processor.py:842} WARNING - No viable dags retrieved from /opt/airflow/dags/filter_questions.py
[2026-03-28T21:14:33.841+0000] {processor.py:183} INFO - Processing /opt/airflow/dags/filter_questions.py took 0.062 seconds
[2026-03-28T21:15:04.740+0000] {processor.py:161} INFO - Started process (PID=312) to work on /opt/airflow/dags/filter_questions.py
[2026-03-28T21:15:04.743+0000] {processor.py:830} INFO - Processing file /opt/airflow/dags/filter_questions.py for tasks to queue
[2026-03-28T21:15:04.750+0000] {logging_mixin.py:188} INFO - [2026-03-28T21:15:04.750+0000] {dagbag.py:545} INFO - Filling up the DagBag from /opt/airflow/dags/filter_questions.py
[2026-03-28T21:15:04.761+0000] {logging_mixin.py:188} INFO - [2026-03-28T21:15:04.760+0000] {dagbag.py:355} ERROR - Failed to import: /opt/airflow/dags/filter_questions.py
Traceback (most recent call last):
  File "/home/airflow/.local/lib/python3.12/site-packages/airflow/models/dagbag.py", line 351, in parse
    loader.exec_module(new_module)
  File "<frozen importlib._bootstrap_external>", line 995, in exec_module
  File "<frozen importlib._bootstrap>", line 488, in _call_with_frames_removed
  File "/opt/airflow/dags/filter_questions.py", line 8, in <module>
    import google.generativeai as genai
ModuleNotFoundError: No module named 'google.generativeai'
[2026-03-28T21:15:04.762+0000] {processor.py:842} WARNING - No viable dags retrieved from /opt/airflow/dags/filter_questions.py
[2026-03-28T21:15:04.797+0000] {processor.py:183} INFO - Processing /opt/airflow/dags/filter_questions.py took 0.065 seconds
[2026-03-28T21:15:35.714+0000] {processor.py:161} INFO - Started process (PID=327) to work on /opt/airflow/dags/filter_questions.py
[2026-03-28T21:15:35.716+0000] {processor.py:830} INFO - Processing file /opt/airflow/dags/filter_questions.py for tasks to queue
[2026-03-28T21:15:35.718+0000] {logging_mixin.py:188} INFO - [2026-03-28T21:15:35.718+0000] {dagbag.py:545} INFO - Filling up the DagBag from /opt/airflow/dags/filter_questions.py
[2026-03-28T21:15:35.728+0000] {logging_mixin.py:188} INFO - [2026-03-28T21:15:35.727+0000] {dagbag.py:355} ERROR - Failed to import: /opt/airflow/dags/filter_questions.py
Traceback (most recent call last):
  File "/home/airflow/.local/lib/python3.12/site-packages/airflow/models/dagbag.py", line 351, in parse
    loader.exec_module(new_module)
  File "<frozen importlib._bootstrap_external>", line 995, in exec_module
  File "<frozen importlib._bootstrap>", line 488, in _call_with_frames_removed
  File "/opt/airflow/dags/filter_questions.py", line 8, in <module>
    import google.generativeai as genai
ModuleNotFoundError: No module named 'google.generativeai'
[2026-03-28T21:15:35.729+0000] {processor.py:842} WARNING - No viable dags retrieved from /opt/airflow/dags/filter_questions.py
[2026-03-28T21:15:35.768+0000] {processor.py:183} INFO - Processing /opt/airflow/dags/filter_questions.py took 0.062 seconds
[2026-03-28T21:16:06.573+0000] {processor.py:161} INFO - Started process (PID=342) to work on /opt/airflow/dags/filter_questions.py
[2026-03-28T21:16:06.575+0000] {processor.py:830} INFO - Processing file /opt/airflow/dags/filter_questions.py for tasks to queue
[2026-03-28T21:16:06.580+0000] {logging_mixin.py:188} INFO - [2026-03-28T21:16:06.579+0000] {dagbag.py:545} INFO - Filling up the DagBag from /opt/airflow/dags/filter_questions.py
[2026-03-28T21:16:06.595+0000] {logging_mixin.py:188} INFO - [2026-03-28T21:16:06.593+0000] {dagbag.py:355} ERROR - Failed to import: /opt/airflow/dags/filter_questions.py
Traceback (most recent call last):
  File "/home/airflow/.local/lib/python3.12/site-packages/airflow/models/dagbag.py", line 351, in parse
    loader.exec_module(new_module)
  File "<frozen importlib._bootstrap_external>", line 995, in exec_module
  File "<frozen importlib._bootstrap>", line 488, in _call_with_frames_removed
  File "/opt/airflow/dags/filter_questions.py", line 8, in <module>
    import google.generativeai as genai
ModuleNotFoundError: No module named 'google.generativeai'
[2026-03-28T21:16:06.596+0000] {processor.py:842} WARNING - No viable dags retrieved from /opt/airflow/dags/filter_questions.py
[2026-03-28T21:16:06.644+0000] {processor.py:183} INFO - Processing /opt/airflow/dags/filter_questions.py took 0.080 seconds
[2026-03-28T21:16:37.487+0000] {processor.py:161} INFO - Started process (PID=357) to work on /opt/airflow/dags/filter_questions.py
[2026-03-28T21:16:37.489+0000] {processor.py:830} INFO - Processing file /opt/airflow/dags/filter_questions.py for tasks to queue
[2026-03-28T21:16:37.492+0000] {logging_mixin.py:188} INFO - [2026-03-28T21:16:37.492+0000] {dagbag.py:545} INFO - Filling up the DagBag from /opt/airflow/dags/filter_questions.py
[2026-03-28T21:16:37.508+0000] {logging_mixin.py:188} INFO - [2026-03-28T21:16:37.503+0000] {dagbag.py:355} ERROR - Failed to import: /opt/airflow/dags/filter_questions.py
Traceback (most recent call last):
  File "/home/airflow/.local/lib/python3.12/site-packages/airflow/models/dagbag.py", line 351, in parse
    loader.exec_module(new_module)
  File "<frozen importlib._bootstrap_external>", line 995, in exec_module
  File "<frozen importlib._bootstrap>", line 488, in _call_with_frames_removed
  File "/opt/airflow/dags/filter_questions.py", line 8, in <module>
    import google.generativeai as genai
ModuleNotFoundError: No module named 'google.generativeai'
[2026-03-28T21:16:37.509+0000] {processor.py:842} WARNING - No viable dags retrieved from /opt/airflow/dags/filter_questions.py
[2026-03-28T21:16:37.556+0000] {processor.py:183} INFO - Processing /opt/airflow/dags/filter_questions.py took 0.077 seconds
[2026-03-28T21:17:08.409+0000] {processor.py:161} INFO - Started process (PID=372) to work on /opt/airflow/dags/filter_questions.py
[2026-03-28T21:17:08.412+0000] {processor.py:830} INFO - Processing file /opt/airflow/dags/filter_questions.py for tasks to queue
[2026-03-28T21:17:08.415+0000] {logging_mixin.py:188} INFO - [2026-03-28T21:17:08.414+0000] {dagbag.py:545} INFO - Filling up the DagBag from /opt/airflow/dags/filter_questions.py
[2026-03-28T21:17:08.435+0000] {logging_mixin.py:188} INFO - [2026-03-28T21:17:08.431+0000] {dagbag.py:355} ERROR - Failed to import: /opt/airflow/dags/filter_questions.py
Traceback (most recent call last):
  File "/home/airflow/.local/lib/python3.12/site-packages/airflow/models/dagbag.py", line 351, in parse
    loader.exec_module(new_module)
  File "<frozen importlib._bootstrap_external>", line 995, in exec_module
  File "<frozen importlib._bootstrap>", line 488, in _call_with_frames_removed
  File "/opt/airflow/dags/filter_questions.py", line 8, in <module>
    import google.generativeai as genai
ModuleNotFoundError: No module named 'google.generativeai'
[2026-03-28T21:17:08.436+0000] {processor.py:842} WARNING - No viable dags retrieved from /opt/airflow/dags/filter_questions.py
[2026-03-28T21:17:08.563+0000] {processor.py:183} INFO - Processing /opt/airflow/dags/filter_questions.py took 0.164 seconds
[2026-03-28T21:17:39.500+0000] {processor.py:161} INFO - Started process (PID=387) to work on /opt/airflow/dags/filter_questions.py
[2026-03-28T21:17:39.528+0000] {processor.py:830} INFO - Processing file /opt/airflow/dags/filter_questions.py for tasks to queue
[2026-03-28T21:17:39.530+0000] {logging_mixin.py:188} INFO - [2026-03-28T21:17:39.530+0000] {dagbag.py:545} INFO - Filling up the DagBag from /opt/airflow/dags/filter_questions.py
[2026-03-28T21:17:39.550+0000] {logging_mixin.py:188} INFO - [2026-03-28T21:17:39.548+0000] {dagbag.py:355} ERROR - Failed to import: /opt/airflow/dags/filter_questions.py
Traceback (most recent call last):
  File "/home/airflow/.local/lib/python3.12/site-packages/airflow/models/dagbag.py", line 351, in parse
    loader.exec_module(new_module)
  File "<frozen importlib._bootstrap_external>", line 995, in exec_module
  File "<frozen importlib._bootstrap>", line 488, in _call_with_frames_removed
  File "/opt/airflow/dags/filter_questions.py", line 8, in <module>
    import google.generativeai as genai
ModuleNotFoundError: No module named 'google.generativeai'
[2026-03-28T21:17:39.554+0000] {processor.py:842} WARNING - No viable dags retrieved from /opt/airflow/dags/filter_questions.py
[2026-03-28T21:17:39.645+0000] {processor.py:183} INFO - Processing /opt/airflow/dags/filter_questions.py took 0.156 seconds
[2026-03-28T21:18:10.495+0000] {processor.py:161} INFO - Started process (PID=402) to work on /opt/airflow/dags/filter_questions.py
[2026-03-28T21:18:10.513+0000] {processor.py:830} INFO - Processing file /opt/airflow/dags/filter_questions.py for tasks to queue
[2026-03-28T21:18:10.517+0000] {logging_mixin.py:188} INFO - [2026-03-28T21:18:10.516+0000] {dagbag.py:545} INFO - Filling up the DagBag from /opt/airflow/dags/filter_questions.py
[2026-03-28T21:18:10.530+0000] {logging_mixin.py:188} INFO - [2026-03-28T21:18:10.528+0000] {dagbag.py:355} ERROR - Failed to import: /opt/airflow/dags/filter_questions.py
Traceback (most recent call last):
  File "/home/airflow/.local/lib/python3.12/site-packages/airflow/models/dagbag.py", line 351, in parse
    loader.exec_module(new_module)
  File "<frozen importlib._bootstrap_external>", line 995, in exec_module
  File "<frozen importlib._bootstrap>", line 488, in _call_with_frames_removed
  File "/opt/airflow/dags/filter_questions.py", line 8, in <module>
    import google.generativeai as genai
ModuleNotFoundError: No module named 'google.generativeai'
[2026-03-28T21:18:10.530+0000] {processor.py:842} WARNING - No viable dags retrieved from /opt/airflow/dags/filter_questions.py
[2026-03-28T21:18:10.565+0000] {processor.py:183} INFO - Processing /opt/airflow/dags/filter_questions.py took 0.081 seconds
[2026-03-28T21:18:41.411+0000] {processor.py:161} INFO - Started process (PID=417) to work on /opt/airflow/dags/filter_questions.py
[2026-03-28T21:18:41.412+0000] {processor.py:830} INFO - Processing file /opt/airflow/dags/filter_questions.py for tasks to queue
[2026-03-28T21:18:41.415+0000] {logging_mixin.py:188} INFO - [2026-03-28T21:18:41.415+0000] {dagbag.py:545} INFO - Filling up the DagBag from /opt/airflow/dags/filter_questions.py
[2026-03-28T21:18:41.427+0000] {logging_mixin.py:188} INFO - [2026-03-28T21:18:41.425+0000] {dagbag.py:355} ERROR - Failed to import: /opt/airflow/dags/filter_questions.py
Traceback (most recent call last):
  File "/home/airflow/.local/lib/python3.12/site-packages/airflow/models/dagbag.py", line 351, in parse
    loader.exec_module(new_module)
  File "<frozen importlib._bootstrap_external>", line 995, in exec_module
  File "<frozen importlib._bootstrap>", line 488, in _call_with_frames_removed
  File "/opt/airflow/dags/filter_questions.py", line 8, in <module>
    import google.generativeai as genai
ModuleNotFoundError: No module named 'google.generativeai'
[2026-03-28T21:18:41.428+0000] {processor.py:842} WARNING - No viable dags retrieved from /opt/airflow/dags/filter_questions.py
[2026-03-28T21:18:41.467+0000] {processor.py:183} INFO - Processing /opt/airflow/dags/filter_questions.py took 0.064 seconds
[2026-03-28T21:19:12.306+0000] {processor.py:161} INFO - Started process (PID=432) to work on /opt/airflow/dags/filter_questions.py
[2026-03-28T21:19:12.307+0000] {processor.py:830} INFO - Processing file /opt/airflow/dags/filter_questions.py for tasks to queue
[2026-03-28T21:19:12.309+0000] {logging_mixin.py:188} INFO - [2026-03-28T21:19:12.309+0000] {dagbag.py:545} INFO - Filling up the DagBag from /opt/airflow/dags/filter_questions.py
[2026-03-28T21:19:12.320+0000] {logging_mixin.py:188} INFO - [2026-03-28T21:19:12.319+0000] {dagbag.py:355} ERROR - Failed to import: /opt/airflow/dags/filter_questions.py
Traceback (most recent call last):
  File "/home/airflow/.local/lib/python3.12/site-packages/airflow/models/dagbag.py", line 351, in parse
    loader.exec_module(new_module)
  File "<frozen importlib._bootstrap_external>", line 995, in exec_module
  File "<frozen importlib._bootstrap>", line 488, in _call_with_frames_removed
  File "/opt/airflow/dags/filter_questions.py", line 8, in <module>
    import google.generativeai as genai
ModuleNotFoundError: No module named 'google.generativeai'
[2026-03-28T21:19:12.321+0000] {processor.py:842} WARNING - No viable dags retrieved from /opt/airflow/dags/filter_questions.py
[2026-03-28T21:19:12.348+0000] {processor.py:183} INFO - Processing /opt/airflow/dags/filter_questions.py took 0.050 seconds
[2026-03-28T21:20:22.675+0000] {processor.py:161} INFO - Started process (PID=182) to work on /opt/airflow/dags/filter_questions.py
[2026-03-28T21:20:22.688+0000] {processor.py:830} INFO - Processing file /opt/airflow/dags/filter_questions.py for tasks to queue
[2026-03-28T21:20:22.709+0000] {logging_mixin.py:188} INFO - [2026-03-28T21:20:22.705+0000] {dagbag.py:545} INFO - Filling up the DagBag from /opt/airflow/dags/filter_questions.py
[2026-03-28T21:20:24.182+0000] {logging_mixin.py:188} WARNING - /opt/airflow/dags/filter_questions.py:8 FutureWarning: 

All support for the `google.generativeai` package has ended. It will no longer be receiving
updates or bug fixes. Please switch to the `google.genai` package as soon as possible.
See README for more details:

https://github.com/google-gemini/deprecated-generative-ai-python/blob/main/README.md
[2026-03-28T21:20:27.960+0000] {processor.py:840} INFO - DAG(s) 'dag_filter_questions' retrieved from /opt/airflow/dags/filter_questions.py
[2026-03-28T21:20:28.174+0000] {logging_mixin.py:188} INFO - [2026-03-28T21:20:28.174+0000] {override.py:1829} INFO - Created Permission View: can delete on DAG:dag_filter_questions
[2026-03-28T21:20:28.191+0000] {logging_mixin.py:188} INFO - [2026-03-28T21:20:28.191+0000] {override.py:1829} INFO - Created Permission View: can read on DAG:dag_filter_questions
[2026-03-28T21:20:28.203+0000] {logging_mixin.py:188} INFO - [2026-03-28T21:20:28.202+0000] {override.py:1829} INFO - Created Permission View: can edit on DAG:dag_filter_questions
[2026-03-28T21:20:28.203+0000] {logging_mixin.py:188} INFO - [2026-03-28T21:20:28.203+0000] {dag.py:3096} INFO - Sync 1 DAGs
[2026-03-28T21:20:28.222+0000] {logging_mixin.py:188} INFO - [2026-03-28T21:20:28.221+0000] {dag.py:3118} INFO - Creating ORM DAG for dag_filter_questions
[2026-03-28T21:20:28.222+0000] {logging_mixin.py:188} INFO - [2026-03-28T21:20:28.222+0000] {dag.py:3954} INFO - Setting next_dagrun for dag_filter_questions to None, run_after=None
[2026-03-28T21:20:28.252+0000] {processor.py:183} INFO - Processing /opt/airflow/dags/filter_questions.py took 5.672 seconds
[2026-03-28T21:20:58.520+0000] {processor.py:161} INFO - Started process (PID=208) to work on /opt/airflow/dags/filter_questions.py
[2026-03-28T21:20:58.522+0000] {processor.py:830} INFO - Processing file /opt/airflow/dags/filter_questions.py for tasks to queue
[2026-03-28T21:20:58.536+0000] {logging_mixin.py:188} INFO - [2026-03-28T21:20:58.532+0000] {dagbag.py:545} INFO - Filling up the DagBag from /opt/airflow/dags/filter_questions.py
[2026-03-28T21:20:59.199+0000] {logging_mixin.py:188} WARNING - /opt/airflow/dags/filter_questions.py:8 FutureWarning: 

All support for the `google.generativeai` package has ended. It will no longer be receiving
updates or bug fixes. Please switch to the `google.genai` package as soon as possible.
See README for more details:

https://github.com/google-gemini/deprecated-generative-ai-python/blob/main/README.md
[2026-03-28T21:21:01.932+0000] {processor.py:840} INFO - DAG(s) 'dag_filter_questions' retrieved from /opt/airflow/dags/filter_questions.py
[2026-03-28T21:21:01.998+0000] {logging_mixin.py:188} INFO - [2026-03-28T21:21:01.997+0000] {dag.py:3096} INFO - Sync 1 DAGs
[2026-03-28T21:21:02.025+0000] {logging_mixin.py:188} INFO - [2026-03-28T21:21:02.025+0000] {dag.py:3954} INFO - Setting next_dagrun for dag_filter_questions to None, run_after=None
[2026-03-28T21:21:02.073+0000] {processor.py:183} INFO - Processing /opt/airflow/dags/filter_questions.py took 2.913 seconds
[2026-03-28T21:21:32.656+0000] {processor.py:161} INFO - Started process (PID=224) to work on /opt/airflow/dags/filter_questions.py
[2026-03-28T21:21:32.675+0000] {processor.py:830} INFO - Processing file /opt/airflow/dags/filter_questions.py for tasks to queue
[2026-03-28T21:21:32.690+0000] {logging_mixin.py:188} INFO - [2026-03-28T21:21:32.689+0000] {dagbag.py:545} INFO - Filling up the DagBag from /opt/airflow/dags/filter_questions.py
[2026-03-28T21:21:34.531+0000] {logging_mixin.py:188} WARNING - /opt/airflow/dags/filter_questions.py:8 FutureWarning: 

All support for the `google.generativeai` package has ended. It will no longer be receiving
updates or bug fixes. Please switch to the `google.genai` package as soon as possible.
See README for more details:

https://github.com/google-gemini/deprecated-generative-ai-python/blob/main/README.md
[2026-03-28T21:21:39.769+0000] {processor.py:840} INFO - DAG(s) 'dag_filter_questions' retrieved from /opt/airflow/dags/filter_questions.py
[2026-03-28T21:21:39.974+0000] {logging_mixin.py:188} INFO - [2026-03-28T21:21:39.974+0000] {dag.py:3096} INFO - Sync 1 DAGs
[2026-03-28T21:21:40.013+0000] {logging_mixin.py:188} INFO - [2026-03-28T21:21:40.012+0000] {dag.py:3954} INFO - Setting next_dagrun for dag_filter_questions to None, run_after=None
[2026-03-28T21:21:40.048+0000] {processor.py:183} INFO - Processing /opt/airflow/dags/filter_questions.py took 7.478 seconds
[2026-03-28T21:22:15.956+0000] {processor.py:161} INFO - Started process (PID=247) to work on /opt/airflow/dags/filter_questions.py
[2026-03-28T21:22:16.081+0000] {processor.py:830} INFO - Processing file /opt/airflow/dags/filter_questions.py for tasks to queue
[2026-03-28T21:22:17.223+0000] {logging_mixin.py:188} INFO - [2026-03-28T21:22:17.192+0000] {dagbag.py:545} INFO - Filling up the DagBag from /opt/airflow/dags/filter_questions.py
[2026-03-28T21:22:29.146+0000] {logging_mixin.py:188} WARNING - /opt/airflow/dags/filter_questions.py:8 FutureWarning: 

All support for the `google.generativeai` package has ended. It will no longer be receiving
updates or bug fixes. Please switch to the `google.genai` package as soon as possible.
See README for more details:

https://github.com/google-gemini/deprecated-generative-ai-python/blob/main/README.md
[2026-03-28T21:22:31.619+0000] {processor.py:840} INFO - DAG(s) 'dag_filter_questions' retrieved from /opt/airflow/dags/filter_questions.py
[2026-03-28T21:22:31.699+0000] {logging_mixin.py:188} INFO - [2026-03-28T21:22:31.698+0000] {dag.py:3096} INFO - Sync 1 DAGs
[2026-03-28T21:22:31.728+0000] {logging_mixin.py:188} INFO - [2026-03-28T21:22:31.728+0000] {dag.py:3954} INFO - Setting next_dagrun for dag_filter_questions to None, run_after=None
[2026-03-28T21:22:31.767+0000] {processor.py:183} INFO - Processing /opt/airflow/dags/filter_questions.py took 16.336 seconds
[2026-03-28T21:23:01.906+0000] {processor.py:161} INFO - Started process (PID=318) to work on /opt/airflow/dags/filter_questions.py
[2026-03-28T21:23:01.908+0000] {processor.py:830} INFO - Processing file /opt/airflow/dags/filter_questions.py for tasks to queue
[2026-03-28T21:23:01.911+0000] {logging_mixin.py:188} INFO - [2026-03-28T21:23:01.910+0000] {dagbag.py:545} INFO - Filling up the DagBag from /opt/airflow/dags/filter_questions.py
[2026-03-28T21:23:02.297+0000] {logging_mixin.py:188} WARNING - /opt/airflow/dags/filter_questions.py:8 FutureWarning: 

All support for the `google.generativeai` package has ended. It will no longer be receiving
updates or bug fixes. Please switch to the `google.genai` package as soon as possible.
See README for more details:

https://github.com/google-gemini/deprecated-generative-ai-python/blob/main/README.md
[2026-03-28T21:23:03.171+0000] {processor.py:840} INFO - DAG(s) 'dag_filter_questions' retrieved from /opt/airflow/dags/filter_questions.py
[2026-03-28T21:23:03.200+0000] {logging_mixin.py:188} INFO - [2026-03-28T21:23:03.199+0000] {dag.py:3096} INFO - Sync 1 DAGs
[2026-03-28T21:23:03.213+0000] {logging_mixin.py:188} INFO - [2026-03-28T21:23:03.212+0000] {dag.py:3954} INFO - Setting next_dagrun for dag_filter_questions to None, run_after=None
[2026-03-28T21:23:03.234+0000] {processor.py:183} INFO - Processing /opt/airflow/dags/filter_questions.py took 1.336 seconds
[2026-03-28T21:23:34.192+0000] {processor.py:161} INFO - Started process (PID=334) to work on /opt/airflow/dags/filter_questions.py
[2026-03-28T21:23:34.193+0000] {processor.py:830} INFO - Processing file /opt/airflow/dags/filter_questions.py for tasks to queue
[2026-03-28T21:23:34.195+0000] {logging_mixin.py:188} INFO - [2026-03-28T21:23:34.194+0000] {dagbag.py:545} INFO - Filling up the DagBag from /opt/airflow/dags/filter_questions.py
[2026-03-28T21:23:34.496+0000] {logging_mixin.py:188} WARNING - /opt/airflow/dags/filter_questions.py:8 FutureWarning: 

All support for the `google.generativeai` package has ended. It will no longer be receiving
updates or bug fixes. Please switch to the `google.genai` package as soon as possible.
See README for more details:

https://github.com/google-gemini/deprecated-generative-ai-python/blob/main/README.md
[2026-03-28T21:23:35.693+0000] {processor.py:840} INFO - DAG(s) 'dag_filter_questions' retrieved from /opt/airflow/dags/filter_questions.py
[2026-03-28T21:23:35.741+0000] {logging_mixin.py:188} INFO - [2026-03-28T21:23:35.741+0000] {dag.py:3096} INFO - Sync 1 DAGs
[2026-03-28T21:23:35.763+0000] {logging_mixin.py:188} INFO - [2026-03-28T21:23:35.762+0000] {dag.py:3954} INFO - Setting next_dagrun for dag_filter_questions to None, run_after=None
[2026-03-28T21:23:35.791+0000] {processor.py:183} INFO - Processing /opt/airflow/dags/filter_questions.py took 0.931 seconds
[2026-03-28T21:24:06.739+0000] {processor.py:161} INFO - Started process (PID=350) to work on /opt/airflow/dags/filter_questions.py
[2026-03-28T21:24:06.775+0000] {processor.py:830} INFO - Processing file /opt/airflow/dags/filter_questions.py for tasks to queue
[2026-03-28T21:24:06.777+0000] {logging_mixin.py:188} INFO - [2026-03-28T21:24:06.777+0000] {dagbag.py:545} INFO - Filling up the DagBag from /opt/airflow/dags/filter_questions.py
[2026-03-28T21:24:07.243+0000] {logging_mixin.py:188} WARNING - /opt/airflow/dags/filter_questions.py:8 FutureWarning: 

All support for the `google.generativeai` package has ended. It will no longer be receiving
updates or bug fixes. Please switch to the `google.genai` package as soon as possible.
See README for more details:

https://github.com/google-gemini/deprecated-generative-ai-python/blob/main/README.md
[2026-03-28T21:24:08.292+0000] {processor.py:840} INFO - DAG(s) 'dag_filter_questions' retrieved from /opt/airflow/dags/filter_questions.py
[2026-03-28T21:24:09.309+0000] {logging_mixin.py:188} INFO - [2026-03-28T21:24:09.308+0000] {dag.py:3096} INFO - Sync 1 DAGs
[2026-03-28T21:24:09.584+0000] {logging_mixin.py:188} INFO - [2026-03-28T21:24:09.584+0000] {dag.py:3954} INFO - Setting next_dagrun for dag_filter_questions to None, run_after=None
[2026-03-28T21:24:09.642+0000] {processor.py:183} INFO - Processing /opt/airflow/dags/filter_questions.py took 2.913 seconds
[2026-03-28T21:24:39.991+0000] {processor.py:161} INFO - Started process (PID=366) to work on /opt/airflow/dags/filter_questions.py
[2026-03-28T21:24:39.995+0000] {processor.py:830} INFO - Processing file /opt/airflow/dags/filter_questions.py for tasks to queue
[2026-03-28T21:24:39.997+0000] {logging_mixin.py:188} INFO - [2026-03-28T21:24:39.997+0000] {dagbag.py:545} INFO - Filling up the DagBag from /opt/airflow/dags/filter_questions.py
[2026-03-28T21:24:40.630+0000] {logging_mixin.py:188} WARNING - /opt/airflow/dags/filter_questions.py:8 FutureWarning: 

All support for the `google.generativeai` package has ended. It will no longer be receiving
updates or bug fixes. Please switch to the `google.genai` package as soon as possible.
See README for more details:

https://github.com/google-gemini/deprecated-generative-ai-python/blob/main/README.md
[2026-03-28T21:24:42.552+0000] {processor.py:840} INFO - DAG(s) 'dag_filter_questions' retrieved from /opt/airflow/dags/filter_questions.py
[2026-03-28T21:24:42.583+0000] {logging_mixin.py:188} INFO - [2026-03-28T21:24:42.581+0000] {dag.py:3096} INFO - Sync 1 DAGs
[2026-03-28T21:24:42.608+0000] {logging_mixin.py:188} INFO - [2026-03-28T21:24:42.607+0000] {dag.py:3954} INFO - Setting next_dagrun for dag_filter_questions to None, run_after=None
[2026-03-28T21:24:42.650+0000] {processor.py:183} INFO - Processing /opt/airflow/dags/filter_questions.py took 2.674 seconds
[2026-03-28T21:25:13.572+0000] {processor.py:161} INFO - Started process (PID=387) to work on /opt/airflow/dags/filter_questions.py
[2026-03-28T21:25:13.574+0000] {processor.py:830} INFO - Processing file /opt/airflow/dags/filter_questions.py for tasks to queue
[2026-03-28T21:25:13.576+0000] {logging_mixin.py:188} INFO - [2026-03-28T21:25:13.576+0000] {dagbag.py:545} INFO - Filling up the DagBag from /opt/airflow/dags/filter_questions.py
[2026-03-28T21:25:13.973+0000] {logging_mixin.py:188} WARNING - /opt/airflow/dags/filter_questions.py:8 FutureWarning: 

All support for the `google.generativeai` package has ended. It will no longer be receiving
updates or bug fixes. Please switch to the `google.genai` package as soon as possible.
See README for more details:

https://github.com/google-gemini/deprecated-generative-ai-python/blob/main/README.md
[2026-03-28T21:25:14.698+0000] {processor.py:840} INFO - DAG(s) 'dag_filter_questions' retrieved from /opt/airflow/dags/filter_questions.py
[2026-03-28T21:25:14.753+0000] {logging_mixin.py:188} INFO - [2026-03-28T21:25:14.752+0000] {dag.py:3096} INFO - Sync 1 DAGs
[2026-03-28T21:25:14.784+0000] {logging_mixin.py:188} INFO - [2026-03-28T21:25:14.784+0000] {dag.py:3954} INFO - Setting next_dagrun for dag_filter_questions to None, run_after=None
[2026-03-28T21:25:14.812+0000] {processor.py:183} INFO - Processing /opt/airflow/dags/filter_questions.py took 1.247 seconds
[2026-03-28T21:25:45.544+0000] {processor.py:161} INFO - Started process (PID=403) to work on /opt/airflow/dags/filter_questions.py
[2026-03-28T21:25:45.545+0000] {processor.py:830} INFO - Processing file /opt/airflow/dags/filter_questions.py for tasks to queue
[2026-03-28T21:25:45.547+0000] {logging_mixin.py:188} INFO - [2026-03-28T21:25:45.547+0000] {dagbag.py:545} INFO - Filling up the DagBag from /opt/airflow/dags/filter_questions.py
[2026-03-28T21:25:45.858+0000] {logging_mixin.py:188} WARNING - /opt/airflow/dags/filter_questions.py:8 FutureWarning: 

All support for the `google.generativeai` package has ended. It will no longer be receiving
updates or bug fixes. Please switch to the `google.genai` package as soon as possible.
See README for more details:

https://github.com/google-gemini/deprecated-generative-ai-python/blob/main/README.md
[2026-03-28T21:25:46.343+0000] {processor.py:840} INFO - DAG(s) 'dag_filter_questions' retrieved from /opt/airflow/dags/filter_questions.py
[2026-03-28T21:25:46.380+0000] {logging_mixin.py:188} INFO - [2026-03-28T21:25:46.380+0000] {dag.py:3096} INFO - Sync 1 DAGs
[2026-03-28T21:25:46.396+0000] {logging_mixin.py:188} INFO - [2026-03-28T21:25:46.396+0000] {dag.py:3954} INFO - Setting next_dagrun for dag_filter_questions to None, run_after=None
[2026-03-28T21:25:46.423+0000] {processor.py:183} INFO - Processing /opt/airflow/dags/filter_questions.py took 0.886 seconds
[2026-03-28T21:26:16.519+0000] {processor.py:161} INFO - Started process (PID=419) to work on /opt/airflow/dags/filter_questions.py
[2026-03-28T21:26:16.522+0000] {processor.py:830} INFO - Processing file /opt/airflow/dags/filter_questions.py for tasks to queue
[2026-03-28T21:26:16.524+0000] {logging_mixin.py:188} INFO - [2026-03-28T21:26:16.524+0000] {dagbag.py:545} INFO - Filling up the DagBag from /opt/airflow/dags/filter_questions.py
[2026-03-28T21:26:16.999+0000] {logging_mixin.py:188} WARNING - /opt/airflow/dags/filter_questions.py:8 FutureWarning: 

All support for the `google.generativeai` package has ended. It will no longer be receiving
updates or bug fixes. Please switch to the `google.genai` package as soon as possible.
See README for more details:

https://github.com/google-gemini/deprecated-generative-ai-python/blob/main/README.md
[2026-03-28T21:26:17.318+0000] {processor.py:840} INFO - DAG(s) 'dag_filter_questions' retrieved from /opt/airflow/dags/filter_questions.py
[2026-03-28T21:26:17.346+0000] {logging_mixin.py:188} INFO - [2026-03-28T21:26:17.346+0000] {dag.py:3096} INFO - Sync 1 DAGs
[2026-03-28T21:26:17.358+0000] {logging_mixin.py:188} INFO - [2026-03-28T21:26:17.357+0000] {dag.py:3954} INFO - Setting next_dagrun for dag_filter_questions to None, run_after=None
[2026-03-28T21:26:17.385+0000] {processor.py:183} INFO - Processing /opt/airflow/dags/filter_questions.py took 0.873 seconds
[2026-03-28T21:26:47.487+0000] {processor.py:161} INFO - Started process (PID=435) to work on /opt/airflow/dags/filter_questions.py
[2026-03-28T21:26:47.489+0000] {processor.py:830} INFO - Processing file /opt/airflow/dags/filter_questions.py for tasks to queue
[2026-03-28T21:26:47.492+0000] {logging_mixin.py:188} INFO - [2026-03-28T21:26:47.491+0000] {dagbag.py:545} INFO - Filling up the DagBag from /opt/airflow/dags/filter_questions.py
[2026-03-28T21:26:47.875+0000] {logging_mixin.py:188} WARNING - /opt/airflow/dags/filter_questions.py:8 FutureWarning: 

All support for the `google.generativeai` package has ended. It will no longer be receiving
updates or bug fixes. Please switch to the `google.genai` package as soon as possible.
See README for more details:

https://github.com/google-gemini/deprecated-generative-ai-python/blob/main/README.md
[2026-03-28T21:26:48.624+0000] {processor.py:840} INFO - DAG(s) 'dag_filter_questions' retrieved from /opt/airflow/dags/filter_questions.py
[2026-03-28T21:26:48.660+0000] {logging_mixin.py:188} INFO - [2026-03-28T21:26:48.660+0000] {dag.py:3096} INFO - Sync 1 DAGs
[2026-03-28T21:26:48.702+0000] {logging_mixin.py:188} INFO - [2026-03-28T21:26:48.702+0000] {dag.py:3954} INFO - Setting next_dagrun for dag_filter_questions to None, run_after=None
[2026-03-28T21:26:48.737+0000] {processor.py:183} INFO - Processing /opt/airflow/dags/filter_questions.py took 1.259 seconds
[2026-03-28T21:27:19.644+0000] {processor.py:161} INFO - Started process (PID=451) to work on /opt/airflow/dags/filter_questions.py
[2026-03-28T21:27:19.646+0000] {processor.py:830} INFO - Processing file /opt/airflow/dags/filter_questions.py for tasks to queue
[2026-03-28T21:27:19.648+0000] {logging_mixin.py:188} INFO - [2026-03-28T21:27:19.648+0000] {dagbag.py:545} INFO - Filling up the DagBag from /opt/airflow/dags/filter_questions.py
[2026-03-28T21:27:19.965+0000] {logging_mixin.py:188} WARNING - /opt/airflow/dags/filter_questions.py:8 FutureWarning: 

All support for the `google.generativeai` package has ended. It will no longer be receiving
updates or bug fixes. Please switch to the `google.genai` package as soon as possible.
See README for more details:

https://github.com/google-gemini/deprecated-generative-ai-python/blob/main/README.md
[2026-03-28T21:27:20.549+0000] {processor.py:840} INFO - DAG(s) 'dag_filter_questions' retrieved from /opt/airflow/dags/filter_questions.py
[2026-03-28T21:27:20.580+0000] {logging_mixin.py:188} INFO - [2026-03-28T21:27:20.580+0000] {dag.py:3096} INFO - Sync 1 DAGs
[2026-03-28T21:27:20.596+0000] {logging_mixin.py:188} INFO - [2026-03-28T21:27:20.596+0000] {dag.py:3954} INFO - Setting next_dagrun for dag_filter_questions to None, run_after=None
[2026-03-28T21:27:20.617+0000] {processor.py:183} INFO - Processing /opt/airflow/dags/filter_questions.py took 0.984 seconds
[2026-03-28T21:27:51.522+0000] {processor.py:161} INFO - Started process (PID=467) to work on /opt/airflow/dags/filter_questions.py
[2026-03-28T21:27:51.532+0000] {processor.py:830} INFO - Processing file /opt/airflow/dags/filter_questions.py for tasks to queue
[2026-03-28T21:27:51.536+0000] {logging_mixin.py:188} INFO - [2026-03-28T21:27:51.535+0000] {dagbag.py:545} INFO - Filling up the DagBag from /opt/airflow/dags/filter_questions.py
[2026-03-28T21:27:51.850+0000] {logging_mixin.py:188} WARNING - /opt/airflow/dags/filter_questions.py:8 FutureWarning: 

All support for the `google.generativeai` package has ended. It will no longer be receiving
updates or bug fixes. Please switch to the `google.genai` package as soon as possible.
See README for more details:

https://github.com/google-gemini/deprecated-generative-ai-python/blob/main/README.md
[2026-03-28T21:27:52.348+0000] {processor.py:840} INFO - DAG(s) 'dag_filter_questions' retrieved from /opt/airflow/dags/filter_questions.py
[2026-03-28T21:27:52.382+0000] {logging_mixin.py:188} INFO - [2026-03-28T21:27:52.381+0000] {dag.py:3096} INFO - Sync 1 DAGs
[2026-03-28T21:27:52.394+0000] {logging_mixin.py:188} INFO - [2026-03-28T21:27:52.394+0000] {dag.py:3954} INFO - Setting next_dagrun for dag_filter_questions to None, run_after=None
[2026-03-28T21:27:52.415+0000] {processor.py:183} INFO - Processing /opt/airflow/dags/filter_questions.py took 0.902 seconds
[2026-03-28T21:28:22.519+0000] {processor.py:161} INFO - Started process (PID=483) to work on /opt/airflow/dags/filter_questions.py
[2026-03-28T21:28:22.520+0000] {processor.py:830} INFO - Processing file /opt/airflow/dags/filter_questions.py for tasks to queue
[2026-03-28T21:28:22.522+0000] {logging_mixin.py:188} INFO - [2026-03-28T21:28:22.522+0000] {dagbag.py:545} INFO - Filling up the DagBag from /opt/airflow/dags/filter_questions.py
[2026-03-28T21:28:22.993+0000] {logging_mixin.py:188} WARNING - /opt/airflow/dags/filter_questions.py:8 FutureWarning: 

All support for the `google.generativeai` package has ended. It will no longer be receiving
updates or bug fixes. Please switch to the `google.genai` package as soon as possible.
See README for more details:

https://github.com/google-gemini/deprecated-generative-ai-python/blob/main/README.md
[2026-03-28T21:28:23.299+0000] {processor.py:840} INFO - DAG(s) 'dag_filter_questions' retrieved from /opt/airflow/dags/filter_questions.py
[2026-03-28T21:28:23.344+0000] {logging_mixin.py:188} INFO - [2026-03-28T21:28:23.344+0000] {dag.py:3096} INFO - Sync 1 DAGs
[2026-03-28T21:28:23.356+0000] {logging_mixin.py:188} INFO - [2026-03-28T21:28:23.355+0000] {dag.py:3954} INFO - Setting next_dagrun for dag_filter_questions to None, run_after=None
[2026-03-28T21:28:23.379+0000] {processor.py:183} INFO - Processing /opt/airflow/dags/filter_questions.py took 0.869 seconds
[2026-03-28T21:28:53.534+0000] {processor.py:161} INFO - Started process (PID=499) to work on /opt/airflow/dags/filter_questions.py
[2026-03-28T21:28:53.536+0000] {processor.py:830} INFO - Processing file /opt/airflow/dags/filter_questions.py for tasks to queue
[2026-03-28T21:28:53.541+0000] {logging_mixin.py:188} INFO - [2026-03-28T21:28:53.540+0000] {dagbag.py:545} INFO - Filling up the DagBag from /opt/airflow/dags/filter_questions.py
[2026-03-28T21:28:53.866+0000] {logging_mixin.py:188} WARNING - /opt/airflow/dags/filter_questions.py:8 FutureWarning: 

All support for the `google.generativeai` package has ended. It will no longer be receiving
updates or bug fixes. Please switch to the `google.genai` package as soon as possible.
See README for more details:

https://github.com/google-gemini/deprecated-generative-ai-python/blob/main/README.md
[2026-03-28T21:28:54.444+0000] {processor.py:840} INFO - DAG(s) 'dag_filter_questions' retrieved from /opt/airflow/dags/filter_questions.py
[2026-03-28T21:28:54.489+0000] {logging_mixin.py:188} INFO - [2026-03-28T21:28:54.489+0000] {dag.py:3096} INFO - Sync 1 DAGs
[2026-03-28T21:28:54.507+0000] {logging_mixin.py:188} INFO - [2026-03-28T21:28:54.507+0000] {dag.py:3954} INFO - Setting next_dagrun for dag_filter_questions to None, run_after=None
[2026-03-28T21:28:54.537+0000] {processor.py:183} INFO - Processing /opt/airflow/dags/filter_questions.py took 1.010 seconds
[2026-03-28T21:29:25.448+0000] {processor.py:161} INFO - Started process (PID=515) to work on /opt/airflow/dags/filter_questions.py
[2026-03-28T21:29:25.466+0000] {processor.py:830} INFO - Processing file /opt/airflow/dags/filter_questions.py for tasks to queue
[2026-03-28T21:29:25.469+0000] {logging_mixin.py:188} INFO - [2026-03-28T21:29:25.468+0000] {dagbag.py:545} INFO - Filling up the DagBag from /opt/airflow/dags/filter_questions.py
[2026-03-28T21:29:25.802+0000] {logging_mixin.py:188} WARNING - /opt/airflow/dags/filter_questions.py:8 FutureWarning: 

All support for the `google.generativeai` package has ended. It will no longer be receiving
updates or bug fixes. Please switch to the `google.genai` package as soon as possible.
See README for more details:

https://github.com/google-gemini/deprecated-generative-ai-python/blob/main/README.md
[2026-03-28T21:29:26.302+0000] {processor.py:840} INFO - DAG(s) 'dag_filter_questions' retrieved from /opt/airflow/dags/filter_questions.py
[2026-03-28T21:29:26.330+0000] {logging_mixin.py:188} INFO - [2026-03-28T21:29:26.330+0000] {dag.py:3096} INFO - Sync 1 DAGs
[2026-03-28T21:29:26.342+0000] {logging_mixin.py:188} INFO - [2026-03-28T21:29:26.341+0000] {dag.py:3954} INFO - Setting next_dagrun for dag_filter_questions to None, run_after=None
[2026-03-28T21:29:26.370+0000] {processor.py:183} INFO - Processing /opt/airflow/dags/filter_questions.py took 0.929 seconds
[2026-03-28T21:29:56.448+0000] {processor.py:161} INFO - Started process (PID=531) to work on /opt/airflow/dags/filter_questions.py
[2026-03-28T21:29:56.449+0000] {processor.py:830} INFO - Processing file /opt/airflow/dags/filter_questions.py for tasks to queue
[2026-03-28T21:29:56.452+0000] {logging_mixin.py:188} INFO - [2026-03-28T21:29:56.451+0000] {dagbag.py:545} INFO - Filling up the DagBag from /opt/airflow/dags/filter_questions.py
[2026-03-28T21:29:56.783+0000] {logging_mixin.py:188} WARNING - /opt/airflow/dags/filter_questions.py:8 FutureWarning: 

All support for the `google.generativeai` package has ended. It will no longer be receiving
updates or bug fixes. Please switch to the `google.genai` package as soon as possible.
See README for more details:

https://github.com/google-gemini/deprecated-generative-ai-python/blob/main/README.md
[2026-03-28T21:29:57.337+0000] {processor.py:840} INFO - DAG(s) 'dag_filter_questions' retrieved from /opt/airflow/dags/filter_questions.py
[2026-03-28T21:29:57.398+0000] {logging_mixin.py:188} INFO - [2026-03-28T21:29:57.398+0000] {dag.py:3096} INFO - Sync 1 DAGs
[2026-03-28T21:29:57.428+0000] {logging_mixin.py:188} INFO - [2026-03-28T21:29:57.428+0000] {dag.py:3954} INFO - Setting next_dagrun for dag_filter_questions to None, run_after=None
[2026-03-28T21:29:57.461+0000] {processor.py:183} INFO - Processing /opt/airflow/dags/filter_questions.py took 1.022 seconds
[2026-03-28T21:30:27.560+0000] {processor.py:161} INFO - Started process (PID=547) to work on /opt/airflow/dags/filter_questions.py
[2026-03-28T21:30:27.562+0000] {processor.py:830} INFO - Processing file /opt/airflow/dags/filter_questions.py for tasks to queue
[2026-03-28T21:30:27.564+0000] {logging_mixin.py:188} INFO - [2026-03-28T21:30:27.564+0000] {dagbag.py:545} INFO - Filling up the DagBag from /opt/airflow/dags/filter_questions.py
[2026-03-28T21:30:28.130+0000] {logging_mixin.py:188} WARNING - /opt/airflow/dags/filter_questions.py:8 FutureWarning: 

All support for the `google.generativeai` package has ended. It will no longer be receiving
updates or bug fixes. Please switch to the `google.genai` package as soon as possible.
See README for more details:

https://github.com/google-gemini/deprecated-generative-ai-python/blob/main/README.md
[2026-03-28T21:30:28.550+0000] {processor.py:840} INFO - DAG(s) 'dag_filter_questions' retrieved from /opt/airflow/dags/filter_questions.py
[2026-03-28T21:30:28.580+0000] {logging_mixin.py:188} INFO - [2026-03-28T21:30:28.580+0000] {dag.py:3096} INFO - Sync 1 DAGs
[2026-03-28T21:30:28.592+0000] {logging_mixin.py:188} INFO - [2026-03-28T21:30:28.592+0000] {dag.py:3954} INFO - Setting next_dagrun for dag_filter_questions to None, run_after=None
[2026-03-28T21:30:28.614+0000] {processor.py:183} INFO - Processing /opt/airflow/dags/filter_questions.py took 1.064 seconds
[2026-03-28T21:30:58.690+0000] {processor.py:161} INFO - Started process (PID=563) to work on /opt/airflow/dags/filter_questions.py
[2026-03-28T21:30:58.708+0000] {processor.py:830} INFO - Processing file /opt/airflow/dags/filter_questions.py for tasks to queue
[2026-03-28T21:30:58.711+0000] {logging_mixin.py:188} INFO - [2026-03-28T21:30:58.711+0000] {dagbag.py:545} INFO - Filling up the DagBag from /opt/airflow/dags/filter_questions.py
[2026-03-28T21:30:59.016+0000] {logging_mixin.py:188} WARNING - /opt/airflow/dags/filter_questions.py:8 FutureWarning: 

All support for the `google.generativeai` package has ended. It will no longer be receiving
updates or bug fixes. Please switch to the `google.genai` package as soon as possible.
See README for more details:

https://github.com/google-gemini/deprecated-generative-ai-python/blob/main/README.md
[2026-03-28T21:30:59.495+0000] {processor.py:840} INFO - DAG(s) 'dag_filter_questions' retrieved from /opt/airflow/dags/filter_questions.py
[2026-03-28T21:30:59.536+0000] {logging_mixin.py:188} INFO - [2026-03-28T21:30:59.536+0000] {dag.py:3096} INFO - Sync 1 DAGs
[2026-03-28T21:30:59.549+0000] {logging_mixin.py:188} INFO - [2026-03-28T21:30:59.549+0000] {dag.py:3954} INFO - Setting next_dagrun for dag_filter_questions to None, run_after=None
[2026-03-28T21:30:59.586+0000] {processor.py:183} INFO - Processing /opt/airflow/dags/filter_questions.py took 0.903 seconds
[2026-03-28T21:31:30.500+0000] {processor.py:161} INFO - Started process (PID=579) to work on /opt/airflow/dags/filter_questions.py
[2026-03-28T21:31:30.501+0000] {processor.py:830} INFO - Processing file /opt/airflow/dags/filter_questions.py for tasks to queue
[2026-03-28T21:31:30.503+0000] {logging_mixin.py:188} INFO - [2026-03-28T21:31:30.503+0000] {dagbag.py:545} INFO - Filling up the DagBag from /opt/airflow/dags/filter_questions.py
[2026-03-28T21:31:30.803+0000] {logging_mixin.py:188} WARNING - /opt/airflow/dags/filter_questions.py:8 FutureWarning: 

All support for the `google.generativeai` package has ended. It will no longer be receiving
updates or bug fixes. Please switch to the `google.genai` package as soon as possible.
See README for more details:

https://github.com/google-gemini/deprecated-generative-ai-python/blob/main/README.md
[2026-03-28T21:31:31.338+0000] {processor.py:840} INFO - DAG(s) 'dag_filter_questions' retrieved from /opt/airflow/dags/filter_questions.py
[2026-03-28T21:31:31.378+0000] {logging_mixin.py:188} INFO - [2026-03-28T21:31:31.378+0000] {dag.py:3096} INFO - Sync 1 DAGs
[2026-03-28T21:31:31.390+0000] {logging_mixin.py:188} INFO - [2026-03-28T21:31:31.390+0000] {dag.py:3954} INFO - Setting next_dagrun for dag_filter_questions to None, run_after=None
[2026-03-28T21:31:31.411+0000] {processor.py:183} INFO - Processing /opt/airflow/dags/filter_questions.py took 0.919 seconds
[2026-03-28T21:31:41.529+0000] {processor.py:161} INFO - Started process (PID=585) to work on /opt/airflow/dags/filter_questions.py
[2026-03-28T21:31:41.531+0000] {processor.py:830} INFO - Processing file /opt/airflow/dags/filter_questions.py for tasks to queue
[2026-03-28T21:31:41.534+0000] {logging_mixin.py:188} INFO - [2026-03-28T21:31:41.533+0000] {dagbag.py:545} INFO - Filling up the DagBag from /opt/airflow/dags/filter_questions.py
[2026-03-28T21:31:41.903+0000] {logging_mixin.py:188} WARNING - /opt/airflow/dags/filter_questions.py:8 FutureWarning: 

All support for the `google.generativeai` package has ended. It will no longer be receiving
updates or bug fixes. Please switch to the `google.genai` package as soon as possible.
See README for more details:

https://github.com/google-gemini/deprecated-generative-ai-python/blob/main/README.md
[2026-03-28T21:31:43.172+0000] {processor.py:840} INFO - DAG(s) 'dag_filter_questions' retrieved from /opt/airflow/dags/filter_questions.py
[2026-03-28T21:31:43.315+0000] {logging_mixin.py:188} INFO - [2026-03-28T21:31:43.315+0000] {dag.py:3096} INFO - Sync 1 DAGs
[2026-03-28T21:31:43.393+0000] {logging_mixin.py:188} INFO - [2026-03-28T21:31:43.393+0000] {dag.py:3954} INFO - Setting next_dagrun for dag_filter_questions to None, run_after=None
[2026-03-28T21:31:43.474+0000] {processor.py:183} INFO - Processing /opt/airflow/dags/filter_questions.py took 1.954 seconds
[2026-03-28T21:31:55.420+0000] {processor.py:161} INFO - Started process (PID=601) to work on /opt/airflow/dags/filter_questions.py
[2026-03-28T21:31:55.421+0000] {processor.py:830} INFO - Processing file /opt/airflow/dags/filter_questions.py for tasks to queue
[2026-03-28T21:31:55.424+0000] {logging_mixin.py:188} INFO - [2026-03-28T21:31:55.423+0000] {dagbag.py:545} INFO - Filling up the DagBag from /opt/airflow/dags/filter_questions.py
[2026-03-28T21:31:55.777+0000] {logging_mixin.py:188} WARNING - /opt/airflow/dags/filter_questions.py:8 FutureWarning: 

All support for the `google.generativeai` package has ended. It will no longer be receiving
updates or bug fixes. Please switch to the `google.genai` package as soon as possible.
See README for more details:

https://github.com/google-gemini/deprecated-generative-ai-python/blob/main/README.md
[2026-03-28T21:31:57.567+0000] {processor.py:840} INFO - DAG(s) 'dag_filter_questions' retrieved from /opt/airflow/dags/filter_questions.py
[2026-03-28T21:31:57.625+0000] {logging_mixin.py:188} INFO - [2026-03-28T21:31:57.625+0000] {dag.py:3096} INFO - Sync 1 DAGs
[2026-03-28T21:31:57.714+0000] {logging_mixin.py:188} INFO - [2026-03-28T21:31:57.714+0000] {dag.py:3954} INFO - Setting next_dagrun for dag_filter_questions to None, run_after=None
[2026-03-28T21:31:57.768+0000] {processor.py:183} INFO - Processing /opt/airflow/dags/filter_questions.py took 2.356 seconds
[2026-03-28T21:32:03.471+0000] {processor.py:161} INFO - Started process (PID=607) to work on /opt/airflow/dags/filter_questions.py
[2026-03-28T21:32:03.472+0000] {processor.py:830} INFO - Processing file /opt/airflow/dags/filter_questions.py for tasks to queue
[2026-03-28T21:32:03.474+0000] {logging_mixin.py:188} INFO - [2026-03-28T21:32:03.474+0000] {dagbag.py:545} INFO - Filling up the DagBag from /opt/airflow/dags/filter_questions.py
[2026-03-28T21:32:03.805+0000] {logging_mixin.py:188} WARNING - /opt/airflow/dags/filter_questions.py:8 FutureWarning: 

All support for the `google.generativeai` package has ended. It will no longer be receiving
updates or bug fixes. Please switch to the `google.genai` package as soon as possible.
See README for more details:

https://github.com/google-gemini/deprecated-generative-ai-python/blob/main/README.md
[2026-03-28T21:32:04.282+0000] {processor.py:840} INFO - DAG(s) 'dag_filter_questions' retrieved from /opt/airflow/dags/filter_questions.py
[2026-03-28T21:32:04.341+0000] {logging_mixin.py:188} INFO - [2026-03-28T21:32:04.340+0000] {dag.py:3096} INFO - Sync 1 DAGs
[2026-03-28T21:32:04.367+0000] {logging_mixin.py:188} INFO - [2026-03-28T21:32:04.367+0000] {dag.py:3954} INFO - Setting next_dagrun for dag_filter_questions to None, run_after=None
[2026-03-28T21:32:04.399+0000] {processor.py:183} INFO - Processing /opt/airflow/dags/filter_questions.py took 0.936 seconds
[2026-03-28T21:32:34.781+0000] {processor.py:161} INFO - Started process (PID=630) to work on /opt/airflow/dags/filter_questions.py
[2026-03-28T21:32:34.782+0000] {processor.py:830} INFO - Processing file /opt/airflow/dags/filter_questions.py for tasks to queue
[2026-03-28T21:32:34.786+0000] {logging_mixin.py:188} INFO - [2026-03-28T21:32:34.785+0000] {dagbag.py:545} INFO - Filling up the DagBag from /opt/airflow/dags/filter_questions.py
[2026-03-28T21:32:36.250+0000] {logging_mixin.py:188} WARNING - /opt/airflow/dags/filter_questions.py:8 FutureWarning: 

All support for the `google.generativeai` package has ended. It will no longer be receiving
updates or bug fixes. Please switch to the `google.genai` package as soon as possible.
See README for more details:

https://github.com/google-gemini/deprecated-generative-ai-python/blob/main/README.md
[2026-03-28T21:32:37.827+0000] {processor.py:840} INFO - DAG(s) 'dag_filter_questions' retrieved from /opt/airflow/dags/filter_questions.py
[2026-03-28T21:32:37.942+0000] {logging_mixin.py:188} INFO - [2026-03-28T21:32:37.942+0000] {dag.py:3096} INFO - Sync 1 DAGs
[2026-03-28T21:32:38.024+0000] {logging_mixin.py:188} INFO - [2026-03-28T21:32:38.020+0000] {dag.py:3954} INFO - Setting next_dagrun for dag_filter_questions to None, run_after=None
[2026-03-28T21:32:38.129+0000] {processor.py:183} INFO - Processing /opt/airflow/dags/filter_questions.py took 3.357 seconds
[2026-03-28T21:33:09.279+0000] {processor.py:161} INFO - Started process (PID=665) to work on /opt/airflow/dags/filter_questions.py
[2026-03-28T21:33:09.281+0000] {processor.py:830} INFO - Processing file /opt/airflow/dags/filter_questions.py for tasks to queue
[2026-03-28T21:33:09.283+0000] {logging_mixin.py:188} INFO - [2026-03-28T21:33:09.282+0000] {dagbag.py:545} INFO - Filling up the DagBag from /opt/airflow/dags/filter_questions.py
[2026-03-28T21:33:09.604+0000] {logging_mixin.py:188} WARNING - /opt/airflow/dags/filter_questions.py:8 FutureWarning: 

All support for the `google.generativeai` package has ended. It will no longer be receiving
updates or bug fixes. Please switch to the `google.genai` package as soon as possible.
See README for more details:

https://github.com/google-gemini/deprecated-generative-ai-python/blob/main/README.md
[2026-03-28T21:33:10.108+0000] {processor.py:840} INFO - DAG(s) 'dag_filter_questions' retrieved from /opt/airflow/dags/filter_questions.py
[2026-03-28T21:33:10.135+0000] {logging_mixin.py:188} INFO - [2026-03-28T21:33:10.135+0000] {dag.py:3096} INFO - Sync 1 DAGs
[2026-03-28T21:33:10.149+0000] {logging_mixin.py:188} INFO - [2026-03-28T21:33:10.148+0000] {dag.py:3954} INFO - Setting next_dagrun for dag_filter_questions to None, run_after=None
[2026-03-28T21:33:10.198+0000] {processor.py:183} INFO - Processing /opt/airflow/dags/filter_questions.py took 0.927 seconds
[2026-03-28T21:33:41.202+0000] {processor.py:161} INFO - Started process (PID=687) to work on /opt/airflow/dags/filter_questions.py
[2026-03-28T21:33:41.204+0000] {processor.py:830} INFO - Processing file /opt/airflow/dags/filter_questions.py for tasks to queue
[2026-03-28T21:33:41.207+0000] {logging_mixin.py:188} INFO - [2026-03-28T21:33:41.206+0000] {dagbag.py:545} INFO - Filling up the DagBag from /opt/airflow/dags/filter_questions.py
[2026-03-28T21:33:41.572+0000] {logging_mixin.py:188} WARNING - /opt/airflow/dags/filter_questions.py:8 FutureWarning: 

All support for the `google.generativeai` package has ended. It will no longer be receiving
updates or bug fixes. Please switch to the `google.genai` package as soon as possible.
See README for more details:

https://github.com/google-gemini/deprecated-generative-ai-python/blob/main/README.md
[2026-03-28T21:33:42.068+0000] {processor.py:840} INFO - DAG(s) 'dag_filter_questions' retrieved from /opt/airflow/dags/filter_questions.py
[2026-03-28T21:33:42.097+0000] {logging_mixin.py:188} INFO - [2026-03-28T21:33:42.097+0000] {dag.py:3096} INFO - Sync 1 DAGs
[2026-03-28T21:33:42.110+0000] {logging_mixin.py:188} INFO - [2026-03-28T21:33:42.110+0000] {dag.py:3954} INFO - Setting next_dagrun for dag_filter_questions to None, run_after=None
[2026-03-28T21:33:42.132+0000] {processor.py:183} INFO - Processing /opt/airflow/dags/filter_questions.py took 0.937 seconds
[2026-03-28T21:34:13.142+0000] {processor.py:161} INFO - Started process (PID=709) to work on /opt/airflow/dags/filter_questions.py
[2026-03-28T21:34:13.143+0000] {processor.py:830} INFO - Processing file /opt/airflow/dags/filter_questions.py for tasks to queue
[2026-03-28T21:34:13.145+0000] {logging_mixin.py:188} INFO - [2026-03-28T21:34:13.144+0000] {dagbag.py:545} INFO - Filling up the DagBag from /opt/airflow/dags/filter_questions.py
[2026-03-28T21:34:13.470+0000] {logging_mixin.py:188} WARNING - /opt/airflow/dags/filter_questions.py:8 FutureWarning: 

All support for the `google.generativeai` package has ended. It will no longer be receiving
updates or bug fixes. Please switch to the `google.genai` package as soon as possible.
See README for more details:

https://github.com/google-gemini/deprecated-generative-ai-python/blob/main/README.md
[2026-03-28T21:34:13.968+0000] {processor.py:840} INFO - DAG(s) 'dag_filter_questions' retrieved from /opt/airflow/dags/filter_questions.py
[2026-03-28T21:34:13.996+0000] {logging_mixin.py:188} INFO - [2026-03-28T21:34:13.996+0000] {dag.py:3096} INFO - Sync 1 DAGs
[2026-03-28T21:34:14.008+0000] {logging_mixin.py:188} INFO - [2026-03-28T21:34:14.007+0000] {dag.py:3954} INFO - Setting next_dagrun for dag_filter_questions to None, run_after=None
[2026-03-28T21:34:14.029+0000] {processor.py:183} INFO - Processing /opt/airflow/dags/filter_questions.py took 0.896 seconds
[2026-03-28T21:34:44.115+0000] {processor.py:161} INFO - Started process (PID=731) to work on /opt/airflow/dags/filter_questions.py
[2026-03-28T21:34:44.132+0000] {processor.py:830} INFO - Processing file /opt/airflow/dags/filter_questions.py for tasks to queue
[2026-03-28T21:34:44.135+0000] {logging_mixin.py:188} INFO - [2026-03-28T21:34:44.135+0000] {dagbag.py:545} INFO - Filling up the DagBag from /opt/airflow/dags/filter_questions.py
[2026-03-28T21:34:44.662+0000] {logging_mixin.py:188} WARNING - /opt/airflow/dags/filter_questions.py:8 FutureWarning: 

All support for the `google.generativeai` package has ended. It will no longer be receiving
updates or bug fixes. Please switch to the `google.genai` package as soon as possible.
See README for more details:

https://github.com/google-gemini/deprecated-generative-ai-python/blob/main/README.md
[2026-03-28T21:34:45.005+0000] {processor.py:840} INFO - DAG(s) 'dag_filter_questions' retrieved from /opt/airflow/dags/filter_questions.py
[2026-03-28T21:34:45.034+0000] {logging_mixin.py:188} INFO - [2026-03-28T21:34:45.034+0000] {dag.py:3096} INFO - Sync 1 DAGs
[2026-03-28T21:34:45.045+0000] {logging_mixin.py:188} INFO - [2026-03-28T21:34:45.044+0000] {dag.py:3954} INFO - Setting next_dagrun for dag_filter_questions to None, run_after=None
[2026-03-28T21:34:45.066+0000] {processor.py:183} INFO - Processing /opt/airflow/dags/filter_questions.py took 0.958 seconds
[2026-03-28T21:35:15.199+0000] {processor.py:161} INFO - Started process (PID=752) to work on /opt/airflow/dags/filter_questions.py
[2026-03-28T21:35:15.200+0000] {processor.py:830} INFO - Processing file /opt/airflow/dags/filter_questions.py for tasks to queue
[2026-03-28T21:35:15.202+0000] {logging_mixin.py:188} INFO - [2026-03-28T21:35:15.202+0000] {dagbag.py:545} INFO - Filling up the DagBag from /opt/airflow/dags/filter_questions.py
[2026-03-28T21:35:15.530+0000] {logging_mixin.py:188} WARNING - /opt/airflow/dags/filter_questions.py:8 FutureWarning: 

All support for the `google.generativeai` package has ended. It will no longer be receiving
updates or bug fixes. Please switch to the `google.genai` package as soon as possible.
See README for more details:

https://github.com/google-gemini/deprecated-generative-ai-python/blob/main/README.md
[2026-03-28T21:35:16.070+0000] {processor.py:840} INFO - DAG(s) 'dag_filter_questions' retrieved from /opt/airflow/dags/filter_questions.py
[2026-03-28T21:35:16.103+0000] {logging_mixin.py:188} INFO - [2026-03-28T21:35:16.102+0000] {dag.py:3096} INFO - Sync 1 DAGs
[2026-03-28T21:35:16.120+0000] {logging_mixin.py:188} INFO - [2026-03-28T21:35:16.119+0000] {dag.py:3954} INFO - Setting next_dagrun for dag_filter_questions to None, run_after=None
[2026-03-28T21:35:16.144+0000] {processor.py:183} INFO - Processing /opt/airflow/dags/filter_questions.py took 0.954 seconds
[2026-03-28T21:35:47.159+0000] {processor.py:161} INFO - Started process (PID=774) to work on /opt/airflow/dags/filter_questions.py
[2026-03-28T21:35:47.160+0000] {processor.py:830} INFO - Processing file /opt/airflow/dags/filter_questions.py for tasks to queue
[2026-03-28T21:35:47.162+0000] {logging_mixin.py:188} INFO - [2026-03-28T21:35:47.162+0000] {dagbag.py:545} INFO - Filling up the DagBag from /opt/airflow/dags/filter_questions.py
[2026-03-28T21:35:47.463+0000] {logging_mixin.py:188} WARNING - /opt/airflow/dags/filter_questions.py:8 FutureWarning: 

All support for the `google.generativeai` package has ended. It will no longer be receiving
updates or bug fixes. Please switch to the `google.genai` package as soon as possible.
See README for more details:

https://github.com/google-gemini/deprecated-generative-ai-python/blob/main/README.md
[2026-03-28T21:35:47.955+0000] {processor.py:840} INFO - DAG(s) 'dag_filter_questions' retrieved from /opt/airflow/dags/filter_questions.py
[2026-03-28T21:35:47.990+0000] {logging_mixin.py:188} INFO - [2026-03-28T21:35:47.989+0000] {dag.py:3096} INFO - Sync 1 DAGs
[2026-03-28T21:35:48.002+0000] {logging_mixin.py:188} INFO - [2026-03-28T21:35:48.001+0000] {dag.py:3954} INFO - Setting next_dagrun for dag_filter_questions to None, run_after=None
[2026-03-28T21:35:48.028+0000] {processor.py:183} INFO - Processing /opt/airflow/dags/filter_questions.py took 0.877 seconds
[2026-03-28T21:36:18.130+0000] {processor.py:161} INFO - Started process (PID=796) to work on /opt/airflow/dags/filter_questions.py
[2026-03-28T21:36:18.131+0000] {processor.py:830} INFO - Processing file /opt/airflow/dags/filter_questions.py for tasks to queue
[2026-03-28T21:36:18.134+0000] {logging_mixin.py:188} INFO - [2026-03-28T21:36:18.133+0000] {dagbag.py:545} INFO - Filling up the DagBag from /opt/airflow/dags/filter_questions.py
[2026-03-28T21:36:18.521+0000] {logging_mixin.py:188} WARNING - /opt/airflow/dags/filter_questions.py:8 FutureWarning: 

All support for the `google.generativeai` package has ended. It will no longer be receiving
updates or bug fixes. Please switch to the `google.genai` package as soon as possible.
See README for more details:

https://github.com/google-gemini/deprecated-generative-ai-python/blob/main/README.md
[2026-03-28T21:36:19.028+0000] {processor.py:840} INFO - DAG(s) 'dag_filter_questions' retrieved from /opt/airflow/dags/filter_questions.py
[2026-03-28T21:36:19.058+0000] {logging_mixin.py:188} INFO - [2026-03-28T21:36:19.058+0000] {dag.py:3096} INFO - Sync 1 DAGs
[2026-03-28T21:36:19.071+0000] {logging_mixin.py:188} INFO - [2026-03-28T21:36:19.070+0000] {dag.py:3954} INFO - Setting next_dagrun for dag_filter_questions to None, run_after=None
[2026-03-28T21:36:19.094+0000] {processor.py:183} INFO - Processing /opt/airflow/dags/filter_questions.py took 0.979 seconds
[2026-03-28T21:36:50.118+0000] {processor.py:161} INFO - Started process (PID=813) to work on /opt/airflow/dags/filter_questions.py
[2026-03-28T21:36:50.121+0000] {processor.py:830} INFO - Processing file /opt/airflow/dags/filter_questions.py for tasks to queue
[2026-03-28T21:36:50.125+0000] {logging_mixin.py:188} INFO - [2026-03-28T21:36:50.124+0000] {dagbag.py:545} INFO - Filling up the DagBag from /opt/airflow/dags/filter_questions.py
[2026-03-28T21:36:51.195+0000] {logging_mixin.py:188} WARNING - /opt/airflow/dags/filter_questions.py:8 FutureWarning: 

All support for the `google.generativeai` package has ended. It will no longer be receiving
updates or bug fixes. Please switch to the `google.genai` package as soon as possible.
See README for more details:

https://github.com/google-gemini/deprecated-generative-ai-python/blob/main/README.md
[2026-03-28T21:36:51.657+0000] {processor.py:840} INFO - DAG(s) 'dag_filter_questions' retrieved from /opt/airflow/dags/filter_questions.py
[2026-03-28T21:36:51.683+0000] {logging_mixin.py:188} INFO - [2026-03-28T21:36:51.683+0000] {dag.py:3096} INFO - Sync 1 DAGs
[2026-03-28T21:36:51.696+0000] {logging_mixin.py:188} INFO - [2026-03-28T21:36:51.696+0000] {dag.py:3954} INFO - Setting next_dagrun for dag_filter_questions to None, run_after=None
[2026-03-28T21:36:51.718+0000] {processor.py:183} INFO - Processing /opt/airflow/dags/filter_questions.py took 1.611 seconds
[2026-03-28T21:37:22.337+0000] {processor.py:161} INFO - Started process (PID=834) to work on /opt/airflow/dags/filter_questions.py
[2026-03-28T21:37:22.338+0000] {processor.py:830} INFO - Processing file /opt/airflow/dags/filter_questions.py for tasks to queue
[2026-03-28T21:37:22.342+0000] {logging_mixin.py:188} INFO - [2026-03-28T21:37:22.342+0000] {dagbag.py:545} INFO - Filling up the DagBag from /opt/airflow/dags/filter_questions.py
[2026-03-28T21:37:22.668+0000] {logging_mixin.py:188} WARNING - /opt/airflow/dags/filter_questions.py:8 FutureWarning: 

All support for the `google.generativeai` package has ended. It will no longer be receiving
updates or bug fixes. Please switch to the `google.genai` package as soon as possible.
See README for more details:

https://github.com/google-gemini/deprecated-generative-ai-python/blob/main/README.md
[2026-03-28T21:37:23.162+0000] {processor.py:840} INFO - DAG(s) 'dag_filter_questions' retrieved from /opt/airflow/dags/filter_questions.py
[2026-03-28T21:37:23.192+0000] {logging_mixin.py:188} INFO - [2026-03-28T21:37:23.192+0000] {dag.py:3096} INFO - Sync 1 DAGs
[2026-03-28T21:37:23.205+0000] {logging_mixin.py:188} INFO - [2026-03-28T21:37:23.205+0000] {dag.py:3954} INFO - Setting next_dagrun for dag_filter_questions to None, run_after=None
[2026-03-28T21:37:23.227+0000] {processor.py:183} INFO - Processing /opt/airflow/dags/filter_questions.py took 0.898 seconds
[2026-03-28T21:37:53.351+0000] {processor.py:161} INFO - Started process (PID=850) to work on /opt/airflow/dags/filter_questions.py
[2026-03-28T21:37:53.376+0000] {processor.py:830} INFO - Processing file /opt/airflow/dags/filter_questions.py for tasks to queue
[2026-03-28T21:37:53.378+0000] {logging_mixin.py:188} INFO - [2026-03-28T21:37:53.378+0000] {dagbag.py:545} INFO - Filling up the DagBag from /opt/airflow/dags/filter_questions.py
[2026-03-28T21:37:53.706+0000] {logging_mixin.py:188} WARNING - /opt/airflow/dags/filter_questions.py:8 FutureWarning: 

All support for the `google.generativeai` package has ended. It will no longer be receiving
updates or bug fixes. Please switch to the `google.genai` package as soon as possible.
See README for more details:

https://github.com/google-gemini/deprecated-generative-ai-python/blob/main/README.md
[2026-03-28T21:37:54.195+0000] {processor.py:840} INFO - DAG(s) 'dag_filter_questions' retrieved from /opt/airflow/dags/filter_questions.py
[2026-03-28T21:37:54.226+0000] {logging_mixin.py:188} INFO - [2026-03-28T21:37:54.226+0000] {dag.py:3096} INFO - Sync 1 DAGs
[2026-03-28T21:37:54.239+0000] {logging_mixin.py:188} INFO - [2026-03-28T21:37:54.239+0000] {dag.py:3954} INFO - Setting next_dagrun for dag_filter_questions to None, run_after=None
[2026-03-28T21:37:54.260+0000] {processor.py:183} INFO - Processing /opt/airflow/dags/filter_questions.py took 0.916 seconds
[2026-03-28T21:38:25.142+0000] {processor.py:161} INFO - Started process (PID=866) to work on /opt/airflow/dags/filter_questions.py
[2026-03-28T21:38:25.143+0000] {processor.py:830} INFO - Processing file /opt/airflow/dags/filter_questions.py for tasks to queue
[2026-03-28T21:38:25.145+0000] {logging_mixin.py:188} INFO - [2026-03-28T21:38:25.145+0000] {dagbag.py:545} INFO - Filling up the DagBag from /opt/airflow/dags/filter_questions.py
[2026-03-28T21:38:26.161+0000] {logging_mixin.py:188} WARNING - /opt/airflow/dags/filter_questions.py:8 FutureWarning: 

All support for the `google.generativeai` package has ended. It will no longer be receiving
updates or bug fixes. Please switch to the `google.genai` package as soon as possible.
See README for more details:

https://github.com/google-gemini/deprecated-generative-ai-python/blob/main/README.md
[2026-03-28T21:38:26.621+0000] {processor.py:840} INFO - DAG(s) 'dag_filter_questions' retrieved from /opt/airflow/dags/filter_questions.py
[2026-03-28T21:38:26.649+0000] {logging_mixin.py:188} INFO - [2026-03-28T21:38:26.649+0000] {dag.py:3096} INFO - Sync 1 DAGs
[2026-03-28T21:38:26.660+0000] {logging_mixin.py:188} INFO - [2026-03-28T21:38:26.660+0000] {dag.py:3954} INFO - Setting next_dagrun for dag_filter_questions to None, run_after=None
[2026-03-28T21:38:26.682+0000] {processor.py:183} INFO - Processing /opt/airflow/dags/filter_questions.py took 0.819 seconds
[2026-03-28T21:38:57.740+0000] {processor.py:161} INFO - Started process (PID=882) to work on /opt/airflow/dags/filter_questions.py
[2026-03-28T21:38:57.742+0000] {processor.py:830} INFO - Processing file /opt/airflow/dags/filter_questions.py for tasks to queue
[2026-03-28T21:38:57.745+0000] {logging_mixin.py:188} INFO - [2026-03-28T21:38:57.745+0000] {dagbag.py:545} INFO - Filling up the DagBag from /opt/airflow/dags/filter_questions.py
[2026-03-28T21:38:58.333+0000] {logging_mixin.py:188} WARNING - /opt/airflow/dags/filter_questions.py:8 FutureWarning: 

All support for the `google.generativeai` package has ended. It will no longer be receiving
updates or bug fixes. Please switch to the `google.genai` package as soon as possible.
See README for more details:

https://github.com/google-gemini/deprecated-generative-ai-python/blob/main/README.md
[2026-03-28T21:38:58.796+0000] {processor.py:840} INFO - DAG(s) 'dag_filter_questions' retrieved from /opt/airflow/dags/filter_questions.py
[2026-03-28T21:38:58.860+0000] {logging_mixin.py:188} INFO - [2026-03-28T21:38:58.860+0000] {dag.py:3096} INFO - Sync 1 DAGs
[2026-03-28T21:38:58.882+0000] {logging_mixin.py:188} INFO - [2026-03-28T21:38:58.881+0000] {dag.py:3954} INFO - Setting next_dagrun for dag_filter_questions to None, run_after=None
[2026-03-28T21:38:58.934+0000] {processor.py:183} INFO - Processing /opt/airflow/dags/filter_questions.py took 1.203 seconds
[2026-03-28T21:39:29.084+0000] {processor.py:161} INFO - Started process (PID=898) to work on /opt/airflow/dags/filter_questions.py
[2026-03-28T21:39:29.085+0000] {processor.py:830} INFO - Processing file /opt/airflow/dags/filter_questions.py for tasks to queue
[2026-03-28T21:39:29.088+0000] {logging_mixin.py:188} INFO - [2026-03-28T21:39:29.087+0000] {dagbag.py:545} INFO - Filling up the DagBag from /opt/airflow/dags/filter_questions.py
[2026-03-28T21:39:29.595+0000] {logging_mixin.py:188} WARNING - /opt/airflow/dags/filter_questions.py:8 FutureWarning: 

All support for the `google.generativeai` package has ended. It will no longer be receiving
updates or bug fixes. Please switch to the `google.genai` package as soon as possible.
See README for more details:

https://github.com/google-gemini/deprecated-generative-ai-python/blob/main/README.md
[2026-03-28T21:39:30.161+0000] {processor.py:840} INFO - DAG(s) 'dag_filter_questions' retrieved from /opt/airflow/dags/filter_questions.py
[2026-03-28T21:39:30.232+0000] {logging_mixin.py:188} INFO - [2026-03-28T21:39:30.232+0000] {dag.py:3096} INFO - Sync 1 DAGs
[2026-03-28T21:39:30.274+0000] {logging_mixin.py:188} INFO - [2026-03-28T21:39:30.274+0000] {dag.py:3954} INFO - Setting next_dagrun for dag_filter_questions to None, run_after=None
[2026-03-28T21:39:30.323+0000] {processor.py:183} INFO - Processing /opt/airflow/dags/filter_questions.py took 1.248 seconds
[2026-03-28T21:39:34.438+0000] {processor.py:161} INFO - Started process (PID=909) to work on /opt/airflow/dags/filter_questions.py
[2026-03-28T21:39:34.442+0000] {processor.py:830} INFO - Processing file /opt/airflow/dags/filter_questions.py for tasks to queue
[2026-03-28T21:39:34.444+0000] {logging_mixin.py:188} INFO - [2026-03-28T21:39:34.444+0000] {dagbag.py:545} INFO - Filling up the DagBag from /opt/airflow/dags/filter_questions.py
[2026-03-28T21:39:34.984+0000] {logging_mixin.py:188} WARNING - /opt/airflow/dags/filter_questions.py:8 FutureWarning: 

All support for the `google.generativeai` package has ended. It will no longer be receiving
updates or bug fixes. Please switch to the `google.genai` package as soon as possible.
See README for more details:

https://github.com/google-gemini/deprecated-generative-ai-python/blob/main/README.md
[2026-03-28T21:39:35.653+0000] {processor.py:840} INFO - DAG(s) 'dag_filter_questions' retrieved from /opt/airflow/dags/filter_questions.py
[2026-03-28T21:39:35.720+0000] {logging_mixin.py:188} INFO - [2026-03-28T21:39:35.719+0000] {dag.py:3096} INFO - Sync 1 DAGs
[2026-03-28T21:39:35.759+0000] {logging_mixin.py:188} INFO - [2026-03-28T21:39:35.759+0000] {dag.py:3954} INFO - Setting next_dagrun for dag_filter_questions to None, run_after=None
[2026-03-28T21:39:35.811+0000] {processor.py:183} INFO - Processing /opt/airflow/dags/filter_questions.py took 1.383 seconds
[2026-03-28T21:40:06.799+0000] {processor.py:161} INFO - Started process (PID=925) to work on /opt/airflow/dags/filter_questions.py
[2026-03-28T21:40:06.800+0000] {processor.py:830} INFO - Processing file /opt/airflow/dags/filter_questions.py for tasks to queue
[2026-03-28T21:40:06.806+0000] {logging_mixin.py:188} INFO - [2026-03-28T21:40:06.805+0000] {dagbag.py:545} INFO - Filling up the DagBag from /opt/airflow/dags/filter_questions.py
[2026-03-28T21:40:07.752+0000] {logging_mixin.py:188} WARNING - /opt/airflow/dags/filter_questions.py:8 FutureWarning: 

All support for the `google.generativeai` package has ended. It will no longer be receiving
updates or bug fixes. Please switch to the `google.genai` package as soon as possible.
See README for more details:

https://github.com/google-gemini/deprecated-generative-ai-python/blob/main/README.md
[2026-03-28T21:40:10.718+0000] {processor.py:840} INFO - DAG(s) 'dag_filter_questions' retrieved from /opt/airflow/dags/filter_questions.py
[2026-03-28T21:40:10.817+0000] {logging_mixin.py:188} INFO - [2026-03-28T21:40:10.817+0000] {dag.py:3096} INFO - Sync 1 DAGs
[2026-03-28T21:40:10.873+0000] {logging_mixin.py:188} INFO - [2026-03-28T21:40:10.872+0000] {dag.py:3954} INFO - Setting next_dagrun for dag_filter_questions to None, run_after=None
[2026-03-28T21:40:10.922+0000] {processor.py:183} INFO - Processing /opt/airflow/dags/filter_questions.py took 4.141 seconds
[2026-03-28T21:40:41.130+0000] {processor.py:161} INFO - Started process (PID=941) to work on /opt/airflow/dags/filter_questions.py
[2026-03-28T21:40:41.134+0000] {processor.py:830} INFO - Processing file /opt/airflow/dags/filter_questions.py for tasks to queue
[2026-03-28T21:40:41.141+0000] {logging_mixin.py:188} INFO - [2026-03-28T21:40:41.140+0000] {dagbag.py:545} INFO - Filling up the DagBag from /opt/airflow/dags/filter_questions.py
[2026-03-28T21:40:41.778+0000] {logging_mixin.py:188} WARNING - /opt/airflow/dags/filter_questions.py:8 FutureWarning: 

All support for the `google.generativeai` package has ended. It will no longer be receiving
updates or bug fixes. Please switch to the `google.genai` package as soon as possible.
See README for more details:

https://github.com/google-gemini/deprecated-generative-ai-python/blob/main/README.md
[2026-03-28T21:40:42.730+0000] {processor.py:840} INFO - DAG(s) 'dag_filter_questions' retrieved from /opt/airflow/dags/filter_questions.py
[2026-03-28T21:40:42.774+0000] {logging_mixin.py:188} INFO - [2026-03-28T21:40:42.774+0000] {dag.py:3096} INFO - Sync 1 DAGs
[2026-03-28T21:40:42.791+0000] {logging_mixin.py:188} INFO - [2026-03-28T21:40:42.791+0000] {dag.py:3954} INFO - Setting next_dagrun for dag_filter_questions to None, run_after=None
[2026-03-28T21:40:42.815+0000] {processor.py:183} INFO - Processing /opt/airflow/dags/filter_questions.py took 1.711 seconds
[2026-03-28T21:41:13.345+0000] {processor.py:161} INFO - Started process (PID=957) to work on /opt/airflow/dags/filter_questions.py
[2026-03-28T21:41:13.346+0000] {processor.py:830} INFO - Processing file /opt/airflow/dags/filter_questions.py for tasks to queue
[2026-03-28T21:41:13.349+0000] {logging_mixin.py:188} INFO - [2026-03-28T21:41:13.348+0000] {dagbag.py:545} INFO - Filling up the DagBag from /opt/airflow/dags/filter_questions.py
[2026-03-28T21:41:13.883+0000] {logging_mixin.py:188} WARNING - /opt/airflow/dags/filter_questions.py:8 FutureWarning: 

All support for the `google.generativeai` package has ended. It will no longer be receiving
updates or bug fixes. Please switch to the `google.genai` package as soon as possible.
See README for more details:

https://github.com/google-gemini/deprecated-generative-ai-python/blob/main/README.md
[2026-03-28T21:41:14.226+0000] {processor.py:840} INFO - DAG(s) 'dag_filter_questions' retrieved from /opt/airflow/dags/filter_questions.py
[2026-03-28T21:41:14.255+0000] {logging_mixin.py:188} INFO - [2026-03-28T21:41:14.254+0000] {dag.py:3096} INFO - Sync 1 DAGs
[2026-03-28T21:41:14.274+0000] {logging_mixin.py:188} INFO - [2026-03-28T21:41:14.274+0000] {dag.py:3954} INFO - Setting next_dagrun for dag_filter_questions to None, run_after=None
[2026-03-28T21:41:14.306+0000] {processor.py:183} INFO - Processing /opt/airflow/dags/filter_questions.py took 0.969 seconds
[2026-03-28T21:41:44.626+0000] {processor.py:161} INFO - Started process (PID=973) to work on /opt/airflow/dags/filter_questions.py
[2026-03-28T21:41:44.633+0000] {processor.py:830} INFO - Processing file /opt/airflow/dags/filter_questions.py for tasks to queue
[2026-03-28T21:41:44.635+0000] {logging_mixin.py:188} INFO - [2026-03-28T21:41:44.635+0000] {dagbag.py:545} INFO - Filling up the DagBag from /opt/airflow/dags/filter_questions.py
[2026-03-28T21:41:45.817+0000] {logging_mixin.py:188} WARNING - /opt/airflow/dags/filter_questions.py:8 FutureWarning: 

All support for the `google.generativeai` package has ended. It will no longer be receiving
updates or bug fixes. Please switch to the `google.genai` package as soon as possible.
See README for more details:

https://github.com/google-gemini/deprecated-generative-ai-python/blob/main/README.md
[2026-03-28T21:41:46.148+0000] {processor.py:840} INFO - DAG(s) 'dag_filter_questions' retrieved from /opt/airflow/dags/filter_questions.py
[2026-03-28T21:41:46.186+0000] {logging_mixin.py:188} INFO - [2026-03-28T21:41:46.186+0000] {dag.py:3096} INFO - Sync 1 DAGs
[2026-03-28T21:41:46.200+0000] {logging_mixin.py:188} INFO - [2026-03-28T21:41:46.200+0000] {dag.py:3954} INFO - Setting next_dagrun for dag_filter_questions to None, run_after=None
[2026-03-28T21:41:46.228+0000] {processor.py:183} INFO - Processing /opt/airflow/dags/filter_questions.py took 1.612 seconds
[2026-03-28T21:42:17.209+0000] {processor.py:161} INFO - Started process (PID=989) to work on /opt/airflow/dags/filter_questions.py
[2026-03-28T21:42:17.210+0000] {processor.py:830} INFO - Processing file /opt/airflow/dags/filter_questions.py for tasks to queue
[2026-03-28T21:42:17.213+0000] {logging_mixin.py:188} INFO - [2026-03-28T21:42:17.212+0000] {dagbag.py:545} INFO - Filling up the DagBag from /opt/airflow/dags/filter_questions.py
[2026-03-28T21:42:17.736+0000] {logging_mixin.py:188} WARNING - /opt/airflow/dags/filter_questions.py:8 FutureWarning: 

All support for the `google.generativeai` package has ended. It will no longer be receiving
updates or bug fixes. Please switch to the `google.genai` package as soon as possible.
See README for more details:

https://github.com/google-gemini/deprecated-generative-ai-python/blob/main/README.md
[2026-03-28T21:42:18.035+0000] {processor.py:840} INFO - DAG(s) 'dag_filter_questions' retrieved from /opt/airflow/dags/filter_questions.py
[2026-03-28T21:42:18.064+0000] {logging_mixin.py:188} INFO - [2026-03-28T21:42:18.064+0000] {dag.py:3096} INFO - Sync 1 DAGs
[2026-03-28T21:42:18.076+0000] {logging_mixin.py:188} INFO - [2026-03-28T21:42:18.076+0000] {dag.py:3954} INFO - Setting next_dagrun for dag_filter_questions to None, run_after=None
[2026-03-28T21:42:18.109+0000] {processor.py:183} INFO - Processing /opt/airflow/dags/filter_questions.py took 0.909 seconds
[2026-03-28T21:42:27.241+0000] {processor.py:161} INFO - Started process (PID=995) to work on /opt/airflow/dags/filter_questions.py
[2026-03-28T21:42:27.242+0000] {processor.py:830} INFO - Processing file /opt/airflow/dags/filter_questions.py for tasks to queue
[2026-03-28T21:42:27.245+0000] {logging_mixin.py:188} INFO - [2026-03-28T21:42:27.245+0000] {dagbag.py:545} INFO - Filling up the DagBag from /opt/airflow/dags/filter_questions.py
[2026-03-28T21:42:27.684+0000] {logging_mixin.py:188} WARNING - /opt/airflow/dags/filter_questions.py:8 FutureWarning: 

All support for the `google.generativeai` package has ended. It will no longer be receiving
updates or bug fixes. Please switch to the `google.genai` package as soon as possible.
See README for more details:

https://github.com/google-gemini/deprecated-generative-ai-python/blob/main/README.md
[2026-03-28T21:42:28.459+0000] {processor.py:840} INFO - DAG(s) 'dag_filter_questions' retrieved from /opt/airflow/dags/filter_questions.py
[2026-03-28T21:42:28.553+0000] {logging_mixin.py:188} INFO - [2026-03-28T21:42:28.552+0000] {dag.py:3096} INFO - Sync 1 DAGs
[2026-03-28T21:42:28.588+0000] {logging_mixin.py:188} INFO - [2026-03-28T21:42:28.587+0000] {dag.py:3954} INFO - Setting next_dagrun for dag_filter_questions to None, run_after=None
[2026-03-28T21:42:28.648+0000] {processor.py:183} INFO - Processing /opt/airflow/dags/filter_questions.py took 1.418 seconds
[2026-03-28T21:42:58.792+0000] {processor.py:161} INFO - Started process (PID=1011) to work on /opt/airflow/dags/filter_questions.py
[2026-03-28T21:42:58.795+0000] {processor.py:830} INFO - Processing file /opt/airflow/dags/filter_questions.py for tasks to queue
[2026-03-28T21:42:58.798+0000] {logging_mixin.py:188} INFO - [2026-03-28T21:42:58.798+0000] {dagbag.py:545} INFO - Filling up the DagBag from /opt/airflow/dags/filter_questions.py
[2026-03-28T21:42:59.312+0000] {logging_mixin.py:188} WARNING - /opt/airflow/dags/filter_questions.py:8 FutureWarning: 

All support for the `google.generativeai` package has ended. It will no longer be receiving
updates or bug fixes. Please switch to the `google.genai` package as soon as possible.
See README for more details:

https://github.com/google-gemini/deprecated-generative-ai-python/blob/main/README.md
[2026-03-28T21:42:59.655+0000] {processor.py:840} INFO - DAG(s) 'dag_filter_questions' retrieved from /opt/airflow/dags/filter_questions.py
[2026-03-28T21:42:59.685+0000] {logging_mixin.py:188} INFO - [2026-03-28T21:42:59.685+0000] {dag.py:3096} INFO - Sync 1 DAGs
[2026-03-28T21:42:59.700+0000] {logging_mixin.py:188} INFO - [2026-03-28T21:42:59.699+0000] {dag.py:3954} INFO - Setting next_dagrun for dag_filter_questions to None, run_after=None
[2026-03-28T21:42:59.722+0000] {processor.py:183} INFO - Processing /opt/airflow/dags/filter_questions.py took 0.938 seconds
[2026-03-28T21:43:03.632+0000] {processor.py:161} INFO - Started process (PID=1022) to work on /opt/airflow/dags/filter_questions.py
[2026-03-28T21:43:03.634+0000] {processor.py:830} INFO - Processing file /opt/airflow/dags/filter_questions.py for tasks to queue
[2026-03-28T21:43:03.636+0000] {logging_mixin.py:188} INFO - [2026-03-28T21:43:03.636+0000] {dagbag.py:545} INFO - Filling up the DagBag from /opt/airflow/dags/filter_questions.py
[2026-03-28T21:43:03.671+0000] {logging_mixin.py:188} INFO - [2026-03-28T21:43:03.641+0000] {dagbag.py:355} ERROR - Failed to import: /opt/airflow/dags/filter_questions.py
Traceback (most recent call last):
  File "/home/airflow/.local/lib/python3.12/site-packages/airflow/models/dagbag.py", line 351, in parse
    loader.exec_module(new_module)
  File "<frozen importlib._bootstrap_external>", line 991, in exec_module
  File "<frozen importlib._bootstrap_external>", line 1129, in get_code
  File "<frozen importlib._bootstrap_external>", line 1059, in source_to_code
  File "<frozen importlib._bootstrap>", line 488, in _call_with_frames_removed
  File "/opt/airflow/dags/filter_questions.py", line 46
    input_path_csv = "/opt/airflow/dags/data/questions.csv"
IndentationError: unexpected indent
[2026-03-28T21:43:03.672+0000] {processor.py:842} WARNING - No viable dags retrieved from /opt/airflow/dags/filter_questions.py
[2026-03-28T21:43:03.743+0000] {processor.py:183} INFO - Processing /opt/airflow/dags/filter_questions.py took 0.123 seconds
[2026-03-28T21:43:04.751+0000] {processor.py:161} INFO - Started process (PID=1032) to work on /opt/airflow/dags/filter_questions.py
[2026-03-28T21:43:04.752+0000] {processor.py:830} INFO - Processing file /opt/airflow/dags/filter_questions.py for tasks to queue
[2026-03-28T21:43:04.754+0000] {logging_mixin.py:188} INFO - [2026-03-28T21:43:04.754+0000] {dagbag.py:545} INFO - Filling up the DagBag from /opt/airflow/dags/filter_questions.py
[2026-03-28T21:43:05.419+0000] {logging_mixin.py:188} WARNING - /opt/airflow/dags/filter_questions.py:8 FutureWarning: 

All support for the `google.generativeai` package has ended. It will no longer be receiving
updates or bug fixes. Please switch to the `google.genai` package as soon as possible.
See README for more details:

https://github.com/google-gemini/deprecated-generative-ai-python/blob/main/README.md
[2026-03-28T21:43:05.936+0000] {processor.py:840} INFO - DAG(s) 'dag_filter_questions' retrieved from /opt/airflow/dags/filter_questions.py
[2026-03-28T21:43:05.990+0000] {logging_mixin.py:188} INFO - [2026-03-28T21:43:05.989+0000] {dag.py:3096} INFO - Sync 1 DAGs
[2026-03-28T21:43:06.012+0000] {logging_mixin.py:188} INFO - [2026-03-28T21:43:06.012+0000] {dag.py:3954} INFO - Setting next_dagrun for dag_filter_questions to None, run_after=None
[2026-03-28T21:43:06.061+0000] {processor.py:183} INFO - Processing /opt/airflow/dags/filter_questions.py took 1.321 seconds
[2026-03-28T21:43:36.863+0000] {processor.py:161} INFO - Started process (PID=1048) to work on /opt/airflow/dags/filter_questions.py
[2026-03-28T21:43:36.865+0000] {processor.py:830} INFO - Processing file /opt/airflow/dags/filter_questions.py for tasks to queue
[2026-03-28T21:43:36.867+0000] {logging_mixin.py:188} INFO - [2026-03-28T21:43:36.867+0000] {dagbag.py:545} INFO - Filling up the DagBag from /opt/airflow/dags/filter_questions.py
[2026-03-28T21:43:37.366+0000] {logging_mixin.py:188} WARNING - /opt/airflow/dags/filter_questions.py:8 FutureWarning: 

All support for the `google.generativeai` package has ended. It will no longer be receiving
updates or bug fixes. Please switch to the `google.genai` package as soon as possible.
See README for more details:

https://github.com/google-gemini/deprecated-generative-ai-python/blob/main/README.md
[2026-03-28T21:43:37.663+0000] {processor.py:840} INFO - DAG(s) 'dag_filter_questions' retrieved from /opt/airflow/dags/filter_questions.py
[2026-03-28T21:43:37.696+0000] {logging_mixin.py:188} INFO - [2026-03-28T21:43:37.695+0000] {dag.py:3096} INFO - Sync 1 DAGs
[2026-03-28T21:43:37.709+0000] {logging_mixin.py:188} INFO - [2026-03-28T21:43:37.708+0000] {dag.py:3954} INFO - Setting next_dagrun for dag_filter_questions to None, run_after=None
[2026-03-28T21:43:37.730+0000] {processor.py:183} INFO - Processing /opt/airflow/dags/filter_questions.py took 0.875 seconds
[2026-03-28T21:44:04.930+0000] {processor.py:161} INFO - Started process (PID=1059) to work on /opt/airflow/dags/filter_questions.py
[2026-03-28T21:44:04.932+0000] {processor.py:830} INFO - Processing file /opt/airflow/dags/filter_questions.py for tasks to queue
[2026-03-28T21:44:04.934+0000] {logging_mixin.py:188} INFO - [2026-03-28T21:44:04.934+0000] {dagbag.py:545} INFO - Filling up the DagBag from /opt/airflow/dags/filter_questions.py
[2026-03-28T21:44:05.410+0000] {logging_mixin.py:188} WARNING - /opt/airflow/dags/filter_questions.py:8 FutureWarning: 

All support for the `google.generativeai` package has ended. It will no longer be receiving
updates or bug fixes. Please switch to the `google.genai` package as soon as possible.
See README for more details:

https://github.com/google-gemini/deprecated-generative-ai-python/blob/main/README.md
[2026-03-28T21:44:05.774+0000] {processor.py:840} INFO - DAG(s) 'dag_filter_questions' retrieved from /opt/airflow/dags/filter_questions.py
[2026-03-28T21:44:05.815+0000] {logging_mixin.py:188} INFO - [2026-03-28T21:44:05.815+0000] {dag.py:3096} INFO - Sync 1 DAGs
[2026-03-28T21:44:05.830+0000] {logging_mixin.py:188} INFO - [2026-03-28T21:44:05.830+0000] {dag.py:3954} INFO - Setting next_dagrun for dag_filter_questions to None, run_after=None
[2026-03-28T21:44:05.858+0000] {processor.py:183} INFO - Processing /opt/airflow/dags/filter_questions.py took 0.936 seconds
[2026-03-28T21:44:35.980+0000] {processor.py:161} INFO - Started process (PID=1102) to work on /opt/airflow/dags/filter_questions.py
[2026-03-28T21:44:35.981+0000] {processor.py:830} INFO - Processing file /opt/airflow/dags/filter_questions.py for tasks to queue
[2026-03-28T21:44:35.983+0000] {logging_mixin.py:188} INFO - [2026-03-28T21:44:35.983+0000] {dagbag.py:545} INFO - Filling up the DagBag from /opt/airflow/dags/filter_questions.py
[2026-03-28T21:44:36.320+0000] {logging_mixin.py:188} WARNING - /opt/airflow/dags/filter_questions.py:8 FutureWarning: 

All support for the `google.generativeai` package has ended. It will no longer be receiving
updates or bug fixes. Please switch to the `google.genai` package as soon as possible.
See README for more details:

https://github.com/google-gemini/deprecated-generative-ai-python/blob/main/README.md
[2026-03-28T21:44:36.877+0000] {processor.py:840} INFO - DAG(s) 'dag_filter_questions' retrieved from /opt/airflow/dags/filter_questions.py
[2026-03-28T21:44:36.907+0000] {logging_mixin.py:188} INFO - [2026-03-28T21:44:36.907+0000] {dag.py:3096} INFO - Sync 1 DAGs
[2026-03-28T21:44:36.920+0000] {logging_mixin.py:188} INFO - [2026-03-28T21:44:36.920+0000] {dag.py:3954} INFO - Setting next_dagrun for dag_filter_questions to None, run_after=None
[2026-03-28T21:44:36.942+0000] {processor.py:183} INFO - Processing /opt/airflow/dags/filter_questions.py took 0.970 seconds
[2026-03-28T21:45:07.040+0000] {processor.py:161} INFO - Started process (PID=1121) to work on /opt/airflow/dags/filter_questions.py
[2026-03-28T21:45:07.041+0000] {processor.py:830} INFO - Processing file /opt/airflow/dags/filter_questions.py for tasks to queue
[2026-03-28T21:45:07.044+0000] {logging_mixin.py:188} INFO - [2026-03-28T21:45:07.043+0000] {dagbag.py:545} INFO - Filling up the DagBag from /opt/airflow/dags/filter_questions.py
[2026-03-28T21:45:07.526+0000] {logging_mixin.py:188} WARNING - /opt/airflow/dags/filter_questions.py:8 FutureWarning: 

All support for the `google.generativeai` package has ended. It will no longer be receiving
updates or bug fixes. Please switch to the `google.genai` package as soon as possible.
See README for more details:

https://github.com/google-gemini/deprecated-generative-ai-python/blob/main/README.md
[2026-03-28T21:45:07.861+0000] {processor.py:840} INFO - DAG(s) 'dag_filter_questions' retrieved from /opt/airflow/dags/filter_questions.py
[2026-03-28T21:45:07.891+0000] {logging_mixin.py:188} INFO - [2026-03-28T21:45:07.891+0000] {dag.py:3096} INFO - Sync 1 DAGs
[2026-03-28T21:45:07.905+0000] {logging_mixin.py:188} INFO - [2026-03-28T21:45:07.905+0000] {dag.py:3954} INFO - Setting next_dagrun for dag_filter_questions to None, run_after=None
[2026-03-28T21:45:07.930+0000] {processor.py:183} INFO - Processing /opt/airflow/dags/filter_questions.py took 0.900 seconds
[2026-03-28T21:45:38.057+0000] {processor.py:161} INFO - Started process (PID=1140) to work on /opt/airflow/dags/filter_questions.py
[2026-03-28T21:45:38.064+0000] {processor.py:830} INFO - Processing file /opt/airflow/dags/filter_questions.py for tasks to queue
[2026-03-28T21:45:38.067+0000] {logging_mixin.py:188} INFO - [2026-03-28T21:45:38.066+0000] {dagbag.py:545} INFO - Filling up the DagBag from /opt/airflow/dags/filter_questions.py
[2026-03-28T21:45:38.549+0000] {logging_mixin.py:188} WARNING - /opt/airflow/dags/filter_questions.py:8 FutureWarning: 

All support for the `google.generativeai` package has ended. It will no longer be receiving
updates or bug fixes. Please switch to the `google.genai` package as soon as possible.
See README for more details:

https://github.com/google-gemini/deprecated-generative-ai-python/blob/main/README.md
[2026-03-28T21:45:38.863+0000] {processor.py:840} INFO - DAG(s) 'dag_filter_questions' retrieved from /opt/airflow/dags/filter_questions.py
[2026-03-28T21:45:38.902+0000] {logging_mixin.py:188} INFO - [2026-03-28T21:45:38.901+0000] {dag.py:3096} INFO - Sync 1 DAGs
[2026-03-28T21:45:38.916+0000] {logging_mixin.py:188} INFO - [2026-03-28T21:45:38.916+0000] {dag.py:3954} INFO - Setting next_dagrun for dag_filter_questions to None, run_after=None
[2026-03-28T21:45:38.941+0000] {processor.py:183} INFO - Processing /opt/airflow/dags/filter_questions.py took 0.890 seconds
[2026-03-28T21:46:09.930+0000] {processor.py:161} INFO - Started process (PID=1159) to work on /opt/airflow/dags/filter_questions.py
[2026-03-28T21:46:09.948+0000] {processor.py:830} INFO - Processing file /opt/airflow/dags/filter_questions.py for tasks to queue
[2026-03-28T21:46:09.950+0000] {logging_mixin.py:188} INFO - [2026-03-28T21:46:09.949+0000] {dagbag.py:545} INFO - Filling up the DagBag from /opt/airflow/dags/filter_questions.py
[2026-03-28T21:46:10.427+0000] {logging_mixin.py:188} WARNING - /opt/airflow/dags/filter_questions.py:8 FutureWarning: 

All support for the `google.generativeai` package has ended. It will no longer be receiving
updates or bug fixes. Please switch to the `google.genai` package as soon as possible.
See README for more details:

https://github.com/google-gemini/deprecated-generative-ai-python/blob/main/README.md
[2026-03-28T21:46:10.756+0000] {processor.py:840} INFO - DAG(s) 'dag_filter_questions' retrieved from /opt/airflow/dags/filter_questions.py
[2026-03-28T21:46:10.787+0000] {logging_mixin.py:188} INFO - [2026-03-28T21:46:10.786+0000] {dag.py:3096} INFO - Sync 1 DAGs
[2026-03-28T21:46:10.799+0000] {logging_mixin.py:188} INFO - [2026-03-28T21:46:10.798+0000] {dag.py:3954} INFO - Setting next_dagrun for dag_filter_questions to None, run_after=None
[2026-03-28T21:46:10.820+0000] {processor.py:183} INFO - Processing /opt/airflow/dags/filter_questions.py took 0.898 seconds
[2026-03-28T21:46:40.954+0000] {processor.py:161} INFO - Started process (PID=1178) to work on /opt/airflow/dags/filter_questions.py
[2026-03-28T21:46:40.955+0000] {processor.py:830} INFO - Processing file /opt/airflow/dags/filter_questions.py for tasks to queue
[2026-03-28T21:46:40.957+0000] {logging_mixin.py:188} INFO - [2026-03-28T21:46:40.957+0000] {dagbag.py:545} INFO - Filling up the DagBag from /opt/airflow/dags/filter_questions.py
[2026-03-28T21:46:41.450+0000] {logging_mixin.py:188} WARNING - /opt/airflow/dags/filter_questions.py:8 FutureWarning: 

All support for the `google.generativeai` package has ended. It will no longer be receiving
updates or bug fixes. Please switch to the `google.genai` package as soon as possible.
See README for more details:

https://github.com/google-gemini/deprecated-generative-ai-python/blob/main/README.md
[2026-03-28T21:46:41.803+0000] {processor.py:840} INFO - DAG(s) 'dag_filter_questions' retrieved from /opt/airflow/dags/filter_questions.py
[2026-03-28T21:46:41.833+0000] {logging_mixin.py:188} INFO - [2026-03-28T21:46:41.833+0000] {dag.py:3096} INFO - Sync 1 DAGs
[2026-03-28T21:46:41.846+0000] {logging_mixin.py:188} INFO - [2026-03-28T21:46:41.846+0000] {dag.py:3954} INFO - Setting next_dagrun for dag_filter_questions to None, run_after=None
[2026-03-28T21:46:41.868+0000] {processor.py:183} INFO - Processing /opt/airflow/dags/filter_questions.py took 0.920 seconds
[2026-03-28T21:47:11.984+0000] {processor.py:161} INFO - Started process (PID=1196) to work on /opt/airflow/dags/filter_questions.py
[2026-03-28T21:47:11.986+0000] {processor.py:830} INFO - Processing file /opt/airflow/dags/filter_questions.py for tasks to queue
[2026-03-28T21:47:11.989+0000] {logging_mixin.py:188} INFO - [2026-03-28T21:47:11.989+0000] {dagbag.py:545} INFO - Filling up the DagBag from /opt/airflow/dags/filter_questions.py
[2026-03-28T21:47:12.276+0000] {logging_mixin.py:188} WARNING - /opt/airflow/dags/filter_questions.py:8 FutureWarning: 

All support for the `google.generativeai` package has ended. It will no longer be receiving
updates or bug fixes. Please switch to the `google.genai` package as soon as possible.
See README for more details:

https://github.com/google-gemini/deprecated-generative-ai-python/blob/main/README.md
[2026-03-28T21:47:13.424+0000] {processor.py:840} INFO - DAG(s) 'dag_filter_questions' retrieved from /opt/airflow/dags/filter_questions.py
[2026-03-28T21:47:13.517+0000] {logging_mixin.py:188} INFO - [2026-03-28T21:47:13.517+0000] {dag.py:3096} INFO - Sync 1 DAGs
[2026-03-28T21:47:13.542+0000] {logging_mixin.py:188} INFO - [2026-03-28T21:47:13.542+0000] {dag.py:3954} INFO - Setting next_dagrun for dag_filter_questions to None, run_after=None
[2026-03-28T21:47:13.575+0000] {processor.py:183} INFO - Processing /opt/airflow/dags/filter_questions.py took 1.598 seconds
[2026-03-28T21:47:44.563+0000] {processor.py:161} INFO - Started process (PID=1216) to work on /opt/airflow/dags/filter_questions.py
[2026-03-28T21:47:44.564+0000] {processor.py:830} INFO - Processing file /opt/airflow/dags/filter_questions.py for tasks to queue
[2026-03-28T21:47:44.566+0000] {logging_mixin.py:188} INFO - [2026-03-28T21:47:44.566+0000] {dagbag.py:545} INFO - Filling up the DagBag from /opt/airflow/dags/filter_questions.py
[2026-03-28T21:47:45.340+0000] {logging_mixin.py:188} WARNING - /opt/airflow/dags/filter_questions.py:8 FutureWarning: 

All support for the `google.generativeai` package has ended. It will no longer be receiving
updates or bug fixes. Please switch to the `google.genai` package as soon as possible.
See README for more details:

https://github.com/google-gemini/deprecated-generative-ai-python/blob/main/README.md
[2026-03-28T21:47:45.681+0000] {processor.py:840} INFO - DAG(s) 'dag_filter_questions' retrieved from /opt/airflow/dags/filter_questions.py
[2026-03-28T21:47:45.708+0000] {logging_mixin.py:188} INFO - [2026-03-28T21:47:45.708+0000] {dag.py:3096} INFO - Sync 1 DAGs
[2026-03-28T21:47:45.720+0000] {logging_mixin.py:188} INFO - [2026-03-28T21:47:45.720+0000] {dag.py:3954} INFO - Setting next_dagrun for dag_filter_questions to None, run_after=None
[2026-03-28T21:47:45.742+0000] {processor.py:183} INFO - Processing /opt/airflow/dags/filter_questions.py took 1.187 seconds
[2026-03-28T21:48:16.587+0000] {processor.py:161} INFO - Started process (PID=1235) to work on /opt/airflow/dags/filter_questions.py
[2026-03-28T21:48:16.604+0000] {processor.py:830} INFO - Processing file /opt/airflow/dags/filter_questions.py for tasks to queue
[2026-03-28T21:48:16.606+0000] {logging_mixin.py:188} INFO - [2026-03-28T21:48:16.605+0000] {dagbag.py:545} INFO - Filling up the DagBag from /opt/airflow/dags/filter_questions.py
[2026-03-28T21:48:17.135+0000] {logging_mixin.py:188} WARNING - /opt/airflow/dags/filter_questions.py:8 FutureWarning: 

All support for the `google.generativeai` package has ended. It will no longer be receiving
updates or bug fixes. Please switch to the `google.genai` package as soon as possible.
See README for more details:

https://github.com/google-gemini/deprecated-generative-ai-python/blob/main/README.md
[2026-03-28T21:48:17.483+0000] {processor.py:840} INFO - DAG(s) 'dag_filter_questions' retrieved from /opt/airflow/dags/filter_questions.py
[2026-03-28T21:48:17.512+0000] {logging_mixin.py:188} INFO - [2026-03-28T21:48:17.511+0000] {dag.py:3096} INFO - Sync 1 DAGs
[2026-03-28T21:48:17.526+0000] {logging_mixin.py:188} INFO - [2026-03-28T21:48:17.526+0000] {dag.py:3954} INFO - Setting next_dagrun for dag_filter_questions to None, run_after=None
[2026-03-28T21:48:17.550+0000] {processor.py:183} INFO - Processing /opt/airflow/dags/filter_questions.py took 0.972 seconds
[2026-03-28T21:48:47.626+0000] {processor.py:161} INFO - Started process (PID=1254) to work on /opt/airflow/dags/filter_questions.py
[2026-03-28T21:48:47.627+0000] {processor.py:830} INFO - Processing file /opt/airflow/dags/filter_questions.py for tasks to queue
[2026-03-28T21:48:47.629+0000] {logging_mixin.py:188} INFO - [2026-03-28T21:48:47.629+0000] {dagbag.py:545} INFO - Filling up the DagBag from /opt/airflow/dags/filter_questions.py
[2026-03-28T21:48:48.114+0000] {logging_mixin.py:188} WARNING - /opt/airflow/dags/filter_questions.py:8 FutureWarning: 

All support for the `google.generativeai` package has ended. It will no longer be receiving
updates or bug fixes. Please switch to the `google.genai` package as soon as possible.
See README for more details:

https://github.com/google-gemini/deprecated-generative-ai-python/blob/main/README.md
[2026-03-28T21:48:48.425+0000] {processor.py:840} INFO - DAG(s) 'dag_filter_questions' retrieved from /opt/airflow/dags/filter_questions.py
[2026-03-28T21:48:48.452+0000] {logging_mixin.py:188} INFO - [2026-03-28T21:48:48.452+0000] {dag.py:3096} INFO - Sync 1 DAGs
[2026-03-28T21:48:48.463+0000] {logging_mixin.py:188} INFO - [2026-03-28T21:48:48.463+0000] {dag.py:3954} INFO - Setting next_dagrun for dag_filter_questions to None, run_after=None
[2026-03-28T21:48:48.484+0000] {processor.py:183} INFO - Processing /opt/airflow/dags/filter_questions.py took 0.865 seconds
[2026-03-28T21:49:18.586+0000] {processor.py:161} INFO - Started process (PID=1273) to work on /opt/airflow/dags/filter_questions.py
[2026-03-28T21:49:18.588+0000] {processor.py:830} INFO - Processing file /opt/airflow/dags/filter_questions.py for tasks to queue
[2026-03-28T21:49:18.591+0000] {logging_mixin.py:188} INFO - [2026-03-28T21:49:18.590+0000] {dagbag.py:545} INFO - Filling up the DagBag from /opt/airflow/dags/filter_questions.py
[2026-03-28T21:49:19.083+0000] {logging_mixin.py:188} WARNING - /opt/airflow/dags/filter_questions.py:8 FutureWarning: 

All support for the `google.generativeai` package has ended. It will no longer be receiving
updates or bug fixes. Please switch to the `google.genai` package as soon as possible.
See README for more details:

https://github.com/google-gemini/deprecated-generative-ai-python/blob/main/README.md
[2026-03-28T21:49:19.552+0000] {processor.py:840} INFO - DAG(s) 'dag_filter_questions' retrieved from /opt/airflow/dags/filter_questions.py
[2026-03-28T21:49:19.582+0000] {logging_mixin.py:188} INFO - [2026-03-28T21:49:19.581+0000] {dag.py:3096} INFO - Sync 1 DAGs
[2026-03-28T21:49:19.595+0000] {logging_mixin.py:188} INFO - [2026-03-28T21:49:19.595+0000] {dag.py:3954} INFO - Setting next_dagrun for dag_filter_questions to None, run_after=None
[2026-03-28T21:49:19.619+0000] {processor.py:183} INFO - Processing /opt/airflow/dags/filter_questions.py took 1.041 seconds
[2026-03-28T21:49:50.581+0000] {processor.py:161} INFO - Started process (PID=1292) to work on /opt/airflow/dags/filter_questions.py
[2026-03-28T21:49:50.581+0000] {processor.py:830} INFO - Processing file /opt/airflow/dags/filter_questions.py for tasks to queue
[2026-03-28T21:49:50.586+0000] {logging_mixin.py:188} INFO - [2026-03-28T21:49:50.585+0000] {dagbag.py:545} INFO - Filling up the DagBag from /opt/airflow/dags/filter_questions.py
[2026-03-28T21:49:51.062+0000] {logging_mixin.py:188} WARNING - /opt/airflow/dags/filter_questions.py:8 FutureWarning: 

All support for the `google.generativeai` package has ended. It will no longer be receiving
updates or bug fixes. Please switch to the `google.genai` package as soon as possible.
See README for more details:

https://github.com/google-gemini/deprecated-generative-ai-python/blob/main/README.md
[2026-03-28T21:49:51.516+0000] {processor.py:840} INFO - DAG(s) 'dag_filter_questions' retrieved from /opt/airflow/dags/filter_questions.py
[2026-03-28T21:49:51.549+0000] {logging_mixin.py:188} INFO - [2026-03-28T21:49:51.549+0000] {dag.py:3096} INFO - Sync 1 DAGs
[2026-03-28T21:49:51.561+0000] {logging_mixin.py:188} INFO - [2026-03-28T21:49:51.561+0000] {dag.py:3954} INFO - Setting next_dagrun for dag_filter_questions to None, run_after=None
[2026-03-28T21:49:51.585+0000] {processor.py:183} INFO - Processing /opt/airflow/dags/filter_questions.py took 1.011 seconds
[2026-03-28T21:50:21.743+0000] {processor.py:161} INFO - Started process (PID=1311) to work on /opt/airflow/dags/filter_questions.py
[2026-03-28T21:50:21.744+0000] {processor.py:830} INFO - Processing file /opt/airflow/dags/filter_questions.py for tasks to queue
[2026-03-28T21:50:21.747+0000] {logging_mixin.py:188} INFO - [2026-03-28T21:50:21.746+0000] {dagbag.py:545} INFO - Filling up the DagBag from /opt/airflow/dags/filter_questions.py
[2026-03-28T21:50:22.315+0000] {logging_mixin.py:188} WARNING - /opt/airflow/dags/filter_questions.py:8 FutureWarning: 

All support for the `google.generativeai` package has ended. It will no longer be receiving
updates or bug fixes. Please switch to the `google.genai` package as soon as possible.
See README for more details:

https://github.com/google-gemini/deprecated-generative-ai-python/blob/main/README.md
[2026-03-28T21:50:22.736+0000] {processor.py:840} INFO - DAG(s) 'dag_filter_questions' retrieved from /opt/airflow/dags/filter_questions.py
[2026-03-28T21:50:22.839+0000] {logging_mixin.py:188} INFO - [2026-03-28T21:50:22.839+0000] {dag.py:3096} INFO - Sync 1 DAGs
[2026-03-28T21:50:22.853+0000] {logging_mixin.py:188} INFO - [2026-03-28T21:50:22.852+0000] {dag.py:3954} INFO - Setting next_dagrun for dag_filter_questions to None, run_after=None
[2026-03-28T21:50:22.897+0000] {processor.py:183} INFO - Processing /opt/airflow/dags/filter_questions.py took 1.162 seconds
[2026-03-28T21:50:53.533+0000] {processor.py:161} INFO - Started process (PID=1330) to work on /opt/airflow/dags/filter_questions.py
[2026-03-28T21:50:53.535+0000] {processor.py:830} INFO - Processing file /opt/airflow/dags/filter_questions.py for tasks to queue
[2026-03-28T21:50:53.540+0000] {logging_mixin.py:188} INFO - [2026-03-28T21:50:53.538+0000] {dagbag.py:545} INFO - Filling up the DagBag from /opt/airflow/dags/filter_questions.py
[2026-03-28T21:50:55.720+0000] {logging_mixin.py:188} WARNING - /opt/airflow/dags/filter_questions.py:8 FutureWarning: 

All support for the `google.generativeai` package has ended. It will no longer be receiving
updates or bug fixes. Please switch to the `google.genai` package as soon as possible.
See README for more details:

https://github.com/google-gemini/deprecated-generative-ai-python/blob/main/README.md
[2026-03-28T21:50:56.571+0000] {processor.py:840} INFO - DAG(s) 'dag_filter_questions' retrieved from /opt/airflow/dags/filter_questions.py
[2026-03-28T21:50:56.605+0000] {logging_mixin.py:188} INFO - [2026-03-28T21:50:56.604+0000] {dag.py:3096} INFO - Sync 1 DAGs
[2026-03-28T21:50:56.617+0000] {logging_mixin.py:188} INFO - [2026-03-28T21:50:56.617+0000] {dag.py:3954} INFO - Setting next_dagrun for dag_filter_questions to None, run_after=None
[2026-03-28T21:50:56.639+0000] {processor.py:183} INFO - Processing /opt/airflow/dags/filter_questions.py took 3.113 seconds
[2026-03-28T21:51:27.622+0000] {processor.py:161} INFO - Started process (PID=1349) to work on /opt/airflow/dags/filter_questions.py
[2026-03-28T21:51:27.623+0000] {processor.py:830} INFO - Processing file /opt/airflow/dags/filter_questions.py for tasks to queue
[2026-03-28T21:51:27.625+0000] {logging_mixin.py:188} INFO - [2026-03-28T21:51:27.624+0000] {dagbag.py:545} INFO - Filling up the DagBag from /opt/airflow/dags/filter_questions.py
[2026-03-28T21:51:28.192+0000] {logging_mixin.py:188} WARNING - /opt/airflow/dags/filter_questions.py:8 FutureWarning: 

All support for the `google.generativeai` package has ended. It will no longer be receiving
updates or bug fixes. Please switch to the `google.genai` package as soon as possible.
See README for more details:

https://github.com/google-gemini/deprecated-generative-ai-python/blob/main/README.md
[2026-03-28T21:51:28.552+0000] {processor.py:840} INFO - DAG(s) 'dag_filter_questions' retrieved from /opt/airflow/dags/filter_questions.py
[2026-03-28T21:51:28.599+0000] {logging_mixin.py:188} INFO - [2026-03-28T21:51:28.599+0000] {dag.py:3096} INFO - Sync 1 DAGs
[2026-03-28T21:51:28.622+0000] {logging_mixin.py:188} INFO - [2026-03-28T21:51:28.621+0000] {dag.py:3954} INFO - Setting next_dagrun for dag_filter_questions to None, run_after=None
[2026-03-28T21:51:28.656+0000] {processor.py:183} INFO - Processing /opt/airflow/dags/filter_questions.py took 1.047 seconds
[2026-03-28T21:51:58.807+0000] {processor.py:161} INFO - Started process (PID=1366) to work on /opt/airflow/dags/filter_questions.py
[2026-03-28T21:51:58.809+0000] {processor.py:830} INFO - Processing file /opt/airflow/dags/filter_questions.py for tasks to queue
[2026-03-28T21:51:58.811+0000] {logging_mixin.py:188} INFO - [2026-03-28T21:51:58.811+0000] {dagbag.py:545} INFO - Filling up the DagBag from /opt/airflow/dags/filter_questions.py
[2026-03-28T21:52:02.101+0000] {logging_mixin.py:188} WARNING - /opt/airflow/dags/filter_questions.py:8 FutureWarning: 

All support for the `google.generativeai` package has ended. It will no longer be receiving
updates or bug fixes. Please switch to the `google.genai` package as soon as possible.
See README for more details:

https://github.com/google-gemini/deprecated-generative-ai-python/blob/main/README.md
[2026-03-28T21:52:02.437+0000] {processor.py:840} INFO - DAG(s) 'dag_filter_questions' retrieved from /opt/airflow/dags/filter_questions.py
[2026-03-28T21:52:02.465+0000] {logging_mixin.py:188} INFO - [2026-03-28T21:52:02.464+0000] {dag.py:3096} INFO - Sync 1 DAGs
[2026-03-28T21:52:02.475+0000] {logging_mixin.py:188} INFO - [2026-03-28T21:52:02.475+0000] {dag.py:3954} INFO - Setting next_dagrun for dag_filter_questions to None, run_after=None
[2026-03-28T21:52:02.497+0000] {processor.py:183} INFO - Processing /opt/airflow/dags/filter_questions.py took 3.698 seconds
[2026-03-28T21:52:33.017+0000] {processor.py:161} INFO - Started process (PID=1382) to work on /opt/airflow/dags/filter_questions.py
[2026-03-28T21:52:33.018+0000] {processor.py:830} INFO - Processing file /opt/airflow/dags/filter_questions.py for tasks to queue
[2026-03-28T21:52:33.021+0000] {logging_mixin.py:188} INFO - [2026-03-28T21:52:33.020+0000] {dagbag.py:545} INFO - Filling up the DagBag from /opt/airflow/dags/filter_questions.py
[2026-03-28T21:52:33.768+0000] {logging_mixin.py:188} WARNING - /opt/airflow/dags/filter_questions.py:8 FutureWarning: 

All support for the `google.generativeai` package has ended. It will no longer be receiving
updates or bug fixes. Please switch to the `google.genai` package as soon as possible.
See README for more details:

https://github.com/google-gemini/deprecated-generative-ai-python/blob/main/README.md
[2026-03-28T21:52:34.100+0000] {processor.py:840} INFO - DAG(s) 'dag_filter_questions' retrieved from /opt/airflow/dags/filter_questions.py
[2026-03-28T21:52:34.161+0000] {logging_mixin.py:188} INFO - [2026-03-28T21:52:34.161+0000] {dag.py:3096} INFO - Sync 1 DAGs
[2026-03-28T21:52:34.192+0000] {logging_mixin.py:188} INFO - [2026-03-28T21:52:34.192+0000] {dag.py:3954} INFO - Setting next_dagrun for dag_filter_questions to None, run_after=None
[2026-03-28T21:52:34.218+0000] {processor.py:183} INFO - Processing /opt/airflow/dags/filter_questions.py took 1.211 seconds
[2026-03-28T21:53:04.303+0000] {processor.py:161} INFO - Started process (PID=1398) to work on /opt/airflow/dags/filter_questions.py
[2026-03-28T21:53:04.308+0000] {processor.py:830} INFO - Processing file /opt/airflow/dags/filter_questions.py for tasks to queue
[2026-03-28T21:53:04.311+0000] {logging_mixin.py:188} INFO - [2026-03-28T21:53:04.310+0000] {dagbag.py:545} INFO - Filling up the DagBag from /opt/airflow/dags/filter_questions.py
[2026-03-28T21:53:04.939+0000] {logging_mixin.py:188} WARNING - /opt/airflow/dags/filter_questions.py:8 FutureWarning: 

All support for the `google.generativeai` package has ended. It will no longer be receiving
updates or bug fixes. Please switch to the `google.genai` package as soon as possible.
See README for more details:

https://github.com/google-gemini/deprecated-generative-ai-python/blob/main/README.md
[2026-03-28T21:53:05.647+0000] {processor.py:840} INFO - DAG(s) 'dag_filter_questions' retrieved from /opt/airflow/dags/filter_questions.py
[2026-03-28T21:53:05.689+0000] {logging_mixin.py:188} INFO - [2026-03-28T21:53:05.689+0000] {dag.py:3096} INFO - Sync 1 DAGs
[2026-03-28T21:53:05.712+0000] {logging_mixin.py:188} INFO - [2026-03-28T21:53:05.711+0000] {dag.py:3954} INFO - Setting next_dagrun for dag_filter_questions to None, run_after=None
[2026-03-28T21:53:05.737+0000] {processor.py:183} INFO - Processing /opt/airflow/dags/filter_questions.py took 1.444 seconds
[2026-03-28T21:53:36.747+0000] {processor.py:161} INFO - Started process (PID=1414) to work on /opt/airflow/dags/filter_questions.py
[2026-03-28T21:53:36.749+0000] {processor.py:830} INFO - Processing file /opt/airflow/dags/filter_questions.py for tasks to queue
[2026-03-28T21:53:36.752+0000] {logging_mixin.py:188} INFO - [2026-03-28T21:53:36.751+0000] {dagbag.py:545} INFO - Filling up the DagBag from /opt/airflow/dags/filter_questions.py
[2026-03-28T21:53:37.434+0000] {logging_mixin.py:188} WARNING - /opt/airflow/dags/filter_questions.py:8 FutureWarning: 

All support for the `google.generativeai` package has ended. It will no longer be receiving
updates or bug fixes. Please switch to the `google.genai` package as soon as possible.
See README for more details:

https://github.com/google-gemini/deprecated-generative-ai-python/blob/main/README.md
[2026-03-28T21:53:37.926+0000] {processor.py:840} INFO - DAG(s) 'dag_filter_questions' retrieved from /opt/airflow/dags/filter_questions.py
[2026-03-28T21:53:37.986+0000] {logging_mixin.py:188} INFO - [2026-03-28T21:53:37.986+0000] {dag.py:3096} INFO - Sync 1 DAGs
[2026-03-28T21:53:38.022+0000] {logging_mixin.py:188} INFO - [2026-03-28T21:53:38.021+0000] {dag.py:3954} INFO - Setting next_dagrun for dag_filter_questions to None, run_after=None
[2026-03-28T21:53:38.065+0000] {processor.py:183} INFO - Processing /opt/airflow/dags/filter_questions.py took 1.325 seconds
[2026-03-28T21:54:09.135+0000] {processor.py:161} INFO - Started process (PID=1430) to work on /opt/airflow/dags/filter_questions.py
[2026-03-28T21:54:09.139+0000] {processor.py:830} INFO - Processing file /opt/airflow/dags/filter_questions.py for tasks to queue
[2026-03-28T21:54:09.149+0000] {logging_mixin.py:188} INFO - [2026-03-28T21:54:09.147+0000] {dagbag.py:545} INFO - Filling up the DagBag from /opt/airflow/dags/filter_questions.py
[2026-03-28T21:54:10.107+0000] {logging_mixin.py:188} WARNING - /opt/airflow/dags/filter_questions.py:8 FutureWarning: 

All support for the `google.generativeai` package has ended. It will no longer be receiving
updates or bug fixes. Please switch to the `google.genai` package as soon as possible.
See README for more details:

https://github.com/google-gemini/deprecated-generative-ai-python/blob/main/README.md
[2026-03-28T21:54:10.513+0000] {processor.py:840} INFO - DAG(s) 'dag_filter_questions' retrieved from /opt/airflow/dags/filter_questions.py
[2026-03-28T21:54:10.579+0000] {logging_mixin.py:188} INFO - [2026-03-28T21:54:10.579+0000] {dag.py:3096} INFO - Sync 1 DAGs
[2026-03-28T21:54:10.594+0000] {logging_mixin.py:188} INFO - [2026-03-28T21:54:10.594+0000] {dag.py:3954} INFO - Setting next_dagrun for dag_filter_questions to None, run_after=None
[2026-03-28T21:54:10.617+0000] {processor.py:183} INFO - Processing /opt/airflow/dags/filter_questions.py took 1.507 seconds
[2026-03-28T21:54:40.703+0000] {processor.py:161} INFO - Started process (PID=1446) to work on /opt/airflow/dags/filter_questions.py
[2026-03-28T21:54:40.705+0000] {processor.py:830} INFO - Processing file /opt/airflow/dags/filter_questions.py for tasks to queue
[2026-03-28T21:54:40.707+0000] {logging_mixin.py:188} INFO - [2026-03-28T21:54:40.706+0000] {dagbag.py:545} INFO - Filling up the DagBag from /opt/airflow/dags/filter_questions.py
[2026-03-28T21:54:41.192+0000] {logging_mixin.py:188} WARNING - /opt/airflow/dags/filter_questions.py:8 FutureWarning: 

All support for the `google.generativeai` package has ended. It will no longer be receiving
updates or bug fixes. Please switch to the `google.genai` package as soon as possible.
See README for more details:

https://github.com/google-gemini/deprecated-generative-ai-python/blob/main/README.md
[2026-03-28T21:54:41.546+0000] {processor.py:840} INFO - DAG(s) 'dag_filter_questions' retrieved from /opt/airflow/dags/filter_questions.py
[2026-03-28T21:54:41.614+0000] {logging_mixin.py:188} INFO - [2026-03-28T21:54:41.614+0000] {dag.py:3096} INFO - Sync 1 DAGs
[2026-03-28T21:54:41.639+0000] {logging_mixin.py:188} INFO - [2026-03-28T21:54:41.638+0000] {dag.py:3954} INFO - Setting next_dagrun for dag_filter_questions to None, run_after=None
[2026-03-28T21:54:41.660+0000] {processor.py:183} INFO - Processing /opt/airflow/dags/filter_questions.py took 0.964 seconds
[2026-03-28T21:55:12.671+0000] {processor.py:161} INFO - Started process (PID=1462) to work on /opt/airflow/dags/filter_questions.py
[2026-03-28T21:55:12.673+0000] {processor.py:830} INFO - Processing file /opt/airflow/dags/filter_questions.py for tasks to queue
[2026-03-28T21:55:12.676+0000] {logging_mixin.py:188} INFO - [2026-03-28T21:55:12.676+0000] {dagbag.py:545} INFO - Filling up the DagBag from /opt/airflow/dags/filter_questions.py
[2026-03-28T21:55:13.151+0000] {logging_mixin.py:188} WARNING - /opt/airflow/dags/filter_questions.py:8 FutureWarning: 

All support for the `google.generativeai` package has ended. It will no longer be receiving
updates or bug fixes. Please switch to the `google.genai` package as soon as possible.
See README for more details:

https://github.com/google-gemini/deprecated-generative-ai-python/blob/main/README.md
[2026-03-28T21:55:13.521+0000] {processor.py:840} INFO - DAG(s) 'dag_filter_questions' retrieved from /opt/airflow/dags/filter_questions.py
[2026-03-28T21:55:13.562+0000] {logging_mixin.py:188} INFO - [2026-03-28T21:55:13.561+0000] {dag.py:3096} INFO - Sync 1 DAGs
[2026-03-28T21:55:13.577+0000] {logging_mixin.py:188} INFO - [2026-03-28T21:55:13.577+0000] {dag.py:3954} INFO - Setting next_dagrun for dag_filter_questions to None, run_after=None
[2026-03-28T21:55:13.603+0000] {processor.py:183} INFO - Processing /opt/airflow/dags/filter_questions.py took 0.940 seconds
[2026-03-28T21:55:43.674+0000] {processor.py:161} INFO - Started process (PID=1478) to work on /opt/airflow/dags/filter_questions.py
[2026-03-28T21:55:43.676+0000] {processor.py:830} INFO - Processing file /opt/airflow/dags/filter_questions.py for tasks to queue
[2026-03-28T21:55:43.678+0000] {logging_mixin.py:188} INFO - [2026-03-28T21:55:43.678+0000] {dagbag.py:545} INFO - Filling up the DagBag from /opt/airflow/dags/filter_questions.py
[2026-03-28T21:55:44.176+0000] {logging_mixin.py:188} WARNING - /opt/airflow/dags/filter_questions.py:8 FutureWarning: 

All support for the `google.generativeai` package has ended. It will no longer be receiving
updates or bug fixes. Please switch to the `google.genai` package as soon as possible.
See README for more details:

https://github.com/google-gemini/deprecated-generative-ai-python/blob/main/README.md
[2026-03-28T21:55:44.720+0000] {processor.py:840} INFO - DAG(s) 'dag_filter_questions' retrieved from /opt/airflow/dags/filter_questions.py
[2026-03-28T21:55:44.770+0000] {logging_mixin.py:188} INFO - [2026-03-28T21:55:44.770+0000] {dag.py:3096} INFO - Sync 1 DAGs
[2026-03-28T21:55:44.840+0000] {logging_mixin.py:188} INFO - [2026-03-28T21:55:44.840+0000] {dag.py:3954} INFO - Setting next_dagrun for dag_filter_questions to None, run_after=None
[2026-03-28T21:55:44.871+0000] {processor.py:183} INFO - Processing /opt/airflow/dags/filter_questions.py took 1.205 seconds
[2026-03-28T21:55:54.781+0000] {processor.py:161} INFO - Started process (PID=1494) to work on /opt/airflow/dags/filter_questions.py
[2026-03-28T21:55:54.782+0000] {processor.py:830} INFO - Processing file /opt/airflow/dags/filter_questions.py for tasks to queue
[2026-03-28T21:55:54.784+0000] {logging_mixin.py:188} INFO - [2026-03-28T21:55:54.784+0000] {dagbag.py:545} INFO - Filling up the DagBag from /opt/airflow/dags/filter_questions.py
[2026-03-28T21:55:55.304+0000] {logging_mixin.py:188} WARNING - /opt/airflow/dags/filter_questions.py:8 FutureWarning: 

All support for the `google.generativeai` package has ended. It will no longer be receiving
updates or bug fixes. Please switch to the `google.genai` package as soon as possible.
See README for more details:

https://github.com/google-gemini/deprecated-generative-ai-python/blob/main/README.md
[2026-03-28T21:55:55.668+0000] {processor.py:840} INFO - DAG(s) 'dag_filter_questions' retrieved from /opt/airflow/dags/filter_questions.py
[2026-03-28T21:55:55.701+0000] {logging_mixin.py:188} INFO - [2026-03-28T21:55:55.701+0000] {dag.py:3096} INFO - Sync 1 DAGs
[2026-03-28T21:55:55.723+0000] {logging_mixin.py:188} INFO - [2026-03-28T21:55:55.723+0000] {dag.py:3954} INFO - Setting next_dagrun for dag_filter_questions to None, run_after=None
[2026-03-28T21:55:55.768+0000] {processor.py:183} INFO - Processing /opt/airflow/dags/filter_questions.py took 0.997 seconds
[2026-03-28T21:56:25.966+0000] {processor.py:161} INFO - Started process (PID=1531) to work on /opt/airflow/dags/filter_questions.py
[2026-03-28T21:56:25.967+0000] {processor.py:830} INFO - Processing file /opt/airflow/dags/filter_questions.py for tasks to queue
[2026-03-28T21:56:25.970+0000] {logging_mixin.py:188} INFO - [2026-03-28T21:56:25.969+0000] {dagbag.py:545} INFO - Filling up the DagBag from /opt/airflow/dags/filter_questions.py
[2026-03-28T21:56:26.501+0000] {logging_mixin.py:188} WARNING - /opt/airflow/dags/filter_questions.py:8 FutureWarning: 

All support for the `google.generativeai` package has ended. It will no longer be receiving
updates or bug fixes. Please switch to the `google.genai` package as soon as possible.
See README for more details:

https://github.com/google-gemini/deprecated-generative-ai-python/blob/main/README.md
[2026-03-28T21:56:26.829+0000] {processor.py:840} INFO - DAG(s) 'dag_filter_questions' retrieved from /opt/airflow/dags/filter_questions.py
[2026-03-28T21:56:26.858+0000] {logging_mixin.py:188} INFO - [2026-03-28T21:56:26.858+0000] {dag.py:3096} INFO - Sync 1 DAGs
[2026-03-28T21:56:26.872+0000] {logging_mixin.py:188} INFO - [2026-03-28T21:56:26.872+0000] {dag.py:3954} INFO - Setting next_dagrun for dag_filter_questions to None, run_after=None
[2026-03-28T21:56:26.896+0000] {processor.py:183} INFO - Processing /opt/airflow/dags/filter_questions.py took 0.939 seconds
[2026-03-28T21:56:57.030+0000] {processor.py:161} INFO - Started process (PID=1547) to work on /opt/airflow/dags/filter_questions.py
[2026-03-28T21:56:57.031+0000] {processor.py:830} INFO - Processing file /opt/airflow/dags/filter_questions.py for tasks to queue
[2026-03-28T21:56:57.036+0000] {logging_mixin.py:188} INFO - [2026-03-28T21:56:57.035+0000] {dagbag.py:545} INFO - Filling up the DagBag from /opt/airflow/dags/filter_questions.py
[2026-03-28T21:56:57.564+0000] {logging_mixin.py:188} WARNING - /opt/airflow/dags/filter_questions.py:8 FutureWarning: 

All support for the `google.generativeai` package has ended. It will no longer be receiving
updates or bug fixes. Please switch to the `google.genai` package as soon as possible.
See README for more details:

https://github.com/google-gemini/deprecated-generative-ai-python/blob/main/README.md
[2026-03-28T21:56:57.949+0000] {processor.py:840} INFO - DAG(s) 'dag_filter_questions' retrieved from /opt/airflow/dags/filter_questions.py
[2026-03-28T21:56:57.987+0000] {logging_mixin.py:188} INFO - [2026-03-28T21:56:57.987+0000] {dag.py:3096} INFO - Sync 1 DAGs
[2026-03-28T21:56:58.005+0000] {logging_mixin.py:188} INFO - [2026-03-28T21:56:58.004+0000] {dag.py:3954} INFO - Setting next_dagrun for dag_filter_questions to None, run_after=None
[2026-03-28T21:56:58.032+0000] {processor.py:183} INFO - Processing /opt/airflow/dags/filter_questions.py took 1.009 seconds
[2026-03-28T21:57:28.117+0000] {processor.py:161} INFO - Started process (PID=1564) to work on /opt/airflow/dags/filter_questions.py
[2026-03-28T21:57:28.127+0000] {processor.py:830} INFO - Processing file /opt/airflow/dags/filter_questions.py for tasks to queue
[2026-03-28T21:57:28.130+0000] {logging_mixin.py:188} INFO - [2026-03-28T21:57:28.129+0000] {dagbag.py:545} INFO - Filling up the DagBag from /opt/airflow/dags/filter_questions.py
[2026-03-28T21:57:28.653+0000] {logging_mixin.py:188} WARNING - /opt/airflow/dags/filter_questions.py:8 FutureWarning: 

All support for the `google.generativeai` package has ended. It will no longer be receiving
updates or bug fixes. Please switch to the `google.genai` package as soon as possible.
See README for more details:

https://github.com/google-gemini/deprecated-generative-ai-python/blob/main/README.md
[2026-03-28T21:57:28.979+0000] {processor.py:840} INFO - DAG(s) 'dag_filter_questions' retrieved from /opt/airflow/dags/filter_questions.py
[2026-03-28T21:57:29.012+0000] {logging_mixin.py:188} INFO - [2026-03-28T21:57:29.012+0000] {dag.py:3096} INFO - Sync 1 DAGs
[2026-03-28T21:57:29.033+0000] {logging_mixin.py:188} INFO - [2026-03-28T21:57:29.033+0000] {dag.py:3954} INFO - Setting next_dagrun for dag_filter_questions to None, run_after=None
[2026-03-28T21:57:29.061+0000] {processor.py:183} INFO - Processing /opt/airflow/dags/filter_questions.py took 0.951 seconds
[2026-03-28T21:57:59.132+0000] {processor.py:161} INFO - Started process (PID=1580) to work on /opt/airflow/dags/filter_questions.py
[2026-03-28T21:57:59.134+0000] {processor.py:830} INFO - Processing file /opt/airflow/dags/filter_questions.py for tasks to queue
[2026-03-28T21:57:59.136+0000] {logging_mixin.py:188} INFO - [2026-03-28T21:57:59.136+0000] {dagbag.py:545} INFO - Filling up the DagBag from /opt/airflow/dags/filter_questions.py
[2026-03-28T21:57:59.692+0000] {logging_mixin.py:188} WARNING - /opt/airflow/dags/filter_questions.py:8 FutureWarning: 

All support for the `google.generativeai` package has ended. It will no longer be receiving
updates or bug fixes. Please switch to the `google.genai` package as soon as possible.
See README for more details:

https://github.com/google-gemini/deprecated-generative-ai-python/blob/main/README.md
[2026-03-28T21:58:00.175+0000] {processor.py:840} INFO - DAG(s) 'dag_filter_questions' retrieved from /opt/airflow/dags/filter_questions.py
[2026-03-28T21:58:00.221+0000] {logging_mixin.py:188} INFO - [2026-03-28T21:58:00.221+0000] {dag.py:3096} INFO - Sync 1 DAGs
[2026-03-28T21:58:00.239+0000] {logging_mixin.py:188} INFO - [2026-03-28T21:58:00.238+0000] {dag.py:3954} INFO - Setting next_dagrun for dag_filter_questions to None, run_after=None
[2026-03-28T21:58:00.269+0000] {processor.py:183} INFO - Processing /opt/airflow/dags/filter_questions.py took 1.146 seconds
[2026-03-28T21:58:31.257+0000] {processor.py:161} INFO - Started process (PID=1597) to work on /opt/airflow/dags/filter_questions.py
[2026-03-28T21:58:31.259+0000] {processor.py:830} INFO - Processing file /opt/airflow/dags/filter_questions.py for tasks to queue
[2026-03-28T21:58:31.262+0000] {logging_mixin.py:188} INFO - [2026-03-28T21:58:31.261+0000] {dagbag.py:545} INFO - Filling up the DagBag from /opt/airflow/dags/filter_questions.py
[2026-03-28T21:58:31.821+0000] {logging_mixin.py:188} WARNING - /opt/airflow/dags/filter_questions.py:8 FutureWarning: 

All support for the `google.generativeai` package has ended. It will no longer be receiving
updates or bug fixes. Please switch to the `google.genai` package as soon as possible.
See README for more details:

https://github.com/google-gemini/deprecated-generative-ai-python/blob/main/README.md
[2026-03-28T21:58:32.156+0000] {processor.py:840} INFO - DAG(s) 'dag_filter_questions' retrieved from /opt/airflow/dags/filter_questions.py
[2026-03-28T21:58:32.194+0000] {logging_mixin.py:188} INFO - [2026-03-28T21:58:32.194+0000] {dag.py:3096} INFO - Sync 1 DAGs
[2026-03-28T21:58:32.222+0000] {logging_mixin.py:188} INFO - [2026-03-28T21:58:32.222+0000] {dag.py:3954} INFO - Setting next_dagrun for dag_filter_questions to None, run_after=None
[2026-03-28T21:58:32.246+0000] {processor.py:183} INFO - Processing /opt/airflow/dags/filter_questions.py took 0.997 seconds
[2026-03-28T21:59:02.370+0000] {processor.py:161} INFO - Started process (PID=1613) to work on /opt/airflow/dags/filter_questions.py
[2026-03-28T21:59:02.372+0000] {processor.py:830} INFO - Processing file /opt/airflow/dags/filter_questions.py for tasks to queue
[2026-03-28T21:59:02.375+0000] {logging_mixin.py:188} INFO - [2026-03-28T21:59:02.374+0000] {dagbag.py:545} INFO - Filling up the DagBag from /opt/airflow/dags/filter_questions.py
[2026-03-28T21:59:02.878+0000] {logging_mixin.py:188} WARNING - /opt/airflow/dags/filter_questions.py:8 FutureWarning: 

All support for the `google.generativeai` package has ended. It will no longer be receiving
updates or bug fixes. Please switch to the `google.genai` package as soon as possible.
See README for more details:

https://github.com/google-gemini/deprecated-generative-ai-python/blob/main/README.md
[2026-03-28T21:59:03.201+0000] {processor.py:840} INFO - DAG(s) 'dag_filter_questions' retrieved from /opt/airflow/dags/filter_questions.py
[2026-03-28T21:59:03.230+0000] {logging_mixin.py:188} INFO - [2026-03-28T21:59:03.230+0000] {dag.py:3096} INFO - Sync 1 DAGs
[2026-03-28T21:59:03.244+0000] {logging_mixin.py:188} INFO - [2026-03-28T21:59:03.244+0000] {dag.py:3954} INFO - Setting next_dagrun for dag_filter_questions to None, run_after=None
[2026-03-28T21:59:03.267+0000] {processor.py:183} INFO - Processing /opt/airflow/dags/filter_questions.py took 0.905 seconds
[2026-03-28T21:59:33.338+0000] {processor.py:161} INFO - Started process (PID=1630) to work on /opt/airflow/dags/filter_questions.py
[2026-03-28T21:59:33.339+0000] {processor.py:830} INFO - Processing file /opt/airflow/dags/filter_questions.py for tasks to queue
[2026-03-28T21:59:33.343+0000] {logging_mixin.py:188} INFO - [2026-03-28T21:59:33.342+0000] {dagbag.py:545} INFO - Filling up the DagBag from /opt/airflow/dags/filter_questions.py
[2026-03-28T21:59:33.864+0000] {logging_mixin.py:188} WARNING - /opt/airflow/dags/filter_questions.py:8 FutureWarning: 

All support for the `google.generativeai` package has ended. It will no longer be receiving
updates or bug fixes. Please switch to the `google.genai` package as soon as possible.
See README for more details:

https://github.com/google-gemini/deprecated-generative-ai-python/blob/main/README.md
[2026-03-28T21:59:34.198+0000] {processor.py:840} INFO - DAG(s) 'dag_filter_questions' retrieved from /opt/airflow/dags/filter_questions.py
[2026-03-28T21:59:34.228+0000] {logging_mixin.py:188} INFO - [2026-03-28T21:59:34.228+0000] {dag.py:3096} INFO - Sync 1 DAGs
[2026-03-28T21:59:34.243+0000] {logging_mixin.py:188} INFO - [2026-03-28T21:59:34.243+0000] {dag.py:3954} INFO - Setting next_dagrun for dag_filter_questions to None, run_after=None
[2026-03-28T21:59:34.268+0000] {processor.py:183} INFO - Processing /opt/airflow/dags/filter_questions.py took 0.938 seconds
[2026-03-28T22:00:04.382+0000] {processor.py:161} INFO - Started process (PID=1646) to work on /opt/airflow/dags/filter_questions.py
[2026-03-28T22:00:04.382+0000] {processor.py:830} INFO - Processing file /opt/airflow/dags/filter_questions.py for tasks to queue
[2026-03-28T22:00:04.386+0000] {logging_mixin.py:188} INFO - [2026-03-28T22:00:04.385+0000] {dagbag.py:545} INFO - Filling up the DagBag from /opt/airflow/dags/filter_questions.py
[2026-03-28T22:00:04.910+0000] {logging_mixin.py:188} WARNING - /opt/airflow/dags/filter_questions.py:8 FutureWarning: 

All support for the `google.generativeai` package has ended. It will no longer be receiving
updates or bug fixes. Please switch to the `google.genai` package as soon as possible.
See README for more details:

https://github.com/google-gemini/deprecated-generative-ai-python/blob/main/README.md
[2026-03-28T22:00:05.242+0000] {processor.py:840} INFO - DAG(s) 'dag_filter_questions' retrieved from /opt/airflow/dags/filter_questions.py
[2026-03-28T22:00:05.271+0000] {logging_mixin.py:188} INFO - [2026-03-28T22:00:05.271+0000] {dag.py:3096} INFO - Sync 1 DAGs
[2026-03-28T22:00:05.283+0000] {logging_mixin.py:188} INFO - [2026-03-28T22:00:05.282+0000] {dag.py:3954} INFO - Setting next_dagrun for dag_filter_questions to None, run_after=None
[2026-03-28T22:00:05.305+0000] {processor.py:183} INFO - Processing /opt/airflow/dags/filter_questions.py took 0.931 seconds
[2026-03-28T22:00:35.382+0000] {processor.py:161} INFO - Started process (PID=1663) to work on /opt/airflow/dags/filter_questions.py
[2026-03-28T22:00:35.383+0000] {processor.py:830} INFO - Processing file /opt/airflow/dags/filter_questions.py for tasks to queue
[2026-03-28T22:00:35.386+0000] {logging_mixin.py:188} INFO - [2026-03-28T22:00:35.386+0000] {dagbag.py:545} INFO - Filling up the DagBag from /opt/airflow/dags/filter_questions.py
[2026-03-28T22:00:35.887+0000] {logging_mixin.py:188} WARNING - /opt/airflow/dags/filter_questions.py:8 FutureWarning: 

All support for the `google.generativeai` package has ended. It will no longer be receiving
updates or bug fixes. Please switch to the `google.genai` package as soon as possible.
See README for more details:

https://github.com/google-gemini/deprecated-generative-ai-python/blob/main/README.md
[2026-03-28T22:00:36.199+0000] {processor.py:840} INFO - DAG(s) 'dag_filter_questions' retrieved from /opt/airflow/dags/filter_questions.py
[2026-03-28T22:00:36.228+0000] {logging_mixin.py:188} INFO - [2026-03-28T22:00:36.228+0000] {dag.py:3096} INFO - Sync 1 DAGs
[2026-03-28T22:00:36.239+0000] {logging_mixin.py:188} INFO - [2026-03-28T22:00:36.238+0000] {dag.py:3954} INFO - Setting next_dagrun for dag_filter_questions to None, run_after=None
[2026-03-28T22:00:36.264+0000] {processor.py:183} INFO - Processing /opt/airflow/dags/filter_questions.py took 0.890 seconds
[2026-03-28T22:01:06.443+0000] {processor.py:161} INFO - Started process (PID=1679) to work on /opt/airflow/dags/filter_questions.py
[2026-03-28T22:01:06.444+0000] {processor.py:830} INFO - Processing file /opt/airflow/dags/filter_questions.py for tasks to queue
[2026-03-28T22:01:06.447+0000] {logging_mixin.py:188} INFO - [2026-03-28T22:01:06.446+0000] {dagbag.py:545} INFO - Filling up the DagBag from /opt/airflow/dags/filter_questions.py
[2026-03-28T22:01:06.949+0000] {logging_mixin.py:188} WARNING - /opt/airflow/dags/filter_questions.py:8 FutureWarning: 

All support for the `google.generativeai` package has ended. It will no longer be receiving
updates or bug fixes. Please switch to the `google.genai` package as soon as possible.
See README for more details:

https://github.com/google-gemini/deprecated-generative-ai-python/blob/main/README.md
[2026-03-28T22:01:07.297+0000] {processor.py:840} INFO - DAG(s) 'dag_filter_questions' retrieved from /opt/airflow/dags/filter_questions.py
[2026-03-28T22:01:07.326+0000] {logging_mixin.py:188} INFO - [2026-03-28T22:01:07.325+0000] {dag.py:3096} INFO - Sync 1 DAGs
[2026-03-28T22:01:07.340+0000] {logging_mixin.py:188} INFO - [2026-03-28T22:01:07.339+0000] {dag.py:3954} INFO - Setting next_dagrun for dag_filter_questions to None, run_after=None
[2026-03-28T22:01:07.364+0000] {processor.py:183} INFO - Processing /opt/airflow/dags/filter_questions.py took 0.927 seconds
[2026-03-28T22:01:37.462+0000] {processor.py:161} INFO - Started process (PID=1696) to work on /opt/airflow/dags/filter_questions.py
[2026-03-28T22:01:37.464+0000] {processor.py:830} INFO - Processing file /opt/airflow/dags/filter_questions.py for tasks to queue
[2026-03-28T22:01:37.466+0000] {logging_mixin.py:188} INFO - [2026-03-28T22:01:37.466+0000] {dagbag.py:545} INFO - Filling up the DagBag from /opt/airflow/dags/filter_questions.py
[2026-03-28T22:01:37.960+0000] {logging_mixin.py:188} WARNING - /opt/airflow/dags/filter_questions.py:8 FutureWarning: 

All support for the `google.generativeai` package has ended. It will no longer be receiving
updates or bug fixes. Please switch to the `google.genai` package as soon as possible.
See README for more details:

https://github.com/google-gemini/deprecated-generative-ai-python/blob/main/README.md
[2026-03-28T22:01:38.280+0000] {processor.py:840} INFO - DAG(s) 'dag_filter_questions' retrieved from /opt/airflow/dags/filter_questions.py
[2026-03-28T22:01:38.324+0000] {logging_mixin.py:188} INFO - [2026-03-28T22:01:38.324+0000] {dag.py:3096} INFO - Sync 1 DAGs
[2026-03-28T22:01:38.337+0000] {logging_mixin.py:188} INFO - [2026-03-28T22:01:38.337+0000] {dag.py:3954} INFO - Setting next_dagrun for dag_filter_questions to None, run_after=None
[2026-03-28T22:01:38.361+0000] {processor.py:183} INFO - Processing /opt/airflow/dags/filter_questions.py took 0.906 seconds
[2026-03-28T22:02:08.477+0000] {processor.py:161} INFO - Started process (PID=1712) to work on /opt/airflow/dags/filter_questions.py
[2026-03-28T22:02:08.479+0000] {processor.py:830} INFO - Processing file /opt/airflow/dags/filter_questions.py for tasks to queue
[2026-03-28T22:02:08.482+0000] {logging_mixin.py:188} INFO - [2026-03-28T22:02:08.481+0000] {dagbag.py:545} INFO - Filling up the DagBag from /opt/airflow/dags/filter_questions.py
[2026-03-28T22:02:08.991+0000] {logging_mixin.py:188} WARNING - /opt/airflow/dags/filter_questions.py:8 FutureWarning: 

All support for the `google.generativeai` package has ended. It will no longer be receiving
updates or bug fixes. Please switch to the `google.genai` package as soon as possible.
See README for more details:

https://github.com/google-gemini/deprecated-generative-ai-python/blob/main/README.md
[2026-03-28T22:02:09.310+0000] {processor.py:840} INFO - DAG(s) 'dag_filter_questions' retrieved from /opt/airflow/dags/filter_questions.py
[2026-03-28T22:02:09.338+0000] {logging_mixin.py:188} INFO - [2026-03-28T22:02:09.337+0000] {dag.py:3096} INFO - Sync 1 DAGs
[2026-03-28T22:02:09.350+0000] {logging_mixin.py:188} INFO - [2026-03-28T22:02:09.350+0000] {dag.py:3954} INFO - Setting next_dagrun for dag_filter_questions to None, run_after=None
[2026-03-28T22:02:09.389+0000] {processor.py:183} INFO - Processing /opt/airflow/dags/filter_questions.py took 0.919 seconds
[2026-03-28T22:02:39.479+0000] {processor.py:161} INFO - Started process (PID=1729) to work on /opt/airflow/dags/filter_questions.py
[2026-03-28T22:02:39.480+0000] {processor.py:830} INFO - Processing file /opt/airflow/dags/filter_questions.py for tasks to queue
[2026-03-28T22:02:39.482+0000] {logging_mixin.py:188} INFO - [2026-03-28T22:02:39.482+0000] {dagbag.py:545} INFO - Filling up the DagBag from /opt/airflow/dags/filter_questions.py
[2026-03-28T22:02:40.073+0000] {logging_mixin.py:188} WARNING - /opt/airflow/dags/filter_questions.py:8 FutureWarning: 

All support for the `google.generativeai` package has ended. It will no longer be receiving
updates or bug fixes. Please switch to the `google.genai` package as soon as possible.
See README for more details:

https://github.com/google-gemini/deprecated-generative-ai-python/blob/main/README.md
[2026-03-28T22:02:40.415+0000] {processor.py:840} INFO - DAG(s) 'dag_filter_questions' retrieved from /opt/airflow/dags/filter_questions.py
[2026-03-28T22:02:40.444+0000] {logging_mixin.py:188} INFO - [2026-03-28T22:02:40.444+0000] {dag.py:3096} INFO - Sync 1 DAGs
[2026-03-28T22:02:40.457+0000] {logging_mixin.py:188} INFO - [2026-03-28T22:02:40.456+0000] {dag.py:3954} INFO - Setting next_dagrun for dag_filter_questions to None, run_after=None
[2026-03-28T22:02:40.483+0000] {processor.py:183} INFO - Processing /opt/airflow/dags/filter_questions.py took 1.013 seconds
[2026-03-28T22:03:10.596+0000] {processor.py:161} INFO - Started process (PID=1745) to work on /opt/airflow/dags/filter_questions.py
[2026-03-28T22:03:10.597+0000] {processor.py:830} INFO - Processing file /opt/airflow/dags/filter_questions.py for tasks to queue
[2026-03-28T22:03:10.599+0000] {logging_mixin.py:188} INFO - [2026-03-28T22:03:10.599+0000] {dagbag.py:545} INFO - Filling up the DagBag from /opt/airflow/dags/filter_questions.py
[2026-03-28T22:03:11.105+0000] {logging_mixin.py:188} WARNING - /opt/airflow/dags/filter_questions.py:8 FutureWarning: 

All support for the `google.generativeai` package has ended. It will no longer be receiving
updates or bug fixes. Please switch to the `google.genai` package as soon as possible.
See README for more details:

https://github.com/google-gemini/deprecated-generative-ai-python/blob/main/README.md
[2026-03-28T22:03:11.454+0000] {processor.py:840} INFO - DAG(s) 'dag_filter_questions' retrieved from /opt/airflow/dags/filter_questions.py
[2026-03-28T22:03:11.484+0000] {logging_mixin.py:188} INFO - [2026-03-28T22:03:11.483+0000] {dag.py:3096} INFO - Sync 1 DAGs
[2026-03-28T22:03:11.498+0000] {logging_mixin.py:188} INFO - [2026-03-28T22:03:11.497+0000] {dag.py:3954} INFO - Setting next_dagrun for dag_filter_questions to None, run_after=None
[2026-03-28T22:03:11.522+0000] {processor.py:183} INFO - Processing /opt/airflow/dags/filter_questions.py took 0.935 seconds
[2026-03-28T22:03:41.592+0000] {processor.py:161} INFO - Started process (PID=1762) to work on /opt/airflow/dags/filter_questions.py
[2026-03-28T22:03:41.593+0000] {processor.py:830} INFO - Processing file /opt/airflow/dags/filter_questions.py for tasks to queue
[2026-03-28T22:03:41.596+0000] {logging_mixin.py:188} INFO - [2026-03-28T22:03:41.595+0000] {dagbag.py:545} INFO - Filling up the DagBag from /opt/airflow/dags/filter_questions.py
[2026-03-28T22:03:42.120+0000] {logging_mixin.py:188} WARNING - /opt/airflow/dags/filter_questions.py:8 FutureWarning: 

All support for the `google.generativeai` package has ended. It will no longer be receiving
updates or bug fixes. Please switch to the `google.genai` package as soon as possible.
See README for more details:

https://github.com/google-gemini/deprecated-generative-ai-python/blob/main/README.md
[2026-03-28T22:03:42.439+0000] {processor.py:840} INFO - DAG(s) 'dag_filter_questions' retrieved from /opt/airflow/dags/filter_questions.py
[2026-03-28T22:03:42.469+0000] {logging_mixin.py:188} INFO - [2026-03-28T22:03:42.469+0000] {dag.py:3096} INFO - Sync 1 DAGs
[2026-03-28T22:03:42.480+0000] {logging_mixin.py:188} INFO - [2026-03-28T22:03:42.480+0000] {dag.py:3954} INFO - Setting next_dagrun for dag_filter_questions to None, run_after=None
[2026-03-28T22:03:42.518+0000] {processor.py:183} INFO - Processing /opt/airflow/dags/filter_questions.py took 0.934 seconds
[2026-03-28T22:04:12.636+0000] {processor.py:161} INFO - Started process (PID=1778) to work on /opt/airflow/dags/filter_questions.py
[2026-03-28T22:04:12.637+0000] {processor.py:830} INFO - Processing file /opt/airflow/dags/filter_questions.py for tasks to queue
[2026-03-28T22:04:12.639+0000] {logging_mixin.py:188} INFO - [2026-03-28T22:04:12.639+0000] {dagbag.py:545} INFO - Filling up the DagBag from /opt/airflow/dags/filter_questions.py
[2026-03-28T22:04:13.140+0000] {logging_mixin.py:188} WARNING - /opt/airflow/dags/filter_questions.py:8 FutureWarning: 

All support for the `google.generativeai` package has ended. It will no longer be receiving
updates or bug fixes. Please switch to the `google.genai` package as soon as possible.
See README for more details:

https://github.com/google-gemini/deprecated-generative-ai-python/blob/main/README.md
[2026-03-28T22:04:13.461+0000] {processor.py:840} INFO - DAG(s) 'dag_filter_questions' retrieved from /opt/airflow/dags/filter_questions.py
[2026-03-28T22:04:13.488+0000] {logging_mixin.py:188} INFO - [2026-03-28T22:04:13.488+0000] {dag.py:3096} INFO - Sync 1 DAGs
[2026-03-28T22:04:13.500+0000] {logging_mixin.py:188} INFO - [2026-03-28T22:04:13.499+0000] {dag.py:3954} INFO - Setting next_dagrun for dag_filter_questions to None, run_after=None
[2026-03-28T22:04:13.521+0000] {processor.py:183} INFO - Processing /opt/airflow/dags/filter_questions.py took 0.894 seconds
[2026-03-28T22:04:43.659+0000] {processor.py:161} INFO - Started process (PID=1795) to work on /opt/airflow/dags/filter_questions.py
[2026-03-28T22:04:43.661+0000] {processor.py:830} INFO - Processing file /opt/airflow/dags/filter_questions.py for tasks to queue
[2026-03-28T22:04:43.665+0000] {logging_mixin.py:188} INFO - [2026-03-28T22:04:43.664+0000] {dagbag.py:545} INFO - Filling up the DagBag from /opt/airflow/dags/filter_questions.py
[2026-03-28T22:04:44.181+0000] {logging_mixin.py:188} WARNING - /opt/airflow/dags/filter_questions.py:8 FutureWarning: 

All support for the `google.generativeai` package has ended. It will no longer be receiving
updates or bug fixes. Please switch to the `google.genai` package as soon as possible.
See README for more details:

https://github.com/google-gemini/deprecated-generative-ai-python/blob/main/README.md
[2026-03-28T22:04:44.528+0000] {processor.py:840} INFO - DAG(s) 'dag_filter_questions' retrieved from /opt/airflow/dags/filter_questions.py
[2026-03-28T22:04:44.563+0000] {logging_mixin.py:188} INFO - [2026-03-28T22:04:44.563+0000] {dag.py:3096} INFO - Sync 1 DAGs
[2026-03-28T22:04:44.576+0000] {logging_mixin.py:188} INFO - [2026-03-28T22:04:44.576+0000] {dag.py:3954} INFO - Setting next_dagrun for dag_filter_questions to None, run_after=None
[2026-03-28T22:04:44.601+0000] {processor.py:183} INFO - Processing /opt/airflow/dags/filter_questions.py took 0.949 seconds
[2026-03-28T22:05:14.726+0000] {processor.py:161} INFO - Started process (PID=1811) to work on /opt/airflow/dags/filter_questions.py
[2026-03-28T22:05:14.728+0000] {processor.py:830} INFO - Processing file /opt/airflow/dags/filter_questions.py for tasks to queue
[2026-03-28T22:05:14.731+0000] {logging_mixin.py:188} INFO - [2026-03-28T22:05:14.730+0000] {dagbag.py:545} INFO - Filling up the DagBag from /opt/airflow/dags/filter_questions.py
[2026-03-28T22:05:15.948+0000] {logging_mixin.py:188} WARNING - /opt/airflow/dags/filter_questions.py:8 FutureWarning: 

All support for the `google.generativeai` package has ended. It will no longer be receiving
updates or bug fixes. Please switch to the `google.genai` package as soon as possible.
See README for more details:

https://github.com/google-gemini/deprecated-generative-ai-python/blob/main/README.md
[2026-03-28T22:05:16.809+0000] {processor.py:840} INFO - DAG(s) 'dag_filter_questions' retrieved from /opt/airflow/dags/filter_questions.py
[2026-03-28T22:05:16.868+0000] {logging_mixin.py:188} INFO - [2026-03-28T22:05:16.868+0000] {dag.py:3096} INFO - Sync 1 DAGs
[2026-03-28T22:05:16.907+0000] {logging_mixin.py:188} INFO - [2026-03-28T22:05:16.906+0000] {dag.py:3954} INFO - Setting next_dagrun for dag_filter_questions to None, run_after=None
[2026-03-28T22:05:16.944+0000] {processor.py:183} INFO - Processing /opt/airflow/dags/filter_questions.py took 2.225 seconds
[2026-03-28T22:05:47.066+0000] {processor.py:161} INFO - Started process (PID=1828) to work on /opt/airflow/dags/filter_questions.py
[2026-03-28T22:05:47.068+0000] {processor.py:830} INFO - Processing file /opt/airflow/dags/filter_questions.py for tasks to queue
[2026-03-28T22:05:47.070+0000] {logging_mixin.py:188} INFO - [2026-03-28T22:05:47.070+0000] {dagbag.py:545} INFO - Filling up the DagBag from /opt/airflow/dags/filter_questions.py
[2026-03-28T22:05:47.570+0000] {logging_mixin.py:188} WARNING - /opt/airflow/dags/filter_questions.py:8 FutureWarning: 

All support for the `google.generativeai` package has ended. It will no longer be receiving
updates or bug fixes. Please switch to the `google.genai` package as soon as possible.
See README for more details:

https://github.com/google-gemini/deprecated-generative-ai-python/blob/main/README.md
[2026-03-28T22:05:48.241+0000] {processor.py:840} INFO - DAG(s) 'dag_filter_questions' retrieved from /opt/airflow/dags/filter_questions.py
[2026-03-28T22:05:48.313+0000] {logging_mixin.py:188} INFO - [2026-03-28T22:05:48.313+0000] {dag.py:3096} INFO - Sync 1 DAGs
[2026-03-28T22:05:48.348+0000] {logging_mixin.py:188} INFO - [2026-03-28T22:05:48.348+0000] {dag.py:3954} INFO - Setting next_dagrun for dag_filter_questions to None, run_after=None
[2026-03-28T22:05:48.384+0000] {processor.py:183} INFO - Processing /opt/airflow/dags/filter_questions.py took 1.327 seconds
[2026-03-28T22:06:19.186+0000] {processor.py:161} INFO - Started process (PID=1844) to work on /opt/airflow/dags/filter_questions.py
[2026-03-28T22:06:19.187+0000] {processor.py:830} INFO - Processing file /opt/airflow/dags/filter_questions.py for tasks to queue
[2026-03-28T22:06:19.190+0000] {logging_mixin.py:188} INFO - [2026-03-28T22:06:19.189+0000] {dagbag.py:545} INFO - Filling up the DagBag from /opt/airflow/dags/filter_questions.py
[2026-03-28T22:06:19.777+0000] {logging_mixin.py:188} WARNING - /opt/airflow/dags/filter_questions.py:8 FutureWarning: 

All support for the `google.generativeai` package has ended. It will no longer be receiving
updates or bug fixes. Please switch to the `google.genai` package as soon as possible.
See README for more details:

https://github.com/google-gemini/deprecated-generative-ai-python/blob/main/README.md
[2026-03-28T22:06:20.210+0000] {processor.py:840} INFO - DAG(s) 'dag_filter_questions' retrieved from /opt/airflow/dags/filter_questions.py
[2026-03-28T22:06:20.248+0000] {logging_mixin.py:188} INFO - [2026-03-28T22:06:20.248+0000] {dag.py:3096} INFO - Sync 1 DAGs
[2026-03-28T22:06:20.285+0000] {logging_mixin.py:188} INFO - [2026-03-28T22:06:20.284+0000] {dag.py:3954} INFO - Setting next_dagrun for dag_filter_questions to None, run_after=None
[2026-03-28T22:06:20.323+0000] {processor.py:183} INFO - Processing /opt/airflow/dags/filter_questions.py took 1.148 seconds
[2026-03-28T22:06:51.293+0000] {processor.py:161} INFO - Started process (PID=1861) to work on /opt/airflow/dags/filter_questions.py
[2026-03-28T22:06:51.294+0000] {processor.py:830} INFO - Processing file /opt/airflow/dags/filter_questions.py for tasks to queue
[2026-03-28T22:06:51.298+0000] {logging_mixin.py:188} INFO - [2026-03-28T22:06:51.297+0000] {dagbag.py:545} INFO - Filling up the DagBag from /opt/airflow/dags/filter_questions.py
[2026-03-28T22:06:51.817+0000] {logging_mixin.py:188} WARNING - /opt/airflow/dags/filter_questions.py:8 FutureWarning: 

All support for the `google.generativeai` package has ended. It will no longer be receiving
updates or bug fixes. Please switch to the `google.genai` package as soon as possible.
See README for more details:

https://github.com/google-gemini/deprecated-generative-ai-python/blob/main/README.md
[2026-03-28T22:06:52.192+0000] {processor.py:840} INFO - DAG(s) 'dag_filter_questions' retrieved from /opt/airflow/dags/filter_questions.py
[2026-03-28T22:06:52.250+0000] {logging_mixin.py:188} INFO - [2026-03-28T22:06:52.250+0000] {dag.py:3096} INFO - Sync 1 DAGs
[2026-03-28T22:06:52.292+0000] {logging_mixin.py:188} INFO - [2026-03-28T22:06:52.291+0000] {dag.py:3954} INFO - Setting next_dagrun for dag_filter_questions to None, run_after=None
[2026-03-28T22:06:52.316+0000] {processor.py:183} INFO - Processing /opt/airflow/dags/filter_questions.py took 1.030 seconds
[2026-03-28T22:07:22.461+0000] {processor.py:161} INFO - Started process (PID=1877) to work on /opt/airflow/dags/filter_questions.py
[2026-03-28T22:07:22.462+0000] {processor.py:830} INFO - Processing file /opt/airflow/dags/filter_questions.py for tasks to queue
[2026-03-28T22:07:22.464+0000] {logging_mixin.py:188} INFO - [2026-03-28T22:07:22.464+0000] {dagbag.py:545} INFO - Filling up the DagBag from /opt/airflow/dags/filter_questions.py
[2026-03-28T22:07:22.982+0000] {logging_mixin.py:188} WARNING - /opt/airflow/dags/filter_questions.py:8 FutureWarning: 

All support for the `google.generativeai` package has ended. It will no longer be receiving
updates or bug fixes. Please switch to the `google.genai` package as soon as possible.
See README for more details:

https://github.com/google-gemini/deprecated-generative-ai-python/blob/main/README.md
[2026-03-28T22:07:23.335+0000] {processor.py:840} INFO - DAG(s) 'dag_filter_questions' retrieved from /opt/airflow/dags/filter_questions.py
[2026-03-28T22:07:23.363+0000] {logging_mixin.py:188} INFO - [2026-03-28T22:07:23.362+0000] {dag.py:3096} INFO - Sync 1 DAGs
[2026-03-28T22:07:23.380+0000] {logging_mixin.py:188} INFO - [2026-03-28T22:07:23.380+0000] {dag.py:3954} INFO - Setting next_dagrun for dag_filter_questions to None, run_after=None
[2026-03-28T22:07:23.407+0000] {processor.py:183} INFO - Processing /opt/airflow/dags/filter_questions.py took 0.955 seconds
[2026-03-28T22:07:53.563+0000] {processor.py:161} INFO - Started process (PID=1894) to work on /opt/airflow/dags/filter_questions.py
[2026-03-28T22:07:53.569+0000] {processor.py:830} INFO - Processing file /opt/airflow/dags/filter_questions.py for tasks to queue
[2026-03-28T22:07:53.571+0000] {logging_mixin.py:188} INFO - [2026-03-28T22:07:53.571+0000] {dagbag.py:545} INFO - Filling up the DagBag from /opt/airflow/dags/filter_questions.py
[2026-03-28T22:07:54.087+0000] {logging_mixin.py:188} WARNING - /opt/airflow/dags/filter_questions.py:8 FutureWarning: 

All support for the `google.generativeai` package has ended. It will no longer be receiving
updates or bug fixes. Please switch to the `google.genai` package as soon as possible.
See README for more details:

https://github.com/google-gemini/deprecated-generative-ai-python/blob/main/README.md
[2026-03-28T22:07:54.498+0000] {processor.py:840} INFO - DAG(s) 'dag_filter_questions' retrieved from /opt/airflow/dags/filter_questions.py
[2026-03-28T22:07:54.531+0000] {logging_mixin.py:188} INFO - [2026-03-28T22:07:54.531+0000] {dag.py:3096} INFO - Sync 1 DAGs
[2026-03-28T22:07:54.546+0000] {logging_mixin.py:188} INFO - [2026-03-28T22:07:54.546+0000] {dag.py:3954} INFO - Setting next_dagrun for dag_filter_questions to None, run_after=None
[2026-03-28T22:07:54.572+0000] {processor.py:183} INFO - Processing /opt/airflow/dags/filter_questions.py took 1.017 seconds
[2026-03-28T22:08:24.694+0000] {processor.py:161} INFO - Started process (PID=1910) to work on /opt/airflow/dags/filter_questions.py
[2026-03-28T22:08:24.695+0000] {processor.py:830} INFO - Processing file /opt/airflow/dags/filter_questions.py for tasks to queue
[2026-03-28T22:08:24.698+0000] {logging_mixin.py:188} INFO - [2026-03-28T22:08:24.698+0000] {dagbag.py:545} INFO - Filling up the DagBag from /opt/airflow/dags/filter_questions.py
[2026-03-28T22:08:25.194+0000] {logging_mixin.py:188} WARNING - /opt/airflow/dags/filter_questions.py:8 FutureWarning: 

All support for the `google.generativeai` package has ended. It will no longer be receiving
updates or bug fixes. Please switch to the `google.genai` package as soon as possible.
See README for more details:

https://github.com/google-gemini/deprecated-generative-ai-python/blob/main/README.md
[2026-03-28T22:08:25.497+0000] {processor.py:840} INFO - DAG(s) 'dag_filter_questions' retrieved from /opt/airflow/dags/filter_questions.py
[2026-03-28T22:08:25.529+0000] {logging_mixin.py:188} INFO - [2026-03-28T22:08:25.529+0000] {dag.py:3096} INFO - Sync 1 DAGs
[2026-03-28T22:08:25.542+0000] {logging_mixin.py:188} INFO - [2026-03-28T22:08:25.542+0000] {dag.py:3954} INFO - Setting next_dagrun for dag_filter_questions to None, run_after=None
[2026-03-28T22:08:25.565+0000] {processor.py:183} INFO - Processing /opt/airflow/dags/filter_questions.py took 0.879 seconds
[2026-03-28T22:08:55.700+0000] {processor.py:161} INFO - Started process (PID=1927) to work on /opt/airflow/dags/filter_questions.py
[2026-03-28T22:08:55.707+0000] {processor.py:830} INFO - Processing file /opt/airflow/dags/filter_questions.py for tasks to queue
[2026-03-28T22:08:55.710+0000] {logging_mixin.py:188} INFO - [2026-03-28T22:08:55.709+0000] {dagbag.py:545} INFO - Filling up the DagBag from /opt/airflow/dags/filter_questions.py
[2026-03-28T22:08:56.221+0000] {logging_mixin.py:188} WARNING - /opt/airflow/dags/filter_questions.py:8 FutureWarning: 

All support for the `google.generativeai` package has ended. It will no longer be receiving
updates or bug fixes. Please switch to the `google.genai` package as soon as possible.
See README for more details:

https://github.com/google-gemini/deprecated-generative-ai-python/blob/main/README.md
[2026-03-28T22:08:56.638+0000] {processor.py:840} INFO - DAG(s) 'dag_filter_questions' retrieved from /opt/airflow/dags/filter_questions.py
[2026-03-28T22:08:56.673+0000] {logging_mixin.py:188} INFO - [2026-03-28T22:08:56.672+0000] {dag.py:3096} INFO - Sync 1 DAGs
[2026-03-28T22:08:56.688+0000] {logging_mixin.py:188} INFO - [2026-03-28T22:08:56.688+0000] {dag.py:3954} INFO - Setting next_dagrun for dag_filter_questions to None, run_after=None
[2026-03-28T22:08:56.723+0000] {processor.py:183} INFO - Processing /opt/airflow/dags/filter_questions.py took 1.031 seconds
[2026-03-28T22:09:26.858+0000] {processor.py:161} INFO - Started process (PID=1943) to work on /opt/airflow/dags/filter_questions.py
[2026-03-28T22:09:26.859+0000] {processor.py:830} INFO - Processing file /opt/airflow/dags/filter_questions.py for tasks to queue
[2026-03-28T22:09:26.861+0000] {logging_mixin.py:188} INFO - [2026-03-28T22:09:26.861+0000] {dagbag.py:545} INFO - Filling up the DagBag from /opt/airflow/dags/filter_questions.py
[2026-03-28T22:09:27.466+0000] {logging_mixin.py:188} WARNING - /opt/airflow/dags/filter_questions.py:8 FutureWarning: 

All support for the `google.generativeai` package has ended. It will no longer be receiving
updates or bug fixes. Please switch to the `google.genai` package as soon as possible.
See README for more details:

https://github.com/google-gemini/deprecated-generative-ai-python/blob/main/README.md
[2026-03-28T22:09:27.847+0000] {processor.py:840} INFO - DAG(s) 'dag_filter_questions' retrieved from /opt/airflow/dags/filter_questions.py
[2026-03-28T22:09:27.879+0000] {logging_mixin.py:188} INFO - [2026-03-28T22:09:27.878+0000] {dag.py:3096} INFO - Sync 1 DAGs
[2026-03-28T22:09:27.894+0000] {logging_mixin.py:188} INFO - [2026-03-28T22:09:27.894+0000] {dag.py:3954} INFO - Setting next_dagrun for dag_filter_questions to None, run_after=None
[2026-03-28T22:09:27.917+0000] {processor.py:183} INFO - Processing /opt/airflow/dags/filter_questions.py took 1.068 seconds
[2026-03-28T22:09:58.925+0000] {processor.py:161} INFO - Started process (PID=1960) to work on /opt/airflow/dags/filter_questions.py
[2026-03-28T22:09:58.927+0000] {processor.py:830} INFO - Processing file /opt/airflow/dags/filter_questions.py for tasks to queue
[2026-03-28T22:09:58.930+0000] {logging_mixin.py:188} INFO - [2026-03-28T22:09:58.929+0000] {dagbag.py:545} INFO - Filling up the DagBag from /opt/airflow/dags/filter_questions.py
[2026-03-28T22:09:59.436+0000] {logging_mixin.py:188} WARNING - /opt/airflow/dags/filter_questions.py:8 FutureWarning: 

All support for the `google.generativeai` package has ended. It will no longer be receiving
updates or bug fixes. Please switch to the `google.genai` package as soon as possible.
See README for more details:

https://github.com/google-gemini/deprecated-generative-ai-python/blob/main/README.md
[2026-03-28T22:09:59.778+0000] {processor.py:840} INFO - DAG(s) 'dag_filter_questions' retrieved from /opt/airflow/dags/filter_questions.py
[2026-03-28T22:09:59.815+0000] {logging_mixin.py:188} INFO - [2026-03-28T22:09:59.814+0000] {dag.py:3096} INFO - Sync 1 DAGs
[2026-03-28T22:09:59.833+0000] {logging_mixin.py:188} INFO - [2026-03-28T22:09:59.832+0000] {dag.py:3954} INFO - Setting next_dagrun for dag_filter_questions to None, run_after=None
[2026-03-28T22:09:59.860+0000] {processor.py:183} INFO - Processing /opt/airflow/dags/filter_questions.py took 0.944 seconds
[2026-03-28T22:10:30.030+0000] {processor.py:161} INFO - Started process (PID=1976) to work on /opt/airflow/dags/filter_questions.py
[2026-03-28T22:10:30.032+0000] {processor.py:830} INFO - Processing file /opt/airflow/dags/filter_questions.py for tasks to queue
[2026-03-28T22:10:30.035+0000] {logging_mixin.py:188} INFO - [2026-03-28T22:10:30.034+0000] {dagbag.py:545} INFO - Filling up the DagBag from /opt/airflow/dags/filter_questions.py
[2026-03-28T22:10:30.557+0000] {logging_mixin.py:188} WARNING - /opt/airflow/dags/filter_questions.py:8 FutureWarning: 

All support for the `google.generativeai` package has ended. It will no longer be receiving
updates or bug fixes. Please switch to the `google.genai` package as soon as possible.
See README for more details:

https://github.com/google-gemini/deprecated-generative-ai-python/blob/main/README.md
[2026-03-28T22:10:30.913+0000] {processor.py:840} INFO - DAG(s) 'dag_filter_questions' retrieved from /opt/airflow/dags/filter_questions.py
[2026-03-28T22:10:30.945+0000] {logging_mixin.py:188} INFO - [2026-03-28T22:10:30.945+0000] {dag.py:3096} INFO - Sync 1 DAGs
[2026-03-28T22:10:30.962+0000] {logging_mixin.py:188} INFO - [2026-03-28T22:10:30.961+0000] {dag.py:3954} INFO - Setting next_dagrun for dag_filter_questions to None, run_after=None
[2026-03-28T22:10:30.994+0000] {processor.py:183} INFO - Processing /opt/airflow/dags/filter_questions.py took 0.975 seconds
[2026-03-28T22:10:58.408+0000] {processor.py:161} INFO - Started process (PID=1993) to work on /opt/airflow/dags/filter_questions.py
[2026-03-28T22:10:58.415+0000] {processor.py:830} INFO - Processing file /opt/airflow/dags/filter_questions.py for tasks to queue
[2026-03-28T22:10:58.441+0000] {logging_mixin.py:188} INFO - [2026-03-28T22:10:58.418+0000] {dagbag.py:545} INFO - Filling up the DagBag from /opt/airflow/dags/filter_questions.py
[2026-03-28T22:10:59.098+0000] {logging_mixin.py:188} WARNING - /opt/airflow/dags/filter_questions.py:8 FutureWarning: 

All support for the `google.generativeai` package has ended. It will no longer be receiving
updates or bug fixes. Please switch to the `google.genai` package as soon as possible.
See README for more details:

https://github.com/google-gemini/deprecated-generative-ai-python/blob/main/README.md
[2026-03-28T22:10:59.539+0000] {processor.py:840} INFO - DAG(s) 'dag_filter_questions' retrieved from /opt/airflow/dags/filter_questions.py
[2026-03-28T22:10:59.572+0000] {logging_mixin.py:188} INFO - [2026-03-28T22:10:59.572+0000] {dag.py:3096} INFO - Sync 1 DAGs
[2026-03-28T22:10:59.587+0000] {logging_mixin.py:188} INFO - [2026-03-28T22:10:59.587+0000] {dag.py:3954} INFO - Setting next_dagrun for dag_filter_questions to None, run_after=None
[2026-03-28T22:10:59.618+0000] {processor.py:183} INFO - Processing /opt/airflow/dags/filter_questions.py took 1.218 seconds
[2026-03-28T22:11:30.576+0000] {processor.py:161} INFO - Started process (PID=2009) to work on /opt/airflow/dags/filter_questions.py
[2026-03-28T22:11:30.577+0000] {processor.py:830} INFO - Processing file /opt/airflow/dags/filter_questions.py for tasks to queue
[2026-03-28T22:11:30.580+0000] {logging_mixin.py:188} INFO - [2026-03-28T22:11:30.580+0000] {dagbag.py:545} INFO - Filling up the DagBag from /opt/airflow/dags/filter_questions.py
[2026-03-28T22:11:31.978+0000] {logging_mixin.py:188} WARNING - /opt/airflow/dags/filter_questions.py:8 FutureWarning: 

All support for the `google.generativeai` package has ended. It will no longer be receiving
updates or bug fixes. Please switch to the `google.genai` package as soon as possible.
See README for more details:

https://github.com/google-gemini/deprecated-generative-ai-python/blob/main/README.md
[2026-03-28T22:11:34.393+0000] {processor.py:840} INFO - DAG(s) 'dag_filter_questions' retrieved from /opt/airflow/dags/filter_questions.py
[2026-03-28T22:11:34.698+0000] {logging_mixin.py:188} INFO - [2026-03-28T22:11:34.698+0000] {dag.py:3096} INFO - Sync 1 DAGs
[2026-03-28T22:11:34.757+0000] {logging_mixin.py:188} INFO - [2026-03-28T22:11:34.757+0000] {dag.py:3954} INFO - Setting next_dagrun for dag_filter_questions to None, run_after=None
[2026-03-28T22:11:34.836+0000] {processor.py:183} INFO - Processing /opt/airflow/dags/filter_questions.py took 4.268 seconds
[2026-03-28T22:11:37.044+0000] {processor.py:161} INFO - Started process (PID=2015) to work on /opt/airflow/dags/filter_questions.py
[2026-03-28T22:11:37.046+0000] {processor.py:830} INFO - Processing file /opt/airflow/dags/filter_questions.py for tasks to queue
[2026-03-28T22:11:37.048+0000] {logging_mixin.py:188} INFO - [2026-03-28T22:11:37.048+0000] {dagbag.py:545} INFO - Filling up the DagBag from /opt/airflow/dags/filter_questions.py
[2026-03-28T22:11:37.765+0000] {logging_mixin.py:188} WARNING - /opt/airflow/dags/filter_questions.py:8 FutureWarning: 

All support for the `google.generativeai` package has ended. It will no longer be receiving
updates or bug fixes. Please switch to the `google.genai` package as soon as possible.
See README for more details:

https://github.com/google-gemini/deprecated-generative-ai-python/blob/main/README.md
[2026-03-28T22:11:38.179+0000] {processor.py:840} INFO - DAG(s) 'dag_filter_questions' retrieved from /opt/airflow/dags/filter_questions.py
[2026-03-28T22:11:38.328+0000] {logging_mixin.py:188} INFO - [2026-03-28T22:11:38.327+0000] {dag.py:3096} INFO - Sync 1 DAGs
[2026-03-28T22:11:38.496+0000] {logging_mixin.py:188} INFO - [2026-03-28T22:11:38.496+0000] {dag.py:3954} INFO - Setting next_dagrun for dag_filter_questions to None, run_after=None
[2026-03-28T22:11:38.738+0000] {processor.py:183} INFO - Processing /opt/airflow/dags/filter_questions.py took 1.761 seconds
[2026-03-28T22:12:08.908+0000] {processor.py:161} INFO - Started process (PID=2032) to work on /opt/airflow/dags/filter_questions.py
[2026-03-28T22:12:08.913+0000] {processor.py:830} INFO - Processing file /opt/airflow/dags/filter_questions.py for tasks to queue
[2026-03-28T22:12:08.927+0000] {logging_mixin.py:188} INFO - [2026-03-28T22:12:08.925+0000] {dagbag.py:545} INFO - Filling up the DagBag from /opt/airflow/dags/filter_questions.py
