[2026-03-21T18:39:07.083+0000] {processor.py:161} INFO - Started process (PID=130) to work on /opt/airflow/dags/extract_data.py
[2026-03-21T18:39:07.086+0000] {processor.py:830} INFO - Processing file /opt/airflow/dags/extract_data.py for tasks to queue
[2026-03-21T18:39:07.135+0000] {logging_mixin.py:188} INFO - [2026-03-21T18:39:07.129+0000] {dagbag.py:545} INFO - Filling up the DagBag from /opt/airflow/dags/extract_data.py
[2026-03-21T18:39:07.199+0000] {logging_mixin.py:188} INFO - [2026-03-21T18:39:07.175+0000] {dagbag.py:355} ERROR - Failed to import: /opt/airflow/dags/extract_data.py
Traceback (most recent call last):
  File "/home/airflow/.local/lib/python3.12/site-packages/airflow/models/dagbag.py", line 351, in parse
    loader.exec_module(new_module)
  File "<frozen importlib._bootstrap_external>", line 995, in exec_module
  File "<frozen importlib._bootstrap>", line 488, in _call_with_frames_removed
  File "/opt/airflow/dags/extract_data.py", line 4, in <module>
    from airflow.operatos.bash import BashOperator
ModuleNotFoundError: No module named 'airflow.operatos'
[2026-03-21T18:39:07.201+0000] {processor.py:842} WARNING - No viable dags retrieved from /opt/airflow/dags/extract_data.py
[2026-03-21T18:39:07.345+0000] {processor.py:183} INFO - Processing /opt/airflow/dags/extract_data.py took 0.374 seconds
[2026-03-21T18:39:37.652+0000] {processor.py:161} INFO - Started process (PID=141) to work on /opt/airflow/dags/extract_data.py
[2026-03-21T18:39:37.654+0000] {processor.py:830} INFO - Processing file /opt/airflow/dags/extract_data.py for tasks to queue
[2026-03-21T18:39:37.657+0000] {logging_mixin.py:188} INFO - [2026-03-21T18:39:37.656+0000] {dagbag.py:545} INFO - Filling up the DagBag from /opt/airflow/dags/extract_data.py
[2026-03-21T18:39:37.667+0000] {logging_mixin.py:188} INFO - [2026-03-21T18:39:37.664+0000] {dagbag.py:355} ERROR - Failed to import: /opt/airflow/dags/extract_data.py
Traceback (most recent call last):
  File "/home/airflow/.local/lib/python3.12/site-packages/airflow/models/dagbag.py", line 351, in parse
    loader.exec_module(new_module)
  File "<frozen importlib._bootstrap_external>", line 995, in exec_module
  File "<frozen importlib._bootstrap>", line 488, in _call_with_frames_removed
  File "/opt/airflow/dags/extract_data.py", line 4, in <module>
    from airflow.operatos.bash import BashOperator
ModuleNotFoundError: No module named 'airflow.operatos'
[2026-03-21T18:39:37.669+0000] {processor.py:842} WARNING - No viable dags retrieved from /opt/airflow/dags/extract_data.py
[2026-03-21T18:39:37.708+0000] {processor.py:183} INFO - Processing /opt/airflow/dags/extract_data.py took 0.067 seconds
[2026-03-21T18:39:38.660+0000] {processor.py:161} INFO - Started process (PID=146) to work on /opt/airflow/dags/extract_data.py
[2026-03-21T18:39:38.661+0000] {processor.py:830} INFO - Processing file /opt/airflow/dags/extract_data.py for tasks to queue
[2026-03-21T18:39:38.670+0000] {logging_mixin.py:188} INFO - [2026-03-21T18:39:38.669+0000] {dagbag.py:545} INFO - Filling up the DagBag from /opt/airflow/dags/extract_data.py
[2026-03-21T18:39:38.684+0000] {logging_mixin.py:188} INFO - [2026-03-21T18:39:38.674+0000] {dagbag.py:355} ERROR - Failed to import: /opt/airflow/dags/extract_data.py
Traceback (most recent call last):
  File "/home/airflow/.local/lib/python3.12/site-packages/airflow/models/dagbag.py", line 351, in parse
    loader.exec_module(new_module)
  File "<frozen importlib._bootstrap_external>", line 991, in exec_module
  File "<frozen importlib._bootstrap_external>", line 1129, in get_code
  File "<frozen importlib._bootstrap_external>", line 1059, in source_to_code
  File "<frozen importlib._bootstrap>", line 488, in _call_with_frames_removed
  File "/opt/airflow/dags/extract_data.py", line 19
    ) as dag:
             ^
IndentationError: expected an indented block after 'with' statement on line 17
[2026-03-21T18:39:38.687+0000] {processor.py:842} WARNING - No viable dags retrieved from /opt/airflow/dags/extract_data.py
[2026-03-21T18:39:38.734+0000] {processor.py:183} INFO - Processing /opt/airflow/dags/extract_data.py took 0.082 seconds
[2026-03-21T18:39:42.811+0000] {processor.py:161} INFO - Started process (PID=157) to work on /opt/airflow/dags/extract_data.py
[2026-03-21T18:39:42.813+0000] {processor.py:830} INFO - Processing file /opt/airflow/dags/extract_data.py for tasks to queue
[2026-03-21T18:39:42.817+0000] {logging_mixin.py:188} INFO - [2026-03-21T18:39:42.816+0000] {dagbag.py:545} INFO - Filling up the DagBag from /opt/airflow/dags/extract_data.py
[2026-03-21T18:39:42.830+0000] {logging_mixin.py:188} INFO - [2026-03-21T18:39:42.828+0000] {dagbag.py:355} ERROR - Failed to import: /opt/airflow/dags/extract_data.py
Traceback (most recent call last):
  File "/home/airflow/.local/lib/python3.12/site-packages/airflow/models/dagbag.py", line 351, in parse
    loader.exec_module(new_module)
  File "<frozen importlib._bootstrap_external>", line 991, in exec_module
  File "<frozen importlib._bootstrap_external>", line 1129, in get_code
  File "<frozen importlib._bootstrap_external>", line 1059, in source_to_code
  File "<frozen importlib._bootstrap>", line 488, in _call_with_frames_removed
  File "/opt/airflow/dags/extract_data.py", line 20
    # tasks
           ^
IndentationError: expected an indented block after 'with' statement on line 17
[2026-03-21T18:39:42.831+0000] {processor.py:842} WARNING - No viable dags retrieved from /opt/airflow/dags/extract_data.py
[2026-03-21T18:39:42.869+0000] {processor.py:183} INFO - Processing /opt/airflow/dags/extract_data.py took 0.071 seconds
[2026-03-21T18:40:13.038+0000] {processor.py:161} INFO - Started process (PID=169) to work on /opt/airflow/dags/extract_data.py
[2026-03-21T18:40:13.040+0000] {processor.py:830} INFO - Processing file /opt/airflow/dags/extract_data.py for tasks to queue
[2026-03-21T18:40:13.044+0000] {logging_mixin.py:188} INFO - [2026-03-21T18:40:13.043+0000] {dagbag.py:545} INFO - Filling up the DagBag from /opt/airflow/dags/extract_data.py
[2026-03-21T18:40:13.048+0000] {logging_mixin.py:188} INFO - [2026-03-21T18:40:13.046+0000] {dagbag.py:355} ERROR - Failed to import: /opt/airflow/dags/extract_data.py
Traceback (most recent call last):
  File "/home/airflow/.local/lib/python3.12/site-packages/airflow/models/dagbag.py", line 351, in parse
    loader.exec_module(new_module)
  File "<frozen importlib._bootstrap_external>", line 991, in exec_module
  File "<frozen importlib._bootstrap_external>", line 1129, in get_code
  File "<frozen importlib._bootstrap_external>", line 1059, in source_to_code
  File "<frozen importlib._bootstrap>", line 488, in _call_with_frames_removed
  File "/opt/airflow/dags/extract_data.py", line 20
    # tasks
           ^
IndentationError: expected an indented block after 'with' statement on line 17
[2026-03-21T18:40:13.049+0000] {processor.py:842} WARNING - No viable dags retrieved from /opt/airflow/dags/extract_data.py
[2026-03-21T18:40:13.080+0000] {processor.py:183} INFO - Processing /opt/airflow/dags/extract_data.py took 0.051 seconds
[2026-03-21T18:40:43.314+0000] {processor.py:161} INFO - Started process (PID=180) to work on /opt/airflow/dags/extract_data.py
[2026-03-21T18:40:43.317+0000] {processor.py:830} INFO - Processing file /opt/airflow/dags/extract_data.py for tasks to queue
[2026-03-21T18:40:43.320+0000] {logging_mixin.py:188} INFO - [2026-03-21T18:40:43.319+0000] {dagbag.py:545} INFO - Filling up the DagBag from /opt/airflow/dags/extract_data.py
[2026-03-21T18:40:43.326+0000] {logging_mixin.py:188} INFO - [2026-03-21T18:40:43.324+0000] {dagbag.py:355} ERROR - Failed to import: /opt/airflow/dags/extract_data.py
Traceback (most recent call last):
  File "/home/airflow/.local/lib/python3.12/site-packages/airflow/models/dagbag.py", line 351, in parse
    loader.exec_module(new_module)
  File "<frozen importlib._bootstrap_external>", line 991, in exec_module
  File "<frozen importlib._bootstrap_external>", line 1129, in get_code
  File "<frozen importlib._bootstrap_external>", line 1059, in source_to_code
  File "<frozen importlib._bootstrap>", line 488, in _call_with_frames_removed
  File "/opt/airflow/dags/extract_data.py", line 20
    # tasks
           ^
IndentationError: expected an indented block after 'with' statement on line 17
[2026-03-21T18:40:43.327+0000] {processor.py:842} WARNING - No viable dags retrieved from /opt/airflow/dags/extract_data.py
[2026-03-21T18:40:43.354+0000] {processor.py:183} INFO - Processing /opt/airflow/dags/extract_data.py took 0.048 seconds
[2026-03-21T18:41:13.572+0000] {processor.py:161} INFO - Started process (PID=191) to work on /opt/airflow/dags/extract_data.py
[2026-03-21T18:41:13.574+0000] {processor.py:830} INFO - Processing file /opt/airflow/dags/extract_data.py for tasks to queue
[2026-03-21T18:41:13.577+0000] {logging_mixin.py:188} INFO - [2026-03-21T18:41:13.577+0000] {dagbag.py:545} INFO - Filling up the DagBag from /opt/airflow/dags/extract_data.py
[2026-03-21T18:41:13.582+0000] {logging_mixin.py:188} INFO - [2026-03-21T18:41:13.580+0000] {dagbag.py:355} ERROR - Failed to import: /opt/airflow/dags/extract_data.py
Traceback (most recent call last):
  File "/home/airflow/.local/lib/python3.12/site-packages/airflow/models/dagbag.py", line 351, in parse
    loader.exec_module(new_module)
  File "<frozen importlib._bootstrap_external>", line 991, in exec_module
  File "<frozen importlib._bootstrap_external>", line 1129, in get_code
  File "<frozen importlib._bootstrap_external>", line 1059, in source_to_code
  File "<frozen importlib._bootstrap>", line 488, in _call_with_frames_removed
  File "/opt/airflow/dags/extract_data.py", line 20
    # tasks
           ^
IndentationError: expected an indented block after 'with' statement on line 17
[2026-03-21T18:41:13.583+0000] {processor.py:842} WARNING - No viable dags retrieved from /opt/airflow/dags/extract_data.py
[2026-03-21T18:41:13.613+0000] {processor.py:183} INFO - Processing /opt/airflow/dags/extract_data.py took 0.049 seconds
[2026-03-21T18:41:43.823+0000] {processor.py:161} INFO - Started process (PID=203) to work on /opt/airflow/dags/extract_data.py
[2026-03-21T18:41:43.824+0000] {processor.py:830} INFO - Processing file /opt/airflow/dags/extract_data.py for tasks to queue
[2026-03-21T18:41:43.827+0000] {logging_mixin.py:188} INFO - [2026-03-21T18:41:43.826+0000] {dagbag.py:545} INFO - Filling up the DagBag from /opt/airflow/dags/extract_data.py
[2026-03-21T18:41:43.830+0000] {logging_mixin.py:188} INFO - [2026-03-21T18:41:43.829+0000] {dagbag.py:355} ERROR - Failed to import: /opt/airflow/dags/extract_data.py
Traceback (most recent call last):
  File "/home/airflow/.local/lib/python3.12/site-packages/airflow/models/dagbag.py", line 351, in parse
    loader.exec_module(new_module)
  File "<frozen importlib._bootstrap_external>", line 991, in exec_module
  File "<frozen importlib._bootstrap_external>", line 1129, in get_code
  File "<frozen importlib._bootstrap_external>", line 1059, in source_to_code
  File "<frozen importlib._bootstrap>", line 488, in _call_with_frames_removed
  File "/opt/airflow/dags/extract_data.py", line 20
    # tasks
           ^
IndentationError: expected an indented block after 'with' statement on line 17
[2026-03-21T18:41:43.831+0000] {processor.py:842} WARNING - No viable dags retrieved from /opt/airflow/dags/extract_data.py
[2026-03-21T18:41:43.858+0000] {processor.py:183} INFO - Processing /opt/airflow/dags/extract_data.py took 0.042 seconds
[2026-03-21T18:42:14.062+0000] {processor.py:161} INFO - Started process (PID=214) to work on /opt/airflow/dags/extract_data.py
[2026-03-21T18:42:14.063+0000] {processor.py:830} INFO - Processing file /opt/airflow/dags/extract_data.py for tasks to queue
[2026-03-21T18:42:14.066+0000] {logging_mixin.py:188} INFO - [2026-03-21T18:42:14.065+0000] {dagbag.py:545} INFO - Filling up the DagBag from /opt/airflow/dags/extract_data.py
[2026-03-21T18:42:14.070+0000] {logging_mixin.py:188} INFO - [2026-03-21T18:42:14.069+0000] {dagbag.py:355} ERROR - Failed to import: /opt/airflow/dags/extract_data.py
Traceback (most recent call last):
  File "/home/airflow/.local/lib/python3.12/site-packages/airflow/models/dagbag.py", line 351, in parse
    loader.exec_module(new_module)
  File "<frozen importlib._bootstrap_external>", line 991, in exec_module
  File "<frozen importlib._bootstrap_external>", line 1129, in get_code
  File "<frozen importlib._bootstrap_external>", line 1059, in source_to_code
  File "<frozen importlib._bootstrap>", line 488, in _call_with_frames_removed
  File "/opt/airflow/dags/extract_data.py", line 20
    # tasks
           ^
IndentationError: expected an indented block after 'with' statement on line 17
[2026-03-21T18:42:14.071+0000] {processor.py:842} WARNING - No viable dags retrieved from /opt/airflow/dags/extract_data.py
[2026-03-21T18:42:14.099+0000] {processor.py:183} INFO - Processing /opt/airflow/dags/extract_data.py took 0.044 seconds
[2026-03-21T18:42:44.321+0000] {processor.py:161} INFO - Started process (PID=225) to work on /opt/airflow/dags/extract_data.py
[2026-03-21T18:42:44.323+0000] {processor.py:830} INFO - Processing file /opt/airflow/dags/extract_data.py for tasks to queue
[2026-03-21T18:42:44.325+0000] {logging_mixin.py:188} INFO - [2026-03-21T18:42:44.325+0000] {dagbag.py:545} INFO - Filling up the DagBag from /opt/airflow/dags/extract_data.py
[2026-03-21T18:42:44.330+0000] {logging_mixin.py:188} INFO - [2026-03-21T18:42:44.328+0000] {dagbag.py:355} ERROR - Failed to import: /opt/airflow/dags/extract_data.py
Traceback (most recent call last):
  File "/home/airflow/.local/lib/python3.12/site-packages/airflow/models/dagbag.py", line 351, in parse
    loader.exec_module(new_module)
  File "<frozen importlib._bootstrap_external>", line 991, in exec_module
  File "<frozen importlib._bootstrap_external>", line 1129, in get_code
  File "<frozen importlib._bootstrap_external>", line 1059, in source_to_code
  File "<frozen importlib._bootstrap>", line 488, in _call_with_frames_removed
  File "/opt/airflow/dags/extract_data.py", line 20
    # tasks
           ^
IndentationError: expected an indented block after 'with' statement on line 17
[2026-03-21T18:42:44.330+0000] {processor.py:842} WARNING - No viable dags retrieved from /opt/airflow/dags/extract_data.py
[2026-03-21T18:42:44.357+0000] {processor.py:183} INFO - Processing /opt/airflow/dags/extract_data.py took 0.043 seconds
[2026-03-21T18:43:14.587+0000] {processor.py:161} INFO - Started process (PID=236) to work on /opt/airflow/dags/extract_data.py
[2026-03-21T18:43:14.590+0000] {processor.py:830} INFO - Processing file /opt/airflow/dags/extract_data.py for tasks to queue
[2026-03-21T18:43:14.592+0000] {logging_mixin.py:188} INFO - [2026-03-21T18:43:14.592+0000] {dagbag.py:545} INFO - Filling up the DagBag from /opt/airflow/dags/extract_data.py
[2026-03-21T18:43:14.597+0000] {logging_mixin.py:188} INFO - [2026-03-21T18:43:14.595+0000] {dagbag.py:355} ERROR - Failed to import: /opt/airflow/dags/extract_data.py
Traceback (most recent call last):
  File "/home/airflow/.local/lib/python3.12/site-packages/airflow/models/dagbag.py", line 351, in parse
    loader.exec_module(new_module)
  File "<frozen importlib._bootstrap_external>", line 991, in exec_module
  File "<frozen importlib._bootstrap_external>", line 1129, in get_code
  File "<frozen importlib._bootstrap_external>", line 1059, in source_to_code
  File "<frozen importlib._bootstrap>", line 488, in _call_with_frames_removed
  File "/opt/airflow/dags/extract_data.py", line 20
    # tasks
           ^
IndentationError: expected an indented block after 'with' statement on line 17
[2026-03-21T18:43:14.597+0000] {processor.py:842} WARNING - No viable dags retrieved from /opt/airflow/dags/extract_data.py
[2026-03-21T18:43:14.624+0000] {processor.py:183} INFO - Processing /opt/airflow/dags/extract_data.py took 0.046 seconds
[2026-03-21T18:43:44.823+0000] {processor.py:161} INFO - Started process (PID=247) to work on /opt/airflow/dags/extract_data.py
[2026-03-21T18:43:44.840+0000] {processor.py:830} INFO - Processing file /opt/airflow/dags/extract_data.py for tasks to queue
[2026-03-21T18:43:44.843+0000] {logging_mixin.py:188} INFO - [2026-03-21T18:43:44.842+0000] {dagbag.py:545} INFO - Filling up the DagBag from /opt/airflow/dags/extract_data.py
[2026-03-21T18:43:44.846+0000] {logging_mixin.py:188} INFO - [2026-03-21T18:43:44.845+0000] {dagbag.py:355} ERROR - Failed to import: /opt/airflow/dags/extract_data.py
Traceback (most recent call last):
  File "/home/airflow/.local/lib/python3.12/site-packages/airflow/models/dagbag.py", line 351, in parse
    loader.exec_module(new_module)
  File "<frozen importlib._bootstrap_external>", line 991, in exec_module
  File "<frozen importlib._bootstrap_external>", line 1129, in get_code
  File "<frozen importlib._bootstrap_external>", line 1059, in source_to_code
  File "<frozen importlib._bootstrap>", line 488, in _call_with_frames_removed
  File "/opt/airflow/dags/extract_data.py", line 20
    # tasks
           ^
IndentationError: expected an indented block after 'with' statement on line 17
[2026-03-21T18:43:44.847+0000] {processor.py:842} WARNING - No viable dags retrieved from /opt/airflow/dags/extract_data.py
[2026-03-21T18:43:44.874+0000] {processor.py:183} INFO - Processing /opt/airflow/dags/extract_data.py took 0.058 seconds
[2026-03-21T18:44:15.160+0000] {processor.py:161} INFO - Started process (PID=258) to work on /opt/airflow/dags/extract_data.py
[2026-03-21T18:44:15.169+0000] {processor.py:830} INFO - Processing file /opt/airflow/dags/extract_data.py for tasks to queue
[2026-03-21T18:44:15.172+0000] {logging_mixin.py:188} INFO - [2026-03-21T18:44:15.171+0000] {dagbag.py:545} INFO - Filling up the DagBag from /opt/airflow/dags/extract_data.py
[2026-03-21T18:44:15.177+0000] {logging_mixin.py:188} INFO - [2026-03-21T18:44:15.175+0000] {dagbag.py:355} ERROR - Failed to import: /opt/airflow/dags/extract_data.py
Traceback (most recent call last):
  File "/home/airflow/.local/lib/python3.12/site-packages/airflow/models/dagbag.py", line 351, in parse
    loader.exec_module(new_module)
  File "<frozen importlib._bootstrap_external>", line 991, in exec_module
  File "<frozen importlib._bootstrap_external>", line 1129, in get_code
  File "<frozen importlib._bootstrap_external>", line 1059, in source_to_code
  File "<frozen importlib._bootstrap>", line 488, in _call_with_frames_removed
  File "/opt/airflow/dags/extract_data.py", line 20
    # tasks
           ^
IndentationError: expected an indented block after 'with' statement on line 17
[2026-03-21T18:44:15.177+0000] {processor.py:842} WARNING - No viable dags retrieved from /opt/airflow/dags/extract_data.py
[2026-03-21T18:44:15.206+0000] {processor.py:183} INFO - Processing /opt/airflow/dags/extract_data.py took 0.052 seconds
[2026-03-21T18:44:45.405+0000] {processor.py:161} INFO - Started process (PID=268) to work on /opt/airflow/dags/extract_data.py
[2026-03-21T18:44:45.407+0000] {processor.py:830} INFO - Processing file /opt/airflow/dags/extract_data.py for tasks to queue
[2026-03-21T18:44:45.411+0000] {logging_mixin.py:188} INFO - [2026-03-21T18:44:45.410+0000] {dagbag.py:545} INFO - Filling up the DagBag from /opt/airflow/dags/extract_data.py
[2026-03-21T18:44:45.416+0000] {logging_mixin.py:188} INFO - [2026-03-21T18:44:45.414+0000] {dagbag.py:355} ERROR - Failed to import: /opt/airflow/dags/extract_data.py
Traceback (most recent call last):
  File "/home/airflow/.local/lib/python3.12/site-packages/airflow/models/dagbag.py", line 351, in parse
    loader.exec_module(new_module)
  File "<frozen importlib._bootstrap_external>", line 991, in exec_module
  File "<frozen importlib._bootstrap_external>", line 1129, in get_code
  File "<frozen importlib._bootstrap_external>", line 1059, in source_to_code
  File "<frozen importlib._bootstrap>", line 488, in _call_with_frames_removed
  File "/opt/airflow/dags/extract_data.py", line 20
    # tasks
           ^
IndentationError: expected an indented block after 'with' statement on line 17
[2026-03-21T18:44:45.417+0000] {processor.py:842} WARNING - No viable dags retrieved from /opt/airflow/dags/extract_data.py
[2026-03-21T18:44:45.449+0000] {processor.py:183} INFO - Processing /opt/airflow/dags/extract_data.py took 0.055 seconds
[2026-03-21T18:45:15.667+0000] {processor.py:161} INFO - Started process (PID=279) to work on /opt/airflow/dags/extract_data.py
[2026-03-21T18:45:15.669+0000] {processor.py:830} INFO - Processing file /opt/airflow/dags/extract_data.py for tasks to queue
[2026-03-21T18:45:15.673+0000] {logging_mixin.py:188} INFO - [2026-03-21T18:45:15.673+0000] {dagbag.py:545} INFO - Filling up the DagBag from /opt/airflow/dags/extract_data.py
[2026-03-21T18:45:15.677+0000] {logging_mixin.py:188} INFO - [2026-03-21T18:45:15.676+0000] {dagbag.py:355} ERROR - Failed to import: /opt/airflow/dags/extract_data.py
Traceback (most recent call last):
  File "/home/airflow/.local/lib/python3.12/site-packages/airflow/models/dagbag.py", line 351, in parse
    loader.exec_module(new_module)
  File "<frozen importlib._bootstrap_external>", line 991, in exec_module
  File "<frozen importlib._bootstrap_external>", line 1129, in get_code
  File "<frozen importlib._bootstrap_external>", line 1059, in source_to_code
  File "<frozen importlib._bootstrap>", line 488, in _call_with_frames_removed
  File "/opt/airflow/dags/extract_data.py", line 20
    # tasks
           ^
IndentationError: expected an indented block after 'with' statement on line 17
[2026-03-21T18:45:15.678+0000] {processor.py:842} WARNING - No viable dags retrieved from /opt/airflow/dags/extract_data.py
[2026-03-21T18:45:15.705+0000] {processor.py:183} INFO - Processing /opt/airflow/dags/extract_data.py took 0.045 seconds
[2026-03-21T18:46:33.297+0000] {processor.py:161} INFO - Started process (PID=65) to work on /opt/airflow/dags/extract_data.py
[2026-03-21T18:46:33.299+0000] {processor.py:830} INFO - Processing file /opt/airflow/dags/extract_data.py for tasks to queue
[2026-03-21T18:46:33.310+0000] {logging_mixin.py:188} INFO - [2026-03-21T18:46:33.309+0000] {dagbag.py:545} INFO - Filling up the DagBag from /opt/airflow/dags/extract_data.py
[2026-03-21T18:46:33.331+0000] {logging_mixin.py:188} INFO - [2026-03-21T18:46:33.325+0000] {dagbag.py:355} ERROR - Failed to import: /opt/airflow/dags/extract_data.py
Traceback (most recent call last):
  File "/home/airflow/.local/lib/python3.12/site-packages/airflow/models/dagbag.py", line 351, in parse
    loader.exec_module(new_module)
  File "<frozen importlib._bootstrap_external>", line 995, in exec_module
  File "<frozen importlib._bootstrap>", line 488, in _call_with_frames_removed
  File "/opt/airflow/dags/extract_data.py", line 4, in <module>
    from airflow.operatos.bash import BashOperator
ModuleNotFoundError: No module named 'airflow.operatos'
[2026-03-21T18:46:33.335+0000] {processor.py:842} WARNING - No viable dags retrieved from /opt/airflow/dags/extract_data.py
[2026-03-21T18:46:33.379+0000] {processor.py:183} INFO - Processing /opt/airflow/dags/extract_data.py took 0.093 seconds
[2026-03-21T18:46:38.493+0000] {processor.py:161} INFO - Started process (PID=77) to work on /opt/airflow/dags/extract_data.py
[2026-03-21T18:46:38.500+0000] {processor.py:830} INFO - Processing file /opt/airflow/dags/extract_data.py for tasks to queue
[2026-03-21T18:46:38.510+0000] {logging_mixin.py:188} INFO - [2026-03-21T18:46:38.505+0000] {dagbag.py:545} INFO - Filling up the DagBag from /opt/airflow/dags/extract_data.py
[2026-03-21T18:46:38.540+0000] {logging_mixin.py:188} INFO - [2026-03-21T18:46:38.538+0000] {dagbag.py:355} ERROR - Failed to import: /opt/airflow/dags/extract_data.py
Traceback (most recent call last):
  File "/home/airflow/.local/lib/python3.12/site-packages/airflow/models/dagbag.py", line 351, in parse
    loader.exec_module(new_module)
  File "<frozen importlib._bootstrap_external>", line 995, in exec_module
  File "<frozen importlib._bootstrap>", line 488, in _call_with_frames_removed
  File "/opt/airflow/dags/extract_data.py", line 4, in <module>
    from airflow.operatos.bash import BashOperator
ModuleNotFoundError: No module named 'airflow.operatos'
[2026-03-21T18:46:38.553+0000] {processor.py:842} WARNING - No viable dags retrieved from /opt/airflow/dags/extract_data.py
[2026-03-21T18:46:38.650+0000] {processor.py:183} INFO - Processing /opt/airflow/dags/extract_data.py took 0.187 seconds
[2026-03-21T18:46:43.598+0000] {processor.py:161} INFO - Started process (PID=82) to work on /opt/airflow/dags/extract_data.py
[2026-03-21T18:46:43.600+0000] {processor.py:830} INFO - Processing file /opt/airflow/dags/extract_data.py for tasks to queue
[2026-03-21T18:46:43.603+0000] {logging_mixin.py:188} INFO - [2026-03-21T18:46:43.603+0000] {dagbag.py:545} INFO - Filling up the DagBag from /opt/airflow/dags/extract_data.py
[2026-03-21T18:46:43.608+0000] {logging_mixin.py:188} INFO - [2026-03-21T18:46:43.607+0000] {dagbag.py:355} ERROR - Failed to import: /opt/airflow/dags/extract_data.py
Traceback (most recent call last):
  File "/home/airflow/.local/lib/python3.12/site-packages/airflow/models/dagbag.py", line 351, in parse
    loader.exec_module(new_module)
  File "<frozen importlib._bootstrap_external>", line 995, in exec_module
  File "<frozen importlib._bootstrap>", line 488, in _call_with_frames_removed
  File "/opt/airflow/dags/extract_data.py", line 4, in <module>
    from airflow.operatos.bash import BashOperator
ModuleNotFoundError: No module named 'airflow.operatos'
[2026-03-21T18:46:43.609+0000] {processor.py:842} WARNING - No viable dags retrieved from /opt/airflow/dags/extract_data.py
[2026-03-21T18:46:43.643+0000] {processor.py:183} INFO - Processing /opt/airflow/dags/extract_data.py took 0.057 seconds
[2026-03-21T18:46:55.668+0000] {processor.py:161} INFO - Started process (PID=87) to work on /opt/airflow/dags/extract_data.py
[2026-03-21T18:46:55.670+0000] {processor.py:830} INFO - Processing file /opt/airflow/dags/extract_data.py for tasks to queue
[2026-03-21T18:46:55.673+0000] {logging_mixin.py:188} INFO - [2026-03-21T18:46:55.672+0000] {dagbag.py:545} INFO - Filling up the DagBag from /opt/airflow/dags/extract_data.py
[2026-03-21T18:46:55.680+0000] {logging_mixin.py:188} INFO - [2026-03-21T18:46:55.678+0000] {dagbag.py:355} ERROR - Failed to import: /opt/airflow/dags/extract_data.py
Traceback (most recent call last):
  File "/home/airflow/.local/lib/python3.12/site-packages/airflow/models/dagbag.py", line 351, in parse
    loader.exec_module(new_module)
  File "<frozen importlib._bootstrap_external>", line 995, in exec_module
  File "<frozen importlib._bootstrap>", line 488, in _call_with_frames_removed
  File "/opt/airflow/dags/extract_data.py", line 4, in <module>
    from airflow.operatos.bash import BashOperator
ModuleNotFoundError: No module named 'airflow.operatos'
[2026-03-21T18:46:55.681+0000] {processor.py:842} WARNING - No viable dags retrieved from /opt/airflow/dags/extract_data.py
[2026-03-21T18:46:55.758+0000] {processor.py:183} INFO - Processing /opt/airflow/dags/extract_data.py took 0.099 seconds
[2026-03-21T18:47:04.880+0000] {processor.py:161} INFO - Started process (PID=92) to work on /opt/airflow/dags/extract_data.py
[2026-03-21T18:47:04.881+0000] {processor.py:830} INFO - Processing file /opt/airflow/dags/extract_data.py for tasks to queue
[2026-03-21T18:47:04.883+0000] {logging_mixin.py:188} INFO - [2026-03-21T18:47:04.882+0000] {dagbag.py:545} INFO - Filling up the DagBag from /opt/airflow/dags/extract_data.py
[2026-03-21T18:47:04.887+0000] {logging_mixin.py:188} INFO - [2026-03-21T18:47:04.886+0000] {dagbag.py:355} ERROR - Failed to import: /opt/airflow/dags/extract_data.py
Traceback (most recent call last):
  File "/home/airflow/.local/lib/python3.12/site-packages/airflow/models/dagbag.py", line 351, in parse
    loader.exec_module(new_module)
  File "<frozen importlib._bootstrap_external>", line 995, in exec_module
  File "<frozen importlib._bootstrap>", line 488, in _call_with_frames_removed
  File "/opt/airflow/dags/extract_data.py", line 4, in <module>
    from airflow.operatos.bash import BashOperator
ModuleNotFoundError: No module named 'airflow.operatos'
[2026-03-21T18:47:04.888+0000] {processor.py:842} WARNING - No viable dags retrieved from /opt/airflow/dags/extract_data.py
[2026-03-21T18:47:04.915+0000] {processor.py:183} INFO - Processing /opt/airflow/dags/extract_data.py took 0.043 seconds
[2026-03-21T18:47:12.979+0000] {processor.py:161} INFO - Started process (PID=103) to work on /opt/airflow/dags/extract_data.py
[2026-03-21T18:47:12.980+0000] {processor.py:830} INFO - Processing file /opt/airflow/dags/extract_data.py for tasks to queue
[2026-03-21T18:47:12.982+0000] {logging_mixin.py:188} INFO - [2026-03-21T18:47:12.982+0000] {dagbag.py:545} INFO - Filling up the DagBag from /opt/airflow/dags/extract_data.py
[2026-03-21T18:47:12.988+0000] {logging_mixin.py:188} INFO - [2026-03-21T18:47:12.986+0000] {dagbag.py:355} ERROR - Failed to import: /opt/airflow/dags/extract_data.py
Traceback (most recent call last):
  File "/home/airflow/.local/lib/python3.12/site-packages/airflow/models/dagbag.py", line 351, in parse
    loader.exec_module(new_module)
  File "<frozen importlib._bootstrap_external>", line 995, in exec_module
  File "<frozen importlib._bootstrap>", line 488, in _call_with_frames_removed
  File "/opt/airflow/dags/extract_data.py", line 4, in <module>
    from airflow.operatos.bash import BashOperator
ModuleNotFoundError: No module named 'airflow.operatos'
[2026-03-21T18:47:12.989+0000] {processor.py:842} WARNING - No viable dags retrieved from /opt/airflow/dags/extract_data.py
[2026-03-21T18:47:13.021+0000] {processor.py:183} INFO - Processing /opt/airflow/dags/extract_data.py took 0.050 seconds
[2026-03-21T18:47:34.268+0000] {processor.py:161} INFO - Started process (PID=108) to work on /opt/airflow/dags/extract_data.py
[2026-03-21T18:47:34.270+0000] {processor.py:830} INFO - Processing file /opt/airflow/dags/extract_data.py for tasks to queue
[2026-03-21T18:47:34.273+0000] {logging_mixin.py:188} INFO - [2026-03-21T18:47:34.272+0000] {dagbag.py:545} INFO - Filling up the DagBag from /opt/airflow/dags/extract_data.py
[2026-03-21T18:47:34.278+0000] {logging_mixin.py:188} INFO - [2026-03-21T18:47:34.277+0000] {dagbag.py:355} ERROR - Failed to import: /opt/airflow/dags/extract_data.py
Traceback (most recent call last):
  File "/home/airflow/.local/lib/python3.12/site-packages/airflow/models/dagbag.py", line 351, in parse
    loader.exec_module(new_module)
  File "<frozen importlib._bootstrap_external>", line 995, in exec_module
  File "<frozen importlib._bootstrap>", line 488, in _call_with_frames_removed
  File "/opt/airflow/dags/extract_data.py", line 4, in <module>
    from airflow.operatos.bash import BashOperator
ModuleNotFoundError: No module named 'airflow.operatos'
[2026-03-21T18:47:34.279+0000] {processor.py:842} WARNING - No viable dags retrieved from /opt/airflow/dags/extract_data.py
[2026-03-21T18:47:34.318+0000] {processor.py:183} INFO - Processing /opt/airflow/dags/extract_data.py took 0.061 seconds
[2026-03-21T18:48:04.462+0000] {processor.py:161} INFO - Started process (PID=119) to work on /opt/airflow/dags/extract_data.py
[2026-03-21T18:48:04.463+0000] {processor.py:830} INFO - Processing file /opt/airflow/dags/extract_data.py for tasks to queue
[2026-03-21T18:48:04.466+0000] {logging_mixin.py:188} INFO - [2026-03-21T18:48:04.465+0000] {dagbag.py:545} INFO - Filling up the DagBag from /opt/airflow/dags/extract_data.py
[2026-03-21T18:48:04.469+0000] {logging_mixin.py:188} INFO - [2026-03-21T18:48:04.468+0000] {dagbag.py:355} ERROR - Failed to import: /opt/airflow/dags/extract_data.py
Traceback (most recent call last):
  File "/home/airflow/.local/lib/python3.12/site-packages/airflow/models/dagbag.py", line 351, in parse
    loader.exec_module(new_module)
  File "<frozen importlib._bootstrap_external>", line 995, in exec_module
  File "<frozen importlib._bootstrap>", line 488, in _call_with_frames_removed
  File "/opt/airflow/dags/extract_data.py", line 4, in <module>
    from airflow.operatos.bash import BashOperator
ModuleNotFoundError: No module named 'airflow.operatos'
[2026-03-21T18:48:04.470+0000] {processor.py:842} WARNING - No viable dags retrieved from /opt/airflow/dags/extract_data.py
[2026-03-21T18:48:04.503+0000] {processor.py:183} INFO - Processing /opt/airflow/dags/extract_data.py took 0.051 seconds
[2026-03-21T18:48:34.784+0000] {processor.py:161} INFO - Started process (PID=130) to work on /opt/airflow/dags/extract_data.py
[2026-03-21T18:48:34.785+0000] {processor.py:830} INFO - Processing file /opt/airflow/dags/extract_data.py for tasks to queue
[2026-03-21T18:48:34.788+0000] {logging_mixin.py:188} INFO - [2026-03-21T18:48:34.787+0000] {dagbag.py:545} INFO - Filling up the DagBag from /opt/airflow/dags/extract_data.py
[2026-03-21T18:48:34.796+0000] {logging_mixin.py:188} INFO - [2026-03-21T18:48:34.794+0000] {dagbag.py:355} ERROR - Failed to import: /opt/airflow/dags/extract_data.py
Traceback (most recent call last):
  File "/home/airflow/.local/lib/python3.12/site-packages/airflow/models/dagbag.py", line 351, in parse
    loader.exec_module(new_module)
  File "<frozen importlib._bootstrap_external>", line 995, in exec_module
  File "<frozen importlib._bootstrap>", line 488, in _call_with_frames_removed
  File "/opt/airflow/dags/extract_data.py", line 4, in <module>
    from airflow.operatos.bash import BashOperator
ModuleNotFoundError: No module named 'airflow.operatos'
[2026-03-21T18:48:34.796+0000] {processor.py:842} WARNING - No viable dags retrieved from /opt/airflow/dags/extract_data.py
[2026-03-21T18:48:34.830+0000] {processor.py:183} INFO - Processing /opt/airflow/dags/extract_data.py took 0.053 seconds
[2026-03-21T18:49:34.400+0000] {processor.py:161} INFO - Started process (PID=66) to work on /opt/airflow/dags/extract_data.py
[2026-03-21T18:49:34.407+0000] {processor.py:830} INFO - Processing file /opt/airflow/dags/extract_data.py for tasks to queue
[2026-03-21T18:49:34.427+0000] {logging_mixin.py:188} INFO - [2026-03-21T18:49:34.426+0000] {dagbag.py:545} INFO - Filling up the DagBag from /opt/airflow/dags/extract_data.py
[2026-03-21T18:49:34.536+0000] {processor.py:840} INFO - DAG(s) 'dag_teste' retrieved from /opt/airflow/dags/extract_data.py
[2026-03-21T18:49:35.988+0000] {logging_mixin.py:188} INFO - [2026-03-21T18:49:35.985+0000] {override.py:1829} INFO - Created Permission View: can read on DAG:dag_teste
[2026-03-21T18:49:36.052+0000] {logging_mixin.py:188} INFO - [2026-03-21T18:49:36.048+0000] {override.py:1829} INFO - Created Permission View: can delete on DAG:dag_teste
[2026-03-21T18:49:36.104+0000] {logging_mixin.py:188} INFO - [2026-03-21T18:49:36.103+0000] {override.py:1829} INFO - Created Permission View: can edit on DAG:dag_teste
[2026-03-21T18:49:36.106+0000] {logging_mixin.py:188} INFO - [2026-03-21T18:49:36.105+0000] {dag.py:3096} INFO - Sync 1 DAGs
[2026-03-21T18:49:36.199+0000] {logging_mixin.py:188} INFO - [2026-03-21T18:49:36.199+0000] {dag.py:3118} INFO - Creating ORM DAG for dag_teste
[2026-03-21T18:49:36.378+0000] {logging_mixin.py:188} INFO - [2026-03-21T18:49:36.376+0000] {dag.py:3954} INFO - Setting next_dagrun for dag_teste to 2024-06-01 00:00:00+00:00, run_after=2024-06-02 00:00:00+00:00
[2026-03-21T18:49:36.611+0000] {processor.py:183} INFO - Processing /opt/airflow/dags/extract_data.py took 2.232 seconds
[2026-03-21T18:49:50.652+0000] {processor.py:161} INFO - Started process (PID=77) to work on /opt/airflow/dags/extract_data.py
[2026-03-21T18:49:50.653+0000] {processor.py:830} INFO - Processing file /opt/airflow/dags/extract_data.py for tasks to queue
[2026-03-21T18:49:50.657+0000] {logging_mixin.py:188} INFO - [2026-03-21T18:49:50.656+0000] {dagbag.py:545} INFO - Filling up the DagBag from /opt/airflow/dags/extract_data.py
[2026-03-21T18:49:50.677+0000] {processor.py:840} INFO - DAG(s) 'dag_teste' retrieved from /opt/airflow/dags/extract_data.py
[2026-03-21T18:49:50.702+0000] {logging_mixin.py:188} INFO - [2026-03-21T18:49:50.701+0000] {dag.py:3096} INFO - Sync 1 DAGs
[2026-03-21T18:49:50.741+0000] {logging_mixin.py:188} INFO - [2026-03-21T18:49:50.740+0000] {dag.py:3954} INFO - Setting next_dagrun for dag_teste to 2024-06-01 00:00:00+00:00, run_after=2024-06-02 00:00:00+00:00
[2026-03-21T18:49:50.782+0000] {processor.py:183} INFO - Processing /opt/airflow/dags/extract_data.py took 0.139 seconds
[2026-03-21T18:50:05.999+0000] {processor.py:161} INFO - Started process (PID=82) to work on /opt/airflow/dags/extract_data.py
[2026-03-21T18:50:06.004+0000] {processor.py:830} INFO - Processing file /opt/airflow/dags/extract_data.py for tasks to queue
[2026-03-21T18:50:06.008+0000] {logging_mixin.py:188} INFO - [2026-03-21T18:50:06.007+0000] {dagbag.py:545} INFO - Filling up the DagBag from /opt/airflow/dags/extract_data.py
[2026-03-21T18:50:06.031+0000] {processor.py:840} INFO - DAG(s) 'dag_teste' retrieved from /opt/airflow/dags/extract_data.py
[2026-03-21T18:50:06.268+0000] {logging_mixin.py:188} INFO - [2026-03-21T18:50:06.268+0000] {dag.py:3096} INFO - Sync 1 DAGs
[2026-03-21T18:50:06.297+0000] {logging_mixin.py:188} INFO - [2026-03-21T18:50:06.296+0000] {dag.py:3954} INFO - Setting next_dagrun for dag_teste to 2024-06-01 00:00:00+00:00, run_after=2024-06-02 00:00:00+00:00
[2026-03-21T18:50:06.328+0000] {processor.py:183} INFO - Processing /opt/airflow/dags/extract_data.py took 0.353 seconds
[2026-03-21T18:50:36.581+0000] {processor.py:161} INFO - Started process (PID=93) to work on /opt/airflow/dags/extract_data.py
[2026-03-21T18:50:36.583+0000] {processor.py:830} INFO - Processing file /opt/airflow/dags/extract_data.py for tasks to queue
[2026-03-21T18:50:36.586+0000] {logging_mixin.py:188} INFO - [2026-03-21T18:50:36.585+0000] {dagbag.py:545} INFO - Filling up the DagBag from /opt/airflow/dags/extract_data.py
[2026-03-21T18:50:36.600+0000] {processor.py:840} INFO - DAG(s) 'dag_teste' retrieved from /opt/airflow/dags/extract_data.py
[2026-03-21T18:50:36.639+0000] {logging_mixin.py:188} INFO - [2026-03-21T18:50:36.638+0000] {dag.py:3096} INFO - Sync 1 DAGs
[2026-03-21T18:50:36.666+0000] {logging_mixin.py:188} INFO - [2026-03-21T18:50:36.666+0000] {dag.py:3954} INFO - Setting next_dagrun for dag_teste to 2024-06-01 00:00:00+00:00, run_after=2024-06-02 00:00:00+00:00
[2026-03-21T18:50:36.690+0000] {processor.py:183} INFO - Processing /opt/airflow/dags/extract_data.py took 0.117 seconds
[2026-03-21T18:51:06.805+0000] {processor.py:161} INFO - Started process (PID=104) to work on /opt/airflow/dags/extract_data.py
[2026-03-21T18:51:06.806+0000] {processor.py:830} INFO - Processing file /opt/airflow/dags/extract_data.py for tasks to queue
[2026-03-21T18:51:06.808+0000] {logging_mixin.py:188} INFO - [2026-03-21T18:51:06.808+0000] {dagbag.py:545} INFO - Filling up the DagBag from /opt/airflow/dags/extract_data.py
[2026-03-21T18:51:06.820+0000] {processor.py:840} INFO - DAG(s) 'dag_teste' retrieved from /opt/airflow/dags/extract_data.py
[2026-03-21T18:51:06.858+0000] {logging_mixin.py:188} INFO - [2026-03-21T18:51:06.858+0000] {dag.py:3096} INFO - Sync 1 DAGs
[2026-03-21T18:51:06.887+0000] {logging_mixin.py:188} INFO - [2026-03-21T18:51:06.887+0000] {dag.py:3954} INFO - Setting next_dagrun for dag_teste to 2024-06-01 00:00:00+00:00, run_after=2024-06-02 00:00:00+00:00
[2026-03-21T18:51:06.915+0000] {processor.py:183} INFO - Processing /opt/airflow/dags/extract_data.py took 0.119 seconds
[2026-03-21T18:51:37.156+0000] {processor.py:161} INFO - Started process (PID=115) to work on /opt/airflow/dags/extract_data.py
[2026-03-21T18:51:37.157+0000] {processor.py:830} INFO - Processing file /opt/airflow/dags/extract_data.py for tasks to queue
[2026-03-21T18:51:37.160+0000] {logging_mixin.py:188} INFO - [2026-03-21T18:51:37.159+0000] {dagbag.py:545} INFO - Filling up the DagBag from /opt/airflow/dags/extract_data.py
[2026-03-21T18:51:37.172+0000] {processor.py:840} INFO - DAG(s) 'dag_teste' retrieved from /opt/airflow/dags/extract_data.py
[2026-03-21T18:51:37.208+0000] {logging_mixin.py:188} INFO - [2026-03-21T18:51:37.207+0000] {dag.py:3096} INFO - Sync 1 DAGs
[2026-03-21T18:51:37.239+0000] {logging_mixin.py:188} INFO - [2026-03-21T18:51:37.239+0000] {dag.py:3954} INFO - Setting next_dagrun for dag_teste to 2024-06-01 00:00:00+00:00, run_after=2024-06-02 00:00:00+00:00
[2026-03-21T18:51:37.262+0000] {processor.py:183} INFO - Processing /opt/airflow/dags/extract_data.py took 0.114 seconds
[2026-03-21T18:52:07.414+0000] {processor.py:161} INFO - Started process (PID=125) to work on /opt/airflow/dags/extract_data.py
[2026-03-21T18:52:07.420+0000] {processor.py:830} INFO - Processing file /opt/airflow/dags/extract_data.py for tasks to queue
[2026-03-21T18:52:07.422+0000] {logging_mixin.py:188} INFO - [2026-03-21T18:52:07.422+0000] {dagbag.py:545} INFO - Filling up the DagBag from /opt/airflow/dags/extract_data.py
[2026-03-21T18:52:07.438+0000] {processor.py:840} INFO - DAG(s) 'dag_teste' retrieved from /opt/airflow/dags/extract_data.py
[2026-03-21T18:52:07.560+0000] {logging_mixin.py:188} INFO - [2026-03-21T18:52:07.560+0000] {dag.py:3096} INFO - Sync 1 DAGs
[2026-03-21T18:52:07.598+0000] {logging_mixin.py:188} INFO - [2026-03-21T18:52:07.597+0000] {dag.py:3954} INFO - Setting next_dagrun for dag_teste to 2024-06-01 00:00:00+00:00, run_after=2024-06-02 00:00:00+00:00
[2026-03-21T18:52:07.623+0000] {processor.py:183} INFO - Processing /opt/airflow/dags/extract_data.py took 0.218 seconds
[2026-03-21T18:52:37.814+0000] {processor.py:161} INFO - Started process (PID=136) to work on /opt/airflow/dags/extract_data.py
[2026-03-21T18:52:37.817+0000] {processor.py:830} INFO - Processing file /opt/airflow/dags/extract_data.py for tasks to queue
[2026-03-21T18:52:37.820+0000] {logging_mixin.py:188} INFO - [2026-03-21T18:52:37.819+0000] {dagbag.py:545} INFO - Filling up the DagBag from /opt/airflow/dags/extract_data.py
[2026-03-21T18:52:37.838+0000] {processor.py:840} INFO - DAG(s) 'dag_teste' retrieved from /opt/airflow/dags/extract_data.py
[2026-03-21T18:52:37.885+0000] {logging_mixin.py:188} INFO - [2026-03-21T18:52:37.885+0000] {dag.py:3096} INFO - Sync 1 DAGs
[2026-03-21T18:52:37.922+0000] {logging_mixin.py:188} INFO - [2026-03-21T18:52:37.922+0000] {dag.py:3954} INFO - Setting next_dagrun for dag_teste to 2024-06-01 00:00:00+00:00, run_after=2024-06-02 00:00:00+00:00
[2026-03-21T18:52:37.987+0000] {processor.py:183} INFO - Processing /opt/airflow/dags/extract_data.py took 0.185 seconds
[2026-03-21T18:53:08.231+0000] {processor.py:161} INFO - Started process (PID=147) to work on /opt/airflow/dags/extract_data.py
[2026-03-21T18:53:08.233+0000] {processor.py:830} INFO - Processing file /opt/airflow/dags/extract_data.py for tasks to queue
[2026-03-21T18:53:08.235+0000] {logging_mixin.py:188} INFO - [2026-03-21T18:53:08.235+0000] {dagbag.py:545} INFO - Filling up the DagBag from /opt/airflow/dags/extract_data.py
[2026-03-21T18:53:08.251+0000] {processor.py:840} INFO - DAG(s) 'dag_teste' retrieved from /opt/airflow/dags/extract_data.py
[2026-03-21T18:53:08.305+0000] {logging_mixin.py:188} INFO - [2026-03-21T18:53:08.305+0000] {dag.py:3096} INFO - Sync 1 DAGs
[2026-03-21T18:53:08.341+0000] {logging_mixin.py:188} INFO - [2026-03-21T18:53:08.341+0000] {dag.py:3954} INFO - Setting next_dagrun for dag_teste to 2024-06-01 00:00:00+00:00, run_after=2024-06-02 00:00:00+00:00
[2026-03-21T18:53:08.375+0000] {processor.py:183} INFO - Processing /opt/airflow/dags/extract_data.py took 0.152 seconds
[2026-03-21T18:53:38.584+0000] {processor.py:161} INFO - Started process (PID=158) to work on /opt/airflow/dags/extract_data.py
[2026-03-21T18:53:38.586+0000] {processor.py:830} INFO - Processing file /opt/airflow/dags/extract_data.py for tasks to queue
[2026-03-21T18:53:38.589+0000] {logging_mixin.py:188} INFO - [2026-03-21T18:53:38.588+0000] {dagbag.py:545} INFO - Filling up the DagBag from /opt/airflow/dags/extract_data.py
[2026-03-21T18:53:38.617+0000] {processor.py:840} INFO - DAG(s) 'dag_teste' retrieved from /opt/airflow/dags/extract_data.py
[2026-03-21T18:53:38.680+0000] {logging_mixin.py:188} INFO - [2026-03-21T18:53:38.679+0000] {dag.py:3096} INFO - Sync 1 DAGs
[2026-03-21T18:53:38.724+0000] {logging_mixin.py:188} INFO - [2026-03-21T18:53:38.724+0000] {dag.py:3954} INFO - Setting next_dagrun for dag_teste to 2024-06-01 00:00:00+00:00, run_after=2024-06-02 00:00:00+00:00
[2026-03-21T18:53:38.761+0000] {processor.py:183} INFO - Processing /opt/airflow/dags/extract_data.py took 0.190 seconds
[2026-03-21T18:54:08.902+0000] {processor.py:161} INFO - Started process (PID=169) to work on /opt/airflow/dags/extract_data.py
[2026-03-21T18:54:08.905+0000] {processor.py:830} INFO - Processing file /opt/airflow/dags/extract_data.py for tasks to queue
[2026-03-21T18:54:08.909+0000] {logging_mixin.py:188} INFO - [2026-03-21T18:54:08.908+0000] {dagbag.py:545} INFO - Filling up the DagBag from /opt/airflow/dags/extract_data.py
[2026-03-21T18:54:08.923+0000] {processor.py:840} INFO - DAG(s) 'dag_teste' retrieved from /opt/airflow/dags/extract_data.py
[2026-03-21T18:54:08.968+0000] {logging_mixin.py:188} INFO - [2026-03-21T18:54:08.967+0000] {dag.py:3096} INFO - Sync 1 DAGs
[2026-03-21T18:54:09.006+0000] {logging_mixin.py:188} INFO - [2026-03-21T18:54:09.006+0000] {dag.py:3954} INFO - Setting next_dagrun for dag_teste to 2024-06-01 00:00:00+00:00, run_after=2024-06-02 00:00:00+00:00
[2026-03-21T18:54:09.042+0000] {processor.py:183} INFO - Processing /opt/airflow/dags/extract_data.py took 0.150 seconds
[2026-03-21T18:54:39.334+0000] {processor.py:161} INFO - Started process (PID=180) to work on /opt/airflow/dags/extract_data.py
[2026-03-21T18:54:39.337+0000] {processor.py:830} INFO - Processing file /opt/airflow/dags/extract_data.py for tasks to queue
[2026-03-21T18:54:39.340+0000] {logging_mixin.py:188} INFO - [2026-03-21T18:54:39.339+0000] {dagbag.py:545} INFO - Filling up the DagBag from /opt/airflow/dags/extract_data.py
[2026-03-21T18:54:39.355+0000] {processor.py:840} INFO - DAG(s) 'dag_teste' retrieved from /opt/airflow/dags/extract_data.py
[2026-03-21T18:54:39.395+0000] {logging_mixin.py:188} INFO - [2026-03-21T18:54:39.394+0000] {dag.py:3096} INFO - Sync 1 DAGs
[2026-03-21T18:54:39.443+0000] {logging_mixin.py:188} INFO - [2026-03-21T18:54:39.442+0000] {dag.py:3954} INFO - Setting next_dagrun for dag_teste to 2024-06-01 00:00:00+00:00, run_after=2024-06-02 00:00:00+00:00
[2026-03-21T18:54:39.483+0000] {processor.py:183} INFO - Processing /opt/airflow/dags/extract_data.py took 0.161 seconds
[2026-03-21T18:55:09.540+0000] {processor.py:161} INFO - Started process (PID=192) to work on /opt/airflow/dags/extract_data.py
[2026-03-21T18:55:09.542+0000] {processor.py:830} INFO - Processing file /opt/airflow/dags/extract_data.py for tasks to queue
[2026-03-21T18:55:09.544+0000] {logging_mixin.py:188} INFO - [2026-03-21T18:55:09.544+0000] {dagbag.py:545} INFO - Filling up the DagBag from /opt/airflow/dags/extract_data.py
[2026-03-21T18:55:09.555+0000] {processor.py:840} INFO - DAG(s) 'dag_teste' retrieved from /opt/airflow/dags/extract_data.py
[2026-03-21T18:55:09.596+0000] {logging_mixin.py:188} INFO - [2026-03-21T18:55:09.596+0000] {dag.py:3096} INFO - Sync 1 DAGs
[2026-03-21T18:55:09.625+0000] {logging_mixin.py:188} INFO - [2026-03-21T18:55:09.625+0000] {dag.py:3954} INFO - Setting next_dagrun for dag_teste to 2024-06-01 00:00:00+00:00, run_after=2024-06-02 00:00:00+00:00
[2026-03-21T18:55:09.651+0000] {processor.py:183} INFO - Processing /opt/airflow/dags/extract_data.py took 0.118 seconds
[2026-03-21T18:55:39.800+0000] {processor.py:161} INFO - Started process (PID=203) to work on /opt/airflow/dags/extract_data.py
[2026-03-21T18:55:39.801+0000] {processor.py:830} INFO - Processing file /opt/airflow/dags/extract_data.py for tasks to queue
[2026-03-21T18:55:39.804+0000] {logging_mixin.py:188} INFO - [2026-03-21T18:55:39.803+0000] {dagbag.py:545} INFO - Filling up the DagBag from /opt/airflow/dags/extract_data.py
[2026-03-21T18:55:39.821+0000] {processor.py:840} INFO - DAG(s) 'dag_teste' retrieved from /opt/airflow/dags/extract_data.py
[2026-03-21T18:55:39.867+0000] {logging_mixin.py:188} INFO - [2026-03-21T18:55:39.867+0000] {dag.py:3096} INFO - Sync 1 DAGs
[2026-03-21T18:55:39.897+0000] {logging_mixin.py:188} INFO - [2026-03-21T18:55:39.897+0000] {dag.py:3954} INFO - Setting next_dagrun for dag_teste to 2024-06-01 00:00:00+00:00, run_after=2024-06-02 00:00:00+00:00
[2026-03-21T18:55:39.923+0000] {processor.py:183} INFO - Processing /opt/airflow/dags/extract_data.py took 0.131 seconds
[2026-03-21T18:56:10.205+0000] {processor.py:161} INFO - Started process (PID=221) to work on /opt/airflow/dags/extract_data.py
[2026-03-21T18:56:10.223+0000] {processor.py:830} INFO - Processing file /opt/airflow/dags/extract_data.py for tasks to queue
[2026-03-21T18:56:10.232+0000] {logging_mixin.py:188} INFO - [2026-03-21T18:56:10.231+0000] {dagbag.py:545} INFO - Filling up the DagBag from /opt/airflow/dags/extract_data.py
[2026-03-21T18:56:10.254+0000] {processor.py:840} INFO - DAG(s) 'dag_teste' retrieved from /opt/airflow/dags/extract_data.py
[2026-03-21T18:56:10.299+0000] {logging_mixin.py:188} INFO - [2026-03-21T18:56:10.299+0000] {dag.py:3096} INFO - Sync 1 DAGs
[2026-03-21T18:56:10.333+0000] {logging_mixin.py:188} INFO - [2026-03-21T18:56:10.333+0000] {dag.py:3954} INFO - Setting next_dagrun for dag_teste to 2024-06-01 00:00:00+00:00, run_after=2024-06-02 00:00:00+00:00
[2026-03-21T18:56:10.362+0000] {processor.py:183} INFO - Processing /opt/airflow/dags/extract_data.py took 0.164 seconds
[2026-03-21T18:56:40.469+0000] {processor.py:161} INFO - Started process (PID=232) to work on /opt/airflow/dags/extract_data.py
[2026-03-21T18:56:40.470+0000] {processor.py:830} INFO - Processing file /opt/airflow/dags/extract_data.py for tasks to queue
[2026-03-21T18:56:40.472+0000] {logging_mixin.py:188} INFO - [2026-03-21T18:56:40.472+0000] {dagbag.py:545} INFO - Filling up the DagBag from /opt/airflow/dags/extract_data.py
[2026-03-21T18:56:40.485+0000] {processor.py:840} INFO - DAG(s) 'dag_teste' retrieved from /opt/airflow/dags/extract_data.py
[2026-03-21T18:56:40.531+0000] {logging_mixin.py:188} INFO - [2026-03-21T18:56:40.530+0000] {dag.py:3096} INFO - Sync 1 DAGs
[2026-03-21T18:56:40.563+0000] {logging_mixin.py:188} INFO - [2026-03-21T18:56:40.563+0000] {dag.py:3954} INFO - Setting next_dagrun for dag_teste to 2024-06-01 00:00:00+00:00, run_after=2024-06-02 00:00:00+00:00
[2026-03-21T18:56:40.592+0000] {processor.py:183} INFO - Processing /opt/airflow/dags/extract_data.py took 0.130 seconds
[2026-03-21T18:57:10.863+0000] {processor.py:161} INFO - Started process (PID=243) to work on /opt/airflow/dags/extract_data.py
[2026-03-21T18:57:10.881+0000] {processor.py:830} INFO - Processing file /opt/airflow/dags/extract_data.py for tasks to queue
[2026-03-21T18:57:10.884+0000] {logging_mixin.py:188} INFO - [2026-03-21T18:57:10.884+0000] {dagbag.py:545} INFO - Filling up the DagBag from /opt/airflow/dags/extract_data.py
[2026-03-21T18:57:10.895+0000] {processor.py:840} INFO - DAG(s) 'dag_teste' retrieved from /opt/airflow/dags/extract_data.py
[2026-03-21T18:57:10.932+0000] {logging_mixin.py:188} INFO - [2026-03-21T18:57:10.931+0000] {dag.py:3096} INFO - Sync 1 DAGs
[2026-03-21T18:57:10.961+0000] {logging_mixin.py:188} INFO - [2026-03-21T18:57:10.961+0000] {dag.py:3954} INFO - Setting next_dagrun for dag_teste to 2024-06-01 00:00:00+00:00, run_after=2024-06-02 00:00:00+00:00
[2026-03-21T18:57:10.985+0000] {processor.py:183} INFO - Processing /opt/airflow/dags/extract_data.py took 0.130 seconds
[2026-03-21T18:57:41.134+0000] {processor.py:161} INFO - Started process (PID=254) to work on /opt/airflow/dags/extract_data.py
[2026-03-21T18:57:41.136+0000] {processor.py:830} INFO - Processing file /opt/airflow/dags/extract_data.py for tasks to queue
[2026-03-21T18:57:41.138+0000] {logging_mixin.py:188} INFO - [2026-03-21T18:57:41.138+0000] {dagbag.py:545} INFO - Filling up the DagBag from /opt/airflow/dags/extract_data.py
[2026-03-21T18:57:41.149+0000] {processor.py:840} INFO - DAG(s) 'dag_teste' retrieved from /opt/airflow/dags/extract_data.py
[2026-03-21T18:57:41.187+0000] {logging_mixin.py:188} INFO - [2026-03-21T18:57:41.187+0000] {dag.py:3096} INFO - Sync 1 DAGs
[2026-03-21T18:57:41.213+0000] {logging_mixin.py:188} INFO - [2026-03-21T18:57:41.213+0000] {dag.py:3954} INFO - Setting next_dagrun for dag_teste to 2024-06-01 00:00:00+00:00, run_after=2024-06-02 00:00:00+00:00
[2026-03-21T18:57:41.257+0000] {processor.py:183} INFO - Processing /opt/airflow/dags/extract_data.py took 0.131 seconds
[2026-03-21T18:58:11.365+0000] {processor.py:161} INFO - Started process (PID=265) to work on /opt/airflow/dags/extract_data.py
[2026-03-21T18:58:11.366+0000] {processor.py:830} INFO - Processing file /opt/airflow/dags/extract_data.py for tasks to queue
[2026-03-21T18:58:11.369+0000] {logging_mixin.py:188} INFO - [2026-03-21T18:58:11.369+0000] {dagbag.py:545} INFO - Filling up the DagBag from /opt/airflow/dags/extract_data.py
[2026-03-21T18:58:11.386+0000] {processor.py:840} INFO - DAG(s) 'dag_teste' retrieved from /opt/airflow/dags/extract_data.py
[2026-03-21T18:58:11.432+0000] {logging_mixin.py:188} INFO - [2026-03-21T18:58:11.431+0000] {dag.py:3096} INFO - Sync 1 DAGs
[2026-03-21T18:58:11.460+0000] {logging_mixin.py:188} INFO - [2026-03-21T18:58:11.460+0000] {dag.py:3954} INFO - Setting next_dagrun for dag_teste to 2024-06-01 00:00:00+00:00, run_after=2024-06-02 00:00:00+00:00
[2026-03-21T18:58:11.486+0000] {processor.py:183} INFO - Processing /opt/airflow/dags/extract_data.py took 0.129 seconds
[2026-03-21T18:58:41.744+0000] {processor.py:161} INFO - Started process (PID=276) to work on /opt/airflow/dags/extract_data.py
[2026-03-21T18:58:41.747+0000] {processor.py:830} INFO - Processing file /opt/airflow/dags/extract_data.py for tasks to queue
[2026-03-21T18:58:41.750+0000] {logging_mixin.py:188} INFO - [2026-03-21T18:58:41.749+0000] {dagbag.py:545} INFO - Filling up the DagBag from /opt/airflow/dags/extract_data.py
[2026-03-21T18:58:41.768+0000] {processor.py:840} INFO - DAG(s) 'dag_teste' retrieved from /opt/airflow/dags/extract_data.py
[2026-03-21T18:58:41.810+0000] {logging_mixin.py:188} INFO - [2026-03-21T18:58:41.810+0000] {dag.py:3096} INFO - Sync 1 DAGs
[2026-03-21T18:58:41.842+0000] {logging_mixin.py:188} INFO - [2026-03-21T18:58:41.842+0000] {dag.py:3954} INFO - Setting next_dagrun for dag_teste to 2024-06-01 00:00:00+00:00, run_after=2024-06-02 00:00:00+00:00
[2026-03-21T18:58:41.873+0000] {processor.py:183} INFO - Processing /opt/airflow/dags/extract_data.py took 0.135 seconds
[2026-03-21T18:59:12.009+0000] {processor.py:161} INFO - Started process (PID=287) to work on /opt/airflow/dags/extract_data.py
[2026-03-21T18:59:12.010+0000] {processor.py:830} INFO - Processing file /opt/airflow/dags/extract_data.py for tasks to queue
[2026-03-21T18:59:12.017+0000] {logging_mixin.py:188} INFO - [2026-03-21T18:59:12.016+0000] {dagbag.py:545} INFO - Filling up the DagBag from /opt/airflow/dags/extract_data.py
[2026-03-21T18:59:12.029+0000] {processor.py:840} INFO - DAG(s) 'dag_teste' retrieved from /opt/airflow/dags/extract_data.py
[2026-03-21T18:59:12.072+0000] {logging_mixin.py:188} INFO - [2026-03-21T18:59:12.072+0000] {dag.py:3096} INFO - Sync 1 DAGs
[2026-03-21T18:59:12.104+0000] {logging_mixin.py:188} INFO - [2026-03-21T18:59:12.104+0000] {dag.py:3954} INFO - Setting next_dagrun for dag_teste to 2024-06-01 00:00:00+00:00, run_after=2024-06-02 00:00:00+00:00
[2026-03-21T18:59:12.137+0000] {processor.py:183} INFO - Processing /opt/airflow/dags/extract_data.py took 0.135 seconds
[2026-03-21T18:59:42.547+0000] {processor.py:161} INFO - Started process (PID=297) to work on /opt/airflow/dags/extract_data.py
[2026-03-21T18:59:42.575+0000] {processor.py:830} INFO - Processing file /opt/airflow/dags/extract_data.py for tasks to queue
[2026-03-21T18:59:42.603+0000] {logging_mixin.py:188} INFO - [2026-03-21T18:59:42.579+0000] {dagbag.py:545} INFO - Filling up the DagBag from /opt/airflow/dags/extract_data.py
[2026-03-21T18:59:42.669+0000] {processor.py:840} INFO - DAG(s) 'dag_teste' retrieved from /opt/airflow/dags/extract_data.py
[2026-03-21T18:59:42.805+0000] {logging_mixin.py:188} INFO - [2026-03-21T18:59:42.804+0000] {dag.py:3096} INFO - Sync 1 DAGs
[2026-03-21T18:59:42.884+0000] {logging_mixin.py:188} INFO - [2026-03-21T18:59:42.884+0000] {dag.py:3954} INFO - Setting next_dagrun for dag_teste to 2024-06-01 00:00:00+00:00, run_after=2024-06-02 00:00:00+00:00
[2026-03-21T18:59:43.052+0000] {processor.py:183} INFO - Processing /opt/airflow/dags/extract_data.py took 0.517 seconds
[2026-03-21T18:59:50.322+0000] {processor.py:161} INFO - Started process (PID=302) to work on /opt/airflow/dags/extract_data.py
[2026-03-21T18:59:50.328+0000] {processor.py:830} INFO - Processing file /opt/airflow/dags/extract_data.py for tasks to queue
[2026-03-21T18:59:50.335+0000] {logging_mixin.py:188} INFO - [2026-03-21T18:59:50.330+0000] {dagbag.py:545} INFO - Filling up the DagBag from /opt/airflow/dags/extract_data.py
[2026-03-21T18:59:50.384+0000] {processor.py:840} INFO - DAG(s) 'dag_teste' retrieved from /opt/airflow/dags/extract_data.py
[2026-03-21T18:59:50.471+0000] {logging_mixin.py:188} INFO - [2026-03-21T18:59:50.470+0000] {dag.py:3096} INFO - Sync 1 DAGs
[2026-03-21T18:59:50.529+0000] {logging_mixin.py:188} INFO - [2026-03-21T18:59:50.528+0000] {dag.py:3954} INFO - Setting next_dagrun for dag_teste to 2024-06-01 00:00:00+00:00, run_after=2024-06-02 00:00:00+00:00
[2026-03-21T18:59:50.613+0000] {processor.py:183} INFO - Processing /opt/airflow/dags/extract_data.py took 0.329 seconds
[2026-03-21T19:00:20.854+0000] {processor.py:161} INFO - Started process (PID=313) to work on /opt/airflow/dags/extract_data.py
[2026-03-21T19:00:20.856+0000] {processor.py:830} INFO - Processing file /opt/airflow/dags/extract_data.py for tasks to queue
[2026-03-21T19:00:20.859+0000] {logging_mixin.py:188} INFO - [2026-03-21T19:00:20.858+0000] {dagbag.py:545} INFO - Filling up the DagBag from /opt/airflow/dags/extract_data.py
[2026-03-21T19:00:20.872+0000] {processor.py:840} INFO - DAG(s) 'dag_teste' retrieved from /opt/airflow/dags/extract_data.py
[2026-03-21T19:00:20.910+0000] {logging_mixin.py:188} INFO - [2026-03-21T19:00:20.910+0000] {dag.py:3096} INFO - Sync 1 DAGs
[2026-03-21T19:00:20.940+0000] {logging_mixin.py:188} INFO - [2026-03-21T19:00:20.938+0000] {dag.py:3954} INFO - Setting next_dagrun for dag_teste to 2024-06-01 00:00:00+00:00, run_after=2024-06-02 00:00:00+00:00
[2026-03-21T19:00:20.965+0000] {processor.py:183} INFO - Processing /opt/airflow/dags/extract_data.py took 0.118 seconds
[2026-03-21T19:00:26.996+0000] {processor.py:161} INFO - Started process (PID=318) to work on /opt/airflow/dags/extract_data.py
[2026-03-21T19:00:26.997+0000] {processor.py:830} INFO - Processing file /opt/airflow/dags/extract_data.py for tasks to queue
[2026-03-21T19:00:26.999+0000] {logging_mixin.py:188} INFO - [2026-03-21T19:00:26.999+0000] {dagbag.py:545} INFO - Filling up the DagBag from /opt/airflow/dags/extract_data.py
[2026-03-21T19:00:27.027+0000] {processor.py:840} INFO - DAG(s) 'dag_teste' retrieved from /opt/airflow/dags/extract_data.py
[2026-03-21T19:00:28.365+0000] {logging_mixin.py:188} INFO - [2026-03-21T19:00:28.364+0000] {dag.py:3096} INFO - Sync 1 DAGs
[2026-03-21T19:00:28.400+0000] {logging_mixin.py:188} INFO - [2026-03-21T19:00:28.400+0000] {dag.py:3954} INFO - Setting next_dagrun for dag_teste to 2024-06-01 00:00:00+00:00, run_after=2024-06-02 00:00:00+00:00
[2026-03-21T19:00:28.450+0000] {processor.py:183} INFO - Processing /opt/airflow/dags/extract_data.py took 1.483 seconds
[2026-03-21T19:00:32.213+0000] {processor.py:161} INFO - Started process (PID=323) to work on /opt/airflow/dags/extract_data.py
[2026-03-21T19:00:32.214+0000] {processor.py:830} INFO - Processing file /opt/airflow/dags/extract_data.py for tasks to queue
[2026-03-21T19:00:32.216+0000] {logging_mixin.py:188} INFO - [2026-03-21T19:00:32.216+0000] {dagbag.py:545} INFO - Filling up the DagBag from /opt/airflow/dags/extract_data.py
[2026-03-21T19:00:32.232+0000] {processor.py:840} INFO - DAG(s) 'dag_teste' retrieved from /opt/airflow/dags/extract_data.py
[2026-03-21T19:00:32.249+0000] {logging_mixin.py:188} INFO - [2026-03-21T19:00:32.249+0000] {dag.py:3096} INFO - Sync 1 DAGs
[2026-03-21T19:00:32.279+0000] {logging_mixin.py:188} INFO - [2026-03-21T19:00:32.279+0000] {dag.py:3954} INFO - Setting next_dagrun for dag_teste to 2024-06-01 00:00:00+00:00, run_after=2024-06-02 00:00:00+00:00
[2026-03-21T19:00:32.309+0000] {processor.py:183} INFO - Processing /opt/airflow/dags/extract_data.py took 0.104 seconds
[2026-03-21T19:00:48.352+0000] {processor.py:161} INFO - Started process (PID=333) to work on /opt/airflow/dags/extract_data.py
[2026-03-21T19:00:48.354+0000] {processor.py:830} INFO - Processing file /opt/airflow/dags/extract_data.py for tasks to queue
[2026-03-21T19:00:48.357+0000] {logging_mixin.py:188} INFO - [2026-03-21T19:00:48.357+0000] {dagbag.py:545} INFO - Filling up the DagBag from /opt/airflow/dags/extract_data.py
[2026-03-21T19:00:48.391+0000] {processor.py:840} INFO - DAG(s) 'dag_teste' retrieved from /opt/airflow/dags/extract_data.py
[2026-03-21T19:00:48.416+0000] {logging_mixin.py:188} INFO - [2026-03-21T19:00:48.415+0000] {dag.py:3096} INFO - Sync 1 DAGs
[2026-03-21T19:00:48.462+0000] {logging_mixin.py:188} INFO - [2026-03-21T19:00:48.462+0000] {dag.py:3954} INFO - Setting next_dagrun for dag_teste to None, run_after=None
[2026-03-21T19:00:48.505+0000] {processor.py:183} INFO - Processing /opt/airflow/dags/extract_data.py took 0.179 seconds
[2026-03-21T19:00:53.513+0000] {processor.py:161} INFO - Started process (PID=338) to work on /opt/airflow/dags/extract_data.py
[2026-03-21T19:00:53.515+0000] {processor.py:830} INFO - Processing file /opt/airflow/dags/extract_data.py for tasks to queue
[2026-03-21T19:00:53.519+0000] {logging_mixin.py:188} INFO - [2026-03-21T19:00:53.519+0000] {dagbag.py:545} INFO - Filling up the DagBag from /opt/airflow/dags/extract_data.py
[2026-03-21T19:00:53.534+0000] {processor.py:840} INFO - DAG(s) 'dag_teste' retrieved from /opt/airflow/dags/extract_data.py
[2026-03-21T19:00:53.567+0000] {logging_mixin.py:188} INFO - [2026-03-21T19:00:53.566+0000] {dag.py:3096} INFO - Sync 1 DAGs
[2026-03-21T19:00:53.600+0000] {logging_mixin.py:188} INFO - [2026-03-21T19:00:53.599+0000] {dag.py:3954} INFO - Setting next_dagrun for dag_teste to None, run_after=None
[2026-03-21T19:00:53.645+0000] {processor.py:183} INFO - Processing /opt/airflow/dags/extract_data.py took 0.139 seconds
[2026-03-21T19:01:11.878+0000] {processor.py:161} INFO - Started process (PID=343) to work on /opt/airflow/dags/extract_data.py
[2026-03-21T19:01:11.880+0000] {processor.py:830} INFO - Processing file /opt/airflow/dags/extract_data.py for tasks to queue
[2026-03-21T19:01:11.882+0000] {logging_mixin.py:188} INFO - [2026-03-21T19:01:11.882+0000] {dagbag.py:545} INFO - Filling up the DagBag from /opt/airflow/dags/extract_data.py
[2026-03-21T19:01:11.902+0000] {processor.py:840} INFO - DAG(s) 'dag_teste' retrieved from /opt/airflow/dags/extract_data.py
[2026-03-21T19:01:12.283+0000] {logging_mixin.py:188} INFO - [2026-03-21T19:01:12.283+0000] {dag.py:3096} INFO - Sync 1 DAGs
[2026-03-21T19:01:12.300+0000] {logging_mixin.py:188} INFO - [2026-03-21T19:01:12.300+0000] {dag.py:3954} INFO - Setting next_dagrun for dag_teste to None, run_after=None
[2026-03-21T19:01:12.421+0000] {processor.py:183} INFO - Processing /opt/airflow/dags/extract_data.py took 0.556 seconds
[2026-03-21T19:01:27.563+0000] {processor.py:161} INFO - Started process (PID=353) to work on /opt/airflow/dags/extract_data.py
[2026-03-21T19:01:27.565+0000] {processor.py:830} INFO - Processing file /opt/airflow/dags/extract_data.py for tasks to queue
[2026-03-21T19:01:27.567+0000] {logging_mixin.py:188} INFO - [2026-03-21T19:01:27.567+0000] {dagbag.py:545} INFO - Filling up the DagBag from /opt/airflow/dags/extract_data.py
[2026-03-21T19:01:27.584+0000] {processor.py:840} INFO - DAG(s) 'dag_teste' retrieved from /opt/airflow/dags/extract_data.py
[2026-03-21T19:01:27.603+0000] {logging_mixin.py:188} INFO - [2026-03-21T19:01:27.603+0000] {dag.py:3096} INFO - Sync 1 DAGs
[2026-03-21T19:01:27.619+0000] {logging_mixin.py:188} INFO - [2026-03-21T19:01:27.618+0000] {dag.py:3954} INFO - Setting next_dagrun for dag_teste to None, run_after=None
[2026-03-21T19:01:27.658+0000] {processor.py:183} INFO - Processing /opt/airflow/dags/extract_data.py took 0.103 seconds
[2026-03-21T19:01:29.770+0000] {processor.py:161} INFO - Started process (PID=358) to work on /opt/airflow/dags/extract_data.py
[2026-03-21T19:01:29.771+0000] {processor.py:830} INFO - Processing file /opt/airflow/dags/extract_data.py for tasks to queue
[2026-03-21T19:01:29.785+0000] {logging_mixin.py:188} INFO - [2026-03-21T19:01:29.784+0000] {dagbag.py:545} INFO - Filling up the DagBag from /opt/airflow/dags/extract_data.py
[2026-03-21T19:01:29.801+0000] {processor.py:840} INFO - DAG(s) 'dag_teste' retrieved from /opt/airflow/dags/extract_data.py
[2026-03-21T19:01:29.821+0000] {logging_mixin.py:188} INFO - [2026-03-21T19:01:29.821+0000] {dag.py:3096} INFO - Sync 1 DAGs
[2026-03-21T19:01:29.853+0000] {logging_mixin.py:188} INFO - [2026-03-21T19:01:29.853+0000] {dag.py:3954} INFO - Setting next_dagrun for dag_teste to None, run_after=None
[2026-03-21T19:01:29.921+0000] {processor.py:183} INFO - Processing /opt/airflow/dags/extract_data.py took 0.244 seconds
[2026-03-21T19:01:34.123+0000] {processor.py:161} INFO - Started process (PID=363) to work on /opt/airflow/dags/extract_data.py
[2026-03-21T19:01:34.124+0000] {processor.py:830} INFO - Processing file /opt/airflow/dags/extract_data.py for tasks to queue
[2026-03-21T19:01:34.127+0000] {logging_mixin.py:188} INFO - [2026-03-21T19:01:34.127+0000] {dagbag.py:545} INFO - Filling up the DagBag from /opt/airflow/dags/extract_data.py
[2026-03-21T19:01:34.144+0000] {processor.py:840} INFO - DAG(s) 'dag_teste' retrieved from /opt/airflow/dags/extract_data.py
[2026-03-21T19:01:34.183+0000] {logging_mixin.py:188} INFO - [2026-03-21T19:01:34.182+0000] {dag.py:3096} INFO - Sync 1 DAGs
[2026-03-21T19:01:34.208+0000] {logging_mixin.py:188} INFO - [2026-03-21T19:01:34.208+0000] {dag.py:3954} INFO - Setting next_dagrun for dag_teste to None, run_after=None
[2026-03-21T19:01:34.271+0000] {processor.py:183} INFO - Processing /opt/airflow/dags/extract_data.py took 0.156 seconds
[2026-03-21T19:01:50.257+0000] {processor.py:161} INFO - Started process (PID=373) to work on /opt/airflow/dags/extract_data.py
[2026-03-21T19:01:50.275+0000] {processor.py:830} INFO - Processing file /opt/airflow/dags/extract_data.py for tasks to queue
[2026-03-21T19:01:50.278+0000] {logging_mixin.py:188} INFO - [2026-03-21T19:01:50.277+0000] {dagbag.py:545} INFO - Filling up the DagBag from /opt/airflow/dags/extract_data.py
[2026-03-21T19:01:50.290+0000] {processor.py:840} INFO - DAG(s) 'dag_teste' retrieved from /opt/airflow/dags/extract_data.py
[2026-03-21T19:01:50.443+0000] {logging_mixin.py:188} INFO - [2026-03-21T19:01:50.443+0000] {dag.py:3096} INFO - Sync 1 DAGs
[2026-03-21T19:01:50.455+0000] {logging_mixin.py:188} INFO - [2026-03-21T19:01:50.455+0000] {dag.py:3954} INFO - Setting next_dagrun for dag_teste to None, run_after=None
[2026-03-21T19:01:50.480+0000] {processor.py:183} INFO - Processing /opt/airflow/dags/extract_data.py took 0.232 seconds
[2026-03-21T19:02:05.580+0000] {processor.py:161} INFO - Started process (PID=378) to work on /opt/airflow/dags/extract_data.py
[2026-03-21T19:02:05.582+0000] {processor.py:830} INFO - Processing file /opt/airflow/dags/extract_data.py for tasks to queue
[2026-03-21T19:02:05.586+0000] {logging_mixin.py:188} INFO - [2026-03-21T19:02:05.586+0000] {dagbag.py:545} INFO - Filling up the DagBag from /opt/airflow/dags/extract_data.py
[2026-03-21T19:02:05.605+0000] {processor.py:840} INFO - DAG(s) 'dag_teste' retrieved from /opt/airflow/dags/extract_data.py
[2026-03-21T19:02:05.634+0000] {logging_mixin.py:188} INFO - [2026-03-21T19:02:05.633+0000] {dag.py:3096} INFO - Sync 1 DAGs
[2026-03-21T19:02:05.666+0000] {logging_mixin.py:188} INFO - [2026-03-21T19:02:05.666+0000] {dag.py:3954} INFO - Setting next_dagrun for dag_teste to None, run_after=None
[2026-03-21T19:02:05.754+0000] {processor.py:183} INFO - Processing /opt/airflow/dags/extract_data.py took 0.190 seconds
[2026-03-21T19:02:36.032+0000] {processor.py:161} INFO - Started process (PID=389) to work on /opt/airflow/dags/extract_data.py
[2026-03-21T19:02:36.036+0000] {processor.py:830} INFO - Processing file /opt/airflow/dags/extract_data.py for tasks to queue
[2026-03-21T19:02:36.039+0000] {logging_mixin.py:188} INFO - [2026-03-21T19:02:36.038+0000] {dagbag.py:545} INFO - Filling up the DagBag from /opt/airflow/dags/extract_data.py
[2026-03-21T19:02:36.101+0000] {processor.py:840} INFO - DAG(s) 'dag_teste' retrieved from /opt/airflow/dags/extract_data.py
[2026-03-21T19:02:36.923+0000] {logging_mixin.py:188} INFO - [2026-03-21T19:02:36.923+0000] {dag.py:3096} INFO - Sync 1 DAGs
[2026-03-21T19:02:36.995+0000] {logging_mixin.py:188} INFO - [2026-03-21T19:02:36.995+0000] {dag.py:3954} INFO - Setting next_dagrun for dag_teste to None, run_after=None
[2026-03-21T19:02:37.068+0000] {processor.py:183} INFO - Processing /opt/airflow/dags/extract_data.py took 1.059 seconds
[2026-03-21T19:02:47.177+0000] {processor.py:161} INFO - Started process (PID=400) to work on /opt/airflow/dags/extract_data.py
[2026-03-21T19:02:47.178+0000] {processor.py:830} INFO - Processing file /opt/airflow/dags/extract_data.py for tasks to queue
[2026-03-21T19:02:47.181+0000] {logging_mixin.py:188} INFO - [2026-03-21T19:02:47.180+0000] {dagbag.py:545} INFO - Filling up the DagBag from /opt/airflow/dags/extract_data.py
[2026-03-21T19:02:47.212+0000] {logging_mixin.py:188} INFO - [2026-03-21T19:02:47.188+0000] {dagbag.py:355} ERROR - Failed to import: /opt/airflow/dags/extract_data.py
Traceback (most recent call last):
  File "/home/airflow/.local/lib/python3.12/site-packages/airflow/models/dagbag.py", line 351, in parse
    loader.exec_module(new_module)
  File "<frozen importlib._bootstrap_external>", line 995, in exec_module
  File "<frozen importlib._bootstrap>", line 488, in _call_with_frames_removed
  File "/opt/airflow/dags/extract_data.py", line 27, in <module>
    task_setup_and_clone = BashOperator(
                           ^^^^^^^^^^^^^
  File "/home/airflow/.local/lib/python3.12/site-packages/airflow/models/baseoperator.py", line 468, in apply_defaults
    raise AirflowException(f"missing keyword argument {missing_args.pop()!r}")
airflow.exceptions.AirflowException: missing keyword argument 'bash_command'
[2026-03-21T19:02:47.213+0000] {processor.py:842} WARNING - No viable dags retrieved from /opt/airflow/dags/extract_data.py
[2026-03-21T19:02:47.293+0000] {processor.py:183} INFO - Processing /opt/airflow/dags/extract_data.py took 0.126 seconds
[2026-03-21T19:03:01.264+0000] {processor.py:161} INFO - Started process (PID=405) to work on /opt/airflow/dags/extract_data.py
[2026-03-21T19:03:01.266+0000] {processor.py:830} INFO - Processing file /opt/airflow/dags/extract_data.py for tasks to queue
[2026-03-21T19:03:01.268+0000] {logging_mixin.py:188} INFO - [2026-03-21T19:03:01.268+0000] {dagbag.py:545} INFO - Filling up the DagBag from /opt/airflow/dags/extract_data.py
[2026-03-21T19:03:01.283+0000] {processor.py:840} INFO - DAG(s) 'dag_teste' retrieved from /opt/airflow/dags/extract_data.py
[2026-03-21T19:03:01.301+0000] {logging_mixin.py:188} INFO - [2026-03-21T19:03:01.301+0000] {dag.py:3096} INFO - Sync 1 DAGs
[2026-03-21T19:03:01.318+0000] {logging_mixin.py:188} INFO - [2026-03-21T19:03:01.317+0000] {dag.py:3954} INFO - Setting next_dagrun for dag_teste to None, run_after=None
[2026-03-21T19:03:01.346+0000] {processor.py:183} INFO - Processing /opt/airflow/dags/extract_data.py took 0.090 seconds
[2026-03-21T19:03:31.530+0000] {processor.py:161} INFO - Started process (PID=416) to work on /opt/airflow/dags/extract_data.py
[2026-03-21T19:03:31.532+0000] {processor.py:830} INFO - Processing file /opt/airflow/dags/extract_data.py for tasks to queue
[2026-03-21T19:03:31.534+0000] {logging_mixin.py:188} INFO - [2026-03-21T19:03:31.534+0000] {dagbag.py:545} INFO - Filling up the DagBag from /opt/airflow/dags/extract_data.py
[2026-03-21T19:03:31.547+0000] {processor.py:840} INFO - DAG(s) 'dag_teste' retrieved from /opt/airflow/dags/extract_data.py
[2026-03-21T19:03:31.705+0000] {logging_mixin.py:188} INFO - [2026-03-21T19:03:31.705+0000] {dag.py:3096} INFO - Sync 1 DAGs
[2026-03-21T19:03:31.720+0000] {logging_mixin.py:188} INFO - [2026-03-21T19:03:31.720+0000] {dag.py:3954} INFO - Setting next_dagrun for dag_teste to None, run_after=None
[2026-03-21T19:03:31.752+0000] {processor.py:183} INFO - Processing /opt/airflow/dags/extract_data.py took 0.230 seconds
[2026-03-21T19:03:46.785+0000] {processor.py:161} INFO - Started process (PID=427) to work on /opt/airflow/dags/extract_data.py
[2026-03-21T19:03:46.786+0000] {processor.py:830} INFO - Processing file /opt/airflow/dags/extract_data.py for tasks to queue
[2026-03-21T19:03:46.789+0000] {logging_mixin.py:188} INFO - [2026-03-21T19:03:46.788+0000] {dagbag.py:545} INFO - Filling up the DagBag from /opt/airflow/dags/extract_data.py
[2026-03-21T19:03:46.804+0000] {processor.py:840} INFO - DAG(s) 'dag_teste' retrieved from /opt/airflow/dags/extract_data.py
[2026-03-21T19:03:46.824+0000] {logging_mixin.py:188} INFO - [2026-03-21T19:03:46.823+0000] {dag.py:3096} INFO - Sync 1 DAGs
[2026-03-21T19:03:46.846+0000] {logging_mixin.py:188} INFO - [2026-03-21T19:03:46.846+0000] {dag.py:3954} INFO - Setting next_dagrun for dag_teste to None, run_after=None
[2026-03-21T19:03:46.876+0000] {processor.py:183} INFO - Processing /opt/airflow/dags/extract_data.py took 0.100 seconds
[2026-03-21T19:04:17.030+0000] {processor.py:161} INFO - Started process (PID=438) to work on /opt/airflow/dags/extract_data.py
[2026-03-21T19:04:17.032+0000] {processor.py:830} INFO - Processing file /opt/airflow/dags/extract_data.py for tasks to queue
[2026-03-21T19:04:17.034+0000] {logging_mixin.py:188} INFO - [2026-03-21T19:04:17.034+0000] {dagbag.py:545} INFO - Filling up the DagBag from /opt/airflow/dags/extract_data.py
[2026-03-21T19:04:17.045+0000] {processor.py:840} INFO - DAG(s) 'dag_teste' retrieved from /opt/airflow/dags/extract_data.py
[2026-03-21T19:04:17.189+0000] {logging_mixin.py:188} INFO - [2026-03-21T19:04:17.189+0000] {dag.py:3096} INFO - Sync 1 DAGs
[2026-03-21T19:04:17.205+0000] {logging_mixin.py:188} INFO - [2026-03-21T19:04:17.204+0000] {dag.py:3954} INFO - Setting next_dagrun for dag_teste to None, run_after=None
[2026-03-21T19:04:17.238+0000] {processor.py:183} INFO - Processing /opt/airflow/dags/extract_data.py took 0.216 seconds
[2026-03-21T19:04:47.384+0000] {processor.py:161} INFO - Started process (PID=448) to work on /opt/airflow/dags/extract_data.py
[2026-03-21T19:04:47.385+0000] {processor.py:830} INFO - Processing file /opt/airflow/dags/extract_data.py for tasks to queue
[2026-03-21T19:04:47.388+0000] {logging_mixin.py:188} INFO - [2026-03-21T19:04:47.388+0000] {dagbag.py:545} INFO - Filling up the DagBag from /opt/airflow/dags/extract_data.py
[2026-03-21T19:04:47.399+0000] {processor.py:840} INFO - DAG(s) 'dag_teste' retrieved from /opt/airflow/dags/extract_data.py
[2026-03-21T19:04:47.439+0000] {logging_mixin.py:188} INFO - [2026-03-21T19:04:47.438+0000] {dag.py:3096} INFO - Sync 1 DAGs
[2026-03-21T19:04:47.456+0000] {logging_mixin.py:188} INFO - [2026-03-21T19:04:47.455+0000] {dag.py:3954} INFO - Setting next_dagrun for dag_teste to None, run_after=None
[2026-03-21T19:04:47.483+0000] {processor.py:183} INFO - Processing /opt/airflow/dags/extract_data.py took 0.107 seconds
[2026-03-21T19:05:17.666+0000] {processor.py:161} INFO - Started process (PID=459) to work on /opt/airflow/dags/extract_data.py
[2026-03-21T19:05:17.668+0000] {processor.py:830} INFO - Processing file /opt/airflow/dags/extract_data.py for tasks to queue
[2026-03-21T19:05:17.671+0000] {logging_mixin.py:188} INFO - [2026-03-21T19:05:17.670+0000] {dagbag.py:545} INFO - Filling up the DagBag from /opt/airflow/dags/extract_data.py
[2026-03-21T19:05:17.687+0000] {processor.py:840} INFO - DAG(s) 'dag_teste' retrieved from /opt/airflow/dags/extract_data.py
[2026-03-21T19:05:17.777+0000] {logging_mixin.py:188} INFO - [2026-03-21T19:05:17.776+0000] {dag.py:3096} INFO - Sync 1 DAGs
[2026-03-21T19:05:17.805+0000] {logging_mixin.py:188} INFO - [2026-03-21T19:05:17.805+0000] {dag.py:3954} INFO - Setting next_dagrun for dag_teste to None, run_after=None
[2026-03-21T19:05:17.851+0000] {processor.py:183} INFO - Processing /opt/airflow/dags/extract_data.py took 0.197 seconds
[2026-03-21T19:05:22.779+0000] {processor.py:161} INFO - Started process (PID=464) to work on /opt/airflow/dags/extract_data.py
[2026-03-21T19:05:22.781+0000] {processor.py:830} INFO - Processing file /opt/airflow/dags/extract_data.py for tasks to queue
[2026-03-21T19:05:22.784+0000] {logging_mixin.py:188} INFO - [2026-03-21T19:05:22.783+0000] {dagbag.py:545} INFO - Filling up the DagBag from /opt/airflow/dags/extract_data.py
[2026-03-21T19:05:22.799+0000] {processor.py:840} INFO - DAG(s) 'dag_teste' retrieved from /opt/airflow/dags/extract_data.py
[2026-03-21T19:05:22.847+0000] {logging_mixin.py:188} INFO - [2026-03-21T19:05:22.846+0000] {dag.py:3096} INFO - Sync 1 DAGs
[2026-03-21T19:05:22.866+0000] {logging_mixin.py:188} INFO - [2026-03-21T19:05:22.866+0000] {dag.py:3954} INFO - Setting next_dagrun for dag_teste to None, run_after=None
[2026-03-21T19:05:22.898+0000] {processor.py:183} INFO - Processing /opt/airflow/dags/extract_data.py took 0.129 seconds
[2026-03-21T19:05:53.164+0000] {processor.py:161} INFO - Started process (PID=475) to work on /opt/airflow/dags/extract_data.py
[2026-03-21T19:05:53.165+0000] {processor.py:830} INFO - Processing file /opt/airflow/dags/extract_data.py for tasks to queue
[2026-03-21T19:05:53.167+0000] {logging_mixin.py:188} INFO - [2026-03-21T19:05:53.167+0000] {dagbag.py:545} INFO - Filling up the DagBag from /opt/airflow/dags/extract_data.py
[2026-03-21T19:05:53.180+0000] {processor.py:840} INFO - DAG(s) 'dag_teste' retrieved from /opt/airflow/dags/extract_data.py
[2026-03-21T19:05:53.216+0000] {logging_mixin.py:188} INFO - [2026-03-21T19:05:53.216+0000] {dag.py:3096} INFO - Sync 1 DAGs
[2026-03-21T19:05:53.233+0000] {logging_mixin.py:188} INFO - [2026-03-21T19:05:53.232+0000] {dag.py:3954} INFO - Setting next_dagrun for dag_teste to None, run_after=None
[2026-03-21T19:05:53.261+0000] {processor.py:183} INFO - Processing /opt/airflow/dags/extract_data.py took 0.104 seconds
[2026-03-21T19:06:02.250+0000] {processor.py:161} INFO - Started process (PID=480) to work on /opt/airflow/dags/extract_data.py
[2026-03-21T19:06:02.253+0000] {processor.py:830} INFO - Processing file /opt/airflow/dags/extract_data.py for tasks to queue
[2026-03-21T19:06:02.257+0000] {logging_mixin.py:188} INFO - [2026-03-21T19:06:02.256+0000] {dagbag.py:545} INFO - Filling up the DagBag from /opt/airflow/dags/extract_data.py
[2026-03-21T19:06:02.271+0000] {logging_mixin.py:188} INFO - [2026-03-21T19:06:02.265+0000] {dagbag.py:355} ERROR - Failed to import: /opt/airflow/dags/extract_data.py
Traceback (most recent call last):
  File "/home/airflow/.local/lib/python3.12/site-packages/airflow/models/dagbag.py", line 351, in parse
    loader.exec_module(new_module)
  File "<frozen importlib._bootstrap_external>", line 995, in exec_module
  File "<frozen importlib._bootstrap>", line 488, in _call_with_frames_removed
  File "/opt/airflow/dags/extract_data.py", line 27, in <module>
    bash_command=f"rm -rf {BASE_PATH} && mkdir -p {BASE_PATH} && cd {BASE_PATH} && git clone https://github.com/yunger7/enem-api.git ."
                           ^^^^^^^^^
NameError: name 'BASE_PATH' is not defined
[2026-03-21T19:06:02.275+0000] {processor.py:842} WARNING - No viable dags retrieved from /opt/airflow/dags/extract_data.py
[2026-03-21T19:06:02.332+0000] {processor.py:183} INFO - Processing /opt/airflow/dags/extract_data.py took 0.096 seconds
[2026-03-21T19:06:09.503+0000] {processor.py:161} INFO - Started process (PID=485) to work on /opt/airflow/dags/extract_data.py
[2026-03-21T19:06:09.504+0000] {processor.py:830} INFO - Processing file /opt/airflow/dags/extract_data.py for tasks to queue
[2026-03-21T19:06:09.507+0000] {logging_mixin.py:188} INFO - [2026-03-21T19:06:09.506+0000] {dagbag.py:545} INFO - Filling up the DagBag from /opt/airflow/dags/extract_data.py
[2026-03-21T19:06:09.519+0000] {logging_mixin.py:188} INFO - [2026-03-21T19:06:09.515+0000] {dagbag.py:355} ERROR - Failed to import: /opt/airflow/dags/extract_data.py
Traceback (most recent call last):
  File "/home/airflow/.local/lib/python3.12/site-packages/airflow/models/dagbag.py", line 351, in parse
    loader.exec_module(new_module)
  File "<frozen importlib._bootstrap_external>", line 995, in exec_module
  File "<frozen importlib._bootstrap>", line 488, in _call_with_frames_removed
  File "/opt/airflow/dags/extract_data.py", line 27, in <module>
    bash_command=f"rm -rf {BASE_PATH} && mkdir -p {BASE_PATH} && cd {BASE_PATH} && git clone https://github.com/yunger7/enem-api.git ."
                           ^^^^^^^^^
NameError: name 'BASE_PATH' is not defined
[2026-03-21T19:06:09.523+0000] {processor.py:842} WARNING - No viable dags retrieved from /opt/airflow/dags/extract_data.py
[2026-03-21T19:06:09.560+0000] {processor.py:183} INFO - Processing /opt/airflow/dags/extract_data.py took 0.065 seconds
[2026-03-21T19:06:15.556+0000] {processor.py:161} INFO - Started process (PID=496) to work on /opt/airflow/dags/extract_data.py
[2026-03-21T19:06:15.559+0000] {processor.py:830} INFO - Processing file /opt/airflow/dags/extract_data.py for tasks to queue
[2026-03-21T19:06:15.563+0000] {logging_mixin.py:188} INFO - [2026-03-21T19:06:15.562+0000] {dagbag.py:545} INFO - Filling up the DagBag from /opt/airflow/dags/extract_data.py
[2026-03-21T19:06:15.579+0000] {logging_mixin.py:188} INFO - [2026-03-21T19:06:15.572+0000] {dagbag.py:355} ERROR - Failed to import: /opt/airflow/dags/extract_data.py
Traceback (most recent call last):
  File "/home/airflow/.local/lib/python3.12/site-packages/airflow/models/dagbag.py", line 351, in parse
    loader.exec_module(new_module)
  File "<frozen importlib._bootstrap_external>", line 995, in exec_module
  File "<frozen importlib._bootstrap>", line 488, in _call_with_frames_removed
  File "/opt/airflow/dags/extract_data.py", line 27, in <module>
    bash_command=f"rm -rf {BASE_PATH} && mkdir -p {BASE_PATH} && cd {BASE_PATH} && git clone https://github.com/yunger7/enem-api.git ."
                           ^^^^^^^^^
NameError: name 'BASE_PATH' is not defined
[2026-03-21T19:06:15.584+0000] {processor.py:842} WARNING - No viable dags retrieved from /opt/airflow/dags/extract_data.py
[2026-03-21T19:06:15.620+0000] {processor.py:183} INFO - Processing /opt/airflow/dags/extract_data.py took 0.072 seconds
[2026-03-21T19:06:22.690+0000] {processor.py:161} INFO - Started process (PID=501) to work on /opt/airflow/dags/extract_data.py
[2026-03-21T19:06:22.691+0000] {processor.py:830} INFO - Processing file /opt/airflow/dags/extract_data.py for tasks to queue
[2026-03-21T19:06:22.694+0000] {logging_mixin.py:188} INFO - [2026-03-21T19:06:22.694+0000] {dagbag.py:545} INFO - Filling up the DagBag from /opt/airflow/dags/extract_data.py
[2026-03-21T19:06:22.704+0000] {logging_mixin.py:188} INFO - [2026-03-21T19:06:22.700+0000] {dagbag.py:355} ERROR - Failed to import: /opt/airflow/dags/extract_data.py
Traceback (most recent call last):
  File "/home/airflow/.local/lib/python3.12/site-packages/airflow/models/dagbag.py", line 351, in parse
    loader.exec_module(new_module)
  File "<frozen importlib._bootstrap_external>", line 995, in exec_module
  File "<frozen importlib._bootstrap>", line 488, in _call_with_frames_removed
  File "/opt/airflow/dags/extract_data.py", line 27, in <module>
    bash_command=f"rm -rf {BASE_PATH} && mkdir -p {BASE_PATH} && cd {BASE_PATH} && git clone https://github.com/yunger7/enem-api.git ."
                           ^^^^^^^^^
NameError: name 'BASE_PATH' is not defined
[2026-03-21T19:06:22.708+0000] {processor.py:842} WARNING - No viable dags retrieved from /opt/airflow/dags/extract_data.py
[2026-03-21T19:06:22.734+0000] {processor.py:183} INFO - Processing /opt/airflow/dags/extract_data.py took 0.052 seconds
[2026-03-21T19:06:26.801+0000] {processor.py:161} INFO - Started process (PID=506) to work on /opt/airflow/dags/extract_data.py
[2026-03-21T19:06:26.808+0000] {processor.py:830} INFO - Processing file /opt/airflow/dags/extract_data.py for tasks to queue
[2026-03-21T19:06:26.825+0000] {logging_mixin.py:188} INFO - [2026-03-21T19:06:26.824+0000] {dagbag.py:545} INFO - Filling up the DagBag from /opt/airflow/dags/extract_data.py
[2026-03-21T19:06:26.861+0000] {logging_mixin.py:188} INFO - [2026-03-21T19:06:26.854+0000] {dagbag.py:355} ERROR - Failed to import: /opt/airflow/dags/extract_data.py
Traceback (most recent call last):
  File "/home/airflow/.local/lib/python3.12/site-packages/airflow/models/dagbag.py", line 351, in parse
    loader.exec_module(new_module)
  File "<frozen importlib._bootstrap_external>", line 995, in exec_module
  File "<frozen importlib._bootstrap>", line 488, in _call_with_frames_removed
  File "/opt/airflow/dags/extract_data.py", line 27, in <module>
    bash_command=f"rm -rf {BASE_PATH} && mkdir -p {BASE_PATH} && cd {BASE_PATH} && git clone https://github.com/yunger7/enem-api.git ."
                           ^^^^^^^^^
NameError: name 'BASE_PATH' is not defined
[2026-03-21T19:06:26.867+0000] {processor.py:842} WARNING - No viable dags retrieved from /opt/airflow/dags/extract_data.py
[2026-03-21T19:06:26.939+0000] {processor.py:183} INFO - Processing /opt/airflow/dags/extract_data.py took 0.171 seconds
[2026-03-21T19:06:43.039+0000] {processor.py:161} INFO - Started process (PID=511) to work on /opt/airflow/dags/extract_data.py
[2026-03-21T19:06:43.042+0000] {processor.py:830} INFO - Processing file /opt/airflow/dags/extract_data.py for tasks to queue
[2026-03-21T19:06:43.046+0000] {logging_mixin.py:188} INFO - [2026-03-21T19:06:43.045+0000] {dagbag.py:545} INFO - Filling up the DagBag from /opt/airflow/dags/extract_data.py
[2026-03-21T19:06:43.063+0000] {logging_mixin.py:188} INFO - [2026-03-21T19:06:43.057+0000] {dagbag.py:355} ERROR - Failed to import: /opt/airflow/dags/extract_data.py
Traceback (most recent call last):
  File "/home/airflow/.local/lib/python3.12/site-packages/airflow/models/dagbag.py", line 351, in parse
    loader.exec_module(new_module)
  File "<frozen importlib._bootstrap_external>", line 995, in exec_module
  File "<frozen importlib._bootstrap>", line 488, in _call_with_frames_removed
  File "/opt/airflow/dags/extract_data.py", line 27, in <module>
    bash_command=f"rm -rf {BASE_PATH} && mkdir -p {BASE_PATH} && cd {BASE_PATH} && git clone https://github.com/yunger7/enem-api.git ."
                           ^^^^^^^^^
NameError: name 'BASE_PATH' is not defined
[2026-03-21T19:06:43.068+0000] {processor.py:842} WARNING - No viable dags retrieved from /opt/airflow/dags/extract_data.py
[2026-03-21T19:06:43.108+0000] {processor.py:183} INFO - Processing /opt/airflow/dags/extract_data.py took 0.078 seconds
[2026-03-21T19:06:51.081+0000] {processor.py:161} INFO - Started process (PID=522) to work on /opt/airflow/dags/extract_data.py
[2026-03-21T19:06:51.083+0000] {processor.py:830} INFO - Processing file /opt/airflow/dags/extract_data.py for tasks to queue
[2026-03-21T19:06:51.086+0000] {logging_mixin.py:188} INFO - [2026-03-21T19:06:51.085+0000] {dagbag.py:545} INFO - Filling up the DagBag from /opt/airflow/dags/extract_data.py
[2026-03-21T19:06:51.095+0000] {logging_mixin.py:188} INFO - [2026-03-21T19:06:51.093+0000] {dagbag.py:355} ERROR - Failed to import: /opt/airflow/dags/extract_data.py
Traceback (most recent call last):
  File "/home/airflow/.local/lib/python3.12/site-packages/airflow/models/dagbag.py", line 351, in parse
    loader.exec_module(new_module)
  File "<frozen importlib._bootstrap_external>", line 995, in exec_module
  File "<frozen importlib._bootstrap>", line 488, in _call_with_frames_removed
  File "/opt/airflow/dags/extract_data.py", line 6, in <module>
    from config import BASE_PATH, mapping_discovery
ImportError: cannot import name 'mapping_discovery' from 'config' (/opt/airflow/dags/config.py)
[2026-03-21T19:06:51.096+0000] {processor.py:842} WARNING - No viable dags retrieved from /opt/airflow/dags/extract_data.py
[2026-03-21T19:06:51.132+0000] {processor.py:183} INFO - Processing /opt/airflow/dags/extract_data.py took 0.059 seconds
[2026-03-21T19:06:52.190+0000] {processor.py:161} INFO - Started process (PID=527) to work on /opt/airflow/dags/extract_data.py
[2026-03-21T19:06:52.191+0000] {processor.py:830} INFO - Processing file /opt/airflow/dags/extract_data.py for tasks to queue
[2026-03-21T19:06:52.198+0000] {logging_mixin.py:188} INFO - [2026-03-21T19:06:52.197+0000] {dagbag.py:545} INFO - Filling up the DagBag from /opt/airflow/dags/extract_data.py
[2026-03-21T19:06:52.204+0000] {logging_mixin.py:188} INFO - [2026-03-21T19:06:52.203+0000] {dagbag.py:355} ERROR - Failed to import: /opt/airflow/dags/extract_data.py
Traceback (most recent call last):
  File "/home/airflow/.local/lib/python3.12/site-packages/airflow/models/dagbag.py", line 351, in parse
    loader.exec_module(new_module)
  File "<frozen importlib._bootstrap_external>", line 995, in exec_module
  File "<frozen importlib._bootstrap>", line 488, in _call_with_frames_removed
  File "/opt/airflow/dags/extract_data.py", line 6, in <module>
    from config import BASE_PATH, mapping_discovery
ImportError: cannot import name 'mapping_discovery' from 'config' (/opt/airflow/dags/config.py)
[2026-03-21T19:06:52.205+0000] {processor.py:842} WARNING - No viable dags retrieved from /opt/airflow/dags/extract_data.py
[2026-03-21T19:06:52.236+0000] {processor.py:183} INFO - Processing /opt/airflow/dags/extract_data.py took 0.053 seconds
[2026-03-21T19:07:22.450+0000] {processor.py:161} INFO - Started process (PID=538) to work on /opt/airflow/dags/extract_data.py
[2026-03-21T19:07:22.451+0000] {processor.py:830} INFO - Processing file /opt/airflow/dags/extract_data.py for tasks to queue
[2026-03-21T19:07:22.454+0000] {logging_mixin.py:188} INFO - [2026-03-21T19:07:22.453+0000] {dagbag.py:545} INFO - Filling up the DagBag from /opt/airflow/dags/extract_data.py
[2026-03-21T19:07:22.460+0000] {logging_mixin.py:188} INFO - [2026-03-21T19:07:22.457+0000] {dagbag.py:355} ERROR - Failed to import: /opt/airflow/dags/extract_data.py
Traceback (most recent call last):
  File "/home/airflow/.local/lib/python3.12/site-packages/airflow/models/dagbag.py", line 351, in parse
    loader.exec_module(new_module)
  File "<frozen importlib._bootstrap_external>", line 995, in exec_module
  File "<frozen importlib._bootstrap>", line 488, in _call_with_frames_removed
  File "/opt/airflow/dags/extract_data.py", line 6, in <module>
    from config import BASE_PATH, mapping_discovery
ImportError: cannot import name 'mapping_discovery' from 'config' (/opt/airflow/dags/config.py)
[2026-03-21T19:07:22.461+0000] {processor.py:842} WARNING - No viable dags retrieved from /opt/airflow/dags/extract_data.py
[2026-03-21T19:07:22.536+0000] {processor.py:183} INFO - Processing /opt/airflow/dags/extract_data.py took 0.098 seconds
[2026-03-21T19:07:24.507+0000] {processor.py:161} INFO - Started process (PID=543) to work on /opt/airflow/dags/extract_data.py
[2026-03-21T19:07:24.508+0000] {processor.py:830} INFO - Processing file /opt/airflow/dags/extract_data.py for tasks to queue
[2026-03-21T19:07:24.510+0000] {logging_mixin.py:188} INFO - [2026-03-21T19:07:24.510+0000] {dagbag.py:545} INFO - Filling up the DagBag from /opt/airflow/dags/extract_data.py
[2026-03-21T19:07:24.515+0000] {logging_mixin.py:188} INFO - [2026-03-21T19:07:24.514+0000] {dagbag.py:355} ERROR - Failed to import: /opt/airflow/dags/extract_data.py
Traceback (most recent call last):
  File "/home/airflow/.local/lib/python3.12/site-packages/airflow/models/dagbag.py", line 351, in parse
    loader.exec_module(new_module)
  File "<frozen importlib._bootstrap_external>", line 995, in exec_module
  File "<frozen importlib._bootstrap>", line 488, in _call_with_frames_removed
  File "/opt/airflow/dags/extract_data.py", line 6, in <module>
    from config import BASE_PATH, mapping_discovery
ImportError: cannot import name 'mapping_discovery' from 'config' (/opt/airflow/dags/config.py)
[2026-03-21T19:07:24.516+0000] {processor.py:842} WARNING - No viable dags retrieved from /opt/airflow/dags/extract_data.py
[2026-03-21T19:07:24.545+0000] {processor.py:183} INFO - Processing /opt/airflow/dags/extract_data.py took 0.046 seconds
[2026-03-21T19:07:27.557+0000] {processor.py:161} INFO - Started process (PID=548) to work on /opt/airflow/dags/extract_data.py
[2026-03-21T19:07:27.558+0000] {processor.py:830} INFO - Processing file /opt/airflow/dags/extract_data.py for tasks to queue
[2026-03-21T19:07:27.561+0000] {logging_mixin.py:188} INFO - [2026-03-21T19:07:27.560+0000] {dagbag.py:545} INFO - Filling up the DagBag from /opt/airflow/dags/extract_data.py
[2026-03-21T19:07:27.567+0000] {logging_mixin.py:188} INFO - [2026-03-21T19:07:27.565+0000] {dagbag.py:355} ERROR - Failed to import: /opt/airflow/dags/extract_data.py
Traceback (most recent call last):
  File "/home/airflow/.local/lib/python3.12/site-packages/airflow/models/dagbag.py", line 351, in parse
    loader.exec_module(new_module)
  File "<frozen importlib._bootstrap_external>", line 995, in exec_module
  File "<frozen importlib._bootstrap>", line 488, in _call_with_frames_removed
  File "/opt/airflow/dags/extract_data.py", line 6, in <module>
    from config import BASE_PATH, mapping_discovery
ImportError: cannot import name 'mapping_discovery' from 'config' (/opt/airflow/dags/config.py)
[2026-03-21T19:07:27.567+0000] {processor.py:842} WARNING - No viable dags retrieved from /opt/airflow/dags/extract_data.py
[2026-03-21T19:07:27.598+0000] {processor.py:183} INFO - Processing /opt/airflow/dags/extract_data.py took 0.048 seconds
[2026-03-21T19:07:39.782+0000] {processor.py:161} INFO - Started process (PID=553) to work on /opt/airflow/dags/extract_data.py
[2026-03-21T19:07:39.784+0000] {processor.py:830} INFO - Processing file /opt/airflow/dags/extract_data.py for tasks to queue
[2026-03-21T19:07:39.786+0000] {logging_mixin.py:188} INFO - [2026-03-21T19:07:39.785+0000] {dagbag.py:545} INFO - Filling up the DagBag from /opt/airflow/dags/extract_data.py
[2026-03-21T19:07:39.794+0000] {logging_mixin.py:188} INFO - [2026-03-21T19:07:39.791+0000] {dagbag.py:355} ERROR - Failed to import: /opt/airflow/dags/extract_data.py
Traceback (most recent call last):
  File "/home/airflow/.local/lib/python3.12/site-packages/airflow/models/dagbag.py", line 351, in parse
    loader.exec_module(new_module)
  File "<frozen importlib._bootstrap_external>", line 995, in exec_module
  File "<frozen importlib._bootstrap>", line 488, in _call_with_frames_removed
  File "/opt/airflow/dags/extract_data.py", line 6, in <module>
    from config import BASE_PATH, mapping_discovery
ImportError: cannot import name 'mapping_discovery' from 'config' (/opt/airflow/dags/config.py)
[2026-03-21T19:07:39.795+0000] {processor.py:842} WARNING - No viable dags retrieved from /opt/airflow/dags/extract_data.py
[2026-03-21T19:07:39.829+0000] {processor.py:183} INFO - Processing /opt/airflow/dags/extract_data.py took 0.056 seconds
[2026-03-21T19:07:53.910+0000] {processor.py:161} INFO - Started process (PID=565) to work on /opt/airflow/dags/extract_data.py
[2026-03-21T19:07:53.911+0000] {processor.py:830} INFO - Processing file /opt/airflow/dags/extract_data.py for tasks to queue
[2026-03-21T19:07:53.912+0000] {logging_mixin.py:188} INFO - [2026-03-21T19:07:53.912+0000] {dagbag.py:545} INFO - Filling up the DagBag from /opt/airflow/dags/extract_data.py
[2026-03-21T19:07:53.918+0000] {logging_mixin.py:188} INFO - [2026-03-21T19:07:53.916+0000] {dagbag.py:355} ERROR - Failed to import: /opt/airflow/dags/extract_data.py
Traceback (most recent call last):
  File "/home/airflow/.local/lib/python3.12/site-packages/airflow/models/dagbag.py", line 351, in parse
    loader.exec_module(new_module)
  File "<frozen importlib._bootstrap_external>", line 995, in exec_module
  File "<frozen importlib._bootstrap>", line 488, in _call_with_frames_removed
  File "/opt/airflow/dags/extract_data.py", line 6, in <module>
    from config import BASE_PATH, mapping_discovery
ImportError: cannot import name 'mapping_discovery' from 'config' (/opt/airflow/dags/config.py)
[2026-03-21T19:07:53.918+0000] {processor.py:842} WARNING - No viable dags retrieved from /opt/airflow/dags/extract_data.py
[2026-03-21T19:07:53.944+0000] {processor.py:183} INFO - Processing /opt/airflow/dags/extract_data.py took 0.043 seconds
[2026-03-21T19:08:09.100+0000] {processor.py:161} INFO - Started process (PID=570) to work on /opt/airflow/dags/extract_data.py
[2026-03-21T19:08:09.101+0000] {processor.py:830} INFO - Processing file /opt/airflow/dags/extract_data.py for tasks to queue
[2026-03-21T19:08:09.103+0000] {logging_mixin.py:188} INFO - [2026-03-21T19:08:09.102+0000] {dagbag.py:545} INFO - Filling up the DagBag from /opt/airflow/dags/extract_data.py
[2026-03-21T19:08:09.109+0000] {logging_mixin.py:188} INFO - [2026-03-21T19:08:09.107+0000] {dagbag.py:355} ERROR - Failed to import: /opt/airflow/dags/extract_data.py
Traceback (most recent call last):
  File "/home/airflow/.local/lib/python3.12/site-packages/airflow/models/dagbag.py", line 351, in parse
    loader.exec_module(new_module)
  File "<frozen importlib._bootstrap_external>", line 995, in exec_module
  File "<frozen importlib._bootstrap>", line 488, in _call_with_frames_removed
  File "/opt/airflow/dags/extract_data.py", line 6, in <module>
    from config import BASE_PATH, mapping_discovery
ImportError: cannot import name 'mapping_discovery' from 'config' (/opt/airflow/dags/config.py)
[2026-03-21T19:08:09.109+0000] {processor.py:842} WARNING - No viable dags retrieved from /opt/airflow/dags/extract_data.py
[2026-03-21T19:08:09.143+0000] {processor.py:183} INFO - Processing /opt/airflow/dags/extract_data.py took 0.051 seconds
[2026-03-21T19:08:14.215+0000] {processor.py:161} INFO - Started process (PID=575) to work on /opt/airflow/dags/extract_data.py
[2026-03-21T19:08:14.217+0000] {processor.py:830} INFO - Processing file /opt/airflow/dags/extract_data.py for tasks to queue
[2026-03-21T19:08:14.221+0000] {logging_mixin.py:188} INFO - [2026-03-21T19:08:14.220+0000] {dagbag.py:545} INFO - Filling up the DagBag from /opt/airflow/dags/extract_data.py
[2026-03-21T19:08:14.295+0000] {logging_mixin.py:188} INFO - [2026-03-21T19:08:14.283+0000] {dagbag.py:355} ERROR - Failed to import: /opt/airflow/dags/extract_data.py
Traceback (most recent call last):
  File "/home/airflow/.local/lib/python3.12/site-packages/airflow/models/dagbag.py", line 351, in parse
    loader.exec_module(new_module)
  File "<frozen importlib._bootstrap_external>", line 995, in exec_module
  File "<frozen importlib._bootstrap>", line 488, in _call_with_frames_removed
  File "/opt/airflow/dags/extract_data.py", line 6, in <module>
    from config import BASE_PATH, mapping_discovery
ImportError: cannot import name 'mapping_discovery' from 'config' (/opt/airflow/dags/config.py)
[2026-03-21T19:08:14.297+0000] {processor.py:842} WARNING - No viable dags retrieved from /opt/airflow/dags/extract_data.py
[2026-03-21T19:08:14.448+0000] {processor.py:183} INFO - Processing /opt/airflow/dags/extract_data.py took 0.279 seconds
[2026-03-21T19:08:17.432+0000] {processor.py:161} INFO - Started process (PID=585) to work on /opt/airflow/dags/extract_data.py
[2026-03-21T19:08:17.440+0000] {processor.py:830} INFO - Processing file /opt/airflow/dags/extract_data.py for tasks to queue
[2026-03-21T19:08:17.444+0000] {logging_mixin.py:188} INFO - [2026-03-21T19:08:17.442+0000] {dagbag.py:545} INFO - Filling up the DagBag from /opt/airflow/dags/extract_data.py
[2026-03-21T19:08:17.470+0000] {logging_mixin.py:188} INFO - [2026-03-21T19:08:17.464+0000] {dagbag.py:355} ERROR - Failed to import: /opt/airflow/dags/extract_data.py
Traceback (most recent call last):
  File "/home/airflow/.local/lib/python3.12/site-packages/airflow/models/dagbag.py", line 351, in parse
    loader.exec_module(new_module)
  File "<frozen importlib._bootstrap_external>", line 995, in exec_module
  File "<frozen importlib._bootstrap>", line 488, in _call_with_frames_removed
  File "/opt/airflow/dags/extract_data.py", line 6, in <module>
    from config import BASE_PATH, mapping_discovery
ImportError: cannot import name 'mapping_discovery' from 'config' (/opt/airflow/dags/config.py)
[2026-03-21T19:08:17.472+0000] {processor.py:842} WARNING - No viable dags retrieved from /opt/airflow/dags/extract_data.py
[2026-03-21T19:08:17.807+0000] {processor.py:183} INFO - Processing /opt/airflow/dags/extract_data.py took 0.462 seconds
[2026-03-21T19:08:20.661+0000] {processor.py:161} INFO - Started process (PID=590) to work on /opt/airflow/dags/extract_data.py
[2026-03-21T19:08:20.663+0000] {processor.py:830} INFO - Processing file /opt/airflow/dags/extract_data.py for tasks to queue
[2026-03-21T19:08:20.664+0000] {logging_mixin.py:188} INFO - [2026-03-21T19:08:20.663+0000] {dagbag.py:545} INFO - Filling up the DagBag from /opt/airflow/dags/extract_data.py
[2026-03-21T19:08:20.669+0000] {logging_mixin.py:188} INFO - [2026-03-21T19:08:20.668+0000] {dagbag.py:355} ERROR - Failed to import: /opt/airflow/dags/extract_data.py
Traceback (most recent call last):
  File "/home/airflow/.local/lib/python3.12/site-packages/airflow/models/dagbag.py", line 351, in parse
    loader.exec_module(new_module)
  File "<frozen importlib._bootstrap_external>", line 995, in exec_module
  File "<frozen importlib._bootstrap>", line 488, in _call_with_frames_removed
  File "/opt/airflow/dags/extract_data.py", line 6, in <module>
    from config import BASE_PATH, mapping_discovery
ImportError: cannot import name 'mapping_discovery' from 'config' (/opt/airflow/dags/config.py)
[2026-03-21T19:08:20.670+0000] {processor.py:842} WARNING - No viable dags retrieved from /opt/airflow/dags/extract_data.py
[2026-03-21T19:08:20.731+0000] {processor.py:183} INFO - Processing /opt/airflow/dags/extract_data.py took 0.078 seconds
[2026-03-21T19:08:26.842+0000] {processor.py:161} INFO - Started process (PID=595) to work on /opt/airflow/dags/extract_data.py
[2026-03-21T19:08:26.874+0000] {processor.py:830} INFO - Processing file /opt/airflow/dags/extract_data.py for tasks to queue
[2026-03-21T19:08:26.884+0000] {logging_mixin.py:188} INFO - [2026-03-21T19:08:26.883+0000] {dagbag.py:545} INFO - Filling up the DagBag from /opt/airflow/dags/extract_data.py
[2026-03-21T19:08:26.933+0000] {logging_mixin.py:188} INFO - [2026-03-21T19:08:26.929+0000] {dagbag.py:355} ERROR - Failed to import: /opt/airflow/dags/extract_data.py
Traceback (most recent call last):
  File "/home/airflow/.local/lib/python3.12/site-packages/airflow/models/dagbag.py", line 351, in parse
    loader.exec_module(new_module)
  File "<frozen importlib._bootstrap_external>", line 995, in exec_module
  File "<frozen importlib._bootstrap>", line 488, in _call_with_frames_removed
  File "/opt/airflow/dags/extract_data.py", line 6, in <module>
    from config import BASE_PATH, mapping_discovery
ImportError: cannot import name 'mapping_discovery' from 'config' (/opt/airflow/dags/config.py)
[2026-03-21T19:08:26.941+0000] {processor.py:842} WARNING - No viable dags retrieved from /opt/airflow/dags/extract_data.py
[2026-03-21T19:08:27.011+0000] {processor.py:183} INFO - Processing /opt/airflow/dags/extract_data.py took 0.230 seconds
[2026-03-21T19:08:57.123+0000] {processor.py:161} INFO - Started process (PID=606) to work on /opt/airflow/dags/extract_data.py
[2026-03-21T19:08:57.124+0000] {processor.py:830} INFO - Processing file /opt/airflow/dags/extract_data.py for tasks to queue
[2026-03-21T19:08:57.125+0000] {logging_mixin.py:188} INFO - [2026-03-21T19:08:57.125+0000] {dagbag.py:545} INFO - Filling up the DagBag from /opt/airflow/dags/extract_data.py
[2026-03-21T19:08:57.155+0000] {processor.py:840} INFO - DAG(s) 'dag_teste' retrieved from /opt/airflow/dags/extract_data.py
[2026-03-21T19:08:57.561+0000] {logging_mixin.py:188} INFO - [2026-03-21T19:08:57.561+0000] {dag.py:3096} INFO - Sync 1 DAGs
[2026-03-21T19:08:57.589+0000] {logging_mixin.py:188} INFO - [2026-03-21T19:08:57.588+0000] {dag.py:3954} INFO - Setting next_dagrun for dag_teste to None, run_after=None
[2026-03-21T19:08:57.636+0000] {processor.py:183} INFO - Processing /opt/airflow/dags/extract_data.py took 0.522 seconds
[2026-03-21T19:09:08.464+0000] {processor.py:161} INFO - Started process (PID=611) to work on /opt/airflow/dags/extract_data.py
[2026-03-21T19:09:08.466+0000] {processor.py:830} INFO - Processing file /opt/airflow/dags/extract_data.py for tasks to queue
[2026-03-21T19:09:08.468+0000] {logging_mixin.py:188} INFO - [2026-03-21T19:09:08.467+0000] {dagbag.py:545} INFO - Filling up the DagBag from /opt/airflow/dags/extract_data.py
[2026-03-21T19:09:08.486+0000] {processor.py:840} INFO - DAG(s) 'dag_teste' retrieved from /opt/airflow/dags/extract_data.py
[2026-03-21T19:09:08.504+0000] {logging_mixin.py:188} INFO - [2026-03-21T19:09:08.503+0000] {dag.py:3096} INFO - Sync 1 DAGs
[2026-03-21T19:09:08.521+0000] {logging_mixin.py:188} INFO - [2026-03-21T19:09:08.520+0000] {dag.py:3954} INFO - Setting next_dagrun for dag_teste to None, run_after=None
[2026-03-21T19:09:08.550+0000] {processor.py:183} INFO - Processing /opt/airflow/dags/extract_data.py took 0.093 seconds
[2026-03-21T19:09:38.736+0000] {processor.py:161} INFO - Started process (PID=622) to work on /opt/airflow/dags/extract_data.py
[2026-03-21T19:09:38.737+0000] {processor.py:830} INFO - Processing file /opt/airflow/dags/extract_data.py for tasks to queue
[2026-03-21T19:09:38.739+0000] {logging_mixin.py:188} INFO - [2026-03-21T19:09:38.738+0000] {dagbag.py:545} INFO - Filling up the DagBag from /opt/airflow/dags/extract_data.py
[2026-03-21T19:09:38.761+0000] {processor.py:840} INFO - DAG(s) 'dag_teste' retrieved from /opt/airflow/dags/extract_data.py
[2026-03-21T19:09:38.949+0000] {logging_mixin.py:188} INFO - [2026-03-21T19:09:38.949+0000] {dag.py:3096} INFO - Sync 1 DAGs
[2026-03-21T19:09:38.972+0000] {logging_mixin.py:188} INFO - [2026-03-21T19:09:38.971+0000] {dag.py:3954} INFO - Setting next_dagrun for dag_teste to None, run_after=None
[2026-03-21T19:09:39.011+0000] {processor.py:183} INFO - Processing /opt/airflow/dags/extract_data.py took 0.283 seconds
[2026-03-21T19:10:09.284+0000] {processor.py:161} INFO - Started process (PID=633) to work on /opt/airflow/dags/extract_data.py
[2026-03-21T19:10:09.288+0000] {processor.py:830} INFO - Processing file /opt/airflow/dags/extract_data.py for tasks to queue
[2026-03-21T19:10:09.289+0000] {logging_mixin.py:188} INFO - [2026-03-21T19:10:09.288+0000] {dagbag.py:545} INFO - Filling up the DagBag from /opt/airflow/dags/extract_data.py
[2026-03-21T19:10:09.305+0000] {processor.py:840} INFO - DAG(s) 'dag_teste' retrieved from /opt/airflow/dags/extract_data.py
[2026-03-21T19:10:09.347+0000] {logging_mixin.py:188} INFO - [2026-03-21T19:10:09.346+0000] {dag.py:3096} INFO - Sync 1 DAGs
[2026-03-21T19:10:09.369+0000] {logging_mixin.py:188} INFO - [2026-03-21T19:10:09.369+0000] {dag.py:3954} INFO - Setting next_dagrun for dag_teste to None, run_after=None
[2026-03-21T19:10:09.394+0000] {processor.py:183} INFO - Processing /opt/airflow/dags/extract_data.py took 0.121 seconds
[2026-03-21T19:10:39.516+0000] {processor.py:161} INFO - Started process (PID=644) to work on /opt/airflow/dags/extract_data.py
[2026-03-21T19:10:39.517+0000] {processor.py:830} INFO - Processing file /opt/airflow/dags/extract_data.py for tasks to queue
[2026-03-21T19:10:39.518+0000] {logging_mixin.py:188} INFO - [2026-03-21T19:10:39.518+0000] {dagbag.py:545} INFO - Filling up the DagBag from /opt/airflow/dags/extract_data.py
[2026-03-21T19:10:39.531+0000] {processor.py:840} INFO - DAG(s) 'dag_teste' retrieved from /opt/airflow/dags/extract_data.py
[2026-03-21T19:10:39.566+0000] {logging_mixin.py:188} INFO - [2026-03-21T19:10:39.566+0000] {dag.py:3096} INFO - Sync 1 DAGs
[2026-03-21T19:10:39.584+0000] {logging_mixin.py:188} INFO - [2026-03-21T19:10:39.583+0000] {dag.py:3954} INFO - Setting next_dagrun for dag_teste to None, run_after=None
[2026-03-21T19:10:39.614+0000] {processor.py:183} INFO - Processing /opt/airflow/dags/extract_data.py took 0.106 seconds
[2026-03-21T19:11:09.872+0000] {processor.py:161} INFO - Started process (PID=655) to work on /opt/airflow/dags/extract_data.py
[2026-03-21T19:11:09.873+0000] {processor.py:830} INFO - Processing file /opt/airflow/dags/extract_data.py for tasks to queue
[2026-03-21T19:11:09.875+0000] {logging_mixin.py:188} INFO - [2026-03-21T19:11:09.874+0000] {dagbag.py:545} INFO - Filling up the DagBag from /opt/airflow/dags/extract_data.py
[2026-03-21T19:11:09.891+0000] {processor.py:840} INFO - DAG(s) 'dag_teste' retrieved from /opt/airflow/dags/extract_data.py
[2026-03-21T19:11:09.932+0000] {logging_mixin.py:188} INFO - [2026-03-21T19:11:09.932+0000] {dag.py:3096} INFO - Sync 1 DAGs
[2026-03-21T19:11:09.949+0000] {logging_mixin.py:188} INFO - [2026-03-21T19:11:09.948+0000] {dag.py:3954} INFO - Setting next_dagrun for dag_teste to None, run_after=None
[2026-03-21T19:11:09.977+0000] {processor.py:183} INFO - Processing /opt/airflow/dags/extract_data.py took 0.113 seconds
[2026-03-21T19:11:40.168+0000] {processor.py:161} INFO - Started process (PID=666) to work on /opt/airflow/dags/extract_data.py
[2026-03-21T19:11:40.169+0000] {processor.py:830} INFO - Processing file /opt/airflow/dags/extract_data.py for tasks to queue
[2026-03-21T19:11:40.170+0000] {logging_mixin.py:188} INFO - [2026-03-21T19:11:40.170+0000] {dagbag.py:545} INFO - Filling up the DagBag from /opt/airflow/dags/extract_data.py
[2026-03-21T19:11:40.189+0000] {processor.py:840} INFO - DAG(s) 'dag_teste' retrieved from /opt/airflow/dags/extract_data.py
[2026-03-21T19:11:40.238+0000] {logging_mixin.py:188} INFO - [2026-03-21T19:11:40.237+0000] {dag.py:3096} INFO - Sync 1 DAGs
[2026-03-21T19:11:40.263+0000] {logging_mixin.py:188} INFO - [2026-03-21T19:11:40.263+0000] {dag.py:3954} INFO - Setting next_dagrun for dag_teste to None, run_after=None
[2026-03-21T19:11:40.292+0000] {processor.py:183} INFO - Processing /opt/airflow/dags/extract_data.py took 0.134 seconds
[2026-03-21T19:12:10.493+0000] {processor.py:161} INFO - Started process (PID=678) to work on /opt/airflow/dags/extract_data.py
[2026-03-21T19:12:10.510+0000] {processor.py:830} INFO - Processing file /opt/airflow/dags/extract_data.py for tasks to queue
[2026-03-21T19:12:10.512+0000] {logging_mixin.py:188} INFO - [2026-03-21T19:12:10.512+0000] {dagbag.py:545} INFO - Filling up the DagBag from /opt/airflow/dags/extract_data.py
[2026-03-21T19:12:10.526+0000] {processor.py:840} INFO - DAG(s) 'dag_teste' retrieved from /opt/airflow/dags/extract_data.py
[2026-03-21T19:12:10.572+0000] {logging_mixin.py:188} INFO - [2026-03-21T19:12:10.572+0000] {dag.py:3096} INFO - Sync 1 DAGs
[2026-03-21T19:12:10.590+0000] {logging_mixin.py:188} INFO - [2026-03-21T19:12:10.589+0000] {dag.py:3954} INFO - Setting next_dagrun for dag_teste to None, run_after=None
[2026-03-21T19:12:10.619+0000] {processor.py:183} INFO - Processing /opt/airflow/dags/extract_data.py took 0.133 seconds
[2026-03-21T19:12:40.747+0000] {processor.py:161} INFO - Started process (PID=689) to work on /opt/airflow/dags/extract_data.py
[2026-03-21T19:12:40.748+0000] {processor.py:830} INFO - Processing file /opt/airflow/dags/extract_data.py for tasks to queue
[2026-03-21T19:12:40.749+0000] {logging_mixin.py:188} INFO - [2026-03-21T19:12:40.749+0000] {dagbag.py:545} INFO - Filling up the DagBag from /opt/airflow/dags/extract_data.py
[2026-03-21T19:12:40.764+0000] {processor.py:840} INFO - DAG(s) 'dag_teste' retrieved from /opt/airflow/dags/extract_data.py
[2026-03-21T19:12:40.808+0000] {logging_mixin.py:188} INFO - [2026-03-21T19:12:40.808+0000] {dag.py:3096} INFO - Sync 1 DAGs
[2026-03-21T19:12:40.826+0000] {logging_mixin.py:188} INFO - [2026-03-21T19:12:40.826+0000] {dag.py:3954} INFO - Setting next_dagrun for dag_teste to None, run_after=None
[2026-03-21T19:12:40.852+0000] {processor.py:183} INFO - Processing /opt/airflow/dags/extract_data.py took 0.112 seconds
[2026-03-21T19:13:11.120+0000] {processor.py:161} INFO - Started process (PID=700) to work on /opt/airflow/dags/extract_data.py
[2026-03-21T19:13:11.121+0000] {processor.py:830} INFO - Processing file /opt/airflow/dags/extract_data.py for tasks to queue
[2026-03-21T19:13:11.122+0000] {logging_mixin.py:188} INFO - [2026-03-21T19:13:11.122+0000] {dagbag.py:545} INFO - Filling up the DagBag from /opt/airflow/dags/extract_data.py
[2026-03-21T19:13:11.136+0000] {processor.py:840} INFO - DAG(s) 'dag_teste' retrieved from /opt/airflow/dags/extract_data.py
[2026-03-21T19:13:11.174+0000] {logging_mixin.py:188} INFO - [2026-03-21T19:13:11.174+0000] {dag.py:3096} INFO - Sync 1 DAGs
[2026-03-21T19:13:11.192+0000] {logging_mixin.py:188} INFO - [2026-03-21T19:13:11.192+0000] {dag.py:3954} INFO - Setting next_dagrun for dag_teste to None, run_after=None
[2026-03-21T19:13:11.223+0000] {processor.py:183} INFO - Processing /opt/airflow/dags/extract_data.py took 0.110 seconds
[2026-03-21T19:13:41.364+0000] {processor.py:161} INFO - Started process (PID=711) to work on /opt/airflow/dags/extract_data.py
[2026-03-21T19:13:41.365+0000] {processor.py:830} INFO - Processing file /opt/airflow/dags/extract_data.py for tasks to queue
[2026-03-21T19:13:41.366+0000] {logging_mixin.py:188} INFO - [2026-03-21T19:13:41.366+0000] {dagbag.py:545} INFO - Filling up the DagBag from /opt/airflow/dags/extract_data.py
[2026-03-21T19:13:41.380+0000] {processor.py:840} INFO - DAG(s) 'dag_teste' retrieved from /opt/airflow/dags/extract_data.py
[2026-03-21T19:13:41.422+0000] {logging_mixin.py:188} INFO - [2026-03-21T19:13:41.422+0000] {dag.py:3096} INFO - Sync 1 DAGs
[2026-03-21T19:13:41.438+0000] {logging_mixin.py:188} INFO - [2026-03-21T19:13:41.437+0000] {dag.py:3954} INFO - Setting next_dagrun for dag_teste to None, run_after=None
[2026-03-21T19:13:41.464+0000] {processor.py:183} INFO - Processing /opt/airflow/dags/extract_data.py took 0.108 seconds
[2026-03-21T19:14:11.747+0000] {processor.py:161} INFO - Started process (PID=722) to work on /opt/airflow/dags/extract_data.py
[2026-03-21T19:14:11.748+0000] {processor.py:830} INFO - Processing file /opt/airflow/dags/extract_data.py for tasks to queue
[2026-03-21T19:14:11.750+0000] {logging_mixin.py:188} INFO - [2026-03-21T19:14:11.749+0000] {dagbag.py:545} INFO - Filling up the DagBag from /opt/airflow/dags/extract_data.py
[2026-03-21T19:14:11.768+0000] {processor.py:840} INFO - DAG(s) 'dag_teste' retrieved from /opt/airflow/dags/extract_data.py
[2026-03-21T19:14:11.809+0000] {logging_mixin.py:188} INFO - [2026-03-21T19:14:11.809+0000] {dag.py:3096} INFO - Sync 1 DAGs
[2026-03-21T19:14:11.830+0000] {logging_mixin.py:188} INFO - [2026-03-21T19:14:11.830+0000] {dag.py:3954} INFO - Setting next_dagrun for dag_teste to None, run_after=None
[2026-03-21T19:14:11.857+0000] {processor.py:183} INFO - Processing /opt/airflow/dags/extract_data.py took 0.118 seconds
[2026-03-21T19:14:42.040+0000] {processor.py:161} INFO - Started process (PID=732) to work on /opt/airflow/dags/extract_data.py
[2026-03-21T19:14:42.041+0000] {processor.py:830} INFO - Processing file /opt/airflow/dags/extract_data.py for tasks to queue
[2026-03-21T19:14:42.042+0000] {logging_mixin.py:188} INFO - [2026-03-21T19:14:42.041+0000] {dagbag.py:545} INFO - Filling up the DagBag from /opt/airflow/dags/extract_data.py
[2026-03-21T19:14:42.057+0000] {processor.py:840} INFO - DAG(s) 'dag_teste' retrieved from /opt/airflow/dags/extract_data.py
[2026-03-21T19:14:42.097+0000] {logging_mixin.py:188} INFO - [2026-03-21T19:14:42.096+0000] {dag.py:3096} INFO - Sync 1 DAGs
[2026-03-21T19:14:42.114+0000] {logging_mixin.py:188} INFO - [2026-03-21T19:14:42.113+0000] {dag.py:3954} INFO - Setting next_dagrun for dag_teste to None, run_after=None
[2026-03-21T19:14:42.146+0000] {processor.py:183} INFO - Processing /opt/airflow/dags/extract_data.py took 0.114 seconds
[2026-03-21T19:15:12.364+0000] {processor.py:161} INFO - Started process (PID=743) to work on /opt/airflow/dags/extract_data.py
[2026-03-21T19:15:12.366+0000] {processor.py:830} INFO - Processing file /opt/airflow/dags/extract_data.py for tasks to queue
[2026-03-21T19:15:12.368+0000] {logging_mixin.py:188} INFO - [2026-03-21T19:15:12.367+0000] {dagbag.py:545} INFO - Filling up the DagBag from /opt/airflow/dags/extract_data.py
[2026-03-21T19:15:12.390+0000] {processor.py:840} INFO - DAG(s) 'dag_teste' retrieved from /opt/airflow/dags/extract_data.py
[2026-03-21T19:15:12.433+0000] {logging_mixin.py:188} INFO - [2026-03-21T19:15:12.432+0000] {dag.py:3096} INFO - Sync 1 DAGs
[2026-03-21T19:15:12.450+0000] {logging_mixin.py:188} INFO - [2026-03-21T19:15:12.450+0000] {dag.py:3954} INFO - Setting next_dagrun for dag_teste to None, run_after=None
[2026-03-21T19:15:12.478+0000] {processor.py:183} INFO - Processing /opt/airflow/dags/extract_data.py took 0.124 seconds
[2026-03-21T19:15:42.631+0000] {processor.py:161} INFO - Started process (PID=754) to work on /opt/airflow/dags/extract_data.py
[2026-03-21T19:15:42.632+0000] {processor.py:830} INFO - Processing file /opt/airflow/dags/extract_data.py for tasks to queue
[2026-03-21T19:15:42.633+0000] {logging_mixin.py:188} INFO - [2026-03-21T19:15:42.633+0000] {dagbag.py:545} INFO - Filling up the DagBag from /opt/airflow/dags/extract_data.py
[2026-03-21T19:15:42.648+0000] {processor.py:840} INFO - DAG(s) 'dag_teste' retrieved from /opt/airflow/dags/extract_data.py
[2026-03-21T19:15:42.688+0000] {logging_mixin.py:188} INFO - [2026-03-21T19:15:42.688+0000] {dag.py:3096} INFO - Sync 1 DAGs
[2026-03-21T19:15:42.708+0000] {logging_mixin.py:188} INFO - [2026-03-21T19:15:42.708+0000] {dag.py:3954} INFO - Setting next_dagrun for dag_teste to None, run_after=None
[2026-03-21T19:15:42.740+0000] {processor.py:183} INFO - Processing /opt/airflow/dags/extract_data.py took 0.116 seconds
[2026-03-21T19:16:12.973+0000] {processor.py:161} INFO - Started process (PID=765) to work on /opt/airflow/dags/extract_data.py
[2026-03-21T19:16:12.975+0000] {processor.py:830} INFO - Processing file /opt/airflow/dags/extract_data.py for tasks to queue
[2026-03-21T19:16:12.976+0000] {logging_mixin.py:188} INFO - [2026-03-21T19:16:12.975+0000] {dagbag.py:545} INFO - Filling up the DagBag from /opt/airflow/dags/extract_data.py
[2026-03-21T19:16:12.990+0000] {processor.py:840} INFO - DAG(s) 'dag_teste' retrieved from /opt/airflow/dags/extract_data.py
[2026-03-21T19:16:13.032+0000] {logging_mixin.py:188} INFO - [2026-03-21T19:16:13.031+0000] {dag.py:3096} INFO - Sync 1 DAGs
[2026-03-21T19:16:13.048+0000] {logging_mixin.py:188} INFO - [2026-03-21T19:16:13.048+0000] {dag.py:3954} INFO - Setting next_dagrun for dag_teste to None, run_after=None
[2026-03-21T19:16:13.078+0000] {processor.py:183} INFO - Processing /opt/airflow/dags/extract_data.py took 0.114 seconds
[2026-03-21T19:16:43.242+0000] {processor.py:161} INFO - Started process (PID=776) to work on /opt/airflow/dags/extract_data.py
[2026-03-21T19:16:43.243+0000] {processor.py:830} INFO - Processing file /opt/airflow/dags/extract_data.py for tasks to queue
[2026-03-21T19:16:43.243+0000] {logging_mixin.py:188} INFO - [2026-03-21T19:16:43.243+0000] {dagbag.py:545} INFO - Filling up the DagBag from /opt/airflow/dags/extract_data.py
[2026-03-21T19:16:43.258+0000] {processor.py:840} INFO - DAG(s) 'dag_teste' retrieved from /opt/airflow/dags/extract_data.py
[2026-03-21T19:16:43.295+0000] {logging_mixin.py:188} INFO - [2026-03-21T19:16:43.295+0000] {dag.py:3096} INFO - Sync 1 DAGs
[2026-03-21T19:16:43.310+0000] {logging_mixin.py:188} INFO - [2026-03-21T19:16:43.310+0000] {dag.py:3954} INFO - Setting next_dagrun for dag_teste to None, run_after=None
[2026-03-21T19:16:43.335+0000] {processor.py:183} INFO - Processing /opt/airflow/dags/extract_data.py took 0.101 seconds
[2026-03-21T19:17:13.601+0000] {processor.py:161} INFO - Started process (PID=787) to work on /opt/airflow/dags/extract_data.py
[2026-03-21T19:17:13.603+0000] {processor.py:830} INFO - Processing file /opt/airflow/dags/extract_data.py for tasks to queue
[2026-03-21T19:17:13.605+0000] {logging_mixin.py:188} INFO - [2026-03-21T19:17:13.604+0000] {dagbag.py:545} INFO - Filling up the DagBag from /opt/airflow/dags/extract_data.py
[2026-03-21T19:17:13.619+0000] {processor.py:840} INFO - DAG(s) 'dag_teste' retrieved from /opt/airflow/dags/extract_data.py
[2026-03-21T19:17:13.660+0000] {logging_mixin.py:188} INFO - [2026-03-21T19:17:13.659+0000] {dag.py:3096} INFO - Sync 1 DAGs
[2026-03-21T19:17:13.677+0000] {logging_mixin.py:188} INFO - [2026-03-21T19:17:13.677+0000] {dag.py:3954} INFO - Setting next_dagrun for dag_teste to None, run_after=None
[2026-03-21T19:17:13.703+0000] {processor.py:183} INFO - Processing /opt/airflow/dags/extract_data.py took 0.109 seconds
[2026-03-21T19:17:17.638+0000] {processor.py:161} INFO - Started process (PID=792) to work on /opt/airflow/dags/extract_data.py
[2026-03-21T19:17:17.639+0000] {processor.py:830} INFO - Processing file /opt/airflow/dags/extract_data.py for tasks to queue
[2026-03-21T19:17:17.640+0000] {logging_mixin.py:188} INFO - [2026-03-21T19:17:17.639+0000] {dagbag.py:545} INFO - Filling up the DagBag from /opt/airflow/dags/extract_data.py
[2026-03-21T19:17:17.651+0000] {logging_mixin.py:188} INFO - [2026-03-21T19:17:17.647+0000] {dagbag.py:355} ERROR - Failed to import: /opt/airflow/dags/extract_data.py
Traceback (most recent call last):
  File "/home/airflow/.local/lib/python3.12/site-packages/airflow/models/dagbag.py", line 351, in parse
    loader.exec_module(new_module)
  File "<frozen importlib._bootstrap_external>", line 995, in exec_module
  File "<frozen importlib._bootstrap>", line 488, in _call_with_frames_removed
  File "/opt/airflow/dags/extract_data.py", line 18, in <module>
    with DAG(
         ^^^^
TypeError: DAG.__init__() got an unexpected keyword argument 'schedule_interva'
[2026-03-21T19:17:17.652+0000] {processor.py:842} WARNING - No viable dags retrieved from /opt/airflow/dags/extract_data.py
[2026-03-21T19:17:17.707+0000] {processor.py:183} INFO - Processing /opt/airflow/dags/extract_data.py took 0.078 seconds
[2026-03-21T19:17:19.656+0000] {processor.py:161} INFO - Started process (PID=804) to work on /opt/airflow/dags/extract_data.py
[2026-03-21T19:17:19.657+0000] {processor.py:830} INFO - Processing file /opt/airflow/dags/extract_data.py for tasks to queue
[2026-03-21T19:17:19.658+0000] {logging_mixin.py:188} INFO - [2026-03-21T19:17:19.658+0000] {dagbag.py:545} INFO - Filling up the DagBag from /opt/airflow/dags/extract_data.py
[2026-03-21T19:17:19.674+0000] {processor.py:840} INFO - DAG(s) 'dag_teste' retrieved from /opt/airflow/dags/extract_data.py
[2026-03-21T19:17:19.728+0000] {logging_mixin.py:188} INFO - [2026-03-21T19:17:19.727+0000] {dag.py:3096} INFO - Sync 1 DAGs
[2026-03-21T19:17:19.748+0000] {logging_mixin.py:188} INFO - [2026-03-21T19:17:19.748+0000] {dag.py:3954} INFO - Setting next_dagrun for dag_teste to None, run_after=None
[2026-03-21T19:17:19.789+0000] {processor.py:183} INFO - Processing /opt/airflow/dags/extract_data.py took 0.140 seconds
[2026-03-21T19:17:50.025+0000] {processor.py:161} INFO - Started process (PID=815) to work on /opt/airflow/dags/extract_data.py
[2026-03-21T19:17:50.027+0000] {processor.py:830} INFO - Processing file /opt/airflow/dags/extract_data.py for tasks to queue
[2026-03-21T19:17:50.028+0000] {logging_mixin.py:188} INFO - [2026-03-21T19:17:50.027+0000] {dagbag.py:545} INFO - Filling up the DagBag from /opt/airflow/dags/extract_data.py
[2026-03-21T19:17:50.042+0000] {processor.py:840} INFO - DAG(s) 'dag_teste' retrieved from /opt/airflow/dags/extract_data.py
[2026-03-21T19:17:50.081+0000] {logging_mixin.py:188} INFO - [2026-03-21T19:17:50.081+0000] {dag.py:3096} INFO - Sync 1 DAGs
[2026-03-21T19:17:50.096+0000] {logging_mixin.py:188} INFO - [2026-03-21T19:17:50.096+0000] {dag.py:3954} INFO - Setting next_dagrun for dag_teste to None, run_after=None
[2026-03-21T19:17:50.124+0000] {processor.py:183} INFO - Processing /opt/airflow/dags/extract_data.py took 0.108 seconds
[2026-03-21T19:18:20.312+0000] {processor.py:161} INFO - Started process (PID=826) to work on /opt/airflow/dags/extract_data.py
[2026-03-21T19:18:20.314+0000] {processor.py:830} INFO - Processing file /opt/airflow/dags/extract_data.py for tasks to queue
[2026-03-21T19:18:20.316+0000] {logging_mixin.py:188} INFO - [2026-03-21T19:18:20.315+0000] {dagbag.py:545} INFO - Filling up the DagBag from /opt/airflow/dags/extract_data.py
[2026-03-21T19:18:20.334+0000] {processor.py:840} INFO - DAG(s) 'dag_teste' retrieved from /opt/airflow/dags/extract_data.py
[2026-03-21T19:18:20.383+0000] {logging_mixin.py:188} INFO - [2026-03-21T19:18:20.382+0000] {dag.py:3096} INFO - Sync 1 DAGs
[2026-03-21T19:18:20.404+0000] {logging_mixin.py:188} INFO - [2026-03-21T19:18:20.404+0000] {dag.py:3954} INFO - Setting next_dagrun for dag_teste to None, run_after=None
[2026-03-21T19:18:20.444+0000] {processor.py:183} INFO - Processing /opt/airflow/dags/extract_data.py took 0.141 seconds
[2026-03-21T19:18:22.414+0000] {processor.py:161} INFO - Started process (PID=831) to work on /opt/airflow/dags/extract_data.py
[2026-03-21T19:18:22.415+0000] {processor.py:830} INFO - Processing file /opt/airflow/dags/extract_data.py for tasks to queue
[2026-03-21T19:18:22.417+0000] {logging_mixin.py:188} INFO - [2026-03-21T19:18:22.417+0000] {dagbag.py:545} INFO - Filling up the DagBag from /opt/airflow/dags/extract_data.py
[2026-03-21T19:18:22.435+0000] {processor.py:840} INFO - DAG(s) 'dag_teste' retrieved from /opt/airflow/dags/extract_data.py
[2026-03-21T19:18:22.476+0000] {logging_mixin.py:188} INFO - [2026-03-21T19:18:22.476+0000] {dag.py:3096} INFO - Sync 1 DAGs
[2026-03-21T19:18:22.494+0000] {logging_mixin.py:188} INFO - [2026-03-21T19:18:22.493+0000] {dag.py:3954} INFO - Setting next_dagrun for dag_teste to None, run_after=None
[2026-03-21T19:18:22.523+0000] {processor.py:183} INFO - Processing /opt/airflow/dags/extract_data.py took 0.120 seconds
[2026-03-21T19:18:52.751+0000] {processor.py:161} INFO - Started process (PID=842) to work on /opt/airflow/dags/extract_data.py
[2026-03-21T19:18:52.768+0000] {processor.py:830} INFO - Processing file /opt/airflow/dags/extract_data.py for tasks to queue
[2026-03-21T19:18:52.769+0000] {logging_mixin.py:188} INFO - [2026-03-21T19:18:52.769+0000] {dagbag.py:545} INFO - Filling up the DagBag from /opt/airflow/dags/extract_data.py
[2026-03-21T19:18:52.782+0000] {processor.py:840} INFO - DAG(s) 'dag_teste' retrieved from /opt/airflow/dags/extract_data.py
[2026-03-21T19:18:52.819+0000] {logging_mixin.py:188} INFO - [2026-03-21T19:18:52.819+0000] {dag.py:3096} INFO - Sync 1 DAGs
[2026-03-21T19:18:52.839+0000] {logging_mixin.py:188} INFO - [2026-03-21T19:18:52.839+0000] {dag.py:3954} INFO - Setting next_dagrun for dag_teste to None, run_after=None
[2026-03-21T19:18:52.866+0000] {processor.py:183} INFO - Processing /opt/airflow/dags/extract_data.py took 0.125 seconds
[2026-03-21T19:19:23.032+0000] {processor.py:161} INFO - Started process (PID=853) to work on /opt/airflow/dags/extract_data.py
[2026-03-21T19:19:23.033+0000] {processor.py:830} INFO - Processing file /opt/airflow/dags/extract_data.py for tasks to queue
[2026-03-21T19:19:23.034+0000] {logging_mixin.py:188} INFO - [2026-03-21T19:19:23.033+0000] {dagbag.py:545} INFO - Filling up the DagBag from /opt/airflow/dags/extract_data.py
[2026-03-21T19:19:23.045+0000] {processor.py:840} INFO - DAG(s) 'dag_teste' retrieved from /opt/airflow/dags/extract_data.py
[2026-03-21T19:19:23.084+0000] {logging_mixin.py:188} INFO - [2026-03-21T19:19:23.084+0000] {dag.py:3096} INFO - Sync 1 DAGs
[2026-03-21T19:19:23.101+0000] {logging_mixin.py:188} INFO - [2026-03-21T19:19:23.101+0000] {dag.py:3954} INFO - Setting next_dagrun for dag_teste to None, run_after=None
[2026-03-21T19:19:23.128+0000] {processor.py:183} INFO - Processing /opt/airflow/dags/extract_data.py took 0.104 seconds
[2026-03-21T19:19:48.399+0000] {processor.py:161} INFO - Started process (PID=858) to work on /opt/airflow/dags/extract_data.py
[2026-03-21T19:19:48.400+0000] {processor.py:830} INFO - Processing file /opt/airflow/dags/extract_data.py for tasks to queue
[2026-03-21T19:19:48.402+0000] {logging_mixin.py:188} INFO - [2026-03-21T19:19:48.401+0000] {dagbag.py:545} INFO - Filling up the DagBag from /opt/airflow/dags/extract_data.py
[2026-03-21T19:19:48.411+0000] {logging_mixin.py:188} INFO - [2026-03-21T19:19:48.408+0000] {dagbag.py:355} ERROR - Failed to import: /opt/airflow/dags/extract_data.py
Traceback (most recent call last):
  File "/home/airflow/.local/lib/python3.12/site-packages/airflow/models/dagbag.py", line 351, in parse
    loader.exec_module(new_module)
  File "<frozen importlib._bootstrap_external>", line 991, in exec_module
  File "<frozen importlib._bootstrap_external>", line 1129, in get_code
  File "<frozen importlib._bootstrap_external>", line 1059, in source_to_code
  File "<frozen importlib._bootstrap>", line 488, in _call_with_frames_removed
  File "/opt/airflow/dags/extract_data.py", line 3
    /home/guilherme/airflow-docker/dags/extract_data.py:3 DeprecatedImportWarning: The `airflow.operators.python.PythonOperator` attribute is deprecated. Please use `'airflow.providers.standard.operators.python.PythonOperator'`.
    ^
SyntaxError: invalid syntax
[2026-03-21T19:19:48.412+0000] {processor.py:842} WARNING - No viable dags retrieved from /opt/airflow/dags/extract_data.py
[2026-03-21T19:19:48.457+0000] {processor.py:183} INFO - Processing /opt/airflow/dags/extract_data.py took 0.070 seconds
[2026-03-21T19:19:53.456+0000] {processor.py:161} INFO - Started process (PID=868) to work on /opt/airflow/dags/extract_data.py
[2026-03-21T19:19:53.459+0000] {processor.py:830} INFO - Processing file /opt/airflow/dags/extract_data.py for tasks to queue
[2026-03-21T19:19:53.460+0000] {logging_mixin.py:188} INFO - [2026-03-21T19:19:53.459+0000] {dagbag.py:545} INFO - Filling up the DagBag from /opt/airflow/dags/extract_data.py
[2026-03-21T19:19:53.478+0000] {processor.py:840} INFO - DAG(s) 'dag_teste' retrieved from /opt/airflow/dags/extract_data.py
[2026-03-21T19:19:53.530+0000] {logging_mixin.py:188} INFO - [2026-03-21T19:19:53.530+0000] {dag.py:3096} INFO - Sync 1 DAGs
[2026-03-21T19:19:53.548+0000] {logging_mixin.py:188} INFO - [2026-03-21T19:19:53.548+0000] {dag.py:3954} INFO - Setting next_dagrun for dag_teste to None, run_after=None
[2026-03-21T19:19:53.583+0000] {processor.py:183} INFO - Processing /opt/airflow/dags/extract_data.py took 0.139 seconds
[2026-03-21T19:19:59.622+0000] {processor.py:161} INFO - Started process (PID=873) to work on /opt/airflow/dags/extract_data.py
[2026-03-21T19:19:59.623+0000] {processor.py:830} INFO - Processing file /opt/airflow/dags/extract_data.py for tasks to queue
[2026-03-21T19:19:59.627+0000] {logging_mixin.py:188} INFO - [2026-03-21T19:19:59.626+0000] {dagbag.py:545} INFO - Filling up the DagBag from /opt/airflow/dags/extract_data.py
[2026-03-21T19:19:59.635+0000] {logging_mixin.py:188} INFO - [2026-03-21T19:19:59.632+0000] {dagbag.py:355} ERROR - Failed to import: /opt/airflow/dags/extract_data.py
Traceback (most recent call last):
  File "/home/airflow/.local/lib/python3.12/site-packages/airflow/models/dagbag.py", line 351, in parse
    loader.exec_module(new_module)
  File "<frozen importlib._bootstrap_external>", line 995, in exec_module
  File "<frozen importlib._bootstrap>", line 488, in _call_with_frames_removed
  File "/opt/airflow/dags/extract_data.py", line 3, in <module>
    from airflow.providers.standard.operators.python import PythonOperator
ModuleNotFoundError: No module named 'airflow.providers.standard'
[2026-03-21T19:19:59.637+0000] {processor.py:842} WARNING - No viable dags retrieved from /opt/airflow/dags/extract_data.py
[2026-03-21T19:19:59.698+0000] {processor.py:183} INFO - Processing /opt/airflow/dags/extract_data.py took 0.092 seconds
[2026-03-21T19:20:29.970+0000] {processor.py:161} INFO - Started process (PID=884) to work on /opt/airflow/dags/extract_data.py
[2026-03-21T19:20:29.971+0000] {processor.py:830} INFO - Processing file /opt/airflow/dags/extract_data.py for tasks to queue
[2026-03-21T19:20:29.972+0000] {logging_mixin.py:188} INFO - [2026-03-21T19:20:29.972+0000] {dagbag.py:545} INFO - Filling up the DagBag from /opt/airflow/dags/extract_data.py
[2026-03-21T19:20:29.976+0000] {logging_mixin.py:188} INFO - [2026-03-21T19:20:29.975+0000] {dagbag.py:355} ERROR - Failed to import: /opt/airflow/dags/extract_data.py
Traceback (most recent call last):
  File "/home/airflow/.local/lib/python3.12/site-packages/airflow/models/dagbag.py", line 351, in parse
    loader.exec_module(new_module)
  File "<frozen importlib._bootstrap_external>", line 995, in exec_module
  File "<frozen importlib._bootstrap>", line 488, in _call_with_frames_removed
  File "/opt/airflow/dags/extract_data.py", line 3, in <module>
    from airflow.providers.standard.operators.python import PythonOperator
ModuleNotFoundError: No module named 'airflow.providers.standard'
[2026-03-21T19:20:29.977+0000] {processor.py:842} WARNING - No viable dags retrieved from /opt/airflow/dags/extract_data.py
[2026-03-21T19:20:30.008+0000] {processor.py:183} INFO - Processing /opt/airflow/dags/extract_data.py took 0.045 seconds
[2026-03-21T19:21:00.231+0000] {processor.py:161} INFO - Started process (PID=895) to work on /opt/airflow/dags/extract_data.py
[2026-03-21T19:21:00.235+0000] {processor.py:830} INFO - Processing file /opt/airflow/dags/extract_data.py for tasks to queue
[2026-03-21T19:21:00.237+0000] {logging_mixin.py:188} INFO - [2026-03-21T19:21:00.237+0000] {dagbag.py:545} INFO - Filling up the DagBag from /opt/airflow/dags/extract_data.py
[2026-03-21T19:21:00.242+0000] {logging_mixin.py:188} INFO - [2026-03-21T19:21:00.240+0000] {dagbag.py:355} ERROR - Failed to import: /opt/airflow/dags/extract_data.py
Traceback (most recent call last):
  File "/home/airflow/.local/lib/python3.12/site-packages/airflow/models/dagbag.py", line 351, in parse
    loader.exec_module(new_module)
  File "<frozen importlib._bootstrap_external>", line 995, in exec_module
  File "<frozen importlib._bootstrap>", line 488, in _call_with_frames_removed
  File "/opt/airflow/dags/extract_data.py", line 3, in <module>
    from airflow.providers.standard.operators.python import PythonOperator
ModuleNotFoundError: No module named 'airflow.providers.standard'
[2026-03-21T19:21:00.242+0000] {processor.py:842} WARNING - No viable dags retrieved from /opt/airflow/dags/extract_data.py
[2026-03-21T19:21:00.270+0000] {processor.py:183} INFO - Processing /opt/airflow/dags/extract_data.py took 0.046 seconds
[2026-03-21T19:21:30.538+0000] {processor.py:161} INFO - Started process (PID=906) to work on /opt/airflow/dags/extract_data.py
[2026-03-21T19:21:30.539+0000] {processor.py:830} INFO - Processing file /opt/airflow/dags/extract_data.py for tasks to queue
[2026-03-21T19:21:30.540+0000] {logging_mixin.py:188} INFO - [2026-03-21T19:21:30.540+0000] {dagbag.py:545} INFO - Filling up the DagBag from /opt/airflow/dags/extract_data.py
[2026-03-21T19:21:30.544+0000] {logging_mixin.py:188} INFO - [2026-03-21T19:21:30.543+0000] {dagbag.py:355} ERROR - Failed to import: /opt/airflow/dags/extract_data.py
Traceback (most recent call last):
  File "/home/airflow/.local/lib/python3.12/site-packages/airflow/models/dagbag.py", line 351, in parse
    loader.exec_module(new_module)
  File "<frozen importlib._bootstrap_external>", line 995, in exec_module
  File "<frozen importlib._bootstrap>", line 488, in _call_with_frames_removed
  File "/opt/airflow/dags/extract_data.py", line 3, in <module>
    from airflow.providers.standard.operators.python import PythonOperator
ModuleNotFoundError: No module named 'airflow.providers.standard'
[2026-03-21T19:21:30.545+0000] {processor.py:842} WARNING - No viable dags retrieved from /opt/airflow/dags/extract_data.py
[2026-03-21T19:21:30.572+0000] {processor.py:183} INFO - Processing /opt/airflow/dags/extract_data.py took 0.041 seconds
[2026-03-21T19:22:00.832+0000] {processor.py:161} INFO - Started process (PID=917) to work on /opt/airflow/dags/extract_data.py
[2026-03-21T19:22:00.838+0000] {processor.py:830} INFO - Processing file /opt/airflow/dags/extract_data.py for tasks to queue
[2026-03-21T19:22:00.840+0000] {logging_mixin.py:188} INFO - [2026-03-21T19:22:00.839+0000] {dagbag.py:545} INFO - Filling up the DagBag from /opt/airflow/dags/extract_data.py
[2026-03-21T19:22:00.845+0000] {logging_mixin.py:188} INFO - [2026-03-21T19:22:00.843+0000] {dagbag.py:355} ERROR - Failed to import: /opt/airflow/dags/extract_data.py
Traceback (most recent call last):
  File "/home/airflow/.local/lib/python3.12/site-packages/airflow/models/dagbag.py", line 351, in parse
    loader.exec_module(new_module)
  File "<frozen importlib._bootstrap_external>", line 995, in exec_module
  File "<frozen importlib._bootstrap>", line 488, in _call_with_frames_removed
  File "/opt/airflow/dags/extract_data.py", line 3, in <module>
    from airflow.providers.standard.operators.python import PythonOperator
ModuleNotFoundError: No module named 'airflow.providers.standard'
[2026-03-21T19:22:00.846+0000] {processor.py:842} WARNING - No viable dags retrieved from /opt/airflow/dags/extract_data.py
[2026-03-21T19:22:00.874+0000] {processor.py:183} INFO - Processing /opt/airflow/dags/extract_data.py took 0.052 seconds
[2026-03-21T19:22:07.034+0000] {processor.py:161} INFO - Started process (PID=922) to work on /opt/airflow/dags/extract_data.py
[2026-03-21T19:22:07.036+0000] {processor.py:830} INFO - Processing file /opt/airflow/dags/extract_data.py for tasks to queue
[2026-03-21T19:22:07.038+0000] {logging_mixin.py:188} INFO - [2026-03-21T19:22:07.037+0000] {dagbag.py:545} INFO - Filling up the DagBag from /opt/airflow/dags/extract_data.py
[2026-03-21T19:22:07.050+0000] {logging_mixin.py:188} INFO - [2026-03-21T19:22:07.046+0000] {dagbag.py:355} ERROR - Failed to import: /opt/airflow/dags/extract_data.py
Traceback (most recent call last):
  File "/home/airflow/.local/lib/python3.12/site-packages/airflow/models/dagbag.py", line 351, in parse
    loader.exec_module(new_module)
  File "<frozen importlib._bootstrap_external>", line 995, in exec_module
  File "<frozen importlib._bootstrap>", line 488, in _call_with_frames_removed
  File "/opt/airflow/dags/extract_data.py", line 3, in <module>
    from airflow.providers.standard.operators.python import PythonOperator
ModuleNotFoundError: No module named 'airflow.providers.standard'
[2026-03-21T19:22:07.052+0000] {processor.py:842} WARNING - No viable dags retrieved from /opt/airflow/dags/extract_data.py
[2026-03-21T19:22:07.097+0000] {processor.py:183} INFO - Processing /opt/airflow/dags/extract_data.py took 0.073 seconds
[2026-03-21T19:22:08.047+0000] {processor.py:161} INFO - Started process (PID=927) to work on /opt/airflow/dags/extract_data.py
[2026-03-21T19:22:08.048+0000] {processor.py:830} INFO - Processing file /opt/airflow/dags/extract_data.py for tasks to queue
[2026-03-21T19:22:08.050+0000] {logging_mixin.py:188} INFO - [2026-03-21T19:22:08.049+0000] {dagbag.py:545} INFO - Filling up the DagBag from /opt/airflow/dags/extract_data.py
[2026-03-21T19:22:08.056+0000] {logging_mixin.py:188} INFO - [2026-03-21T19:22:08.054+0000] {dagbag.py:355} ERROR - Failed to import: /opt/airflow/dags/extract_data.py
Traceback (most recent call last):
  File "/home/airflow/.local/lib/python3.12/site-packages/airflow/models/dagbag.py", line 351, in parse
    loader.exec_module(new_module)
  File "<frozen importlib._bootstrap_external>", line 995, in exec_module
  File "<frozen importlib._bootstrap>", line 488, in _call_with_frames_removed
  File "/opt/airflow/dags/extract_data.py", line 3, in <module>
    from airflow.providers.standard.operators.python import PythonOperator
ModuleNotFoundError: No module named 'airflow.providers.standard'
[2026-03-21T19:22:08.056+0000] {processor.py:842} WARNING - No viable dags retrieved from /opt/airflow/dags/extract_data.py
[2026-03-21T19:22:08.094+0000] {processor.py:183} INFO - Processing /opt/airflow/dags/extract_data.py took 0.055 seconds
[2026-03-21T19:22:38.311+0000] {processor.py:161} INFO - Started process (PID=938) to work on /opt/airflow/dags/extract_data.py
[2026-03-21T19:22:38.313+0000] {processor.py:830} INFO - Processing file /opt/airflow/dags/extract_data.py for tasks to queue
[2026-03-21T19:22:38.314+0000] {logging_mixin.py:188} INFO - [2026-03-21T19:22:38.314+0000] {dagbag.py:545} INFO - Filling up the DagBag from /opt/airflow/dags/extract_data.py
[2026-03-21T19:22:38.319+0000] {logging_mixin.py:188} INFO - [2026-03-21T19:22:38.317+0000] {dagbag.py:355} ERROR - Failed to import: /opt/airflow/dags/extract_data.py
Traceback (most recent call last):
  File "/home/airflow/.local/lib/python3.12/site-packages/airflow/models/dagbag.py", line 351, in parse
    loader.exec_module(new_module)
  File "<frozen importlib._bootstrap_external>", line 995, in exec_module
  File "<frozen importlib._bootstrap>", line 488, in _call_with_frames_removed
  File "/opt/airflow/dags/extract_data.py", line 3, in <module>
    from airflow.providers.standard.operators.python import PythonOperator
ModuleNotFoundError: No module named 'airflow.providers.standard'
[2026-03-21T19:22:38.320+0000] {processor.py:842} WARNING - No viable dags retrieved from /opt/airflow/dags/extract_data.py
[2026-03-21T19:22:38.347+0000] {processor.py:183} INFO - Processing /opt/airflow/dags/extract_data.py took 0.045 seconds
[2026-03-21T19:23:08.638+0000] {processor.py:161} INFO - Started process (PID=949) to work on /opt/airflow/dags/extract_data.py
[2026-03-21T19:23:08.639+0000] {processor.py:830} INFO - Processing file /opt/airflow/dags/extract_data.py for tasks to queue
[2026-03-21T19:23:08.640+0000] {logging_mixin.py:188} INFO - [2026-03-21T19:23:08.640+0000] {dagbag.py:545} INFO - Filling up the DagBag from /opt/airflow/dags/extract_data.py
[2026-03-21T19:23:08.645+0000] {logging_mixin.py:188} INFO - [2026-03-21T19:23:08.643+0000] {dagbag.py:355} ERROR - Failed to import: /opt/airflow/dags/extract_data.py
Traceback (most recent call last):
  File "/home/airflow/.local/lib/python3.12/site-packages/airflow/models/dagbag.py", line 351, in parse
    loader.exec_module(new_module)
  File "<frozen importlib._bootstrap_external>", line 995, in exec_module
  File "<frozen importlib._bootstrap>", line 488, in _call_with_frames_removed
  File "/opt/airflow/dags/extract_data.py", line 3, in <module>
    from airflow.providers.standard.operators.python import PythonOperator
ModuleNotFoundError: No module named 'airflow.providers.standard'
[2026-03-21T19:23:08.646+0000] {processor.py:842} WARNING - No viable dags retrieved from /opt/airflow/dags/extract_data.py
[2026-03-21T19:23:08.674+0000] {processor.py:183} INFO - Processing /opt/airflow/dags/extract_data.py took 0.043 seconds
[2026-03-21T19:23:38.913+0000] {processor.py:161} INFO - Started process (PID=959) to work on /opt/airflow/dags/extract_data.py
[2026-03-21T19:23:38.915+0000] {processor.py:830} INFO - Processing file /opt/airflow/dags/extract_data.py for tasks to queue
[2026-03-21T19:23:38.917+0000] {logging_mixin.py:188} INFO - [2026-03-21T19:23:38.916+0000] {dagbag.py:545} INFO - Filling up the DagBag from /opt/airflow/dags/extract_data.py
[2026-03-21T19:23:38.922+0000] {logging_mixin.py:188} INFO - [2026-03-21T19:23:38.921+0000] {dagbag.py:355} ERROR - Failed to import: /opt/airflow/dags/extract_data.py
Traceback (most recent call last):
  File "/home/airflow/.local/lib/python3.12/site-packages/airflow/models/dagbag.py", line 351, in parse
    loader.exec_module(new_module)
  File "<frozen importlib._bootstrap_external>", line 995, in exec_module
  File "<frozen importlib._bootstrap>", line 488, in _call_with_frames_removed
  File "/opt/airflow/dags/extract_data.py", line 3, in <module>
    from airflow.providers.standard.operators.python import PythonOperator
ModuleNotFoundError: No module named 'airflow.providers.standard'
[2026-03-21T19:23:38.923+0000] {processor.py:842} WARNING - No viable dags retrieved from /opt/airflow/dags/extract_data.py
[2026-03-21T19:23:38.948+0000] {processor.py:183} INFO - Processing /opt/airflow/dags/extract_data.py took 0.043 seconds
[2026-03-21T19:24:09.201+0000] {processor.py:161} INFO - Started process (PID=970) to work on /opt/airflow/dags/extract_data.py
[2026-03-21T19:24:09.202+0000] {processor.py:830} INFO - Processing file /opt/airflow/dags/extract_data.py for tasks to queue
[2026-03-21T19:24:09.203+0000] {logging_mixin.py:188} INFO - [2026-03-21T19:24:09.203+0000] {dagbag.py:545} INFO - Filling up the DagBag from /opt/airflow/dags/extract_data.py
[2026-03-21T19:24:09.207+0000] {logging_mixin.py:188} INFO - [2026-03-21T19:24:09.206+0000] {dagbag.py:355} ERROR - Failed to import: /opt/airflow/dags/extract_data.py
Traceback (most recent call last):
  File "/home/airflow/.local/lib/python3.12/site-packages/airflow/models/dagbag.py", line 351, in parse
    loader.exec_module(new_module)
  File "<frozen importlib._bootstrap_external>", line 995, in exec_module
  File "<frozen importlib._bootstrap>", line 488, in _call_with_frames_removed
  File "/opt/airflow/dags/extract_data.py", line 3, in <module>
    from airflow.providers.standard.operators.python import PythonOperator
ModuleNotFoundError: No module named 'airflow.providers.standard'
[2026-03-21T19:24:09.208+0000] {processor.py:842} WARNING - No viable dags retrieved from /opt/airflow/dags/extract_data.py
[2026-03-21T19:24:09.236+0000] {processor.py:183} INFO - Processing /opt/airflow/dags/extract_data.py took 0.043 seconds
[2026-03-21T19:24:39.530+0000] {processor.py:161} INFO - Started process (PID=981) to work on /opt/airflow/dags/extract_data.py
[2026-03-21T19:24:39.532+0000] {processor.py:830} INFO - Processing file /opt/airflow/dags/extract_data.py for tasks to queue
[2026-03-21T19:24:39.533+0000] {logging_mixin.py:188} INFO - [2026-03-21T19:24:39.533+0000] {dagbag.py:545} INFO - Filling up the DagBag from /opt/airflow/dags/extract_data.py
[2026-03-21T19:24:39.538+0000] {logging_mixin.py:188} INFO - [2026-03-21T19:24:39.536+0000] {dagbag.py:355} ERROR - Failed to import: /opt/airflow/dags/extract_data.py
Traceback (most recent call last):
  File "/home/airflow/.local/lib/python3.12/site-packages/airflow/models/dagbag.py", line 351, in parse
    loader.exec_module(new_module)
  File "<frozen importlib._bootstrap_external>", line 995, in exec_module
  File "<frozen importlib._bootstrap>", line 488, in _call_with_frames_removed
  File "/opt/airflow/dags/extract_data.py", line 3, in <module>
    from airflow.providers.standard.operators.python import PythonOperator
ModuleNotFoundError: No module named 'airflow.providers.standard'
[2026-03-21T19:24:39.539+0000] {processor.py:842} WARNING - No viable dags retrieved from /opt/airflow/dags/extract_data.py
[2026-03-21T19:24:39.576+0000] {processor.py:183} INFO - Processing /opt/airflow/dags/extract_data.py took 0.056 seconds
[2026-03-21T19:25:09.865+0000] {processor.py:161} INFO - Started process (PID=991) to work on /opt/airflow/dags/extract_data.py
[2026-03-21T19:25:09.866+0000] {processor.py:830} INFO - Processing file /opt/airflow/dags/extract_data.py for tasks to queue
[2026-03-21T19:25:09.868+0000] {logging_mixin.py:188} INFO - [2026-03-21T19:25:09.867+0000] {dagbag.py:545} INFO - Filling up the DagBag from /opt/airflow/dags/extract_data.py
[2026-03-21T19:25:09.873+0000] {logging_mixin.py:188} INFO - [2026-03-21T19:25:09.871+0000] {dagbag.py:355} ERROR - Failed to import: /opt/airflow/dags/extract_data.py
Traceback (most recent call last):
  File "/home/airflow/.local/lib/python3.12/site-packages/airflow/models/dagbag.py", line 351, in parse
    loader.exec_module(new_module)
  File "<frozen importlib._bootstrap_external>", line 995, in exec_module
  File "<frozen importlib._bootstrap>", line 488, in _call_with_frames_removed
  File "/opt/airflow/dags/extract_data.py", line 3, in <module>
    from airflow.providers.standard.operators.python import PythonOperator
ModuleNotFoundError: No module named 'airflow.providers.standard'
[2026-03-21T19:25:09.874+0000] {processor.py:842} WARNING - No viable dags retrieved from /opt/airflow/dags/extract_data.py
[2026-03-21T19:25:09.928+0000] {processor.py:183} INFO - Processing /opt/airflow/dags/extract_data.py took 0.075 seconds
[2026-03-21T19:25:40.147+0000] {processor.py:161} INFO - Started process (PID=1002) to work on /opt/airflow/dags/extract_data.py
[2026-03-21T19:25:40.165+0000] {processor.py:830} INFO - Processing file /opt/airflow/dags/extract_data.py for tasks to queue
[2026-03-21T19:25:40.167+0000] {logging_mixin.py:188} INFO - [2026-03-21T19:25:40.166+0000] {dagbag.py:545} INFO - Filling up the DagBag from /opt/airflow/dags/extract_data.py
[2026-03-21T19:25:40.171+0000] {logging_mixin.py:188} INFO - [2026-03-21T19:25:40.170+0000] {dagbag.py:355} ERROR - Failed to import: /opt/airflow/dags/extract_data.py
Traceback (most recent call last):
  File "/home/airflow/.local/lib/python3.12/site-packages/airflow/models/dagbag.py", line 351, in parse
    loader.exec_module(new_module)
  File "<frozen importlib._bootstrap_external>", line 995, in exec_module
  File "<frozen importlib._bootstrap>", line 488, in _call_with_frames_removed
  File "/opt/airflow/dags/extract_data.py", line 3, in <module>
    from airflow.providers.standard.operators.python import PythonOperator
ModuleNotFoundError: No module named 'airflow.providers.standard'
[2026-03-21T19:25:40.172+0000] {processor.py:842} WARNING - No viable dags retrieved from /opt/airflow/dags/extract_data.py
[2026-03-21T19:25:40.214+0000] {processor.py:183} INFO - Processing /opt/airflow/dags/extract_data.py took 0.076 seconds
[2026-03-21T19:26:10.515+0000] {processor.py:161} INFO - Started process (PID=1013) to work on /opt/airflow/dags/extract_data.py
[2026-03-21T19:26:10.518+0000] {processor.py:830} INFO - Processing file /opt/airflow/dags/extract_data.py for tasks to queue
[2026-03-21T19:26:10.519+0000] {logging_mixin.py:188} INFO - [2026-03-21T19:26:10.519+0000] {dagbag.py:545} INFO - Filling up the DagBag from /opt/airflow/dags/extract_data.py
[2026-03-21T19:26:10.525+0000] {logging_mixin.py:188} INFO - [2026-03-21T19:26:10.523+0000] {dagbag.py:355} ERROR - Failed to import: /opt/airflow/dags/extract_data.py
Traceback (most recent call last):
  File "/home/airflow/.local/lib/python3.12/site-packages/airflow/models/dagbag.py", line 351, in parse
    loader.exec_module(new_module)
  File "<frozen importlib._bootstrap_external>", line 995, in exec_module
  File "<frozen importlib._bootstrap>", line 488, in _call_with_frames_removed
  File "/opt/airflow/dags/extract_data.py", line 3, in <module>
    from airflow.providers.standard.operators.python import PythonOperator
ModuleNotFoundError: No module named 'airflow.providers.standard'
[2026-03-21T19:26:10.526+0000] {processor.py:842} WARNING - No viable dags retrieved from /opt/airflow/dags/extract_data.py
[2026-03-21T19:26:10.567+0000] {processor.py:183} INFO - Processing /opt/airflow/dags/extract_data.py took 0.062 seconds
[2026-03-21T19:26:40.835+0000] {processor.py:161} INFO - Started process (PID=1024) to work on /opt/airflow/dags/extract_data.py
[2026-03-21T19:26:40.837+0000] {processor.py:830} INFO - Processing file /opt/airflow/dags/extract_data.py for tasks to queue
[2026-03-21T19:26:40.838+0000] {logging_mixin.py:188} INFO - [2026-03-21T19:26:40.837+0000] {dagbag.py:545} INFO - Filling up the DagBag from /opt/airflow/dags/extract_data.py
[2026-03-21T19:26:40.842+0000] {logging_mixin.py:188} INFO - [2026-03-21T19:26:40.841+0000] {dagbag.py:355} ERROR - Failed to import: /opt/airflow/dags/extract_data.py
Traceback (most recent call last):
  File "/home/airflow/.local/lib/python3.12/site-packages/airflow/models/dagbag.py", line 351, in parse
    loader.exec_module(new_module)
  File "<frozen importlib._bootstrap_external>", line 995, in exec_module
  File "<frozen importlib._bootstrap>", line 488, in _call_with_frames_removed
  File "/opt/airflow/dags/extract_data.py", line 3, in <module>
    from airflow.providers.standard.operators.python import PythonOperator
ModuleNotFoundError: No module named 'airflow.providers.standard'
[2026-03-21T19:26:40.842+0000] {processor.py:842} WARNING - No viable dags retrieved from /opt/airflow/dags/extract_data.py
[2026-03-21T19:26:40.871+0000] {processor.py:183} INFO - Processing /opt/airflow/dags/extract_data.py took 0.046 seconds
[2026-03-21T19:27:11.167+0000] {processor.py:161} INFO - Started process (PID=1035) to work on /opt/airflow/dags/extract_data.py
[2026-03-21T19:27:11.171+0000] {processor.py:830} INFO - Processing file /opt/airflow/dags/extract_data.py for tasks to queue
[2026-03-21T19:27:11.173+0000] {logging_mixin.py:188} INFO - [2026-03-21T19:27:11.172+0000] {dagbag.py:545} INFO - Filling up the DagBag from /opt/airflow/dags/extract_data.py
[2026-03-21T19:27:11.183+0000] {logging_mixin.py:188} INFO - [2026-03-21T19:27:11.180+0000] {dagbag.py:355} ERROR - Failed to import: /opt/airflow/dags/extract_data.py
Traceback (most recent call last):
  File "/home/airflow/.local/lib/python3.12/site-packages/airflow/models/dagbag.py", line 351, in parse
    loader.exec_module(new_module)
  File "<frozen importlib._bootstrap_external>", line 995, in exec_module
  File "<frozen importlib._bootstrap>", line 488, in _call_with_frames_removed
  File "/opt/airflow/dags/extract_data.py", line 3, in <module>
    from airflow.providers.standard.operators.python import PythonOperator
ModuleNotFoundError: No module named 'airflow.providers.standard'
[2026-03-21T19:27:11.184+0000] {processor.py:842} WARNING - No viable dags retrieved from /opt/airflow/dags/extract_data.py
[2026-03-21T19:27:11.213+0000] {processor.py:183} INFO - Processing /opt/airflow/dags/extract_data.py took 0.056 seconds
[2026-03-21T19:27:41.437+0000] {processor.py:161} INFO - Started process (PID=1046) to work on /opt/airflow/dags/extract_data.py
[2026-03-21T19:27:41.438+0000] {processor.py:830} INFO - Processing file /opt/airflow/dags/extract_data.py for tasks to queue
[2026-03-21T19:27:41.443+0000] {logging_mixin.py:188} INFO - [2026-03-21T19:27:41.439+0000] {dagbag.py:545} INFO - Filling up the DagBag from /opt/airflow/dags/extract_data.py
[2026-03-21T19:27:41.456+0000] {logging_mixin.py:188} INFO - [2026-03-21T19:27:41.454+0000] {dagbag.py:355} ERROR - Failed to import: /opt/airflow/dags/extract_data.py
Traceback (most recent call last):
  File "/home/airflow/.local/lib/python3.12/site-packages/airflow/models/dagbag.py", line 351, in parse
    loader.exec_module(new_module)
  File "<frozen importlib._bootstrap_external>", line 995, in exec_module
  File "<frozen importlib._bootstrap>", line 488, in _call_with_frames_removed
  File "/opt/airflow/dags/extract_data.py", line 3, in <module>
    from airflow.providers.standard.operators.python import PythonOperator
ModuleNotFoundError: No module named 'airflow.providers.standard'
[2026-03-21T19:27:41.457+0000] {processor.py:842} WARNING - No viable dags retrieved from /opt/airflow/dags/extract_data.py
[2026-03-21T19:27:41.488+0000] {processor.py:183} INFO - Processing /opt/airflow/dags/extract_data.py took 0.064 seconds
[2026-03-21T19:28:11.743+0000] {processor.py:161} INFO - Started process (PID=1057) to work on /opt/airflow/dags/extract_data.py
[2026-03-21T19:28:11.744+0000] {processor.py:830} INFO - Processing file /opt/airflow/dags/extract_data.py for tasks to queue
[2026-03-21T19:28:11.745+0000] {logging_mixin.py:188} INFO - [2026-03-21T19:28:11.745+0000] {dagbag.py:545} INFO - Filling up the DagBag from /opt/airflow/dags/extract_data.py
[2026-03-21T19:28:11.749+0000] {logging_mixin.py:188} INFO - [2026-03-21T19:28:11.748+0000] {dagbag.py:355} ERROR - Failed to import: /opt/airflow/dags/extract_data.py
Traceback (most recent call last):
  File "/home/airflow/.local/lib/python3.12/site-packages/airflow/models/dagbag.py", line 351, in parse
    loader.exec_module(new_module)
  File "<frozen importlib._bootstrap_external>", line 995, in exec_module
  File "<frozen importlib._bootstrap>", line 488, in _call_with_frames_removed
  File "/opt/airflow/dags/extract_data.py", line 3, in <module>
    from airflow.providers.standard.operators.python import PythonOperator
ModuleNotFoundError: No module named 'airflow.providers.standard'
[2026-03-21T19:28:11.750+0000] {processor.py:842} WARNING - No viable dags retrieved from /opt/airflow/dags/extract_data.py
[2026-03-21T19:28:11.779+0000] {processor.py:183} INFO - Processing /opt/airflow/dags/extract_data.py took 0.043 seconds
[2026-03-21T19:28:42.046+0000] {processor.py:161} INFO - Started process (PID=1068) to work on /opt/airflow/dags/extract_data.py
[2026-03-21T19:28:42.048+0000] {processor.py:830} INFO - Processing file /opt/airflow/dags/extract_data.py for tasks to queue
[2026-03-21T19:28:42.049+0000] {logging_mixin.py:188} INFO - [2026-03-21T19:28:42.048+0000] {dagbag.py:545} INFO - Filling up the DagBag from /opt/airflow/dags/extract_data.py
[2026-03-21T19:28:42.055+0000] {logging_mixin.py:188} INFO - [2026-03-21T19:28:42.053+0000] {dagbag.py:355} ERROR - Failed to import: /opt/airflow/dags/extract_data.py
Traceback (most recent call last):
  File "/home/airflow/.local/lib/python3.12/site-packages/airflow/models/dagbag.py", line 351, in parse
    loader.exec_module(new_module)
  File "<frozen importlib._bootstrap_external>", line 995, in exec_module
  File "<frozen importlib._bootstrap>", line 488, in _call_with_frames_removed
  File "/opt/airflow/dags/extract_data.py", line 3, in <module>
    from airflow.providers.standard.operators.python import PythonOperator
ModuleNotFoundError: No module named 'airflow.providers.standard'
[2026-03-21T19:28:42.056+0000] {processor.py:842} WARNING - No viable dags retrieved from /opt/airflow/dags/extract_data.py
[2026-03-21T19:28:42.087+0000] {processor.py:183} INFO - Processing /opt/airflow/dags/extract_data.py took 0.054 seconds
[2026-03-21T19:29:12.346+0000] {processor.py:161} INFO - Started process (PID=1079) to work on /opt/airflow/dags/extract_data.py
[2026-03-21T19:29:12.371+0000] {processor.py:830} INFO - Processing file /opt/airflow/dags/extract_data.py for tasks to queue
[2026-03-21T19:29:12.372+0000] {logging_mixin.py:188} INFO - [2026-03-21T19:29:12.372+0000] {dagbag.py:545} INFO - Filling up the DagBag from /opt/airflow/dags/extract_data.py
[2026-03-21T19:29:12.377+0000] {logging_mixin.py:188} INFO - [2026-03-21T19:29:12.375+0000] {dagbag.py:355} ERROR - Failed to import: /opt/airflow/dags/extract_data.py
Traceback (most recent call last):
  File "/home/airflow/.local/lib/python3.12/site-packages/airflow/models/dagbag.py", line 351, in parse
    loader.exec_module(new_module)
  File "<frozen importlib._bootstrap_external>", line 995, in exec_module
  File "<frozen importlib._bootstrap>", line 488, in _call_with_frames_removed
  File "/opt/airflow/dags/extract_data.py", line 3, in <module>
    from airflow.providers.standard.operators.python import PythonOperator
ModuleNotFoundError: No module named 'airflow.providers.standard'
[2026-03-21T19:29:12.377+0000] {processor.py:842} WARNING - No viable dags retrieved from /opt/airflow/dags/extract_data.py
[2026-03-21T19:29:12.444+0000] {processor.py:183} INFO - Processing /opt/airflow/dags/extract_data.py took 0.105 seconds
[2026-03-21T19:29:42.709+0000] {processor.py:161} INFO - Started process (PID=1090) to work on /opt/airflow/dags/extract_data.py
[2026-03-21T19:29:42.711+0000] {processor.py:830} INFO - Processing file /opt/airflow/dags/extract_data.py for tasks to queue
[2026-03-21T19:29:42.714+0000] {logging_mixin.py:188} INFO - [2026-03-21T19:29:42.713+0000] {dagbag.py:545} INFO - Filling up the DagBag from /opt/airflow/dags/extract_data.py
[2026-03-21T19:29:42.719+0000] {logging_mixin.py:188} INFO - [2026-03-21T19:29:42.717+0000] {dagbag.py:355} ERROR - Failed to import: /opt/airflow/dags/extract_data.py
Traceback (most recent call last):
  File "/home/airflow/.local/lib/python3.12/site-packages/airflow/models/dagbag.py", line 351, in parse
    loader.exec_module(new_module)
  File "<frozen importlib._bootstrap_external>", line 995, in exec_module
  File "<frozen importlib._bootstrap>", line 488, in _call_with_frames_removed
  File "/opt/airflow/dags/extract_data.py", line 3, in <module>
    from airflow.providers.standard.operators.python import PythonOperator
ModuleNotFoundError: No module named 'airflow.providers.standard'
[2026-03-21T19:29:42.719+0000] {processor.py:842} WARNING - No viable dags retrieved from /opt/airflow/dags/extract_data.py
[2026-03-21T19:29:42.757+0000] {processor.py:183} INFO - Processing /opt/airflow/dags/extract_data.py took 0.059 seconds
[2026-03-21T19:30:12.998+0000] {processor.py:161} INFO - Started process (PID=1101) to work on /opt/airflow/dags/extract_data.py
[2026-03-21T19:30:12.999+0000] {processor.py:830} INFO - Processing file /opt/airflow/dags/extract_data.py for tasks to queue
[2026-03-21T19:30:13.000+0000] {logging_mixin.py:188} INFO - [2026-03-21T19:30:13.000+0000] {dagbag.py:545} INFO - Filling up the DagBag from /opt/airflow/dags/extract_data.py
[2026-03-21T19:30:13.004+0000] {logging_mixin.py:188} INFO - [2026-03-21T19:30:13.003+0000] {dagbag.py:355} ERROR - Failed to import: /opt/airflow/dags/extract_data.py
Traceback (most recent call last):
  File "/home/airflow/.local/lib/python3.12/site-packages/airflow/models/dagbag.py", line 351, in parse
    loader.exec_module(new_module)
  File "<frozen importlib._bootstrap_external>", line 995, in exec_module
  File "<frozen importlib._bootstrap>", line 488, in _call_with_frames_removed
  File "/opt/airflow/dags/extract_data.py", line 3, in <module>
    from airflow.providers.standard.operators.python import PythonOperator
ModuleNotFoundError: No module named 'airflow.providers.standard'
[2026-03-21T19:30:13.005+0000] {processor.py:842} WARNING - No viable dags retrieved from /opt/airflow/dags/extract_data.py
[2026-03-21T19:30:13.029+0000] {processor.py:183} INFO - Processing /opt/airflow/dags/extract_data.py took 0.039 seconds
[2026-03-21T19:30:43.263+0000] {processor.py:161} INFO - Started process (PID=1112) to work on /opt/airflow/dags/extract_data.py
[2026-03-21T19:30:43.282+0000] {processor.py:830} INFO - Processing file /opt/airflow/dags/extract_data.py for tasks to queue
[2026-03-21T19:30:43.283+0000] {logging_mixin.py:188} INFO - [2026-03-21T19:30:43.282+0000] {dagbag.py:545} INFO - Filling up the DagBag from /opt/airflow/dags/extract_data.py
[2026-03-21T19:30:43.287+0000] {logging_mixin.py:188} INFO - [2026-03-21T19:30:43.286+0000] {dagbag.py:355} ERROR - Failed to import: /opt/airflow/dags/extract_data.py
Traceback (most recent call last):
  File "/home/airflow/.local/lib/python3.12/site-packages/airflow/models/dagbag.py", line 351, in parse
    loader.exec_module(new_module)
  File "<frozen importlib._bootstrap_external>", line 995, in exec_module
  File "<frozen importlib._bootstrap>", line 488, in _call_with_frames_removed
  File "/opt/airflow/dags/extract_data.py", line 3, in <module>
    from airflow.providers.standard.operators.python import PythonOperator
ModuleNotFoundError: No module named 'airflow.providers.standard'
[2026-03-21T19:30:43.288+0000] {processor.py:842} WARNING - No viable dags retrieved from /opt/airflow/dags/extract_data.py
[2026-03-21T19:30:43.313+0000] {processor.py:183} INFO - Processing /opt/airflow/dags/extract_data.py took 0.058 seconds
[2026-03-21T19:31:13.526+0000] {processor.py:161} INFO - Started process (PID=1123) to work on /opt/airflow/dags/extract_data.py
[2026-03-21T19:31:13.542+0000] {processor.py:830} INFO - Processing file /opt/airflow/dags/extract_data.py for tasks to queue
[2026-03-21T19:31:13.614+0000] {logging_mixin.py:188} INFO - [2026-03-21T19:31:13.613+0000] {dagbag.py:545} INFO - Filling up the DagBag from /opt/airflow/dags/extract_data.py
[2026-03-21T19:31:13.618+0000] {logging_mixin.py:188} INFO - [2026-03-21T19:31:13.617+0000] {dagbag.py:355} ERROR - Failed to import: /opt/airflow/dags/extract_data.py
Traceback (most recent call last):
  File "/home/airflow/.local/lib/python3.12/site-packages/airflow/models/dagbag.py", line 351, in parse
    loader.exec_module(new_module)
  File "<frozen importlib._bootstrap_external>", line 995, in exec_module
  File "<frozen importlib._bootstrap>", line 488, in _call_with_frames_removed
  File "/opt/airflow/dags/extract_data.py", line 3, in <module>
    from airflow.providers.standard.operators.python import PythonOperator
ModuleNotFoundError: No module named 'airflow.providers.standard'
[2026-03-21T19:31:13.619+0000] {processor.py:842} WARNING - No viable dags retrieved from /opt/airflow/dags/extract_data.py
[2026-03-21T19:31:13.690+0000] {processor.py:183} INFO - Processing /opt/airflow/dags/extract_data.py took 0.171 seconds
[2026-03-21T19:31:17.615+0000] {processor.py:161} INFO - Started process (PID=1128) to work on /opt/airflow/dags/extract_data.py
[2026-03-21T19:31:17.618+0000] {processor.py:830} INFO - Processing file /opt/airflow/dags/extract_data.py for tasks to queue
[2026-03-21T19:31:17.620+0000] {logging_mixin.py:188} INFO - [2026-03-21T19:31:17.620+0000] {dagbag.py:545} INFO - Filling up the DagBag from /opt/airflow/dags/extract_data.py
[2026-03-21T19:31:17.628+0000] {logging_mixin.py:188} INFO - [2026-03-21T19:31:17.627+0000] {dagbag.py:355} ERROR - Failed to import: /opt/airflow/dags/extract_data.py
Traceback (most recent call last):
  File "/home/airflow/.local/lib/python3.12/site-packages/airflow/models/dagbag.py", line 351, in parse
    loader.exec_module(new_module)
  File "<frozen importlib._bootstrap_external>", line 995, in exec_module
  File "<frozen importlib._bootstrap>", line 488, in _call_with_frames_removed
  File "/opt/airflow/dags/extract_data.py", line 3, in <module>
    from airflow.providers.standard.operators.python import PythonOperator
ModuleNotFoundError: No module named 'airflow.providers.standard'
[2026-03-21T19:31:17.631+0000] {processor.py:842} WARNING - No viable dags retrieved from /opt/airflow/dags/extract_data.py
[2026-03-21T19:31:17.684+0000] {processor.py:183} INFO - Processing /opt/airflow/dags/extract_data.py took 0.078 seconds
[2026-03-21T19:31:47.880+0000] {processor.py:161} INFO - Started process (PID=1139) to work on /opt/airflow/dags/extract_data.py
[2026-03-21T19:31:47.882+0000] {processor.py:830} INFO - Processing file /opt/airflow/dags/extract_data.py for tasks to queue
[2026-03-21T19:31:47.884+0000] {logging_mixin.py:188} INFO - [2026-03-21T19:31:47.883+0000] {dagbag.py:545} INFO - Filling up the DagBag from /opt/airflow/dags/extract_data.py
[2026-03-21T19:31:47.890+0000] {logging_mixin.py:188} INFO - [2026-03-21T19:31:47.887+0000] {dagbag.py:355} ERROR - Failed to import: /opt/airflow/dags/extract_data.py
Traceback (most recent call last):
  File "/home/airflow/.local/lib/python3.12/site-packages/airflow/models/dagbag.py", line 351, in parse
    loader.exec_module(new_module)
  File "<frozen importlib._bootstrap_external>", line 995, in exec_module
  File "<frozen importlib._bootstrap>", line 488, in _call_with_frames_removed
  File "/opt/airflow/dags/extract_data.py", line 3, in <module>
    from airflow.providers.standard.operators.python import PythonOperator
ModuleNotFoundError: No module named 'airflow.providers.standard'
[2026-03-21T19:31:47.891+0000] {processor.py:842} WARNING - No viable dags retrieved from /opt/airflow/dags/extract_data.py
[2026-03-21T19:31:47.929+0000] {processor.py:183} INFO - Processing /opt/airflow/dags/extract_data.py took 0.057 seconds
[2026-03-21T19:32:18.162+0000] {processor.py:161} INFO - Started process (PID=1150) to work on /opt/airflow/dags/extract_data.py
[2026-03-21T19:32:18.167+0000] {processor.py:830} INFO - Processing file /opt/airflow/dags/extract_data.py for tasks to queue
[2026-03-21T19:32:18.169+0000] {logging_mixin.py:188} INFO - [2026-03-21T19:32:18.168+0000] {dagbag.py:545} INFO - Filling up the DagBag from /opt/airflow/dags/extract_data.py
[2026-03-21T19:32:18.177+0000] {logging_mixin.py:188} INFO - [2026-03-21T19:32:18.175+0000] {dagbag.py:355} ERROR - Failed to import: /opt/airflow/dags/extract_data.py
Traceback (most recent call last):
  File "/home/airflow/.local/lib/python3.12/site-packages/airflow/models/dagbag.py", line 351, in parse
    loader.exec_module(new_module)
  File "<frozen importlib._bootstrap_external>", line 995, in exec_module
  File "<frozen importlib._bootstrap>", line 488, in _call_with_frames_removed
  File "/opt/airflow/dags/extract_data.py", line 3, in <module>
    from airflow.providers.standard.operators.python import PythonOperator
ModuleNotFoundError: No module named 'airflow.providers.standard'
[2026-03-21T19:32:18.177+0000] {processor.py:842} WARNING - No viable dags retrieved from /opt/airflow/dags/extract_data.py
[2026-03-21T19:32:18.230+0000] {processor.py:183} INFO - Processing /opt/airflow/dags/extract_data.py took 0.081 seconds
[2026-03-21T19:32:48.481+0000] {processor.py:161} INFO - Started process (PID=1161) to work on /opt/airflow/dags/extract_data.py
[2026-03-21T19:32:48.482+0000] {processor.py:830} INFO - Processing file /opt/airflow/dags/extract_data.py for tasks to queue
[2026-03-21T19:32:48.483+0000] {logging_mixin.py:188} INFO - [2026-03-21T19:32:48.483+0000] {dagbag.py:545} INFO - Filling up the DagBag from /opt/airflow/dags/extract_data.py
[2026-03-21T19:32:48.488+0000] {logging_mixin.py:188} INFO - [2026-03-21T19:32:48.486+0000] {dagbag.py:355} ERROR - Failed to import: /opt/airflow/dags/extract_data.py
Traceback (most recent call last):
  File "/home/airflow/.local/lib/python3.12/site-packages/airflow/models/dagbag.py", line 351, in parse
    loader.exec_module(new_module)
  File "<frozen importlib._bootstrap_external>", line 995, in exec_module
  File "<frozen importlib._bootstrap>", line 488, in _call_with_frames_removed
  File "/opt/airflow/dags/extract_data.py", line 3, in <module>
    from airflow.providers.standard.operators.python import PythonOperator
ModuleNotFoundError: No module named 'airflow.providers.standard'
[2026-03-21T19:32:48.489+0000] {processor.py:842} WARNING - No viable dags retrieved from /opt/airflow/dags/extract_data.py
[2026-03-21T19:32:48.521+0000] {processor.py:183} INFO - Processing /opt/airflow/dags/extract_data.py took 0.051 seconds
[2026-03-21T19:33:18.789+0000] {processor.py:161} INFO - Started process (PID=1173) to work on /opt/airflow/dags/extract_data.py
[2026-03-21T19:33:18.790+0000] {processor.py:830} INFO - Processing file /opt/airflow/dags/extract_data.py for tasks to queue
[2026-03-21T19:33:18.792+0000] {logging_mixin.py:188} INFO - [2026-03-21T19:33:18.791+0000] {dagbag.py:545} INFO - Filling up the DagBag from /opt/airflow/dags/extract_data.py
[2026-03-21T19:33:18.795+0000] {logging_mixin.py:188} INFO - [2026-03-21T19:33:18.794+0000] {dagbag.py:355} ERROR - Failed to import: /opt/airflow/dags/extract_data.py
Traceback (most recent call last):
  File "/home/airflow/.local/lib/python3.12/site-packages/airflow/models/dagbag.py", line 351, in parse
    loader.exec_module(new_module)
  File "<frozen importlib._bootstrap_external>", line 995, in exec_module
  File "<frozen importlib._bootstrap>", line 488, in _call_with_frames_removed
  File "/opt/airflow/dags/extract_data.py", line 3, in <module>
    from airflow.providers.standard.operators.python import PythonOperator
ModuleNotFoundError: No module named 'airflow.providers.standard'
[2026-03-21T19:33:18.796+0000] {processor.py:842} WARNING - No viable dags retrieved from /opt/airflow/dags/extract_data.py
[2026-03-21T19:33:18.824+0000] {processor.py:183} INFO - Processing /opt/airflow/dags/extract_data.py took 0.044 seconds
[2026-03-21T19:33:49.075+0000] {processor.py:161} INFO - Started process (PID=1184) to work on /opt/airflow/dags/extract_data.py
[2026-03-21T19:33:49.078+0000] {processor.py:830} INFO - Processing file /opt/airflow/dags/extract_data.py for tasks to queue
[2026-03-21T19:33:49.079+0000] {logging_mixin.py:188} INFO - [2026-03-21T19:33:49.079+0000] {dagbag.py:545} INFO - Filling up the DagBag from /opt/airflow/dags/extract_data.py
[2026-03-21T19:33:49.084+0000] {logging_mixin.py:188} INFO - [2026-03-21T19:33:49.082+0000] {dagbag.py:355} ERROR - Failed to import: /opt/airflow/dags/extract_data.py
Traceback (most recent call last):
  File "/home/airflow/.local/lib/python3.12/site-packages/airflow/models/dagbag.py", line 351, in parse
    loader.exec_module(new_module)
  File "<frozen importlib._bootstrap_external>", line 995, in exec_module
  File "<frozen importlib._bootstrap>", line 488, in _call_with_frames_removed
  File "/opt/airflow/dags/extract_data.py", line 3, in <module>
    from airflow.providers.standard.operators.python import PythonOperator
ModuleNotFoundError: No module named 'airflow.providers.standard'
[2026-03-21T19:33:49.084+0000] {processor.py:842} WARNING - No viable dags retrieved from /opt/airflow/dags/extract_data.py
[2026-03-21T19:33:49.130+0000] {processor.py:183} INFO - Processing /opt/airflow/dags/extract_data.py took 0.064 seconds
[2026-03-21T19:34:19.380+0000] {processor.py:161} INFO - Started process (PID=1195) to work on /opt/airflow/dags/extract_data.py
[2026-03-21T19:34:19.382+0000] {processor.py:830} INFO - Processing file /opt/airflow/dags/extract_data.py for tasks to queue
[2026-03-21T19:34:19.384+0000] {logging_mixin.py:188} INFO - [2026-03-21T19:34:19.383+0000] {dagbag.py:545} INFO - Filling up the DagBag from /opt/airflow/dags/extract_data.py
[2026-03-21T19:34:19.388+0000] {logging_mixin.py:188} INFO - [2026-03-21T19:34:19.386+0000] {dagbag.py:355} ERROR - Failed to import: /opt/airflow/dags/extract_data.py
Traceback (most recent call last):
  File "/home/airflow/.local/lib/python3.12/site-packages/airflow/models/dagbag.py", line 351, in parse
    loader.exec_module(new_module)
  File "<frozen importlib._bootstrap_external>", line 995, in exec_module
  File "<frozen importlib._bootstrap>", line 488, in _call_with_frames_removed
  File "/opt/airflow/dags/extract_data.py", line 3, in <module>
    from airflow.providers.standard.operators.python import PythonOperator
ModuleNotFoundError: No module named 'airflow.providers.standard'
[2026-03-21T19:34:19.389+0000] {processor.py:842} WARNING - No viable dags retrieved from /opt/airflow/dags/extract_data.py
[2026-03-21T19:34:19.430+0000] {processor.py:183} INFO - Processing /opt/airflow/dags/extract_data.py took 0.059 seconds
[2026-03-21T19:34:49.676+0000] {processor.py:161} INFO - Started process (PID=1205) to work on /opt/airflow/dags/extract_data.py
[2026-03-21T19:34:49.677+0000] {processor.py:830} INFO - Processing file /opt/airflow/dags/extract_data.py for tasks to queue
[2026-03-21T19:34:49.679+0000] {logging_mixin.py:188} INFO - [2026-03-21T19:34:49.678+0000] {dagbag.py:545} INFO - Filling up the DagBag from /opt/airflow/dags/extract_data.py
[2026-03-21T19:34:49.684+0000] {logging_mixin.py:188} INFO - [2026-03-21T19:34:49.682+0000] {dagbag.py:355} ERROR - Failed to import: /opt/airflow/dags/extract_data.py
Traceback (most recent call last):
  File "/home/airflow/.local/lib/python3.12/site-packages/airflow/models/dagbag.py", line 351, in parse
    loader.exec_module(new_module)
  File "<frozen importlib._bootstrap_external>", line 995, in exec_module
  File "<frozen importlib._bootstrap>", line 488, in _call_with_frames_removed
  File "/opt/airflow/dags/extract_data.py", line 3, in <module>
    from airflow.providers.standard.operators.python import PythonOperator
ModuleNotFoundError: No module named 'airflow.providers.standard'
[2026-03-21T19:34:49.684+0000] {processor.py:842} WARNING - No viable dags retrieved from /opt/airflow/dags/extract_data.py
[2026-03-21T19:34:49.716+0000] {processor.py:183} INFO - Processing /opt/airflow/dags/extract_data.py took 0.047 seconds
[2026-03-21T19:35:20.011+0000] {processor.py:161} INFO - Started process (PID=1216) to work on /opt/airflow/dags/extract_data.py
[2026-03-21T19:35:20.014+0000] {processor.py:830} INFO - Processing file /opt/airflow/dags/extract_data.py for tasks to queue
[2026-03-21T19:35:20.015+0000] {logging_mixin.py:188} INFO - [2026-03-21T19:35:20.014+0000] {dagbag.py:545} INFO - Filling up the DagBag from /opt/airflow/dags/extract_data.py
[2026-03-21T19:35:20.021+0000] {logging_mixin.py:188} INFO - [2026-03-21T19:35:20.019+0000] {dagbag.py:355} ERROR - Failed to import: /opt/airflow/dags/extract_data.py
Traceback (most recent call last):
  File "/home/airflow/.local/lib/python3.12/site-packages/airflow/models/dagbag.py", line 351, in parse
    loader.exec_module(new_module)
  File "<frozen importlib._bootstrap_external>", line 995, in exec_module
  File "<frozen importlib._bootstrap>", line 488, in _call_with_frames_removed
  File "/opt/airflow/dags/extract_data.py", line 3, in <module>
    from airflow.providers.standard.operators.python import PythonOperator
ModuleNotFoundError: No module named 'airflow.providers.standard'
[2026-03-21T19:35:20.021+0000] {processor.py:842} WARNING - No viable dags retrieved from /opt/airflow/dags/extract_data.py
[2026-03-21T19:35:20.055+0000] {processor.py:183} INFO - Processing /opt/airflow/dags/extract_data.py took 0.052 seconds
[2026-03-21T19:35:50.325+0000] {processor.py:161} INFO - Started process (PID=1228) to work on /opt/airflow/dags/extract_data.py
[2026-03-21T19:35:50.326+0000] {processor.py:830} INFO - Processing file /opt/airflow/dags/extract_data.py for tasks to queue
[2026-03-21T19:35:50.328+0000] {logging_mixin.py:188} INFO - [2026-03-21T19:35:50.327+0000] {dagbag.py:545} INFO - Filling up the DagBag from /opt/airflow/dags/extract_data.py
[2026-03-21T19:35:50.333+0000] {logging_mixin.py:188} INFO - [2026-03-21T19:35:50.331+0000] {dagbag.py:355} ERROR - Failed to import: /opt/airflow/dags/extract_data.py
Traceback (most recent call last):
  File "/home/airflow/.local/lib/python3.12/site-packages/airflow/models/dagbag.py", line 351, in parse
    loader.exec_module(new_module)
  File "<frozen importlib._bootstrap_external>", line 995, in exec_module
  File "<frozen importlib._bootstrap>", line 488, in _call_with_frames_removed
  File "/opt/airflow/dags/extract_data.py", line 3, in <module>
    from airflow.providers.standard.operators.python import PythonOperator
ModuleNotFoundError: No module named 'airflow.providers.standard'
[2026-03-21T19:35:50.335+0000] {processor.py:842} WARNING - No viable dags retrieved from /opt/airflow/dags/extract_data.py
[2026-03-21T19:35:50.368+0000] {processor.py:183} INFO - Processing /opt/airflow/dags/extract_data.py took 0.050 seconds
[2026-03-21T19:36:20.641+0000] {processor.py:161} INFO - Started process (PID=1240) to work on /opt/airflow/dags/extract_data.py
[2026-03-21T19:36:20.643+0000] {processor.py:830} INFO - Processing file /opt/airflow/dags/extract_data.py for tasks to queue
[2026-03-21T19:36:20.644+0000] {logging_mixin.py:188} INFO - [2026-03-21T19:36:20.643+0000] {dagbag.py:545} INFO - Filling up the DagBag from /opt/airflow/dags/extract_data.py
[2026-03-21T19:36:20.648+0000] {logging_mixin.py:188} INFO - [2026-03-21T19:36:20.646+0000] {dagbag.py:355} ERROR - Failed to import: /opt/airflow/dags/extract_data.py
Traceback (most recent call last):
  File "/home/airflow/.local/lib/python3.12/site-packages/airflow/models/dagbag.py", line 351, in parse
    loader.exec_module(new_module)
  File "<frozen importlib._bootstrap_external>", line 995, in exec_module
  File "<frozen importlib._bootstrap>", line 488, in _call_with_frames_removed
  File "/opt/airflow/dags/extract_data.py", line 3, in <module>
    from airflow.providers.standard.operators.python import PythonOperator
ModuleNotFoundError: No module named 'airflow.providers.standard'
[2026-03-21T19:36:20.648+0000] {processor.py:842} WARNING - No viable dags retrieved from /opt/airflow/dags/extract_data.py
[2026-03-21T19:36:20.676+0000] {processor.py:183} INFO - Processing /opt/airflow/dags/extract_data.py took 0.041 seconds
[2026-03-21T19:36:50.932+0000] {processor.py:161} INFO - Started process (PID=1251) to work on /opt/airflow/dags/extract_data.py
[2026-03-21T19:36:50.934+0000] {processor.py:830} INFO - Processing file /opt/airflow/dags/extract_data.py for tasks to queue
[2026-03-21T19:36:50.936+0000] {logging_mixin.py:188} INFO - [2026-03-21T19:36:50.935+0000] {dagbag.py:545} INFO - Filling up the DagBag from /opt/airflow/dags/extract_data.py
[2026-03-21T19:36:50.940+0000] {logging_mixin.py:188} INFO - [2026-03-21T19:36:50.939+0000] {dagbag.py:355} ERROR - Failed to import: /opt/airflow/dags/extract_data.py
Traceback (most recent call last):
  File "/home/airflow/.local/lib/python3.12/site-packages/airflow/models/dagbag.py", line 351, in parse
    loader.exec_module(new_module)
  File "<frozen importlib._bootstrap_external>", line 995, in exec_module
  File "<frozen importlib._bootstrap>", line 488, in _call_with_frames_removed
  File "/opt/airflow/dags/extract_data.py", line 3, in <module>
    from airflow.providers.standard.operators.python import PythonOperator
ModuleNotFoundError: No module named 'airflow.providers.standard'
[2026-03-21T19:36:50.941+0000] {processor.py:842} WARNING - No viable dags retrieved from /opt/airflow/dags/extract_data.py
[2026-03-21T19:36:50.968+0000] {processor.py:183} INFO - Processing /opt/airflow/dags/extract_data.py took 0.044 seconds
[2026-03-21T19:37:21.203+0000] {processor.py:161} INFO - Started process (PID=1262) to work on /opt/airflow/dags/extract_data.py
[2026-03-21T19:37:21.205+0000] {processor.py:830} INFO - Processing file /opt/airflow/dags/extract_data.py for tasks to queue
[2026-03-21T19:37:21.206+0000] {logging_mixin.py:188} INFO - [2026-03-21T19:37:21.205+0000] {dagbag.py:545} INFO - Filling up the DagBag from /opt/airflow/dags/extract_data.py
[2026-03-21T19:37:21.211+0000] {logging_mixin.py:188} INFO - [2026-03-21T19:37:21.209+0000] {dagbag.py:355} ERROR - Failed to import: /opt/airflow/dags/extract_data.py
Traceback (most recent call last):
  File "/home/airflow/.local/lib/python3.12/site-packages/airflow/models/dagbag.py", line 351, in parse
    loader.exec_module(new_module)
  File "<frozen importlib._bootstrap_external>", line 995, in exec_module
  File "<frozen importlib._bootstrap>", line 488, in _call_with_frames_removed
  File "/opt/airflow/dags/extract_data.py", line 3, in <module>
    from airflow.providers.standard.operators.python import PythonOperator
ModuleNotFoundError: No module named 'airflow.providers.standard'
[2026-03-21T19:37:21.212+0000] {processor.py:842} WARNING - No viable dags retrieved from /opt/airflow/dags/extract_data.py
[2026-03-21T19:37:21.239+0000] {processor.py:183} INFO - Processing /opt/airflow/dags/extract_data.py took 0.044 seconds
[2026-03-21T19:37:38.359+0000] {processor.py:161} INFO - Started process (PID=1273) to work on /opt/airflow/dags/extract_data.py
[2026-03-21T19:37:38.360+0000] {processor.py:830} INFO - Processing file /opt/airflow/dags/extract_data.py for tasks to queue
[2026-03-21T19:37:38.361+0000] {logging_mixin.py:188} INFO - [2026-03-21T19:37:38.360+0000] {dagbag.py:545} INFO - Filling up the DagBag from /opt/airflow/dags/extract_data.py
[2026-03-21T19:37:38.368+0000] {logging_mixin.py:188} INFO - [2026-03-21T19:37:38.366+0000] {dagbag.py:355} ERROR - Failed to import: /opt/airflow/dags/extract_data.py
Traceback (most recent call last):
  File "/home/airflow/.local/lib/python3.12/site-packages/airflow/models/dagbag.py", line 351, in parse
    loader.exec_module(new_module)
  File "<frozen importlib._bootstrap_external>", line 995, in exec_module
  File "<frozen importlib._bootstrap>", line 488, in _call_with_frames_removed
  File "/opt/airflow/dags/extract_data.py", line 3, in <module>
    from airflow.providers.standard.operators.python import PythonOperator
ModuleNotFoundError: No module named 'airflow.providers.standard'
[2026-03-21T19:37:38.369+0000] {processor.py:842} WARNING - No viable dags retrieved from /opt/airflow/dags/extract_data.py
[2026-03-21T19:37:38.395+0000] {processor.py:183} INFO - Processing /opt/airflow/dags/extract_data.py took 0.043 seconds
[2026-03-21T19:37:40.511+0000] {processor.py:161} INFO - Started process (PID=1278) to work on /opt/airflow/dags/extract_data.py
[2026-03-21T19:37:40.512+0000] {processor.py:830} INFO - Processing file /opt/airflow/dags/extract_data.py for tasks to queue
[2026-03-21T19:37:40.513+0000] {logging_mixin.py:188} INFO - [2026-03-21T19:37:40.513+0000] {dagbag.py:545} INFO - Filling up the DagBag from /opt/airflow/dags/extract_data.py
[2026-03-21T19:37:40.523+0000] {logging_mixin.py:188} INFO - [2026-03-21T19:37:40.521+0000] {dagbag.py:355} ERROR - Failed to import: /opt/airflow/dags/extract_data.py
Traceback (most recent call last):
  File "/home/airflow/.local/lib/python3.12/site-packages/airflow/models/dagbag.py", line 351, in parse
    loader.exec_module(new_module)
  File "<frozen importlib._bootstrap_external>", line 995, in exec_module
  File "<frozen importlib._bootstrap>", line 488, in _call_with_frames_removed
  File "/opt/airflow/dags/extract_data.py", line 3, in <module>
    from airflow.providers.standard.operators.python import PythonOperator
ModuleNotFoundError: No module named 'airflow.providers.standard'
[2026-03-21T19:37:40.525+0000] {processor.py:842} WARNING - No viable dags retrieved from /opt/airflow/dags/extract_data.py
[2026-03-21T19:37:40.554+0000] {processor.py:183} INFO - Processing /opt/airflow/dags/extract_data.py took 0.052 seconds
[2026-03-21T19:37:46.614+0000] {processor.py:161} INFO - Started process (PID=1283) to work on /opt/airflow/dags/extract_data.py
[2026-03-21T19:37:46.615+0000] {processor.py:830} INFO - Processing file /opt/airflow/dags/extract_data.py for tasks to queue
[2026-03-21T19:37:46.616+0000] {logging_mixin.py:188} INFO - [2026-03-21T19:37:46.615+0000] {dagbag.py:545} INFO - Filling up the DagBag from /opt/airflow/dags/extract_data.py
[2026-03-21T19:37:46.620+0000] {logging_mixin.py:188} INFO - [2026-03-21T19:37:46.619+0000] {dagbag.py:355} ERROR - Failed to import: /opt/airflow/dags/extract_data.py
Traceback (most recent call last):
  File "/home/airflow/.local/lib/python3.12/site-packages/airflow/models/dagbag.py", line 351, in parse
    loader.exec_module(new_module)
  File "<frozen importlib._bootstrap_external>", line 995, in exec_module
  File "<frozen importlib._bootstrap>", line 488, in _call_with_frames_removed
  File "/opt/airflow/dags/extract_data.py", line 3, in <module>
    from airflow.providers.standard.operators.python import PythonOperator
ModuleNotFoundError: No module named 'airflow.providers.standard'
[2026-03-21T19:37:46.622+0000] {processor.py:842} WARNING - No viable dags retrieved from /opt/airflow/dags/extract_data.py
[2026-03-21T19:37:46.674+0000] {processor.py:183} INFO - Processing /opt/airflow/dags/extract_data.py took 0.073 seconds
[2026-03-21T19:37:47.647+0000] {processor.py:161} INFO - Started process (PID=1288) to work on /opt/airflow/dags/extract_data.py
[2026-03-21T19:37:47.649+0000] {processor.py:830} INFO - Processing file /opt/airflow/dags/extract_data.py for tasks to queue
[2026-03-21T19:37:47.650+0000] {logging_mixin.py:188} INFO - [2026-03-21T19:37:47.649+0000] {dagbag.py:545} INFO - Filling up the DagBag from /opt/airflow/dags/extract_data.py
[2026-03-21T19:37:47.658+0000] {logging_mixin.py:188} INFO - [2026-03-21T19:37:47.655+0000] {dagbag.py:355} ERROR - Failed to import: /opt/airflow/dags/extract_data.py
Traceback (most recent call last):
  File "/home/airflow/.local/lib/python3.12/site-packages/airflow/models/dagbag.py", line 351, in parse
    loader.exec_module(new_module)
  File "<frozen importlib._bootstrap_external>", line 995, in exec_module
  File "<frozen importlib._bootstrap>", line 488, in _call_with_frames_removed
  File "/opt/airflow/dags/extract_data.py", line 3, in <module>
    from airflow.providers.standard.operators.python import PythonOperator
ModuleNotFoundError: No module named 'airflow.providers.standard'
[2026-03-21T19:37:47.659+0000] {processor.py:842} WARNING - No viable dags retrieved from /opt/airflow/dags/extract_data.py
[2026-03-21T19:37:47.687+0000] {processor.py:183} INFO - Processing /opt/airflow/dags/extract_data.py took 0.051 seconds
[2026-03-21T19:38:02.134+0000] {processor.py:161} INFO - Started process (PID=1298) to work on /opt/airflow/dags/extract_data.py
[2026-03-21T19:38:02.136+0000] {processor.py:830} INFO - Processing file /opt/airflow/dags/extract_data.py for tasks to queue
[2026-03-21T19:38:02.137+0000] {logging_mixin.py:188} INFO - [2026-03-21T19:38:02.136+0000] {dagbag.py:545} INFO - Filling up the DagBag from /opt/airflow/dags/extract_data.py
[2026-03-21T19:38:02.141+0000] {logging_mixin.py:188} INFO - [2026-03-21T19:38:02.140+0000] {dagbag.py:355} ERROR - Failed to import: /opt/airflow/dags/extract_data.py
Traceback (most recent call last):
  File "/home/airflow/.local/lib/python3.12/site-packages/airflow/models/dagbag.py", line 351, in parse
    loader.exec_module(new_module)
  File "<frozen importlib._bootstrap_external>", line 995, in exec_module
  File "<frozen importlib._bootstrap>", line 488, in _call_with_frames_removed
  File "/opt/airflow/dags/extract_data.py", line 3, in <module>
    from airflow.providers.standard.operators.python import PythonOperator
ModuleNotFoundError: No module named 'airflow.providers.standard'
[2026-03-21T19:38:02.142+0000] {processor.py:842} WARNING - No viable dags retrieved from /opt/airflow/dags/extract_data.py
[2026-03-21T19:38:02.168+0000] {processor.py:183} INFO - Processing /opt/airflow/dags/extract_data.py took 0.042 seconds
[2026-03-21T19:38:06.226+0000] {processor.py:161} INFO - Started process (PID=1303) to work on /opt/airflow/dags/extract_data.py
[2026-03-21T19:38:06.227+0000] {processor.py:830} INFO - Processing file /opt/airflow/dags/extract_data.py for tasks to queue
[2026-03-21T19:38:06.229+0000] {logging_mixin.py:188} INFO - [2026-03-21T19:38:06.228+0000] {dagbag.py:545} INFO - Filling up the DagBag from /opt/airflow/dags/extract_data.py
[2026-03-21T19:38:06.236+0000] {logging_mixin.py:188} INFO - [2026-03-21T19:38:06.234+0000] {dagbag.py:355} ERROR - Failed to import: /opt/airflow/dags/extract_data.py
Traceback (most recent call last):
  File "/home/airflow/.local/lib/python3.12/site-packages/airflow/models/dagbag.py", line 351, in parse
    loader.exec_module(new_module)
  File "<frozen importlib._bootstrap_external>", line 995, in exec_module
  File "<frozen importlib._bootstrap>", line 488, in _call_with_frames_removed
  File "/opt/airflow/dags/extract_data.py", line 3, in <module>
    from airflow.providers.standard.operators.python import PythonOperator
ModuleNotFoundError: No module named 'airflow.providers.standard'
[2026-03-21T19:38:06.237+0000] {processor.py:842} WARNING - No viable dags retrieved from /opt/airflow/dags/extract_data.py
[2026-03-21T19:38:06.286+0000] {processor.py:183} INFO - Processing /opt/airflow/dags/extract_data.py took 0.070 seconds
[2026-03-21T19:38:13.199+0000] {processor.py:161} INFO - Started process (PID=1308) to work on /opt/airflow/dags/extract_data.py
[2026-03-21T19:38:13.200+0000] {processor.py:830} INFO - Processing file /opt/airflow/dags/extract_data.py for tasks to queue
[2026-03-21T19:38:13.201+0000] {logging_mixin.py:188} INFO - [2026-03-21T19:38:13.200+0000] {dagbag.py:545} INFO - Filling up the DagBag from /opt/airflow/dags/extract_data.py
[2026-03-21T19:38:13.205+0000] {logging_mixin.py:188} INFO - [2026-03-21T19:38:13.204+0000] {dagbag.py:355} ERROR - Failed to import: /opt/airflow/dags/extract_data.py
Traceback (most recent call last):
  File "/home/airflow/.local/lib/python3.12/site-packages/airflow/models/dagbag.py", line 351, in parse
    loader.exec_module(new_module)
  File "<frozen importlib._bootstrap_external>", line 995, in exec_module
  File "<frozen importlib._bootstrap>", line 488, in _call_with_frames_removed
  File "/opt/airflow/dags/extract_data.py", line 3, in <module>
    from airflow.providers.standard.operators.python import PythonOperator
ModuleNotFoundError: No module named 'airflow.providers.standard'
[2026-03-21T19:38:13.206+0000] {processor.py:842} WARNING - No viable dags retrieved from /opt/airflow/dags/extract_data.py
[2026-03-21T19:38:13.239+0000] {processor.py:183} INFO - Processing /opt/airflow/dags/extract_data.py took 0.052 seconds
[2026-03-21T19:38:43.502+0000] {processor.py:161} INFO - Started process (PID=1319) to work on /opt/airflow/dags/extract_data.py
[2026-03-21T19:38:43.504+0000] {processor.py:830} INFO - Processing file /opt/airflow/dags/extract_data.py for tasks to queue
[2026-03-21T19:38:43.506+0000] {logging_mixin.py:188} INFO - [2026-03-21T19:38:43.505+0000] {dagbag.py:545} INFO - Filling up the DagBag from /opt/airflow/dags/extract_data.py
[2026-03-21T19:38:43.510+0000] {logging_mixin.py:188} INFO - [2026-03-21T19:38:43.508+0000] {dagbag.py:355} ERROR - Failed to import: /opt/airflow/dags/extract_data.py
Traceback (most recent call last):
  File "/home/airflow/.local/lib/python3.12/site-packages/airflow/models/dagbag.py", line 351, in parse
    loader.exec_module(new_module)
  File "<frozen importlib._bootstrap_external>", line 995, in exec_module
  File "<frozen importlib._bootstrap>", line 488, in _call_with_frames_removed
  File "/opt/airflow/dags/extract_data.py", line 3, in <module>
    from airflow.providers.standard.operators.python import PythonOperator
ModuleNotFoundError: No module named 'airflow.providers.standard'
[2026-03-21T19:38:43.510+0000] {processor.py:842} WARNING - No viable dags retrieved from /opt/airflow/dags/extract_data.py
[2026-03-21T19:38:43.536+0000] {processor.py:183} INFO - Processing /opt/airflow/dags/extract_data.py took 0.062 seconds
[2026-03-21T19:39:13.763+0000] {processor.py:161} INFO - Started process (PID=1331) to work on /opt/airflow/dags/extract_data.py
[2026-03-21T19:39:13.764+0000] {processor.py:830} INFO - Processing file /opt/airflow/dags/extract_data.py for tasks to queue
[2026-03-21T19:39:13.766+0000] {logging_mixin.py:188} INFO - [2026-03-21T19:39:13.765+0000] {dagbag.py:545} INFO - Filling up the DagBag from /opt/airflow/dags/extract_data.py
[2026-03-21T19:39:13.771+0000] {logging_mixin.py:188} INFO - [2026-03-21T19:39:13.769+0000] {dagbag.py:355} ERROR - Failed to import: /opt/airflow/dags/extract_data.py
Traceback (most recent call last):
  File "/home/airflow/.local/lib/python3.12/site-packages/airflow/models/dagbag.py", line 351, in parse
    loader.exec_module(new_module)
  File "<frozen importlib._bootstrap_external>", line 995, in exec_module
  File "<frozen importlib._bootstrap>", line 488, in _call_with_frames_removed
  File "/opt/airflow/dags/extract_data.py", line 3, in <module>
    from airflow.providers.standard.operators.python import PythonOperator
ModuleNotFoundError: No module named 'airflow.providers.standard'
[2026-03-21T19:39:13.772+0000] {processor.py:842} WARNING - No viable dags retrieved from /opt/airflow/dags/extract_data.py
[2026-03-21T19:39:13.799+0000] {processor.py:183} INFO - Processing /opt/airflow/dags/extract_data.py took 0.044 seconds
[2026-03-21T19:39:44.114+0000] {processor.py:161} INFO - Started process (PID=1342) to work on /opt/airflow/dags/extract_data.py
[2026-03-21T19:39:44.115+0000] {processor.py:830} INFO - Processing file /opt/airflow/dags/extract_data.py for tasks to queue
[2026-03-21T19:39:44.116+0000] {logging_mixin.py:188} INFO - [2026-03-21T19:39:44.116+0000] {dagbag.py:545} INFO - Filling up the DagBag from /opt/airflow/dags/extract_data.py
[2026-03-21T19:39:44.120+0000] {logging_mixin.py:188} INFO - [2026-03-21T19:39:44.119+0000] {dagbag.py:355} ERROR - Failed to import: /opt/airflow/dags/extract_data.py
Traceback (most recent call last):
  File "/home/airflow/.local/lib/python3.12/site-packages/airflow/models/dagbag.py", line 351, in parse
    loader.exec_module(new_module)
  File "<frozen importlib._bootstrap_external>", line 995, in exec_module
  File "<frozen importlib._bootstrap>", line 488, in _call_with_frames_removed
  File "/opt/airflow/dags/extract_data.py", line 3, in <module>
    from airflow.providers.standard.operators.python import PythonOperator
ModuleNotFoundError: No module named 'airflow.providers.standard'
[2026-03-21T19:39:44.121+0000] {processor.py:842} WARNING - No viable dags retrieved from /opt/airflow/dags/extract_data.py
[2026-03-21T19:39:44.150+0000] {processor.py:183} INFO - Processing /opt/airflow/dags/extract_data.py took 0.043 seconds
[2026-03-21T19:40:14.407+0000] {processor.py:161} INFO - Started process (PID=1352) to work on /opt/airflow/dags/extract_data.py
[2026-03-21T19:40:14.408+0000] {processor.py:830} INFO - Processing file /opt/airflow/dags/extract_data.py for tasks to queue
[2026-03-21T19:40:14.409+0000] {logging_mixin.py:188} INFO - [2026-03-21T19:40:14.409+0000] {dagbag.py:545} INFO - Filling up the DagBag from /opt/airflow/dags/extract_data.py
[2026-03-21T19:40:14.413+0000] {logging_mixin.py:188} INFO - [2026-03-21T19:40:14.412+0000] {dagbag.py:355} ERROR - Failed to import: /opt/airflow/dags/extract_data.py
Traceback (most recent call last):
  File "/home/airflow/.local/lib/python3.12/site-packages/airflow/models/dagbag.py", line 351, in parse
    loader.exec_module(new_module)
  File "<frozen importlib._bootstrap_external>", line 995, in exec_module
  File "<frozen importlib._bootstrap>", line 488, in _call_with_frames_removed
  File "/opt/airflow/dags/extract_data.py", line 3, in <module>
    from airflow.providers.standard.operators.python import PythonOperator
ModuleNotFoundError: No module named 'airflow.providers.standard'
[2026-03-21T19:40:14.413+0000] {processor.py:842} WARNING - No viable dags retrieved from /opt/airflow/dags/extract_data.py
[2026-03-21T19:40:14.440+0000] {processor.py:183} INFO - Processing /opt/airflow/dags/extract_data.py took 0.040 seconds
[2026-03-21T19:40:44.695+0000] {processor.py:161} INFO - Started process (PID=1362) to work on /opt/airflow/dags/extract_data.py
[2026-03-21T19:40:44.697+0000] {processor.py:830} INFO - Processing file /opt/airflow/dags/extract_data.py for tasks to queue
[2026-03-21T19:40:44.698+0000] {logging_mixin.py:188} INFO - [2026-03-21T19:40:44.697+0000] {dagbag.py:545} INFO - Filling up the DagBag from /opt/airflow/dags/extract_data.py
[2026-03-21T19:40:44.702+0000] {logging_mixin.py:188} INFO - [2026-03-21T19:40:44.700+0000] {dagbag.py:355} ERROR - Failed to import: /opt/airflow/dags/extract_data.py
Traceback (most recent call last):
  File "/home/airflow/.local/lib/python3.12/site-packages/airflow/models/dagbag.py", line 351, in parse
    loader.exec_module(new_module)
  File "<frozen importlib._bootstrap_external>", line 995, in exec_module
  File "<frozen importlib._bootstrap>", line 488, in _call_with_frames_removed
  File "/opt/airflow/dags/extract_data.py", line 3, in <module>
    from airflow.providers.standard.operators.python import PythonOperator
ModuleNotFoundError: No module named 'airflow.providers.standard'
[2026-03-21T19:40:44.702+0000] {processor.py:842} WARNING - No viable dags retrieved from /opt/airflow/dags/extract_data.py
[2026-03-21T19:40:44.730+0000] {processor.py:183} INFO - Processing /opt/airflow/dags/extract_data.py took 0.042 seconds
[2026-03-21T19:41:14.959+0000] {processor.py:161} INFO - Started process (PID=1373) to work on /opt/airflow/dags/extract_data.py
[2026-03-21T19:41:14.960+0000] {processor.py:830} INFO - Processing file /opt/airflow/dags/extract_data.py for tasks to queue
[2026-03-21T19:41:14.961+0000] {logging_mixin.py:188} INFO - [2026-03-21T19:41:14.961+0000] {dagbag.py:545} INFO - Filling up the DagBag from /opt/airflow/dags/extract_data.py
[2026-03-21T19:41:14.965+0000] {logging_mixin.py:188} INFO - [2026-03-21T19:41:14.964+0000] {dagbag.py:355} ERROR - Failed to import: /opt/airflow/dags/extract_data.py
Traceback (most recent call last):
  File "/home/airflow/.local/lib/python3.12/site-packages/airflow/models/dagbag.py", line 351, in parse
    loader.exec_module(new_module)
  File "<frozen importlib._bootstrap_external>", line 995, in exec_module
  File "<frozen importlib._bootstrap>", line 488, in _call_with_frames_removed
  File "/opt/airflow/dags/extract_data.py", line 3, in <module>
    from airflow.providers.standard.operators.python import PythonOperator
ModuleNotFoundError: No module named 'airflow.providers.standard'
[2026-03-21T19:41:14.966+0000] {processor.py:842} WARNING - No viable dags retrieved from /opt/airflow/dags/extract_data.py
[2026-03-21T19:41:14.998+0000] {processor.py:183} INFO - Processing /opt/airflow/dags/extract_data.py took 0.046 seconds
[2026-03-21T19:41:45.234+0000] {processor.py:161} INFO - Started process (PID=1384) to work on /opt/airflow/dags/extract_data.py
[2026-03-21T19:41:45.236+0000] {processor.py:830} INFO - Processing file /opt/airflow/dags/extract_data.py for tasks to queue
[2026-03-21T19:41:45.238+0000] {logging_mixin.py:188} INFO - [2026-03-21T19:41:45.237+0000] {dagbag.py:545} INFO - Filling up the DagBag from /opt/airflow/dags/extract_data.py
[2026-03-21T19:41:45.241+0000] {logging_mixin.py:188} INFO - [2026-03-21T19:41:45.240+0000] {dagbag.py:355} ERROR - Failed to import: /opt/airflow/dags/extract_data.py
Traceback (most recent call last):
  File "/home/airflow/.local/lib/python3.12/site-packages/airflow/models/dagbag.py", line 351, in parse
    loader.exec_module(new_module)
  File "<frozen importlib._bootstrap_external>", line 995, in exec_module
  File "<frozen importlib._bootstrap>", line 488, in _call_with_frames_removed
  File "/opt/airflow/dags/extract_data.py", line 3, in <module>
    from airflow.providers.standard.operators.python import PythonOperator
ModuleNotFoundError: No module named 'airflow.providers.standard'
[2026-03-21T19:41:45.242+0000] {processor.py:842} WARNING - No viable dags retrieved from /opt/airflow/dags/extract_data.py
[2026-03-21T19:41:45.274+0000] {processor.py:183} INFO - Processing /opt/airflow/dags/extract_data.py took 0.047 seconds
[2026-03-21T19:42:15.548+0000] {processor.py:161} INFO - Started process (PID=1395) to work on /opt/airflow/dags/extract_data.py
[2026-03-21T19:42:15.549+0000] {processor.py:830} INFO - Processing file /opt/airflow/dags/extract_data.py for tasks to queue
[2026-03-21T19:42:15.550+0000] {logging_mixin.py:188} INFO - [2026-03-21T19:42:15.549+0000] {dagbag.py:545} INFO - Filling up the DagBag from /opt/airflow/dags/extract_data.py
[2026-03-21T19:42:15.557+0000] {logging_mixin.py:188} INFO - [2026-03-21T19:42:15.554+0000] {dagbag.py:355} ERROR - Failed to import: /opt/airflow/dags/extract_data.py
Traceback (most recent call last):
  File "/home/airflow/.local/lib/python3.12/site-packages/airflow/models/dagbag.py", line 351, in parse
    loader.exec_module(new_module)
  File "<frozen importlib._bootstrap_external>", line 995, in exec_module
  File "<frozen importlib._bootstrap>", line 488, in _call_with_frames_removed
  File "/opt/airflow/dags/extract_data.py", line 3, in <module>
    from airflow.providers.standard.operators.python import PythonOperator
ModuleNotFoundError: No module named 'airflow.providers.standard'
[2026-03-21T19:42:15.558+0000] {processor.py:842} WARNING - No viable dags retrieved from /opt/airflow/dags/extract_data.py
[2026-03-21T19:42:15.591+0000] {processor.py:183} INFO - Processing /opt/airflow/dags/extract_data.py took 0.054 seconds
[2026-03-21T19:42:45.821+0000] {processor.py:161} INFO - Started process (PID=1406) to work on /opt/airflow/dags/extract_data.py
[2026-03-21T19:42:45.823+0000] {processor.py:830} INFO - Processing file /opt/airflow/dags/extract_data.py for tasks to queue
[2026-03-21T19:42:45.826+0000] {logging_mixin.py:188} INFO - [2026-03-21T19:42:45.825+0000] {dagbag.py:545} INFO - Filling up the DagBag from /opt/airflow/dags/extract_data.py
[2026-03-21T19:42:45.831+0000] {logging_mixin.py:188} INFO - [2026-03-21T19:42:45.829+0000] {dagbag.py:355} ERROR - Failed to import: /opt/airflow/dags/extract_data.py
Traceback (most recent call last):
  File "/home/airflow/.local/lib/python3.12/site-packages/airflow/models/dagbag.py", line 351, in parse
    loader.exec_module(new_module)
  File "<frozen importlib._bootstrap_external>", line 995, in exec_module
  File "<frozen importlib._bootstrap>", line 488, in _call_with_frames_removed
  File "/opt/airflow/dags/extract_data.py", line 3, in <module>
    from airflow.providers.standard.operators.python import PythonOperator
ModuleNotFoundError: No module named 'airflow.providers.standard'
[2026-03-21T19:42:45.832+0000] {processor.py:842} WARNING - No viable dags retrieved from /opt/airflow/dags/extract_data.py
[2026-03-21T19:42:45.880+0000] {processor.py:183} INFO - Processing /opt/airflow/dags/extract_data.py took 0.066 seconds
[2026-03-21T19:43:16.126+0000] {processor.py:161} INFO - Started process (PID=1417) to work on /opt/airflow/dags/extract_data.py
[2026-03-21T19:43:16.127+0000] {processor.py:830} INFO - Processing file /opt/airflow/dags/extract_data.py for tasks to queue
[2026-03-21T19:43:16.128+0000] {logging_mixin.py:188} INFO - [2026-03-21T19:43:16.128+0000] {dagbag.py:545} INFO - Filling up the DagBag from /opt/airflow/dags/extract_data.py
[2026-03-21T19:43:16.132+0000] {logging_mixin.py:188} INFO - [2026-03-21T19:43:16.131+0000] {dagbag.py:355} ERROR - Failed to import: /opt/airflow/dags/extract_data.py
Traceback (most recent call last):
  File "/home/airflow/.local/lib/python3.12/site-packages/airflow/models/dagbag.py", line 351, in parse
    loader.exec_module(new_module)
  File "<frozen importlib._bootstrap_external>", line 995, in exec_module
  File "<frozen importlib._bootstrap>", line 488, in _call_with_frames_removed
  File "/opt/airflow/dags/extract_data.py", line 3, in <module>
    from airflow.providers.standard.operators.python import PythonOperator
ModuleNotFoundError: No module named 'airflow.providers.standard'
[2026-03-21T19:43:16.133+0000] {processor.py:842} WARNING - No viable dags retrieved from /opt/airflow/dags/extract_data.py
[2026-03-21T19:43:16.162+0000] {processor.py:183} INFO - Processing /opt/airflow/dags/extract_data.py took 0.044 seconds
[2026-03-21T19:43:46.434+0000] {processor.py:161} INFO - Started process (PID=1428) to work on /opt/airflow/dags/extract_data.py
[2026-03-21T19:43:46.435+0000] {processor.py:830} INFO - Processing file /opt/airflow/dags/extract_data.py for tasks to queue
[2026-03-21T19:43:46.437+0000] {logging_mixin.py:188} INFO - [2026-03-21T19:43:46.436+0000] {dagbag.py:545} INFO - Filling up the DagBag from /opt/airflow/dags/extract_data.py
[2026-03-21T19:43:46.440+0000] {logging_mixin.py:188} INFO - [2026-03-21T19:43:46.439+0000] {dagbag.py:355} ERROR - Failed to import: /opt/airflow/dags/extract_data.py
Traceback (most recent call last):
  File "/home/airflow/.local/lib/python3.12/site-packages/airflow/models/dagbag.py", line 351, in parse
    loader.exec_module(new_module)
  File "<frozen importlib._bootstrap_external>", line 995, in exec_module
  File "<frozen importlib._bootstrap>", line 488, in _call_with_frames_removed
  File "/opt/airflow/dags/extract_data.py", line 3, in <module>
    from airflow.providers.standard.operators.python import PythonOperator
ModuleNotFoundError: No module named 'airflow.providers.standard'
[2026-03-21T19:43:46.441+0000] {processor.py:842} WARNING - No viable dags retrieved from /opt/airflow/dags/extract_data.py
[2026-03-21T19:43:46.471+0000] {processor.py:183} INFO - Processing /opt/airflow/dags/extract_data.py took 0.046 seconds
[2026-03-21T19:44:16.721+0000] {processor.py:161} INFO - Started process (PID=1439) to work on /opt/airflow/dags/extract_data.py
[2026-03-21T19:44:16.722+0000] {processor.py:830} INFO - Processing file /opt/airflow/dags/extract_data.py for tasks to queue
[2026-03-21T19:44:16.723+0000] {logging_mixin.py:188} INFO - [2026-03-21T19:44:16.723+0000] {dagbag.py:545} INFO - Filling up the DagBag from /opt/airflow/dags/extract_data.py
[2026-03-21T19:44:16.728+0000] {logging_mixin.py:188} INFO - [2026-03-21T19:44:16.726+0000] {dagbag.py:355} ERROR - Failed to import: /opt/airflow/dags/extract_data.py
Traceback (most recent call last):
  File "/home/airflow/.local/lib/python3.12/site-packages/airflow/models/dagbag.py", line 351, in parse
    loader.exec_module(new_module)
  File "<frozen importlib._bootstrap_external>", line 995, in exec_module
  File "<frozen importlib._bootstrap>", line 488, in _call_with_frames_removed
  File "/opt/airflow/dags/extract_data.py", line 3, in <module>
    from airflow.providers.standard.operators.python import PythonOperator
ModuleNotFoundError: No module named 'airflow.providers.standard'
[2026-03-21T19:44:16.729+0000] {processor.py:842} WARNING - No viable dags retrieved from /opt/airflow/dags/extract_data.py
[2026-03-21T19:44:16.755+0000] {processor.py:183} INFO - Processing /opt/airflow/dags/extract_data.py took 0.042 seconds
[2026-03-21T19:44:47.104+0000] {processor.py:161} INFO - Started process (PID=1451) to work on /opt/airflow/dags/extract_data.py
[2026-03-21T19:44:47.106+0000] {processor.py:830} INFO - Processing file /opt/airflow/dags/extract_data.py for tasks to queue
[2026-03-21T19:44:47.108+0000] {logging_mixin.py:188} INFO - [2026-03-21T19:44:47.106+0000] {dagbag.py:545} INFO - Filling up the DagBag from /opt/airflow/dags/extract_data.py
[2026-03-21T19:44:47.111+0000] {logging_mixin.py:188} INFO - [2026-03-21T19:44:47.110+0000] {dagbag.py:355} ERROR - Failed to import: /opt/airflow/dags/extract_data.py
Traceback (most recent call last):
  File "/home/airflow/.local/lib/python3.12/site-packages/airflow/models/dagbag.py", line 351, in parse
    loader.exec_module(new_module)
  File "<frozen importlib._bootstrap_external>", line 995, in exec_module
  File "<frozen importlib._bootstrap>", line 488, in _call_with_frames_removed
  File "/opt/airflow/dags/extract_data.py", line 3, in <module>
    from airflow.providers.standard.operators.python import PythonOperator
ModuleNotFoundError: No module named 'airflow.providers.standard'
[2026-03-21T19:44:47.112+0000] {processor.py:842} WARNING - No viable dags retrieved from /opt/airflow/dags/extract_data.py
[2026-03-21T19:44:47.157+0000] {processor.py:183} INFO - Processing /opt/airflow/dags/extract_data.py took 0.061 seconds
[2026-03-21T19:45:17.363+0000] {processor.py:161} INFO - Started process (PID=1463) to work on /opt/airflow/dags/extract_data.py
[2026-03-21T19:45:17.365+0000] {processor.py:830} INFO - Processing file /opt/airflow/dags/extract_data.py for tasks to queue
[2026-03-21T19:45:17.366+0000] {logging_mixin.py:188} INFO - [2026-03-21T19:45:17.366+0000] {dagbag.py:545} INFO - Filling up the DagBag from /opt/airflow/dags/extract_data.py
[2026-03-21T19:45:17.370+0000] {logging_mixin.py:188} INFO - [2026-03-21T19:45:17.368+0000] {dagbag.py:355} ERROR - Failed to import: /opt/airflow/dags/extract_data.py
Traceback (most recent call last):
  File "/home/airflow/.local/lib/python3.12/site-packages/airflow/models/dagbag.py", line 351, in parse
    loader.exec_module(new_module)
  File "<frozen importlib._bootstrap_external>", line 995, in exec_module
  File "<frozen importlib._bootstrap>", line 488, in _call_with_frames_removed
  File "/opt/airflow/dags/extract_data.py", line 3, in <module>
    from airflow.providers.standard.operators.python import PythonOperator
ModuleNotFoundError: No module named 'airflow.providers.standard'
[2026-03-21T19:45:17.371+0000] {processor.py:842} WARNING - No viable dags retrieved from /opt/airflow/dags/extract_data.py
[2026-03-21T19:45:17.400+0000] {processor.py:183} INFO - Processing /opt/airflow/dags/extract_data.py took 0.045 seconds
[2026-03-21T19:45:47.641+0000] {processor.py:161} INFO - Started process (PID=1474) to work on /opt/airflow/dags/extract_data.py
[2026-03-21T19:45:47.643+0000] {processor.py:830} INFO - Processing file /opt/airflow/dags/extract_data.py for tasks to queue
[2026-03-21T19:45:47.644+0000] {logging_mixin.py:188} INFO - [2026-03-21T19:45:47.644+0000] {dagbag.py:545} INFO - Filling up the DagBag from /opt/airflow/dags/extract_data.py
[2026-03-21T19:45:47.650+0000] {logging_mixin.py:188} INFO - [2026-03-21T19:45:47.647+0000] {dagbag.py:355} ERROR - Failed to import: /opt/airflow/dags/extract_data.py
Traceback (most recent call last):
  File "/home/airflow/.local/lib/python3.12/site-packages/airflow/models/dagbag.py", line 351, in parse
    loader.exec_module(new_module)
  File "<frozen importlib._bootstrap_external>", line 995, in exec_module
  File "<frozen importlib._bootstrap>", line 488, in _call_with_frames_removed
  File "/opt/airflow/dags/extract_data.py", line 3, in <module>
    from airflow.providers.standard.operators.python import PythonOperator
ModuleNotFoundError: No module named 'airflow.providers.standard'
[2026-03-21T19:45:47.650+0000] {processor.py:842} WARNING - No viable dags retrieved from /opt/airflow/dags/extract_data.py
[2026-03-21T19:45:47.684+0000] {processor.py:183} INFO - Processing /opt/airflow/dags/extract_data.py took 0.053 seconds
[2026-03-21T19:46:17.961+0000] {processor.py:161} INFO - Started process (PID=1486) to work on /opt/airflow/dags/extract_data.py
[2026-03-21T19:46:17.962+0000] {processor.py:830} INFO - Processing file /opt/airflow/dags/extract_data.py for tasks to queue
[2026-03-21T19:46:17.963+0000] {logging_mixin.py:188} INFO - [2026-03-21T19:46:17.962+0000] {dagbag.py:545} INFO - Filling up the DagBag from /opt/airflow/dags/extract_data.py
[2026-03-21T19:46:17.966+0000] {logging_mixin.py:188} INFO - [2026-03-21T19:46:17.965+0000] {dagbag.py:355} ERROR - Failed to import: /opt/airflow/dags/extract_data.py
Traceback (most recent call last):
  File "/home/airflow/.local/lib/python3.12/site-packages/airflow/models/dagbag.py", line 351, in parse
    loader.exec_module(new_module)
  File "<frozen importlib._bootstrap_external>", line 995, in exec_module
  File "<frozen importlib._bootstrap>", line 488, in _call_with_frames_removed
  File "/opt/airflow/dags/extract_data.py", line 3, in <module>
    from airflow.providers.standard.operators.python import PythonOperator
ModuleNotFoundError: No module named 'airflow.providers.standard'
[2026-03-21T19:46:17.967+0000] {processor.py:842} WARNING - No viable dags retrieved from /opt/airflow/dags/extract_data.py
[2026-03-21T19:46:17.995+0000] {processor.py:183} INFO - Processing /opt/airflow/dags/extract_data.py took 0.044 seconds
[2026-03-21T19:46:48.507+0000] {processor.py:161} INFO - Started process (PID=1496) to work on /opt/airflow/dags/extract_data.py
[2026-03-21T19:46:48.534+0000] {processor.py:830} INFO - Processing file /opt/airflow/dags/extract_data.py for tasks to queue
[2026-03-21T19:46:48.562+0000] {logging_mixin.py:188} INFO - [2026-03-21T19:46:48.549+0000] {dagbag.py:545} INFO - Filling up the DagBag from /opt/airflow/dags/extract_data.py
[2026-03-21T19:46:48.606+0000] {logging_mixin.py:188} INFO - [2026-03-21T19:46:48.592+0000] {dagbag.py:355} ERROR - Failed to import: /opt/airflow/dags/extract_data.py
Traceback (most recent call last):
  File "/home/airflow/.local/lib/python3.12/site-packages/airflow/models/dagbag.py", line 351, in parse
    loader.exec_module(new_module)
  File "<frozen importlib._bootstrap_external>", line 995, in exec_module
  File "<frozen importlib._bootstrap>", line 488, in _call_with_frames_removed
  File "/opt/airflow/dags/extract_data.py", line 3, in <module>
    from airflow.providers.standard.operators.python import PythonOperator
ModuleNotFoundError: No module named 'airflow.providers.standard'
[2026-03-21T19:46:48.609+0000] {processor.py:842} WARNING - No viable dags retrieved from /opt/airflow/dags/extract_data.py
[2026-03-21T19:46:48.992+0000] {processor.py:183} INFO - Processing /opt/airflow/dags/extract_data.py took 0.620 seconds
[2026-03-21T19:46:53.107+0000] {processor.py:161} INFO - Started process (PID=1501) to work on /opt/airflow/dags/extract_data.py
[2026-03-21T19:46:53.109+0000] {processor.py:830} INFO - Processing file /opt/airflow/dags/extract_data.py for tasks to queue
[2026-03-21T19:46:53.111+0000] {logging_mixin.py:188} INFO - [2026-03-21T19:46:53.110+0000] {dagbag.py:545} INFO - Filling up the DagBag from /opt/airflow/dags/extract_data.py
[2026-03-21T19:46:53.119+0000] {logging_mixin.py:188} INFO - [2026-03-21T19:46:53.117+0000] {dagbag.py:355} ERROR - Failed to import: /opt/airflow/dags/extract_data.py
Traceback (most recent call last):
  File "/home/airflow/.local/lib/python3.12/site-packages/airflow/models/dagbag.py", line 351, in parse
    loader.exec_module(new_module)
  File "<frozen importlib._bootstrap_external>", line 995, in exec_module
  File "<frozen importlib._bootstrap>", line 488, in _call_with_frames_removed
  File "/opt/airflow/dags/extract_data.py", line 3, in <module>
    from airflow.providers.standard.operators.python import PythonOperator
ModuleNotFoundError: No module named 'airflow.providers.standard'
[2026-03-21T19:46:53.120+0000] {processor.py:842} WARNING - No viable dags retrieved from /opt/airflow/dags/extract_data.py
[2026-03-21T19:46:53.151+0000] {processor.py:183} INFO - Processing /opt/airflow/dags/extract_data.py took 0.053 seconds
[2026-03-21T19:46:57.141+0000] {processor.py:161} INFO - Started process (PID=1506) to work on /opt/airflow/dags/extract_data.py
[2026-03-21T19:46:57.142+0000] {processor.py:830} INFO - Processing file /opt/airflow/dags/extract_data.py for tasks to queue
[2026-03-21T19:46:57.143+0000] {logging_mixin.py:188} INFO - [2026-03-21T19:46:57.143+0000] {dagbag.py:545} INFO - Filling up the DagBag from /opt/airflow/dags/extract_data.py
[2026-03-21T19:46:57.151+0000] {logging_mixin.py:188} INFO - [2026-03-21T19:46:57.148+0000] {dagbag.py:355} ERROR - Failed to import: /opt/airflow/dags/extract_data.py
Traceback (most recent call last):
  File "/home/airflow/.local/lib/python3.12/site-packages/airflow/models/dagbag.py", line 351, in parse
    loader.exec_module(new_module)
  File "<frozen importlib._bootstrap_external>", line 995, in exec_module
  File "<frozen importlib._bootstrap>", line 488, in _call_with_frames_removed
  File "/opt/airflow/dags/extract_data.py", line 3, in <module>
    from airflow.providers.standard.operators.python import PythonOperator
ModuleNotFoundError: No module named 'airflow.providers.standard'
[2026-03-21T19:46:57.153+0000] {processor.py:842} WARNING - No viable dags retrieved from /opt/airflow/dags/extract_data.py
[2026-03-21T19:46:57.187+0000] {processor.py:183} INFO - Processing /opt/airflow/dags/extract_data.py took 0.060 seconds
[2026-03-21T19:46:59.253+0000] {processor.py:161} INFO - Started process (PID=1511) to work on /opt/airflow/dags/extract_data.py
[2026-03-21T19:46:59.254+0000] {processor.py:830} INFO - Processing file /opt/airflow/dags/extract_data.py for tasks to queue
[2026-03-21T19:46:59.255+0000] {logging_mixin.py:188} INFO - [2026-03-21T19:46:59.255+0000] {dagbag.py:545} INFO - Filling up the DagBag from /opt/airflow/dags/extract_data.py
[2026-03-21T19:46:59.267+0000] {logging_mixin.py:188} INFO - [2026-03-21T19:46:59.265+0000] {dagbag.py:355} ERROR - Failed to import: /opt/airflow/dags/extract_data.py
Traceback (most recent call last):
  File "/home/airflow/.local/lib/python3.12/site-packages/airflow/models/dagbag.py", line 351, in parse
    loader.exec_module(new_module)
  File "<frozen importlib._bootstrap_external>", line 995, in exec_module
  File "<frozen importlib._bootstrap>", line 488, in _call_with_frames_removed
  File "/opt/airflow/dags/extract_data.py", line 3, in <module>
    from airflow.providers.standard.operators.python import PythonOperator
ModuleNotFoundError: No module named 'airflow.providers.standard'
[2026-03-21T19:46:59.268+0000] {processor.py:842} WARNING - No viable dags retrieved from /opt/airflow/dags/extract_data.py
[2026-03-21T19:46:59.325+0000] {processor.py:183} INFO - Processing /opt/airflow/dags/extract_data.py took 0.086 seconds
[2026-03-21T19:47:06.315+0000] {processor.py:161} INFO - Started process (PID=1523) to work on /opt/airflow/dags/extract_data.py
[2026-03-21T19:47:06.317+0000] {processor.py:830} INFO - Processing file /opt/airflow/dags/extract_data.py for tasks to queue
[2026-03-21T19:47:06.318+0000] {logging_mixin.py:188} INFO - [2026-03-21T19:47:06.317+0000] {dagbag.py:545} INFO - Filling up the DagBag from /opt/airflow/dags/extract_data.py
[2026-03-21T19:47:06.329+0000] {logging_mixin.py:188} INFO - [2026-03-21T19:47:06.324+0000] {dagbag.py:355} ERROR - Failed to import: /opt/airflow/dags/extract_data.py
Traceback (most recent call last):
  File "/home/airflow/.local/lib/python3.12/site-packages/airflow/models/dagbag.py", line 351, in parse
    loader.exec_module(new_module)
  File "<frozen importlib._bootstrap_external>", line 995, in exec_module
  File "<frozen importlib._bootstrap>", line 488, in _call_with_frames_removed
  File "/opt/airflow/dags/extract_data.py", line 3, in <module>
    from airflow.providers.standard.operators.python import PythonOperator
ModuleNotFoundError: No module named 'airflow.providers.standard'
[2026-03-21T19:47:06.331+0000] {processor.py:842} WARNING - No viable dags retrieved from /opt/airflow/dags/extract_data.py
[2026-03-21T19:47:06.367+0000] {processor.py:183} INFO - Processing /opt/airflow/dags/extract_data.py took 0.066 seconds
[2026-03-21T19:47:36.556+0000] {processor.py:161} INFO - Started process (PID=1534) to work on /opt/airflow/dags/extract_data.py
[2026-03-21T19:47:36.557+0000] {processor.py:830} INFO - Processing file /opt/airflow/dags/extract_data.py for tasks to queue
[2026-03-21T19:47:36.559+0000] {logging_mixin.py:188} INFO - [2026-03-21T19:47:36.558+0000] {dagbag.py:545} INFO - Filling up the DagBag from /opt/airflow/dags/extract_data.py
[2026-03-21T19:47:36.567+0000] {logging_mixin.py:188} INFO - [2026-03-21T19:47:36.562+0000] {dagbag.py:355} ERROR - Failed to import: /opt/airflow/dags/extract_data.py
Traceback (most recent call last):
  File "/home/airflow/.local/lib/python3.12/site-packages/airflow/models/dagbag.py", line 351, in parse
    loader.exec_module(new_module)
  File "<frozen importlib._bootstrap_external>", line 995, in exec_module
  File "<frozen importlib._bootstrap>", line 488, in _call_with_frames_removed
  File "/opt/airflow/dags/extract_data.py", line 3, in <module>
    from airflow.providers.standard.operators.python import PythonOperator
ModuleNotFoundError: No module named 'airflow.providers.standard'
[2026-03-21T19:47:36.567+0000] {processor.py:842} WARNING - No viable dags retrieved from /opt/airflow/dags/extract_data.py
[2026-03-21T19:47:36.597+0000] {processor.py:183} INFO - Processing /opt/airflow/dags/extract_data.py took 0.048 seconds
[2026-03-21T19:48:06.873+0000] {processor.py:161} INFO - Started process (PID=1545) to work on /opt/airflow/dags/extract_data.py
[2026-03-21T19:48:06.874+0000] {processor.py:830} INFO - Processing file /opt/airflow/dags/extract_data.py for tasks to queue
[2026-03-21T19:48:06.875+0000] {logging_mixin.py:188} INFO - [2026-03-21T19:48:06.875+0000] {dagbag.py:545} INFO - Filling up the DagBag from /opt/airflow/dags/extract_data.py
[2026-03-21T19:48:06.879+0000] {logging_mixin.py:188} INFO - [2026-03-21T19:48:06.878+0000] {dagbag.py:355} ERROR - Failed to import: /opt/airflow/dags/extract_data.py
Traceback (most recent call last):
  File "/home/airflow/.local/lib/python3.12/site-packages/airflow/models/dagbag.py", line 351, in parse
    loader.exec_module(new_module)
  File "<frozen importlib._bootstrap_external>", line 995, in exec_module
  File "<frozen importlib._bootstrap>", line 488, in _call_with_frames_removed
  File "/opt/airflow/dags/extract_data.py", line 3, in <module>
    from airflow.providers.standard.operators.python import PythonOperator
ModuleNotFoundError: No module named 'airflow.providers.standard'
[2026-03-21T19:48:06.880+0000] {processor.py:842} WARNING - No viable dags retrieved from /opt/airflow/dags/extract_data.py
[2026-03-21T19:48:06.910+0000] {processor.py:183} INFO - Processing /opt/airflow/dags/extract_data.py took 0.044 seconds
[2026-03-21T19:48:34.134+0000] {processor.py:161} INFO - Started process (PID=1555) to work on /opt/airflow/dags/extract_data.py
[2026-03-21T19:48:34.135+0000] {processor.py:830} INFO - Processing file /opt/airflow/dags/extract_data.py for tasks to queue
[2026-03-21T19:48:34.136+0000] {logging_mixin.py:188} INFO - [2026-03-21T19:48:34.136+0000] {dagbag.py:545} INFO - Filling up the DagBag from /opt/airflow/dags/extract_data.py
[2026-03-21T19:48:34.180+0000] {logging_mixin.py:188} INFO - [2026-03-21T19:48:34.174+0000] {dagbag.py:355} ERROR - Failed to import: /opt/airflow/dags/extract_data.py
Traceback (most recent call last):
  File "/home/airflow/.local/lib/python3.12/site-packages/airflow/models/dagbag.py", line 351, in parse
    loader.exec_module(new_module)
  File "<frozen importlib._bootstrap_external>", line 995, in exec_module
  File "<frozen importlib._bootstrap>", line 488, in _call_with_frames_removed
  File "/opt/airflow/dags/extract_data.py", line 14, in <module>
    'retry_delay': timedelta(minutes=5),
                   ^^^^^^^^^
NameError: name 'timedelta' is not defined
[2026-03-21T19:48:34.184+0000] {processor.py:842} WARNING - No viable dags retrieved from /opt/airflow/dags/extract_data.py
[2026-03-21T19:48:34.232+0000] {processor.py:183} INFO - Processing /opt/airflow/dags/extract_data.py took 0.106 seconds
[2026-03-21T19:48:35.188+0000] {processor.py:161} INFO - Started process (PID=1560) to work on /opt/airflow/dags/extract_data.py
[2026-03-21T19:48:35.189+0000] {processor.py:830} INFO - Processing file /opt/airflow/dags/extract_data.py for tasks to queue
[2026-03-21T19:48:35.190+0000] {logging_mixin.py:188} INFO - [2026-03-21T19:48:35.190+0000] {dagbag.py:545} INFO - Filling up the DagBag from /opt/airflow/dags/extract_data.py
[2026-03-21T19:48:35.202+0000] {logging_mixin.py:188} INFO - [2026-03-21T19:48:35.196+0000] {dagbag.py:355} ERROR - Failed to import: /opt/airflow/dags/extract_data.py
Traceback (most recent call last):
  File "/home/airflow/.local/lib/python3.12/site-packages/airflow/models/dagbag.py", line 351, in parse
    loader.exec_module(new_module)
  File "<frozen importlib._bootstrap_external>", line 995, in exec_module
  File "<frozen importlib._bootstrap>", line 488, in _call_with_frames_removed
  File "/opt/airflow/dags/extract_data.py", line 15, in <module>
    'retry_delay': timedelta(minutes=5),
                   ^^^^^^^^^
NameError: name 'timedelta' is not defined
[2026-03-21T19:48:35.205+0000] {processor.py:842} WARNING - No viable dags retrieved from /opt/airflow/dags/extract_data.py
[2026-03-21T19:48:35.243+0000] {processor.py:183} INFO - Processing /opt/airflow/dags/extract_data.py took 0.065 seconds
[2026-03-21T19:49:05.436+0000] {processor.py:161} INFO - Started process (PID=1571) to work on /opt/airflow/dags/extract_data.py
[2026-03-21T19:49:05.438+0000] {processor.py:830} INFO - Processing file /opt/airflow/dags/extract_data.py for tasks to queue
[2026-03-21T19:49:05.439+0000] {logging_mixin.py:188} INFO - [2026-03-21T19:49:05.438+0000] {dagbag.py:545} INFO - Filling up the DagBag from /opt/airflow/dags/extract_data.py
[2026-03-21T19:49:05.447+0000] {logging_mixin.py:188} INFO - [2026-03-21T19:49:05.443+0000] {dagbag.py:355} ERROR - Failed to import: /opt/airflow/dags/extract_data.py
Traceback (most recent call last):
  File "/home/airflow/.local/lib/python3.12/site-packages/airflow/models/dagbag.py", line 351, in parse
    loader.exec_module(new_module)
  File "<frozen importlib._bootstrap_external>", line 995, in exec_module
  File "<frozen importlib._bootstrap>", line 488, in _call_with_frames_removed
  File "/opt/airflow/dags/extract_data.py", line 15, in <module>
    'retry_delay': timedelta(minutes=5),
                   ^^^^^^^^^
NameError: name 'timedelta' is not defined
[2026-03-21T19:49:05.451+0000] {processor.py:842} WARNING - No viable dags retrieved from /opt/airflow/dags/extract_data.py
[2026-03-21T19:49:05.482+0000] {processor.py:183} INFO - Processing /opt/airflow/dags/extract_data.py took 0.055 seconds
[2026-03-21T19:49:11.659+0000] {processor.py:161} INFO - Started process (PID=1576) to work on /opt/airflow/dags/extract_data.py
[2026-03-21T19:49:11.660+0000] {processor.py:830} INFO - Processing file /opt/airflow/dags/extract_data.py for tasks to queue
[2026-03-21T19:49:11.662+0000] {logging_mixin.py:188} INFO - [2026-03-21T19:49:11.661+0000] {dagbag.py:545} INFO - Filling up the DagBag from /opt/airflow/dags/extract_data.py
[2026-03-21T19:49:11.854+0000] {processor.py:840} INFO - DAG(s) 'dag_teste' retrieved from /opt/airflow/dags/extract_data.py
[2026-03-21T19:49:12.856+0000] {logging_mixin.py:188} INFO - [2026-03-21T19:49:12.856+0000] {dag.py:3096} INFO - Sync 1 DAGs
[2026-03-21T19:49:12.892+0000] {logging_mixin.py:188} INFO - [2026-03-21T19:49:12.892+0000] {dag.py:3954} INFO - Setting next_dagrun for dag_teste to None, run_after=None
[2026-03-21T19:49:12.953+0000] {processor.py:183} INFO - Processing /opt/airflow/dags/extract_data.py took 1.304 seconds
[2026-03-21T19:49:13.684+0000] {processor.py:161} INFO - Started process (PID=1581) to work on /opt/airflow/dags/extract_data.py
[2026-03-21T19:49:13.685+0000] {processor.py:830} INFO - Processing file /opt/airflow/dags/extract_data.py for tasks to queue
[2026-03-21T19:49:13.686+0000] {logging_mixin.py:188} INFO - [2026-03-21T19:49:13.685+0000] {dagbag.py:545} INFO - Filling up the DagBag from /opt/airflow/dags/extract_data.py
[2026-03-21T19:49:13.701+0000] {processor.py:840} INFO - DAG(s) 'dag_teste' retrieved from /opt/airflow/dags/extract_data.py
[2026-03-21T19:49:13.723+0000] {logging_mixin.py:188} INFO - [2026-03-21T19:49:13.722+0000] {dag.py:3096} INFO - Sync 1 DAGs
[2026-03-21T19:49:13.743+0000] {logging_mixin.py:188} INFO - [2026-03-21T19:49:13.743+0000] {dag.py:3954} INFO - Setting next_dagrun for dag_teste to None, run_after=None
[2026-03-21T19:49:13.774+0000] {processor.py:183} INFO - Processing /opt/airflow/dags/extract_data.py took 0.099 seconds
[2026-03-21T19:49:18.913+0000] {processor.py:161} INFO - Started process (PID=1586) to work on /opt/airflow/dags/extract_data.py
[2026-03-21T19:49:18.919+0000] {processor.py:830} INFO - Processing file /opt/airflow/dags/extract_data.py for tasks to queue
[2026-03-21T19:49:18.923+0000] {logging_mixin.py:188} INFO - [2026-03-21T19:49:18.922+0000] {dagbag.py:545} INFO - Filling up the DagBag from /opt/airflow/dags/extract_data.py
[2026-03-21T19:49:18.948+0000] {processor.py:840} INFO - DAG(s) 'dag_teste' retrieved from /opt/airflow/dags/extract_data.py
[2026-03-21T19:49:18.985+0000] {logging_mixin.py:188} INFO - [2026-03-21T19:49:18.984+0000] {dag.py:3096} INFO - Sync 1 DAGs
[2026-03-21T19:49:19.007+0000] {logging_mixin.py:188} INFO - [2026-03-21T19:49:19.007+0000] {dag.py:3954} INFO - Setting next_dagrun for dag_teste to None, run_after=None
[2026-03-21T19:49:19.045+0000] {processor.py:183} INFO - Processing /opt/airflow/dags/extract_data.py took 0.165 seconds
[2026-03-21T19:49:49.214+0000] {processor.py:161} INFO - Started process (PID=1597) to work on /opt/airflow/dags/extract_data.py
[2026-03-21T19:49:49.216+0000] {processor.py:830} INFO - Processing file /opt/airflow/dags/extract_data.py for tasks to queue
[2026-03-21T19:49:49.218+0000] {logging_mixin.py:188} INFO - [2026-03-21T19:49:49.218+0000] {dagbag.py:545} INFO - Filling up the DagBag from /opt/airflow/dags/extract_data.py
[2026-03-21T19:49:49.237+0000] {processor.py:840} INFO - DAG(s) 'dag_teste' retrieved from /opt/airflow/dags/extract_data.py
[2026-03-21T19:49:49.425+0000] {logging_mixin.py:188} INFO - [2026-03-21T19:49:49.425+0000] {dag.py:3096} INFO - Sync 1 DAGs
[2026-03-21T19:49:49.439+0000] {logging_mixin.py:188} INFO - [2026-03-21T19:49:49.438+0000] {dag.py:3954} INFO - Setting next_dagrun for dag_teste to None, run_after=None
[2026-03-21T19:49:49.472+0000] {processor.py:183} INFO - Processing /opt/airflow/dags/extract_data.py took 0.269 seconds
[2026-03-21T19:50:19.635+0000] {processor.py:161} INFO - Started process (PID=1613) to work on /opt/airflow/dags/extract_data.py
[2026-03-21T19:50:19.637+0000] {processor.py:830} INFO - Processing file /opt/airflow/dags/extract_data.py for tasks to queue
[2026-03-21T19:50:19.639+0000] {logging_mixin.py:188} INFO - [2026-03-21T19:50:19.638+0000] {dagbag.py:545} INFO - Filling up the DagBag from /opt/airflow/dags/extract_data.py
[2026-03-21T19:50:19.663+0000] {processor.py:840} INFO - DAG(s) 'dag_teste' retrieved from /opt/airflow/dags/extract_data.py
[2026-03-21T19:50:19.727+0000] {logging_mixin.py:188} INFO - [2026-03-21T19:50:19.726+0000] {dag.py:3096} INFO - Sync 1 DAGs
[2026-03-21T19:50:19.753+0000] {logging_mixin.py:188} INFO - [2026-03-21T19:50:19.753+0000] {dag.py:3954} INFO - Setting next_dagrun for dag_teste to None, run_after=None
[2026-03-21T19:50:19.786+0000] {processor.py:183} INFO - Processing /opt/airflow/dags/extract_data.py took 0.168 seconds
[2026-03-21T19:50:50.017+0000] {processor.py:161} INFO - Started process (PID=1624) to work on /opt/airflow/dags/extract_data.py
[2026-03-21T19:50:50.019+0000] {processor.py:830} INFO - Processing file /opt/airflow/dags/extract_data.py for tasks to queue
[2026-03-21T19:50:50.020+0000] {logging_mixin.py:188} INFO - [2026-03-21T19:50:50.019+0000] {dagbag.py:545} INFO - Filling up the DagBag from /opt/airflow/dags/extract_data.py
[2026-03-21T19:50:50.033+0000] {processor.py:840} INFO - DAG(s) 'dag_teste' retrieved from /opt/airflow/dags/extract_data.py
[2026-03-21T19:50:50.073+0000] {logging_mixin.py:188} INFO - [2026-03-21T19:50:50.072+0000] {dag.py:3096} INFO - Sync 1 DAGs
[2026-03-21T19:50:50.089+0000] {logging_mixin.py:188} INFO - [2026-03-21T19:50:50.089+0000] {dag.py:3954} INFO - Setting next_dagrun for dag_teste to None, run_after=None
[2026-03-21T19:50:50.112+0000] {processor.py:183} INFO - Processing /opt/airflow/dags/extract_data.py took 0.105 seconds
[2026-03-21T19:51:20.386+0000] {processor.py:161} INFO - Started process (PID=1635) to work on /opt/airflow/dags/extract_data.py
[2026-03-21T19:51:20.391+0000] {processor.py:830} INFO - Processing file /opt/airflow/dags/extract_data.py for tasks to queue
[2026-03-21T19:51:20.393+0000] {logging_mixin.py:188} INFO - [2026-03-21T19:51:20.392+0000] {dagbag.py:545} INFO - Filling up the DagBag from /opt/airflow/dags/extract_data.py
[2026-03-21T19:51:20.410+0000] {processor.py:840} INFO - DAG(s) 'dag_teste' retrieved from /opt/airflow/dags/extract_data.py
[2026-03-21T19:51:20.517+0000] {logging_mixin.py:188} INFO - [2026-03-21T19:51:20.516+0000] {dag.py:3096} INFO - Sync 1 DAGs
[2026-03-21T19:51:20.546+0000] {logging_mixin.py:188} INFO - [2026-03-21T19:51:20.545+0000] {dag.py:3954} INFO - Setting next_dagrun for dag_teste to None, run_after=None
[2026-03-21T19:51:20.573+0000] {processor.py:183} INFO - Processing /opt/airflow/dags/extract_data.py took 0.204 seconds
[2026-03-21T19:51:50.657+0000] {processor.py:161} INFO - Started process (PID=1646) to work on /opt/airflow/dags/extract_data.py
[2026-03-21T19:51:50.659+0000] {processor.py:830} INFO - Processing file /opt/airflow/dags/extract_data.py for tasks to queue
[2026-03-21T19:51:50.660+0000] {logging_mixin.py:188} INFO - [2026-03-21T19:51:50.660+0000] {dagbag.py:545} INFO - Filling up the DagBag from /opt/airflow/dags/extract_data.py
[2026-03-21T19:51:50.679+0000] {processor.py:840} INFO - DAG(s) 'dag_teste' retrieved from /opt/airflow/dags/extract_data.py
[2026-03-21T19:51:50.729+0000] {logging_mixin.py:188} INFO - [2026-03-21T19:51:50.729+0000] {dag.py:3096} INFO - Sync 1 DAGs
[2026-03-21T19:51:50.751+0000] {logging_mixin.py:188} INFO - [2026-03-21T19:51:50.750+0000] {dag.py:3954} INFO - Setting next_dagrun for dag_teste to None, run_after=None
[2026-03-21T19:51:50.782+0000] {processor.py:183} INFO - Processing /opt/airflow/dags/extract_data.py took 0.134 seconds
[2026-03-21T19:53:05.355+0000] {processor.py:161} INFO - Started process (PID=67) to work on /opt/airflow/dags/extract_data.py
[2026-03-21T19:53:05.357+0000] {processor.py:830} INFO - Processing file /opt/airflow/dags/extract_data.py for tasks to queue
[2026-03-21T19:53:05.359+0000] {logging_mixin.py:188} INFO - [2026-03-21T19:53:05.359+0000] {dagbag.py:545} INFO - Filling up the DagBag from /opt/airflow/dags/extract_data.py
[2026-03-21T19:53:05.372+0000] {processor.py:840} INFO - DAG(s) 'dag_teste' retrieved from /opt/airflow/dags/extract_data.py
[2026-03-21T19:53:05.620+0000] {logging_mixin.py:188} INFO - [2026-03-21T19:53:05.620+0000] {dag.py:3096} INFO - Sync 1 DAGs
[2026-03-21T19:53:05.637+0000] {logging_mixin.py:188} INFO - [2026-03-21T19:53:05.636+0000] {dag.py:3954} INFO - Setting next_dagrun for dag_teste to None, run_after=None
[2026-03-21T19:53:05.680+0000] {processor.py:183} INFO - Processing /opt/airflow/dags/extract_data.py took 0.331 seconds
[2026-03-21T19:53:36.007+0000] {processor.py:161} INFO - Started process (PID=84) to work on /opt/airflow/dags/extract_data.py
[2026-03-21T19:53:36.009+0000] {processor.py:830} INFO - Processing file /opt/airflow/dags/extract_data.py for tasks to queue
[2026-03-21T19:53:36.014+0000] {logging_mixin.py:188} INFO - [2026-03-21T19:53:36.014+0000] {dagbag.py:545} INFO - Filling up the DagBag from /opt/airflow/dags/extract_data.py
[2026-03-21T19:53:36.026+0000] {processor.py:840} INFO - DAG(s) 'dag_teste' retrieved from /opt/airflow/dags/extract_data.py
[2026-03-21T19:53:36.074+0000] {logging_mixin.py:188} INFO - [2026-03-21T19:53:36.074+0000] {dag.py:3096} INFO - Sync 1 DAGs
[2026-03-21T19:53:36.093+0000] {logging_mixin.py:188} INFO - [2026-03-21T19:53:36.093+0000] {dag.py:3954} INFO - Setting next_dagrun for dag_teste to None, run_after=None
[2026-03-21T19:53:36.119+0000] {processor.py:183} INFO - Processing /opt/airflow/dags/extract_data.py took 0.119 seconds
[2026-03-21T19:54:06.312+0000] {processor.py:161} INFO - Started process (PID=94) to work on /opt/airflow/dags/extract_data.py
[2026-03-21T19:54:06.313+0000] {processor.py:830} INFO - Processing file /opt/airflow/dags/extract_data.py for tasks to queue
[2026-03-21T19:54:06.316+0000] {logging_mixin.py:188} INFO - [2026-03-21T19:54:06.316+0000] {dagbag.py:545} INFO - Filling up the DagBag from /opt/airflow/dags/extract_data.py
[2026-03-21T19:54:06.335+0000] {processor.py:840} INFO - DAG(s) 'dag_teste' retrieved from /opt/airflow/dags/extract_data.py
[2026-03-21T19:54:06.386+0000] {logging_mixin.py:188} INFO - [2026-03-21T19:54:06.386+0000] {dag.py:3096} INFO - Sync 1 DAGs
[2026-03-21T19:54:06.406+0000] {logging_mixin.py:188} INFO - [2026-03-21T19:54:06.406+0000] {dag.py:3954} INFO - Setting next_dagrun for dag_teste to None, run_after=None
[2026-03-21T19:54:06.433+0000] {processor.py:183} INFO - Processing /opt/airflow/dags/extract_data.py took 0.128 seconds
[2026-03-21T19:54:36.672+0000] {processor.py:161} INFO - Started process (PID=105) to work on /opt/airflow/dags/extract_data.py
[2026-03-21T19:54:36.673+0000] {processor.py:830} INFO - Processing file /opt/airflow/dags/extract_data.py for tasks to queue
[2026-03-21T19:54:36.678+0000] {logging_mixin.py:188} INFO - [2026-03-21T19:54:36.677+0000] {dagbag.py:545} INFO - Filling up the DagBag from /opt/airflow/dags/extract_data.py
[2026-03-21T19:54:36.691+0000] {processor.py:840} INFO - DAG(s) 'dag_teste' retrieved from /opt/airflow/dags/extract_data.py
[2026-03-21T19:54:36.735+0000] {logging_mixin.py:188} INFO - [2026-03-21T19:54:36.735+0000] {dag.py:3096} INFO - Sync 1 DAGs
[2026-03-21T19:54:36.754+0000] {logging_mixin.py:188} INFO - [2026-03-21T19:54:36.754+0000] {dag.py:3954} INFO - Setting next_dagrun for dag_teste to None, run_after=None
[2026-03-21T19:54:36.786+0000] {processor.py:183} INFO - Processing /opt/airflow/dags/extract_data.py took 0.121 seconds
[2026-03-21T19:55:06.969+0000] {processor.py:161} INFO - Started process (PID=115) to work on /opt/airflow/dags/extract_data.py
[2026-03-21T19:55:06.971+0000] {processor.py:830} INFO - Processing file /opt/airflow/dags/extract_data.py for tasks to queue
[2026-03-21T19:55:06.974+0000] {logging_mixin.py:188} INFO - [2026-03-21T19:55:06.973+0000] {dagbag.py:545} INFO - Filling up the DagBag from /opt/airflow/dags/extract_data.py
[2026-03-21T19:55:06.987+0000] {processor.py:840} INFO - DAG(s) 'dag_teste' retrieved from /opt/airflow/dags/extract_data.py
[2026-03-21T19:55:07.029+0000] {logging_mixin.py:188} INFO - [2026-03-21T19:55:07.029+0000] {dag.py:3096} INFO - Sync 1 DAGs
[2026-03-21T19:55:07.049+0000] {logging_mixin.py:188} INFO - [2026-03-21T19:55:07.048+0000] {dag.py:3954} INFO - Setting next_dagrun for dag_teste to None, run_after=None
[2026-03-21T19:55:07.077+0000] {processor.py:183} INFO - Processing /opt/airflow/dags/extract_data.py took 0.116 seconds
[2026-03-21T19:55:37.332+0000] {processor.py:161} INFO - Started process (PID=126) to work on /opt/airflow/dags/extract_data.py
[2026-03-21T19:55:37.365+0000] {processor.py:830} INFO - Processing file /opt/airflow/dags/extract_data.py for tasks to queue
[2026-03-21T19:55:37.369+0000] {logging_mixin.py:188} INFO - [2026-03-21T19:55:37.368+0000] {dagbag.py:545} INFO - Filling up the DagBag from /opt/airflow/dags/extract_data.py
[2026-03-21T19:55:37.390+0000] {processor.py:840} INFO - DAG(s) 'dag_teste' retrieved from /opt/airflow/dags/extract_data.py
[2026-03-21T19:55:37.437+0000] {logging_mixin.py:188} INFO - [2026-03-21T19:55:37.436+0000] {dag.py:3096} INFO - Sync 1 DAGs
[2026-03-21T19:55:37.455+0000] {logging_mixin.py:188} INFO - [2026-03-21T19:55:37.455+0000] {dag.py:3954} INFO - Setting next_dagrun for dag_teste to None, run_after=None
[2026-03-21T19:55:37.495+0000] {processor.py:183} INFO - Processing /opt/airflow/dags/extract_data.py took 0.171 seconds
[2026-03-21T19:56:08.285+0000] {processor.py:161} INFO - Started process (PID=137) to work on /opt/airflow/dags/extract_data.py
[2026-03-21T19:56:08.291+0000] {processor.py:830} INFO - Processing file /opt/airflow/dags/extract_data.py for tasks to queue
[2026-03-21T19:56:08.309+0000] {logging_mixin.py:188} INFO - [2026-03-21T19:56:08.308+0000] {dagbag.py:545} INFO - Filling up the DagBag from /opt/airflow/dags/extract_data.py
[2026-03-21T19:56:08.445+0000] {processor.py:840} INFO - DAG(s) 'dag_teste' retrieved from /opt/airflow/dags/extract_data.py
[2026-03-21T19:56:08.769+0000] {logging_mixin.py:188} INFO - [2026-03-21T19:56:08.768+0000] {dag.py:3096} INFO - Sync 1 DAGs
[2026-03-21T19:56:08.874+0000] {logging_mixin.py:188} INFO - [2026-03-21T19:56:08.873+0000] {dag.py:3954} INFO - Setting next_dagrun for dag_teste to None, run_after=None
[2026-03-21T19:56:09.026+0000] {processor.py:183} INFO - Processing /opt/airflow/dags/extract_data.py took 0.784 seconds
[2026-03-21T19:56:39.539+0000] {processor.py:161} INFO - Started process (PID=148) to work on /opt/airflow/dags/extract_data.py
[2026-03-21T19:56:39.543+0000] {processor.py:830} INFO - Processing file /opt/airflow/dags/extract_data.py for tasks to queue
[2026-03-21T19:56:39.558+0000] {logging_mixin.py:188} INFO - [2026-03-21T19:56:39.554+0000] {dagbag.py:545} INFO - Filling up the DagBag from /opt/airflow/dags/extract_data.py
[2026-03-21T19:56:39.627+0000] {processor.py:840} INFO - DAG(s) 'dag_teste' retrieved from /opt/airflow/dags/extract_data.py
[2026-03-21T19:56:39.742+0000] {logging_mixin.py:188} INFO - [2026-03-21T19:56:39.741+0000] {dag.py:3096} INFO - Sync 1 DAGs
[2026-03-21T19:56:39.787+0000] {logging_mixin.py:188} INFO - [2026-03-21T19:56:39.787+0000] {dag.py:3954} INFO - Setting next_dagrun for dag_teste to None, run_after=None
[2026-03-21T19:56:39.838+0000] {processor.py:183} INFO - Processing /opt/airflow/dags/extract_data.py took 0.339 seconds
[2026-03-21T19:57:10.164+0000] {processor.py:161} INFO - Started process (PID=160) to work on /opt/airflow/dags/extract_data.py
[2026-03-21T19:57:10.167+0000] {processor.py:830} INFO - Processing file /opt/airflow/dags/extract_data.py for tasks to queue
[2026-03-21T19:57:10.169+0000] {logging_mixin.py:188} INFO - [2026-03-21T19:57:10.169+0000] {dagbag.py:545} INFO - Filling up the DagBag from /opt/airflow/dags/extract_data.py
[2026-03-21T19:57:10.185+0000] {processor.py:840} INFO - DAG(s) 'dag_teste' retrieved from /opt/airflow/dags/extract_data.py
[2026-03-21T19:57:10.307+0000] {logging_mixin.py:188} INFO - [2026-03-21T19:57:10.307+0000] {dag.py:3096} INFO - Sync 1 DAGs
[2026-03-21T19:57:10.339+0000] {logging_mixin.py:188} INFO - [2026-03-21T19:57:10.338+0000] {dag.py:3954} INFO - Setting next_dagrun for dag_teste to None, run_after=None
[2026-03-21T19:57:10.372+0000] {processor.py:183} INFO - Processing /opt/airflow/dags/extract_data.py took 0.217 seconds
[2026-03-21T19:57:40.469+0000] {processor.py:161} INFO - Started process (PID=172) to work on /opt/airflow/dags/extract_data.py
[2026-03-21T19:57:40.474+0000] {processor.py:830} INFO - Processing file /opt/airflow/dags/extract_data.py for tasks to queue
[2026-03-21T19:57:40.482+0000] {logging_mixin.py:188} INFO - [2026-03-21T19:57:40.480+0000] {dagbag.py:545} INFO - Filling up the DagBag from /opt/airflow/dags/extract_data.py
[2026-03-21T19:57:40.503+0000] {processor.py:840} INFO - DAG(s) 'dag_teste' retrieved from /opt/airflow/dags/extract_data.py
[2026-03-21T19:57:40.576+0000] {logging_mixin.py:188} INFO - [2026-03-21T19:57:40.576+0000] {dag.py:3096} INFO - Sync 1 DAGs
[2026-03-21T19:57:40.596+0000] {logging_mixin.py:188} INFO - [2026-03-21T19:57:40.595+0000] {dag.py:3954} INFO - Setting next_dagrun for dag_teste to None, run_after=None
[2026-03-21T19:57:40.625+0000] {processor.py:183} INFO - Processing /opt/airflow/dags/extract_data.py took 0.189 seconds
[2026-03-21T19:58:10.992+0000] {processor.py:161} INFO - Started process (PID=183) to work on /opt/airflow/dags/extract_data.py
[2026-03-21T19:58:10.994+0000] {processor.py:830} INFO - Processing file /opt/airflow/dags/extract_data.py for tasks to queue
[2026-03-21T19:58:10.996+0000] {logging_mixin.py:188} INFO - [2026-03-21T19:58:10.995+0000] {dagbag.py:545} INFO - Filling up the DagBag from /opt/airflow/dags/extract_data.py
[2026-03-21T19:58:11.009+0000] {processor.py:840} INFO - DAG(s) 'dag_teste' retrieved from /opt/airflow/dags/extract_data.py
[2026-03-21T19:58:11.048+0000] {logging_mixin.py:188} INFO - [2026-03-21T19:58:11.047+0000] {dag.py:3096} INFO - Sync 1 DAGs
[2026-03-21T19:58:11.064+0000] {logging_mixin.py:188} INFO - [2026-03-21T19:58:11.064+0000] {dag.py:3954} INFO - Setting next_dagrun for dag_teste to None, run_after=None
[2026-03-21T19:58:11.088+0000] {processor.py:183} INFO - Processing /opt/airflow/dags/extract_data.py took 0.102 seconds
[2026-03-21T19:58:41.263+0000] {processor.py:161} INFO - Started process (PID=194) to work on /opt/airflow/dags/extract_data.py
[2026-03-21T19:58:41.275+0000] {processor.py:830} INFO - Processing file /opt/airflow/dags/extract_data.py for tasks to queue
[2026-03-21T19:58:41.278+0000] {logging_mixin.py:188} INFO - [2026-03-21T19:58:41.277+0000] {dagbag.py:545} INFO - Filling up the DagBag from /opt/airflow/dags/extract_data.py
[2026-03-21T19:58:41.293+0000] {processor.py:840} INFO - DAG(s) 'dag_teste' retrieved from /opt/airflow/dags/extract_data.py
[2026-03-21T19:58:41.356+0000] {logging_mixin.py:188} INFO - [2026-03-21T19:58:41.353+0000] {dag.py:3096} INFO - Sync 1 DAGs
[2026-03-21T19:58:41.374+0000] {logging_mixin.py:188} INFO - [2026-03-21T19:58:41.374+0000] {dag.py:3954} INFO - Setting next_dagrun for dag_teste to None, run_after=None
[2026-03-21T19:58:41.407+0000] {processor.py:183} INFO - Processing /opt/airflow/dags/extract_data.py took 0.157 seconds
[2026-03-21T19:59:11.635+0000] {processor.py:161} INFO - Started process (PID=205) to work on /opt/airflow/dags/extract_data.py
[2026-03-21T19:59:11.637+0000] {processor.py:830} INFO - Processing file /opt/airflow/dags/extract_data.py for tasks to queue
[2026-03-21T19:59:11.641+0000] {logging_mixin.py:188} INFO - [2026-03-21T19:59:11.641+0000] {dagbag.py:545} INFO - Filling up the DagBag from /opt/airflow/dags/extract_data.py
[2026-03-21T19:59:11.654+0000] {processor.py:840} INFO - DAG(s) 'dag_teste' retrieved from /opt/airflow/dags/extract_data.py
[2026-03-21T19:59:11.700+0000] {logging_mixin.py:188} INFO - [2026-03-21T19:59:11.700+0000] {dag.py:3096} INFO - Sync 1 DAGs
[2026-03-21T19:59:11.718+0000] {logging_mixin.py:188} INFO - [2026-03-21T19:59:11.718+0000] {dag.py:3954} INFO - Setting next_dagrun for dag_teste to None, run_after=None
[2026-03-21T19:59:11.758+0000] {processor.py:183} INFO - Processing /opt/airflow/dags/extract_data.py took 0.130 seconds
[2026-03-21T19:59:42.009+0000] {processor.py:161} INFO - Started process (PID=222) to work on /opt/airflow/dags/extract_data.py
[2026-03-21T19:59:42.013+0000] {processor.py:830} INFO - Processing file /opt/airflow/dags/extract_data.py for tasks to queue
[2026-03-21T19:59:42.016+0000] {logging_mixin.py:188} INFO - [2026-03-21T19:59:42.015+0000] {dagbag.py:545} INFO - Filling up the DagBag from /opt/airflow/dags/extract_data.py
[2026-03-21T19:59:42.029+0000] {processor.py:840} INFO - DAG(s) 'dag_teste' retrieved from /opt/airflow/dags/extract_data.py
[2026-03-21T19:59:42.070+0000] {logging_mixin.py:188} INFO - [2026-03-21T19:59:42.069+0000] {dag.py:3096} INFO - Sync 1 DAGs
[2026-03-21T19:59:42.086+0000] {logging_mixin.py:188} INFO - [2026-03-21T19:59:42.086+0000] {dag.py:3954} INFO - Setting next_dagrun for dag_teste to None, run_after=None
[2026-03-21T19:59:42.112+0000] {processor.py:183} INFO - Processing /opt/airflow/dags/extract_data.py took 0.112 seconds
[2026-03-21T20:00:12.340+0000] {processor.py:161} INFO - Started process (PID=233) to work on /opt/airflow/dags/extract_data.py
[2026-03-21T20:00:12.341+0000] {processor.py:830} INFO - Processing file /opt/airflow/dags/extract_data.py for tasks to queue
[2026-03-21T20:00:12.343+0000] {logging_mixin.py:188} INFO - [2026-03-21T20:00:12.343+0000] {dagbag.py:545} INFO - Filling up the DagBag from /opt/airflow/dags/extract_data.py
[2026-03-21T20:00:12.357+0000] {processor.py:840} INFO - DAG(s) 'dag_teste' retrieved from /opt/airflow/dags/extract_data.py
[2026-03-21T20:00:12.398+0000] {logging_mixin.py:188} INFO - [2026-03-21T20:00:12.398+0000] {dag.py:3096} INFO - Sync 1 DAGs
[2026-03-21T20:00:12.413+0000] {logging_mixin.py:188} INFO - [2026-03-21T20:00:12.413+0000] {dag.py:3954} INFO - Setting next_dagrun for dag_teste to None, run_after=None
[2026-03-21T20:00:12.439+0000] {processor.py:183} INFO - Processing /opt/airflow/dags/extract_data.py took 0.107 seconds
[2026-03-21T20:00:42.689+0000] {processor.py:161} INFO - Started process (PID=244) to work on /opt/airflow/dags/extract_data.py
[2026-03-21T20:00:42.691+0000] {processor.py:830} INFO - Processing file /opt/airflow/dags/extract_data.py for tasks to queue
[2026-03-21T20:00:42.695+0000] {logging_mixin.py:188} INFO - [2026-03-21T20:00:42.695+0000] {dagbag.py:545} INFO - Filling up the DagBag from /opt/airflow/dags/extract_data.py
[2026-03-21T20:00:42.716+0000] {processor.py:840} INFO - DAG(s) 'dag_teste' retrieved from /opt/airflow/dags/extract_data.py
[2026-03-21T20:00:42.774+0000] {logging_mixin.py:188} INFO - [2026-03-21T20:00:42.774+0000] {dag.py:3096} INFO - Sync 1 DAGs
[2026-03-21T20:00:42.798+0000] {logging_mixin.py:188} INFO - [2026-03-21T20:00:42.797+0000] {dag.py:3954} INFO - Setting next_dagrun for dag_teste to None, run_after=None
[2026-03-21T20:00:42.829+0000] {processor.py:183} INFO - Processing /opt/airflow/dags/extract_data.py took 0.149 seconds
[2026-03-21T20:01:13.006+0000] {processor.py:161} INFO - Started process (PID=255) to work on /opt/airflow/dags/extract_data.py
[2026-03-21T20:01:13.008+0000] {processor.py:830} INFO - Processing file /opt/airflow/dags/extract_data.py for tasks to queue
[2026-03-21T20:01:13.011+0000] {logging_mixin.py:188} INFO - [2026-03-21T20:01:13.011+0000] {dagbag.py:545} INFO - Filling up the DagBag from /opt/airflow/dags/extract_data.py
[2026-03-21T20:01:13.025+0000] {processor.py:840} INFO - DAG(s) 'dag_teste' retrieved from /opt/airflow/dags/extract_data.py
[2026-03-21T20:01:13.064+0000] {logging_mixin.py:188} INFO - [2026-03-21T20:01:13.064+0000] {dag.py:3096} INFO - Sync 1 DAGs
[2026-03-21T20:01:13.078+0000] {logging_mixin.py:188} INFO - [2026-03-21T20:01:13.078+0000] {dag.py:3954} INFO - Setting next_dagrun for dag_teste to None, run_after=None
[2026-03-21T20:01:13.103+0000] {processor.py:183} INFO - Processing /opt/airflow/dags/extract_data.py took 0.104 seconds
[2026-03-21T20:01:43.546+0000] {processor.py:161} INFO - Started process (PID=266) to work on /opt/airflow/dags/extract_data.py
[2026-03-21T20:01:43.552+0000] {processor.py:830} INFO - Processing file /opt/airflow/dags/extract_data.py for tasks to queue
[2026-03-21T20:01:43.564+0000] {logging_mixin.py:188} INFO - [2026-03-21T20:01:43.562+0000] {dagbag.py:545} INFO - Filling up the DagBag from /opt/airflow/dags/extract_data.py
[2026-03-21T20:01:43.616+0000] {processor.py:840} INFO - DAG(s) 'dag_teste' retrieved from /opt/airflow/dags/extract_data.py
[2026-03-21T20:01:43.740+0000] {logging_mixin.py:188} INFO - [2026-03-21T20:01:43.740+0000] {dag.py:3096} INFO - Sync 1 DAGs
[2026-03-21T20:01:43.906+0000] {logging_mixin.py:188} INFO - [2026-03-21T20:01:43.905+0000] {dag.py:3954} INFO - Setting next_dagrun for dag_teste to None, run_after=None
[2026-03-21T20:01:43.957+0000] {processor.py:183} INFO - Processing /opt/airflow/dags/extract_data.py took 0.352 seconds
[2026-03-21T20:02:14.532+0000] {processor.py:161} INFO - Started process (PID=276) to work on /opt/airflow/dags/extract_data.py
[2026-03-21T20:02:14.581+0000] {processor.py:830} INFO - Processing file /opt/airflow/dags/extract_data.py for tasks to queue
[2026-03-21T20:02:14.634+0000] {logging_mixin.py:188} INFO - [2026-03-21T20:02:14.621+0000] {dagbag.py:545} INFO - Filling up the DagBag from /opt/airflow/dags/extract_data.py
[2026-03-21T20:02:14.812+0000] {processor.py:840} INFO - DAG(s) 'dag_teste' retrieved from /opt/airflow/dags/extract_data.py
[2026-03-21T20:02:15.295+0000] {logging_mixin.py:188} INFO - [2026-03-21T20:02:15.294+0000] {dag.py:3096} INFO - Sync 1 DAGs
[2026-03-21T20:02:15.722+0000] {logging_mixin.py:188} INFO - [2026-03-21T20:02:15.720+0000] {dag.py:3954} INFO - Setting next_dagrun for dag_teste to None, run_after=None
[2026-03-21T20:02:16.042+0000] {processor.py:183} INFO - Processing /opt/airflow/dags/extract_data.py took 1.603 seconds
[2026-03-21T20:02:46.742+0000] {processor.py:161} INFO - Started process (PID=286) to work on /opt/airflow/dags/extract_data.py
[2026-03-21T20:02:46.744+0000] {processor.py:830} INFO - Processing file /opt/airflow/dags/extract_data.py for tasks to queue
[2026-03-21T20:02:46.747+0000] {logging_mixin.py:188} INFO - [2026-03-21T20:02:46.746+0000] {dagbag.py:545} INFO - Filling up the DagBag from /opt/airflow/dags/extract_data.py
[2026-03-21T20:02:46.769+0000] {processor.py:840} INFO - DAG(s) 'dag_teste' retrieved from /opt/airflow/dags/extract_data.py
[2026-03-21T20:02:46.843+0000] {logging_mixin.py:188} INFO - [2026-03-21T20:02:46.842+0000] {dag.py:3096} INFO - Sync 1 DAGs
[2026-03-21T20:02:46.903+0000] {logging_mixin.py:188} INFO - [2026-03-21T20:02:46.903+0000] {dag.py:3954} INFO - Setting next_dagrun for dag_teste to None, run_after=None
[2026-03-21T20:02:46.953+0000] {processor.py:183} INFO - Processing /opt/airflow/dags/extract_data.py took 0.230 seconds
[2026-03-21T20:03:17.018+0000] {processor.py:161} INFO - Started process (PID=298) to work on /opt/airflow/dags/extract_data.py
[2026-03-21T20:03:17.020+0000] {processor.py:830} INFO - Processing file /opt/airflow/dags/extract_data.py for tasks to queue
[2026-03-21T20:03:17.025+0000] {logging_mixin.py:188} INFO - [2026-03-21T20:03:17.024+0000] {dagbag.py:545} INFO - Filling up the DagBag from /opt/airflow/dags/extract_data.py
[2026-03-21T20:03:17.077+0000] {processor.py:840} INFO - DAG(s) 'dag_teste' retrieved from /opt/airflow/dags/extract_data.py
[2026-03-21T20:03:17.149+0000] {logging_mixin.py:188} INFO - [2026-03-21T20:03:17.148+0000] {dag.py:3096} INFO - Sync 1 DAGs
[2026-03-21T20:03:17.193+0000] {logging_mixin.py:188} INFO - [2026-03-21T20:03:17.193+0000] {dag.py:3954} INFO - Setting next_dagrun for dag_teste to None, run_after=None
[2026-03-21T20:03:17.239+0000] {processor.py:183} INFO - Processing /opt/airflow/dags/extract_data.py took 0.230 seconds
[2026-03-21T21:00:48.045+0000] {processor.py:161} INFO - Started process (PID=160) to work on /opt/airflow/dags/extract_data.py
[2026-03-21T21:00:48.049+0000] {processor.py:830} INFO - Processing file /opt/airflow/dags/extract_data.py for tasks to queue
[2026-03-21T21:00:48.051+0000] {logging_mixin.py:188} INFO - [2026-03-21T21:00:48.050+0000] {dagbag.py:545} INFO - Filling up the DagBag from /opt/airflow/dags/extract_data.py
[2026-03-21T21:00:48.084+0000] {processor.py:840} INFO - DAG(s) 'dag_teste' retrieved from /opt/airflow/dags/extract_data.py
[2026-03-21T21:00:48.648+0000] {logging_mixin.py:188} INFO - [2026-03-21T21:00:48.647+0000] {override.py:1829} INFO - Created Permission View: can delete on DAG:dag_teste
[2026-03-21T21:00:48.661+0000] {logging_mixin.py:188} INFO - [2026-03-21T21:00:48.661+0000] {override.py:1829} INFO - Created Permission View: can read on DAG:dag_teste
[2026-03-21T21:00:48.674+0000] {logging_mixin.py:188} INFO - [2026-03-21T21:00:48.673+0000] {override.py:1829} INFO - Created Permission View: can edit on DAG:dag_teste
[2026-03-21T21:00:48.675+0000] {logging_mixin.py:188} INFO - [2026-03-21T21:00:48.674+0000] {dag.py:3096} INFO - Sync 1 DAGs
[2026-03-21T21:00:48.703+0000] {logging_mixin.py:188} INFO - [2026-03-21T21:00:48.703+0000] {dag.py:3118} INFO - Creating ORM DAG for dag_teste
[2026-03-21T21:00:48.705+0000] {logging_mixin.py:188} INFO - [2026-03-21T21:00:48.705+0000] {dag.py:3954} INFO - Setting next_dagrun for dag_teste to None, run_after=None
[2026-03-21T21:00:48.730+0000] {processor.py:183} INFO - Processing /opt/airflow/dags/extract_data.py took 0.693 seconds
[2026-03-21T21:01:19.081+0000] {processor.py:161} INFO - Started process (PID=166) to work on /opt/airflow/dags/extract_data.py
[2026-03-21T21:01:19.082+0000] {processor.py:830} INFO - Processing file /opt/airflow/dags/extract_data.py for tasks to queue
[2026-03-21T21:01:19.086+0000] {logging_mixin.py:188} INFO - [2026-03-21T21:01:19.085+0000] {dagbag.py:545} INFO - Filling up the DagBag from /opt/airflow/dags/extract_data.py
[2026-03-21T21:01:19.102+0000] {processor.py:840} INFO - DAG(s) 'dag_teste' retrieved from /opt/airflow/dags/extract_data.py
[2026-03-21T21:01:19.192+0000] {logging_mixin.py:188} INFO - [2026-03-21T21:01:19.192+0000] {dag.py:3096} INFO - Sync 1 DAGs
[2026-03-21T21:01:19.233+0000] {logging_mixin.py:188} INFO - [2026-03-21T21:01:19.233+0000] {dag.py:3954} INFO - Setting next_dagrun for dag_teste to None, run_after=None
[2026-03-21T21:01:19.272+0000] {processor.py:183} INFO - Processing /opt/airflow/dags/extract_data.py took 0.217 seconds
[2026-03-21T21:01:49.387+0000] {processor.py:161} INFO - Started process (PID=171) to work on /opt/airflow/dags/extract_data.py
[2026-03-21T21:01:49.393+0000] {processor.py:830} INFO - Processing file /opt/airflow/dags/extract_data.py for tasks to queue
[2026-03-21T21:01:49.398+0000] {logging_mixin.py:188} INFO - [2026-03-21T21:01:49.396+0000] {dagbag.py:545} INFO - Filling up the DagBag from /opt/airflow/dags/extract_data.py
[2026-03-21T21:01:49.439+0000] {processor.py:840} INFO - DAG(s) 'dag_teste' retrieved from /opt/airflow/dags/extract_data.py
[2026-03-21T21:01:49.551+0000] {logging_mixin.py:188} INFO - [2026-03-21T21:01:49.551+0000] {dag.py:3096} INFO - Sync 1 DAGs
[2026-03-21T21:01:49.573+0000] {logging_mixin.py:188} INFO - [2026-03-21T21:01:49.572+0000] {dag.py:3954} INFO - Setting next_dagrun for dag_teste to None, run_after=None
[2026-03-21T21:01:49.618+0000] {processor.py:183} INFO - Processing /opt/airflow/dags/extract_data.py took 0.244 seconds
[2026-03-21T21:02:19.874+0000] {processor.py:161} INFO - Started process (PID=176) to work on /opt/airflow/dags/extract_data.py
[2026-03-21T21:02:19.876+0000] {processor.py:830} INFO - Processing file /opt/airflow/dags/extract_data.py for tasks to queue
[2026-03-21T21:02:19.879+0000] {logging_mixin.py:188} INFO - [2026-03-21T21:02:19.878+0000] {dagbag.py:545} INFO - Filling up the DagBag from /opt/airflow/dags/extract_data.py
[2026-03-21T21:02:19.895+0000] {processor.py:840} INFO - DAG(s) 'dag_teste' retrieved from /opt/airflow/dags/extract_data.py
[2026-03-21T21:02:19.966+0000] {logging_mixin.py:188} INFO - [2026-03-21T21:02:19.965+0000] {dag.py:3096} INFO - Sync 1 DAGs
[2026-03-21T21:02:20.018+0000] {logging_mixin.py:188} INFO - [2026-03-21T21:02:20.017+0000] {dag.py:3954} INFO - Setting next_dagrun for dag_teste to None, run_after=None
[2026-03-21T21:02:20.065+0000] {processor.py:183} INFO - Processing /opt/airflow/dags/extract_data.py took 0.199 seconds
[2026-03-21T21:02:50.279+0000] {processor.py:161} INFO - Started process (PID=181) to work on /opt/airflow/dags/extract_data.py
[2026-03-21T21:02:50.281+0000] {processor.py:830} INFO - Processing file /opt/airflow/dags/extract_data.py for tasks to queue
[2026-03-21T21:02:50.284+0000] {logging_mixin.py:188} INFO - [2026-03-21T21:02:50.284+0000] {dagbag.py:545} INFO - Filling up the DagBag from /opt/airflow/dags/extract_data.py
[2026-03-21T21:02:50.300+0000] {processor.py:840} INFO - DAG(s) 'dag_teste' retrieved from /opt/airflow/dags/extract_data.py
[2026-03-21T21:02:50.348+0000] {logging_mixin.py:188} INFO - [2026-03-21T21:02:50.348+0000] {dag.py:3096} INFO - Sync 1 DAGs
[2026-03-21T21:02:50.366+0000] {logging_mixin.py:188} INFO - [2026-03-21T21:02:50.366+0000] {dag.py:3954} INFO - Setting next_dagrun for dag_teste to None, run_after=None
[2026-03-21T21:02:50.397+0000] {processor.py:183} INFO - Processing /opt/airflow/dags/extract_data.py took 0.126 seconds
[2026-03-21T21:03:20.728+0000] {processor.py:161} INFO - Started process (PID=186) to work on /opt/airflow/dags/extract_data.py
[2026-03-21T21:03:20.746+0000] {processor.py:830} INFO - Processing file /opt/airflow/dags/extract_data.py for tasks to queue
[2026-03-21T21:03:20.750+0000] {logging_mixin.py:188} INFO - [2026-03-21T21:03:20.749+0000] {dagbag.py:545} INFO - Filling up the DagBag from /opt/airflow/dags/extract_data.py
[2026-03-21T21:03:20.762+0000] {processor.py:840} INFO - DAG(s) 'dag_teste' retrieved from /opt/airflow/dags/extract_data.py
[2026-03-21T21:03:20.805+0000] {logging_mixin.py:188} INFO - [2026-03-21T21:03:20.805+0000] {dag.py:3096} INFO - Sync 1 DAGs
[2026-03-21T21:03:20.823+0000] {logging_mixin.py:188} INFO - [2026-03-21T21:03:20.822+0000] {dag.py:3954} INFO - Setting next_dagrun for dag_teste to None, run_after=None
[2026-03-21T21:03:20.848+0000] {processor.py:183} INFO - Processing /opt/airflow/dags/extract_data.py took 0.129 seconds
[2026-03-21T21:03:51.070+0000] {processor.py:161} INFO - Started process (PID=191) to work on /opt/airflow/dags/extract_data.py
[2026-03-21T21:03:51.072+0000] {processor.py:830} INFO - Processing file /opt/airflow/dags/extract_data.py for tasks to queue
[2026-03-21T21:03:51.075+0000] {logging_mixin.py:188} INFO - [2026-03-21T21:03:51.074+0000] {dagbag.py:545} INFO - Filling up the DagBag from /opt/airflow/dags/extract_data.py
[2026-03-21T21:03:51.086+0000] {processor.py:840} INFO - DAG(s) 'dag_teste' retrieved from /opt/airflow/dags/extract_data.py
[2026-03-21T21:03:51.131+0000] {logging_mixin.py:188} INFO - [2026-03-21T21:03:51.131+0000] {dag.py:3096} INFO - Sync 1 DAGs
[2026-03-21T21:03:51.149+0000] {logging_mixin.py:188} INFO - [2026-03-21T21:03:51.149+0000] {dag.py:3954} INFO - Setting next_dagrun for dag_teste to None, run_after=None
[2026-03-21T21:03:51.179+0000] {processor.py:183} INFO - Processing /opt/airflow/dags/extract_data.py took 0.116 seconds
[2026-03-21T21:04:21.454+0000] {processor.py:161} INFO - Started process (PID=196) to work on /opt/airflow/dags/extract_data.py
[2026-03-21T21:04:21.455+0000] {processor.py:830} INFO - Processing file /opt/airflow/dags/extract_data.py for tasks to queue
[2026-03-21T21:04:21.461+0000] {logging_mixin.py:188} INFO - [2026-03-21T21:04:21.461+0000] {dagbag.py:545} INFO - Filling up the DagBag from /opt/airflow/dags/extract_data.py
[2026-03-21T21:04:21.504+0000] {processor.py:840} INFO - DAG(s) 'dag_teste' retrieved from /opt/airflow/dags/extract_data.py
[2026-03-21T21:04:21.548+0000] {logging_mixin.py:188} INFO - [2026-03-21T21:04:21.548+0000] {dag.py:3096} INFO - Sync 1 DAGs
[2026-03-21T21:04:21.589+0000] {logging_mixin.py:188} INFO - [2026-03-21T21:04:21.588+0000] {dag.py:3954} INFO - Setting next_dagrun for dag_teste to None, run_after=None
[2026-03-21T21:04:21.618+0000] {processor.py:183} INFO - Processing /opt/airflow/dags/extract_data.py took 0.171 seconds
[2026-03-21T21:04:51.840+0000] {processor.py:161} INFO - Started process (PID=201) to work on /opt/airflow/dags/extract_data.py
[2026-03-21T21:04:51.841+0000] {processor.py:830} INFO - Processing file /opt/airflow/dags/extract_data.py for tasks to queue
[2026-03-21T21:04:51.845+0000] {logging_mixin.py:188} INFO - [2026-03-21T21:04:51.845+0000] {dagbag.py:545} INFO - Filling up the DagBag from /opt/airflow/dags/extract_data.py
[2026-03-21T21:04:51.857+0000] {processor.py:840} INFO - DAG(s) 'dag_teste' retrieved from /opt/airflow/dags/extract_data.py
[2026-03-21T21:04:51.899+0000] {logging_mixin.py:188} INFO - [2026-03-21T21:04:51.898+0000] {dag.py:3096} INFO - Sync 1 DAGs
[2026-03-21T21:04:51.916+0000] {logging_mixin.py:188} INFO - [2026-03-21T21:04:51.915+0000] {dag.py:3954} INFO - Setting next_dagrun for dag_teste to None, run_after=None
[2026-03-21T21:04:51.941+0000] {processor.py:183} INFO - Processing /opt/airflow/dags/extract_data.py took 0.110 seconds
[2026-03-21T21:05:22.134+0000] {processor.py:161} INFO - Started process (PID=206) to work on /opt/airflow/dags/extract_data.py
[2026-03-21T21:05:22.135+0000] {processor.py:830} INFO - Processing file /opt/airflow/dags/extract_data.py for tasks to queue
[2026-03-21T21:05:22.138+0000] {logging_mixin.py:188} INFO - [2026-03-21T21:05:22.138+0000] {dagbag.py:545} INFO - Filling up the DagBag from /opt/airflow/dags/extract_data.py
[2026-03-21T21:05:22.151+0000] {processor.py:840} INFO - DAG(s) 'dag_teste' retrieved from /opt/airflow/dags/extract_data.py
[2026-03-21T21:05:22.206+0000] {logging_mixin.py:188} INFO - [2026-03-21T21:05:22.206+0000] {dag.py:3096} INFO - Sync 1 DAGs
[2026-03-21T21:05:22.242+0000] {logging_mixin.py:188} INFO - [2026-03-21T21:05:22.241+0000] {dag.py:3954} INFO - Setting next_dagrun for dag_teste to None, run_after=None
[2026-03-21T21:05:22.286+0000] {processor.py:183} INFO - Processing /opt/airflow/dags/extract_data.py took 0.159 seconds
[2026-03-21T21:05:52.565+0000] {processor.py:161} INFO - Started process (PID=220) to work on /opt/airflow/dags/extract_data.py
[2026-03-21T21:05:52.567+0000] {processor.py:830} INFO - Processing file /opt/airflow/dags/extract_data.py for tasks to queue
[2026-03-21T21:05:52.569+0000] {logging_mixin.py:188} INFO - [2026-03-21T21:05:52.569+0000] {dagbag.py:545} INFO - Filling up the DagBag from /opt/airflow/dags/extract_data.py
[2026-03-21T21:05:52.588+0000] {processor.py:840} INFO - DAG(s) 'dag_teste' retrieved from /opt/airflow/dags/extract_data.py
[2026-03-21T21:05:52.624+0000] {logging_mixin.py:188} INFO - [2026-03-21T21:05:52.623+0000] {dag.py:3096} INFO - Sync 1 DAGs
[2026-03-21T21:05:52.638+0000] {logging_mixin.py:188} INFO - [2026-03-21T21:05:52.638+0000] {dag.py:3954} INFO - Setting next_dagrun for dag_teste to None, run_after=None
[2026-03-21T21:05:52.662+0000] {processor.py:183} INFO - Processing /opt/airflow/dags/extract_data.py took 0.105 seconds
[2026-03-21T21:06:22.915+0000] {processor.py:161} INFO - Started process (PID=225) to work on /opt/airflow/dags/extract_data.py
[2026-03-21T21:06:22.916+0000] {processor.py:830} INFO - Processing file /opt/airflow/dags/extract_data.py for tasks to queue
[2026-03-21T21:06:22.918+0000] {logging_mixin.py:188} INFO - [2026-03-21T21:06:22.918+0000] {dagbag.py:545} INFO - Filling up the DagBag from /opt/airflow/dags/extract_data.py
[2026-03-21T21:06:22.930+0000] {processor.py:840} INFO - DAG(s) 'dag_teste' retrieved from /opt/airflow/dags/extract_data.py
[2026-03-21T21:06:22.971+0000] {logging_mixin.py:188} INFO - [2026-03-21T21:06:22.971+0000] {dag.py:3096} INFO - Sync 1 DAGs
[2026-03-21T21:06:22.987+0000] {logging_mixin.py:188} INFO - [2026-03-21T21:06:22.987+0000] {dag.py:3954} INFO - Setting next_dagrun for dag_teste to None, run_after=None
[2026-03-21T21:06:23.012+0000] {processor.py:183} INFO - Processing /opt/airflow/dags/extract_data.py took 0.109 seconds
[2026-03-21T21:06:53.276+0000] {processor.py:161} INFO - Started process (PID=230) to work on /opt/airflow/dags/extract_data.py
[2026-03-21T21:06:53.278+0000] {processor.py:830} INFO - Processing file /opt/airflow/dags/extract_data.py for tasks to queue
[2026-03-21T21:06:53.280+0000] {logging_mixin.py:188} INFO - [2026-03-21T21:06:53.280+0000] {dagbag.py:545} INFO - Filling up the DagBag from /opt/airflow/dags/extract_data.py
[2026-03-21T21:06:53.292+0000] {processor.py:840} INFO - DAG(s) 'dag_teste' retrieved from /opt/airflow/dags/extract_data.py
[2026-03-21T21:06:53.331+0000] {logging_mixin.py:188} INFO - [2026-03-21T21:06:53.330+0000] {dag.py:3096} INFO - Sync 1 DAGs
[2026-03-21T21:06:53.346+0000] {logging_mixin.py:188} INFO - [2026-03-21T21:06:53.345+0000] {dag.py:3954} INFO - Setting next_dagrun for dag_teste to None, run_after=None
[2026-03-21T21:06:53.372+0000] {processor.py:183} INFO - Processing /opt/airflow/dags/extract_data.py took 0.105 seconds
[2026-03-21T21:07:24.162+0000] {processor.py:161} INFO - Started process (PID=242) to work on /opt/airflow/dags/extract_data.py
[2026-03-21T21:07:24.189+0000] {processor.py:830} INFO - Processing file /opt/airflow/dags/extract_data.py for tasks to queue
[2026-03-21T21:07:24.227+0000] {logging_mixin.py:188} INFO - [2026-03-21T21:07:24.225+0000] {dagbag.py:545} INFO - Filling up the DagBag from /opt/airflow/dags/extract_data.py
[2026-03-21T21:07:24.469+0000] {processor.py:840} INFO - DAG(s) 'dag_teste' retrieved from /opt/airflow/dags/extract_data.py
[2026-03-21T21:07:24.937+0000] {logging_mixin.py:188} INFO - [2026-03-21T21:07:24.936+0000] {dag.py:3096} INFO - Sync 1 DAGs
[2026-03-21T21:07:25.113+0000] {logging_mixin.py:188} INFO - [2026-03-21T21:07:25.112+0000] {dag.py:3954} INFO - Setting next_dagrun for dag_teste to None, run_after=None
[2026-03-21T21:07:25.258+0000] {processor.py:183} INFO - Processing /opt/airflow/dags/extract_data.py took 1.235 seconds
[2026-03-21T21:07:55.398+0000] {processor.py:161} INFO - Started process (PID=256) to work on /opt/airflow/dags/extract_data.py
[2026-03-21T21:07:55.400+0000] {processor.py:830} INFO - Processing file /opt/airflow/dags/extract_data.py for tasks to queue
[2026-03-21T21:07:55.403+0000] {logging_mixin.py:188} INFO - [2026-03-21T21:07:55.403+0000] {dagbag.py:545} INFO - Filling up the DagBag from /opt/airflow/dags/extract_data.py
[2026-03-21T21:07:55.425+0000] {processor.py:840} INFO - DAG(s) 'dag_teste' retrieved from /opt/airflow/dags/extract_data.py
[2026-03-21T21:07:55.511+0000] {logging_mixin.py:188} INFO - [2026-03-21T21:07:55.510+0000] {dag.py:3096} INFO - Sync 1 DAGs
[2026-03-21T21:07:55.535+0000] {logging_mixin.py:188} INFO - [2026-03-21T21:07:55.535+0000] {dag.py:3954} INFO - Setting next_dagrun for dag_teste to None, run_after=None
[2026-03-21T21:07:55.562+0000] {processor.py:183} INFO - Processing /opt/airflow/dags/extract_data.py took 0.173 seconds
[2026-03-21T21:08:25.705+0000] {processor.py:161} INFO - Started process (PID=261) to work on /opt/airflow/dags/extract_data.py
[2026-03-21T21:08:25.707+0000] {processor.py:830} INFO - Processing file /opt/airflow/dags/extract_data.py for tasks to queue
[2026-03-21T21:08:25.710+0000] {logging_mixin.py:188} INFO - [2026-03-21T21:08:25.709+0000] {dagbag.py:545} INFO - Filling up the DagBag from /opt/airflow/dags/extract_data.py
[2026-03-21T21:08:25.724+0000] {processor.py:840} INFO - DAG(s) 'dag_teste' retrieved from /opt/airflow/dags/extract_data.py
[2026-03-21T21:08:25.768+0000] {logging_mixin.py:188} INFO - [2026-03-21T21:08:25.768+0000] {dag.py:3096} INFO - Sync 1 DAGs
[2026-03-21T21:08:25.787+0000] {logging_mixin.py:188} INFO - [2026-03-21T21:08:25.786+0000] {dag.py:3954} INFO - Setting next_dagrun for dag_teste to None, run_after=None
[2026-03-21T21:08:25.818+0000] {processor.py:183} INFO - Processing /opt/airflow/dags/extract_data.py took 0.122 seconds
[2026-03-21T21:08:55.993+0000] {processor.py:161} INFO - Started process (PID=266) to work on /opt/airflow/dags/extract_data.py
[2026-03-21T21:08:55.995+0000] {processor.py:830} INFO - Processing file /opt/airflow/dags/extract_data.py for tasks to queue
[2026-03-21T21:08:55.997+0000] {logging_mixin.py:188} INFO - [2026-03-21T21:08:55.997+0000] {dagbag.py:545} INFO - Filling up the DagBag from /opt/airflow/dags/extract_data.py
[2026-03-21T21:08:56.012+0000] {processor.py:840} INFO - DAG(s) 'dag_teste' retrieved from /opt/airflow/dags/extract_data.py
[2026-03-21T21:08:56.058+0000] {logging_mixin.py:188} INFO - [2026-03-21T21:08:56.058+0000] {dag.py:3096} INFO - Sync 1 DAGs
[2026-03-21T21:08:56.075+0000] {logging_mixin.py:188} INFO - [2026-03-21T21:08:56.075+0000] {dag.py:3954} INFO - Setting next_dagrun for dag_teste to None, run_after=None
[2026-03-21T21:08:56.104+0000] {processor.py:183} INFO - Processing /opt/airflow/dags/extract_data.py took 0.121 seconds
[2026-03-21T21:09:26.420+0000] {processor.py:161} INFO - Started process (PID=271) to work on /opt/airflow/dags/extract_data.py
[2026-03-21T21:09:26.421+0000] {processor.py:830} INFO - Processing file /opt/airflow/dags/extract_data.py for tasks to queue
[2026-03-21T21:09:26.424+0000] {logging_mixin.py:188} INFO - [2026-03-21T21:09:26.424+0000] {dagbag.py:545} INFO - Filling up the DagBag from /opt/airflow/dags/extract_data.py
[2026-03-21T21:09:26.436+0000] {processor.py:840} INFO - DAG(s) 'dag_teste' retrieved from /opt/airflow/dags/extract_data.py
[2026-03-21T21:09:26.474+0000] {logging_mixin.py:188} INFO - [2026-03-21T21:09:26.474+0000] {dag.py:3096} INFO - Sync 1 DAGs
[2026-03-21T21:09:26.492+0000] {logging_mixin.py:188} INFO - [2026-03-21T21:09:26.491+0000] {dag.py:3954} INFO - Setting next_dagrun for dag_teste to None, run_after=None
[2026-03-21T21:09:26.519+0000] {processor.py:183} INFO - Processing /opt/airflow/dags/extract_data.py took 0.107 seconds
[2026-03-21T21:09:56.742+0000] {processor.py:161} INFO - Started process (PID=276) to work on /opt/airflow/dags/extract_data.py
[2026-03-21T21:09:56.743+0000] {processor.py:830} INFO - Processing file /opt/airflow/dags/extract_data.py for tasks to queue
[2026-03-21T21:09:56.749+0000] {logging_mixin.py:188} INFO - [2026-03-21T21:09:56.746+0000] {dagbag.py:545} INFO - Filling up the DagBag from /opt/airflow/dags/extract_data.py
[2026-03-21T21:09:56.767+0000] {processor.py:840} INFO - DAG(s) 'dag_teste' retrieved from /opt/airflow/dags/extract_data.py
[2026-03-21T21:09:56.816+0000] {logging_mixin.py:188} INFO - [2026-03-21T21:09:56.816+0000] {dag.py:3096} INFO - Sync 1 DAGs
[2026-03-21T21:09:56.835+0000] {logging_mixin.py:188} INFO - [2026-03-21T21:09:56.835+0000] {dag.py:3954} INFO - Setting next_dagrun for dag_teste to None, run_after=None
[2026-03-21T21:09:56.862+0000] {processor.py:183} INFO - Processing /opt/airflow/dags/extract_data.py took 0.129 seconds
[2026-03-21T21:10:27.154+0000] {processor.py:161} INFO - Started process (PID=281) to work on /opt/airflow/dags/extract_data.py
[2026-03-21T21:10:27.157+0000] {processor.py:830} INFO - Processing file /opt/airflow/dags/extract_data.py for tasks to queue
[2026-03-21T21:10:27.162+0000] {logging_mixin.py:188} INFO - [2026-03-21T21:10:27.160+0000] {dagbag.py:545} INFO - Filling up the DagBag from /opt/airflow/dags/extract_data.py
[2026-03-21T21:10:27.225+0000] {processor.py:840} INFO - DAG(s) 'dag_teste' retrieved from /opt/airflow/dags/extract_data.py
[2026-03-21T21:10:27.299+0000] {logging_mixin.py:188} INFO - [2026-03-21T21:10:27.298+0000] {dag.py:3096} INFO - Sync 1 DAGs
[2026-03-21T21:10:27.316+0000] {logging_mixin.py:188} INFO - [2026-03-21T21:10:27.316+0000] {dag.py:3954} INFO - Setting next_dagrun for dag_teste to None, run_after=None
[2026-03-21T21:10:27.387+0000] {processor.py:183} INFO - Processing /opt/airflow/dags/extract_data.py took 0.251 seconds
[2026-03-21T21:10:57.509+0000] {processor.py:161} INFO - Started process (PID=286) to work on /opt/airflow/dags/extract_data.py
[2026-03-21T21:10:57.510+0000] {processor.py:830} INFO - Processing file /opt/airflow/dags/extract_data.py for tasks to queue
[2026-03-21T21:10:57.513+0000] {logging_mixin.py:188} INFO - [2026-03-21T21:10:57.512+0000] {dagbag.py:545} INFO - Filling up the DagBag from /opt/airflow/dags/extract_data.py
[2026-03-21T21:10:57.528+0000] {processor.py:840} INFO - DAG(s) 'dag_teste' retrieved from /opt/airflow/dags/extract_data.py
[2026-03-21T21:10:57.579+0000] {logging_mixin.py:188} INFO - [2026-03-21T21:10:57.579+0000] {dag.py:3096} INFO - Sync 1 DAGs
[2026-03-21T21:10:57.606+0000] {logging_mixin.py:188} INFO - [2026-03-21T21:10:57.606+0000] {dag.py:3954} INFO - Setting next_dagrun for dag_teste to None, run_after=None
[2026-03-21T21:10:57.636+0000] {processor.py:183} INFO - Processing /opt/airflow/dags/extract_data.py took 0.148 seconds
[2026-03-21T21:11:27.802+0000] {processor.py:161} INFO - Started process (PID=291) to work on /opt/airflow/dags/extract_data.py
[2026-03-21T21:11:27.804+0000] {processor.py:830} INFO - Processing file /opt/airflow/dags/extract_data.py for tasks to queue
[2026-03-21T21:11:27.807+0000] {logging_mixin.py:188} INFO - [2026-03-21T21:11:27.806+0000] {dagbag.py:545} INFO - Filling up the DagBag from /opt/airflow/dags/extract_data.py
[2026-03-21T21:11:27.824+0000] {processor.py:840} INFO - DAG(s) 'dag_teste' retrieved from /opt/airflow/dags/extract_data.py
[2026-03-21T21:11:27.870+0000] {logging_mixin.py:188} INFO - [2026-03-21T21:11:27.870+0000] {dag.py:3096} INFO - Sync 1 DAGs
[2026-03-21T21:11:27.890+0000] {logging_mixin.py:188} INFO - [2026-03-21T21:11:27.889+0000] {dag.py:3954} INFO - Setting next_dagrun for dag_teste to None, run_after=None
[2026-03-21T21:11:27.919+0000] {processor.py:183} INFO - Processing /opt/airflow/dags/extract_data.py took 0.128 seconds
[2026-03-21T21:11:58.275+0000] {processor.py:161} INFO - Started process (PID=296) to work on /opt/airflow/dags/extract_data.py
[2026-03-21T21:11:58.276+0000] {processor.py:830} INFO - Processing file /opt/airflow/dags/extract_data.py for tasks to queue
[2026-03-21T21:11:58.279+0000] {logging_mixin.py:188} INFO - [2026-03-21T21:11:58.279+0000] {dagbag.py:545} INFO - Filling up the DagBag from /opt/airflow/dags/extract_data.py
[2026-03-21T21:11:58.296+0000] {processor.py:840} INFO - DAG(s) 'dag_teste' retrieved from /opt/airflow/dags/extract_data.py
[2026-03-21T21:11:58.372+0000] {logging_mixin.py:188} INFO - [2026-03-21T21:11:58.372+0000] {dag.py:3096} INFO - Sync 1 DAGs
[2026-03-21T21:11:58.390+0000] {logging_mixin.py:188} INFO - [2026-03-21T21:11:58.390+0000] {dag.py:3954} INFO - Setting next_dagrun for dag_teste to None, run_after=None
[2026-03-21T21:11:58.434+0000] {processor.py:183} INFO - Processing /opt/airflow/dags/extract_data.py took 0.167 seconds
[2026-03-21T21:12:28.617+0000] {processor.py:161} INFO - Started process (PID=301) to work on /opt/airflow/dags/extract_data.py
[2026-03-21T21:12:28.619+0000] {processor.py:830} INFO - Processing file /opt/airflow/dags/extract_data.py for tasks to queue
[2026-03-21T21:12:28.623+0000] {logging_mixin.py:188} INFO - [2026-03-21T21:12:28.622+0000] {dagbag.py:545} INFO - Filling up the DagBag from /opt/airflow/dags/extract_data.py
[2026-03-21T21:12:28.656+0000] {processor.py:840} INFO - DAG(s) 'dag_teste' retrieved from /opt/airflow/dags/extract_data.py
[2026-03-21T21:12:28.770+0000] {logging_mixin.py:188} INFO - [2026-03-21T21:12:28.770+0000] {dag.py:3096} INFO - Sync 1 DAGs
[2026-03-21T21:12:28.815+0000] {logging_mixin.py:188} INFO - [2026-03-21T21:12:28.814+0000] {dag.py:3954} INFO - Setting next_dagrun for dag_teste to None, run_after=None
[2026-03-21T21:12:28.870+0000] {processor.py:183} INFO - Processing /opt/airflow/dags/extract_data.py took 0.264 seconds
[2026-03-21T21:12:59.104+0000] {processor.py:161} INFO - Started process (PID=308) to work on /opt/airflow/dags/extract_data.py
[2026-03-21T21:12:59.106+0000] {processor.py:830} INFO - Processing file /opt/airflow/dags/extract_data.py for tasks to queue
[2026-03-21T21:12:59.109+0000] {logging_mixin.py:188} INFO - [2026-03-21T21:12:59.109+0000] {dagbag.py:545} INFO - Filling up the DagBag from /opt/airflow/dags/extract_data.py
[2026-03-21T21:12:59.127+0000] {processor.py:840} INFO - DAG(s) 'dag_teste' retrieved from /opt/airflow/dags/extract_data.py
[2026-03-21T21:12:59.182+0000] {logging_mixin.py:188} INFO - [2026-03-21T21:12:59.181+0000] {dag.py:3096} INFO - Sync 1 DAGs
[2026-03-21T21:12:59.212+0000] {logging_mixin.py:188} INFO - [2026-03-21T21:12:59.211+0000] {dag.py:3954} INFO - Setting next_dagrun for dag_teste to None, run_after=None
[2026-03-21T21:12:59.236+0000] {processor.py:183} INFO - Processing /opt/airflow/dags/extract_data.py took 0.177 seconds
[2026-03-21T21:13:29.486+0000] {processor.py:161} INFO - Started process (PID=313) to work on /opt/airflow/dags/extract_data.py
[2026-03-21T21:13:29.489+0000] {processor.py:830} INFO - Processing file /opt/airflow/dags/extract_data.py for tasks to queue
[2026-03-21T21:13:29.492+0000] {logging_mixin.py:188} INFO - [2026-03-21T21:13:29.491+0000] {dagbag.py:545} INFO - Filling up the DagBag from /opt/airflow/dags/extract_data.py
[2026-03-21T21:13:29.507+0000] {processor.py:840} INFO - DAG(s) 'dag_teste' retrieved from /opt/airflow/dags/extract_data.py
[2026-03-21T21:13:29.559+0000] {logging_mixin.py:188} INFO - [2026-03-21T21:13:29.559+0000] {dag.py:3096} INFO - Sync 1 DAGs
[2026-03-21T21:13:29.591+0000] {logging_mixin.py:188} INFO - [2026-03-21T21:13:29.591+0000] {dag.py:3954} INFO - Setting next_dagrun for dag_teste to None, run_after=None
[2026-03-21T21:13:29.615+0000] {processor.py:183} INFO - Processing /opt/airflow/dags/extract_data.py took 0.137 seconds
[2026-03-21T21:13:59.857+0000] {processor.py:161} INFO - Started process (PID=318) to work on /opt/airflow/dags/extract_data.py
[2026-03-21T21:13:59.858+0000] {processor.py:830} INFO - Processing file /opt/airflow/dags/extract_data.py for tasks to queue
[2026-03-21T21:13:59.862+0000] {logging_mixin.py:188} INFO - [2026-03-21T21:13:59.861+0000] {dagbag.py:545} INFO - Filling up the DagBag from /opt/airflow/dags/extract_data.py
[2026-03-21T21:13:59.875+0000] {processor.py:840} INFO - DAG(s) 'dag_teste' retrieved from /opt/airflow/dags/extract_data.py
[2026-03-21T21:13:59.920+0000] {logging_mixin.py:188} INFO - [2026-03-21T21:13:59.919+0000] {dag.py:3096} INFO - Sync 1 DAGs
[2026-03-21T21:13:59.941+0000] {logging_mixin.py:188} INFO - [2026-03-21T21:13:59.940+0000] {dag.py:3954} INFO - Setting next_dagrun for dag_teste to None, run_after=None
[2026-03-21T21:13:59.970+0000] {processor.py:183} INFO - Processing /opt/airflow/dags/extract_data.py took 0.121 seconds
[2026-03-21T21:14:21.282+0000] {processor.py:161} INFO - Started process (PID=323) to work on /opt/airflow/dags/extract_data.py
[2026-03-21T21:14:21.284+0000] {processor.py:830} INFO - Processing file /opt/airflow/dags/extract_data.py for tasks to queue
[2026-03-21T21:14:21.289+0000] {logging_mixin.py:188} INFO - [2026-03-21T21:14:21.288+0000] {dagbag.py:545} INFO - Filling up the DagBag from /opt/airflow/dags/extract_data.py
[2026-03-21T21:14:21.316+0000] {processor.py:840} INFO - DAG(s) 'dag_teste' retrieved from /opt/airflow/dags/extract_data.py
[2026-03-21T21:14:22.257+0000] {logging_mixin.py:188} INFO - [2026-03-21T21:14:22.257+0000] {dag.py:3096} INFO - Sync 1 DAGs
[2026-03-21T21:14:22.278+0000] {logging_mixin.py:188} INFO - [2026-03-21T21:14:22.278+0000] {dag.py:3954} INFO - Setting next_dagrun for dag_teste to None, run_after=None
[2026-03-21T21:14:22.318+0000] {processor.py:183} INFO - Processing /opt/airflow/dags/extract_data.py took 1.058 seconds
[2026-03-21T21:14:24.411+0000] {processor.py:161} INFO - Started process (PID=328) to work on /opt/airflow/dags/extract_data.py
[2026-03-21T21:14:24.426+0000] {processor.py:830} INFO - Processing file /opt/airflow/dags/extract_data.py for tasks to queue
[2026-03-21T21:14:24.438+0000] {logging_mixin.py:188} INFO - [2026-03-21T21:14:24.436+0000] {dagbag.py:545} INFO - Filling up the DagBag from /opt/airflow/dags/extract_data.py
[2026-03-21T21:14:24.523+0000] {processor.py:840} INFO - DAG(s) 'dag_teste' retrieved from /opt/airflow/dags/extract_data.py
[2026-03-21T21:14:24.568+0000] {logging_mixin.py:188} INFO - [2026-03-21T21:14:24.567+0000] {dag.py:3096} INFO - Sync 1 DAGs
[2026-03-21T21:14:24.640+0000] {logging_mixin.py:188} INFO - [2026-03-21T21:14:24.639+0000] {dag.py:3954} INFO - Setting next_dagrun for dag_teste to None, run_after=None
[2026-03-21T21:14:24.698+0000] {processor.py:183} INFO - Processing /opt/airflow/dags/extract_data.py took 0.402 seconds
[2026-03-21T21:14:55.009+0000] {processor.py:161} INFO - Started process (PID=333) to work on /opt/airflow/dags/extract_data.py
[2026-03-21T21:14:55.011+0000] {processor.py:830} INFO - Processing file /opt/airflow/dags/extract_data.py for tasks to queue
[2026-03-21T21:14:55.013+0000] {logging_mixin.py:188} INFO - [2026-03-21T21:14:55.013+0000] {dagbag.py:545} INFO - Filling up the DagBag from /opt/airflow/dags/extract_data.py
[2026-03-21T21:14:55.028+0000] {processor.py:840} INFO - DAG(s) 'dag_teste' retrieved from /opt/airflow/dags/extract_data.py
[2026-03-21T21:14:55.071+0000] {logging_mixin.py:188} INFO - [2026-03-21T21:14:55.070+0000] {dag.py:3096} INFO - Sync 1 DAGs
[2026-03-21T21:14:55.102+0000] {logging_mixin.py:188} INFO - [2026-03-21T21:14:55.102+0000] {dag.py:3954} INFO - Setting next_dagrun for dag_teste to None, run_after=None
[2026-03-21T21:14:55.142+0000] {processor.py:183} INFO - Processing /opt/airflow/dags/extract_data.py took 0.142 seconds
[2026-03-21T21:15:25.319+0000] {processor.py:161} INFO - Started process (PID=343) to work on /opt/airflow/dags/extract_data.py
[2026-03-21T21:15:25.320+0000] {processor.py:830} INFO - Processing file /opt/airflow/dags/extract_data.py for tasks to queue
[2026-03-21T21:15:25.323+0000] {logging_mixin.py:188} INFO - [2026-03-21T21:15:25.322+0000] {dagbag.py:545} INFO - Filling up the DagBag from /opt/airflow/dags/extract_data.py
[2026-03-21T21:15:25.416+0000] {processor.py:840} INFO - DAG(s) 'dag_teste' retrieved from /opt/airflow/dags/extract_data.py
[2026-03-21T21:15:25.512+0000] {logging_mixin.py:188} INFO - [2026-03-21T21:15:25.512+0000] {dag.py:3096} INFO - Sync 1 DAGs
[2026-03-21T21:15:25.546+0000] {logging_mixin.py:188} INFO - [2026-03-21T21:15:25.546+0000] {dag.py:3954} INFO - Setting next_dagrun for dag_teste to None, run_after=None
[2026-03-21T21:15:25.591+0000] {processor.py:183} INFO - Processing /opt/airflow/dags/extract_data.py took 0.279 seconds
[2026-03-21T21:15:26.463+0000] {processor.py:161} INFO - Started process (PID=348) to work on /opt/airflow/dags/extract_data.py
[2026-03-21T21:15:26.464+0000] {processor.py:830} INFO - Processing file /opt/airflow/dags/extract_data.py for tasks to queue
[2026-03-21T21:15:26.466+0000] {logging_mixin.py:188} INFO - [2026-03-21T21:15:26.466+0000] {dagbag.py:545} INFO - Filling up the DagBag from /opt/airflow/dags/extract_data.py
[2026-03-21T21:15:26.481+0000] {processor.py:840} INFO - DAG(s) 'dag_teste' retrieved from /opt/airflow/dags/extract_data.py
[2026-03-21T21:15:26.726+0000] {logging_mixin.py:188} INFO - [2026-03-21T21:15:26.725+0000] {dag.py:3096} INFO - Sync 1 DAGs
[2026-03-21T21:15:26.783+0000] {logging_mixin.py:188} INFO - [2026-03-21T21:15:26.782+0000] {dag.py:3954} INFO - Setting next_dagrun for dag_teste to None, run_after=None
[2026-03-21T21:15:26.838+0000] {processor.py:183} INFO - Processing /opt/airflow/dags/extract_data.py took 0.386 seconds
[2026-03-21T21:15:56.997+0000] {processor.py:161} INFO - Started process (PID=353) to work on /opt/airflow/dags/extract_data.py
[2026-03-21T21:15:56.999+0000] {processor.py:830} INFO - Processing file /opt/airflow/dags/extract_data.py for tasks to queue
[2026-03-21T21:15:57.001+0000] {logging_mixin.py:188} INFO - [2026-03-21T21:15:57.000+0000] {dagbag.py:545} INFO - Filling up the DagBag from /opt/airflow/dags/extract_data.py
[2026-03-21T21:15:57.026+0000] {processor.py:840} INFO - DAG(s) 'dag_teste' retrieved from /opt/airflow/dags/extract_data.py
[2026-03-21T21:15:57.081+0000] {logging_mixin.py:188} INFO - [2026-03-21T21:15:57.080+0000] {dag.py:3096} INFO - Sync 1 DAGs
[2026-03-21T21:15:57.115+0000] {logging_mixin.py:188} INFO - [2026-03-21T21:15:57.114+0000] {dag.py:3954} INFO - Setting next_dagrun for dag_teste to None, run_after=None
[2026-03-21T21:15:57.153+0000] {processor.py:183} INFO - Processing /opt/airflow/dags/extract_data.py took 0.173 seconds
[2026-03-21T21:16:27.292+0000] {processor.py:161} INFO - Started process (PID=358) to work on /opt/airflow/dags/extract_data.py
[2026-03-21T21:16:27.293+0000] {processor.py:830} INFO - Processing file /opt/airflow/dags/extract_data.py for tasks to queue
[2026-03-21T21:16:27.296+0000] {logging_mixin.py:188} INFO - [2026-03-21T21:16:27.296+0000] {dagbag.py:545} INFO - Filling up the DagBag from /opt/airflow/dags/extract_data.py
[2026-03-21T21:16:27.330+0000] {processor.py:840} INFO - DAG(s) 'dag_teste' retrieved from /opt/airflow/dags/extract_data.py
[2026-03-21T21:16:27.370+0000] {logging_mixin.py:188} INFO - [2026-03-21T21:16:27.370+0000] {dag.py:3096} INFO - Sync 1 DAGs
[2026-03-21T21:16:27.389+0000] {logging_mixin.py:188} INFO - [2026-03-21T21:16:27.389+0000] {dag.py:3954} INFO - Setting next_dagrun for dag_teste to None, run_after=None
[2026-03-21T21:16:27.416+0000] {processor.py:183} INFO - Processing /opt/airflow/dags/extract_data.py took 0.132 seconds
[2026-03-21T21:16:28.309+0000] {processor.py:161} INFO - Started process (PID=363) to work on /opt/airflow/dags/extract_data.py
[2026-03-21T21:16:28.310+0000] {processor.py:830} INFO - Processing file /opt/airflow/dags/extract_data.py for tasks to queue
[2026-03-21T21:16:28.313+0000] {logging_mixin.py:188} INFO - [2026-03-21T21:16:28.312+0000] {dagbag.py:545} INFO - Filling up the DagBag from /opt/airflow/dags/extract_data.py
[2026-03-21T21:16:28.336+0000] {logging_mixin.py:188} INFO - [2026-03-21T21:16:28.316+0000] {dagbag.py:355} ERROR - Failed to import: /opt/airflow/dags/extract_data.py
Traceback (most recent call last):
  File "/home/airflow/.local/lib/python3.12/site-packages/airflow/models/dagbag.py", line 351, in parse
    loader.exec_module(new_module)
  File "<frozen importlib._bootstrap_external>", line 991, in exec_module
  File "<frozen importlib._bootstrap_external>", line 1129, in get_code
  File "<frozen importlib._bootstrap_external>", line 1059, in source_to_code
  File "<frozen importlib._bootstrap>", line 488, in _call_with_frames_removed
  File "/opt/airflow/dags/extract_data.py", line 28
    f"git clone {REPO_URL} {BASE_PATH}"    )
                                           ^
SyntaxError: positional argument follows keyword argument
[2026-03-21T21:16:28.337+0000] {processor.py:842} WARNING - No viable dags retrieved from /opt/airflow/dags/extract_data.py
[2026-03-21T21:16:28.377+0000] {processor.py:183} INFO - Processing /opt/airflow/dags/extract_data.py took 0.076 seconds
[2026-03-21T21:16:31.373+0000] {processor.py:161} INFO - Started process (PID=368) to work on /opt/airflow/dags/extract_data.py
[2026-03-21T21:16:31.400+0000] {processor.py:830} INFO - Processing file /opt/airflow/dags/extract_data.py for tasks to queue
[2026-03-21T21:16:31.402+0000] {logging_mixin.py:188} INFO - [2026-03-21T21:16:31.402+0000] {dagbag.py:545} INFO - Filling up the DagBag from /opt/airflow/dags/extract_data.py
[2026-03-21T21:16:31.407+0000] {logging_mixin.py:188} INFO - [2026-03-21T21:16:31.405+0000] {dagbag.py:355} ERROR - Failed to import: /opt/airflow/dags/extract_data.py
Traceback (most recent call last):
  File "/home/airflow/.local/lib/python3.12/site-packages/airflow/models/dagbag.py", line 351, in parse
    loader.exec_module(new_module)
  File "<frozen importlib._bootstrap_external>", line 991, in exec_module
  File "<frozen importlib._bootstrap_external>", line 1129, in get_code
  File "<frozen importlib._bootstrap_external>", line 1059, in source_to_code
  File "<frozen importlib._bootstrap>", line 488, in _call_with_frames_removed
  File "/opt/airflow/dags/extract_data.py", line 28
    f"git clone {REPO_URL} {BASE_PATH}"    )
                                           ^
SyntaxError: positional argument follows keyword argument
[2026-03-21T21:16:31.408+0000] {processor.py:842} WARNING - No viable dags retrieved from /opt/airflow/dags/extract_data.py
[2026-03-21T21:16:31.447+0000] {processor.py:183} INFO - Processing /opt/airflow/dags/extract_data.py took 0.105 seconds
[2026-03-21T21:16:39.673+0000] {processor.py:161} INFO - Started process (PID=373) to work on /opt/airflow/dags/extract_data.py
[2026-03-21T21:16:39.675+0000] {processor.py:830} INFO - Processing file /opt/airflow/dags/extract_data.py for tasks to queue
[2026-03-21T21:16:39.720+0000] {logging_mixin.py:188} INFO - [2026-03-21T21:16:39.718+0000] {dagbag.py:545} INFO - Filling up the DagBag from /opt/airflow/dags/extract_data.py
[2026-03-21T21:16:39.764+0000] {logging_mixin.py:188} INFO - [2026-03-21T21:16:39.745+0000] {dagbag.py:355} ERROR - Failed to import: /opt/airflow/dags/extract_data.py
Traceback (most recent call last):
  File "/home/airflow/.local/lib/python3.12/site-packages/airflow/models/dagbag.py", line 351, in parse
    loader.exec_module(new_module)
  File "<frozen importlib._bootstrap_external>", line 991, in exec_module
  File "<frozen importlib._bootstrap_external>", line 1129, in get_code
  File "<frozen importlib._bootstrap_external>", line 1059, in source_to_code
  File "<frozen importlib._bootstrap>", line 488, in _call_with_frames_removed
  File "/opt/airflow/dags/extract_data.py", line 29
    )
    ^
SyntaxError: positional argument follows keyword argument
[2026-03-21T21:16:39.767+0000] {processor.py:842} WARNING - No viable dags retrieved from /opt/airflow/dags/extract_data.py
[2026-03-21T21:16:39.931+0000] {processor.py:183} INFO - Processing /opt/airflow/dags/extract_data.py took 0.283 seconds
[2026-03-21T21:16:47.910+0000] {processor.py:161} INFO - Started process (PID=378) to work on /opt/airflow/dags/extract_data.py
[2026-03-21T21:16:47.914+0000] {processor.py:830} INFO - Processing file /opt/airflow/dags/extract_data.py for tasks to queue
[2026-03-21T21:16:47.917+0000] {logging_mixin.py:188} INFO - [2026-03-21T21:16:47.917+0000] {dagbag.py:545} INFO - Filling up the DagBag from /opt/airflow/dags/extract_data.py
[2026-03-21T21:16:47.934+0000] {logging_mixin.py:188} INFO - [2026-03-21T21:16:47.929+0000] {dagbag.py:355} ERROR - Failed to import: /opt/airflow/dags/extract_data.py
Traceback (most recent call last):
  File "/home/airflow/.local/lib/python3.12/site-packages/airflow/models/dagbag.py", line 351, in parse
    loader.exec_module(new_module)
  File "<frozen importlib._bootstrap_external>", line 991, in exec_module
  File "<frozen importlib._bootstrap_external>", line 1129, in get_code
  File "<frozen importlib._bootstrap_external>", line 1059, in source_to_code
  File "<frozen importlib._bootstrap>", line 488, in _call_with_frames_removed
  File "/opt/airflow/dags/extract_data.py", line 24
    task_setup_and_clone = BashOperator(
                                       ^
SyntaxError: '(' was never closed
[2026-03-21T21:16:47.935+0000] {processor.py:842} WARNING - No viable dags retrieved from /opt/airflow/dags/extract_data.py
[2026-03-21T21:16:48.061+0000] {processor.py:183} INFO - Processing /opt/airflow/dags/extract_data.py took 0.267 seconds
[2026-03-21T21:17:18.325+0000] {processor.py:161} INFO - Started process (PID=383) to work on /opt/airflow/dags/extract_data.py
[2026-03-21T21:17:18.326+0000] {processor.py:830} INFO - Processing file /opt/airflow/dags/extract_data.py for tasks to queue
[2026-03-21T21:17:18.330+0000] {logging_mixin.py:188} INFO - [2026-03-21T21:17:18.330+0000] {dagbag.py:545} INFO - Filling up the DagBag from /opt/airflow/dags/extract_data.py
[2026-03-21T21:17:18.335+0000] {logging_mixin.py:188} INFO - [2026-03-21T21:17:18.333+0000] {dagbag.py:355} ERROR - Failed to import: /opt/airflow/dags/extract_data.py
Traceback (most recent call last):
  File "/home/airflow/.local/lib/python3.12/site-packages/airflow/models/dagbag.py", line 351, in parse
    loader.exec_module(new_module)
  File "<frozen importlib._bootstrap_external>", line 991, in exec_module
  File "<frozen importlib._bootstrap_external>", line 1129, in get_code
  File "<frozen importlib._bootstrap_external>", line 1059, in source_to_code
  File "<frozen importlib._bootstrap>", line 488, in _call_with_frames_removed
  File "/opt/airflow/dags/extract_data.py", line 24
    task_setup_and_clone = BashOperator(
                                       ^
SyntaxError: '(' was never closed
[2026-03-21T21:17:18.335+0000] {processor.py:842} WARNING - No viable dags retrieved from /opt/airflow/dags/extract_data.py
[2026-03-21T21:17:18.367+0000] {processor.py:183} INFO - Processing /opt/airflow/dags/extract_data.py took 0.051 seconds
[2026-03-21T21:17:20.389+0000] {processor.py:161} INFO - Started process (PID=388) to work on /opt/airflow/dags/extract_data.py
[2026-03-21T21:17:20.390+0000] {processor.py:830} INFO - Processing file /opt/airflow/dags/extract_data.py for tasks to queue
[2026-03-21T21:17:20.393+0000] {logging_mixin.py:188} INFO - [2026-03-21T21:17:20.393+0000] {dagbag.py:545} INFO - Filling up the DagBag from /opt/airflow/dags/extract_data.py
[2026-03-21T21:17:20.406+0000] {processor.py:840} INFO - DAG(s) 'dag_teste' retrieved from /opt/airflow/dags/extract_data.py
[2026-03-21T21:17:20.608+0000] {logging_mixin.py:188} INFO - [2026-03-21T21:17:20.607+0000] {dag.py:3096} INFO - Sync 1 DAGs
[2026-03-21T21:17:20.625+0000] {logging_mixin.py:188} INFO - [2026-03-21T21:17:20.624+0000] {dag.py:3954} INFO - Setting next_dagrun for dag_teste to None, run_after=None
[2026-03-21T21:17:20.663+0000] {processor.py:183} INFO - Processing /opt/airflow/dags/extract_data.py took 0.282 seconds
[2026-03-21T21:17:51.018+0000] {processor.py:161} INFO - Started process (PID=398) to work on /opt/airflow/dags/extract_data.py
[2026-03-21T21:17:51.020+0000] {processor.py:830} INFO - Processing file /opt/airflow/dags/extract_data.py for tasks to queue
[2026-03-21T21:17:51.023+0000] {logging_mixin.py:188} INFO - [2026-03-21T21:17:51.022+0000] {dagbag.py:545} INFO - Filling up the DagBag from /opt/airflow/dags/extract_data.py
[2026-03-21T21:17:51.046+0000] {processor.py:840} INFO - DAG(s) 'dag_teste' retrieved from /opt/airflow/dags/extract_data.py
[2026-03-21T21:17:51.091+0000] {logging_mixin.py:188} INFO - [2026-03-21T21:17:51.090+0000] {dag.py:3096} INFO - Sync 1 DAGs
[2026-03-21T21:17:51.109+0000] {logging_mixin.py:188} INFO - [2026-03-21T21:17:51.109+0000] {dag.py:3954} INFO - Setting next_dagrun for dag_teste to None, run_after=None
[2026-03-21T21:17:51.137+0000] {processor.py:183} INFO - Processing /opt/airflow/dags/extract_data.py took 0.162 seconds
[2026-03-21T21:18:21.315+0000] {processor.py:161} INFO - Started process (PID=408) to work on /opt/airflow/dags/extract_data.py
[2026-03-21T21:18:21.316+0000] {processor.py:830} INFO - Processing file /opt/airflow/dags/extract_data.py for tasks to queue
[2026-03-21T21:18:21.319+0000] {logging_mixin.py:188} INFO - [2026-03-21T21:18:21.318+0000] {dagbag.py:545} INFO - Filling up the DagBag from /opt/airflow/dags/extract_data.py
[2026-03-21T21:18:21.334+0000] {processor.py:840} INFO - DAG(s) 'dag_teste' retrieved from /opt/airflow/dags/extract_data.py
[2026-03-21T21:18:21.397+0000] {logging_mixin.py:188} INFO - [2026-03-21T21:18:21.396+0000] {dag.py:3096} INFO - Sync 1 DAGs
[2026-03-21T21:18:21.428+0000] {logging_mixin.py:188} INFO - [2026-03-21T21:18:21.427+0000] {dag.py:3954} INFO - Setting next_dagrun for dag_teste to None, run_after=None
[2026-03-21T21:18:21.461+0000] {processor.py:183} INFO - Processing /opt/airflow/dags/extract_data.py took 0.174 seconds
[2026-03-21T21:18:51.781+0000] {processor.py:161} INFO - Started process (PID=413) to work on /opt/airflow/dags/extract_data.py
[2026-03-21T21:18:51.783+0000] {processor.py:830} INFO - Processing file /opt/airflow/dags/extract_data.py for tasks to queue
[2026-03-21T21:18:51.785+0000] {logging_mixin.py:188} INFO - [2026-03-21T21:18:51.785+0000] {dagbag.py:545} INFO - Filling up the DagBag from /opt/airflow/dags/extract_data.py
[2026-03-21T21:18:51.799+0000] {processor.py:840} INFO - DAG(s) 'dag_teste' retrieved from /opt/airflow/dags/extract_data.py
[2026-03-21T21:18:51.837+0000] {logging_mixin.py:188} INFO - [2026-03-21T21:18:51.837+0000] {dag.py:3096} INFO - Sync 1 DAGs
[2026-03-21T21:18:51.853+0000] {logging_mixin.py:188} INFO - [2026-03-21T21:18:51.853+0000] {dag.py:3954} INFO - Setting next_dagrun for dag_teste to None, run_after=None
[2026-03-21T21:18:51.882+0000] {processor.py:183} INFO - Processing /opt/airflow/dags/extract_data.py took 0.108 seconds
[2026-03-21T21:19:22.091+0000] {processor.py:161} INFO - Started process (PID=418) to work on /opt/airflow/dags/extract_data.py
[2026-03-21T21:19:22.092+0000] {processor.py:830} INFO - Processing file /opt/airflow/dags/extract_data.py for tasks to queue
[2026-03-21T21:19:22.095+0000] {logging_mixin.py:188} INFO - [2026-03-21T21:19:22.094+0000] {dagbag.py:545} INFO - Filling up the DagBag from /opt/airflow/dags/extract_data.py
[2026-03-21T21:19:22.111+0000] {processor.py:840} INFO - DAG(s) 'dag_teste' retrieved from /opt/airflow/dags/extract_data.py
[2026-03-21T21:19:22.154+0000] {logging_mixin.py:188} INFO - [2026-03-21T21:19:22.154+0000] {dag.py:3096} INFO - Sync 1 DAGs
[2026-03-21T21:19:22.173+0000] {logging_mixin.py:188} INFO - [2026-03-21T21:19:22.173+0000] {dag.py:3954} INFO - Setting next_dagrun for dag_teste to None, run_after=None
[2026-03-21T21:19:22.208+0000] {processor.py:183} INFO - Processing /opt/airflow/dags/extract_data.py took 0.125 seconds
[2026-03-21T21:19:52.533+0000] {processor.py:161} INFO - Started process (PID=423) to work on /opt/airflow/dags/extract_data.py
[2026-03-21T21:19:52.534+0000] {processor.py:830} INFO - Processing file /opt/airflow/dags/extract_data.py for tasks to queue
[2026-03-21T21:19:52.538+0000] {logging_mixin.py:188} INFO - [2026-03-21T21:19:52.537+0000] {dagbag.py:545} INFO - Filling up the DagBag from /opt/airflow/dags/extract_data.py
[2026-03-21T21:19:52.551+0000] {processor.py:840} INFO - DAG(s) 'dag_teste' retrieved from /opt/airflow/dags/extract_data.py
[2026-03-21T21:19:52.591+0000] {logging_mixin.py:188} INFO - [2026-03-21T21:19:52.590+0000] {dag.py:3096} INFO - Sync 1 DAGs
[2026-03-21T21:19:52.608+0000] {logging_mixin.py:188} INFO - [2026-03-21T21:19:52.607+0000] {dag.py:3954} INFO - Setting next_dagrun for dag_teste to None, run_after=None
[2026-03-21T21:19:52.632+0000] {processor.py:183} INFO - Processing /opt/airflow/dags/extract_data.py took 0.122 seconds
[2026-03-21T21:20:22.840+0000] {processor.py:161} INFO - Started process (PID=428) to work on /opt/airflow/dags/extract_data.py
[2026-03-21T21:20:22.842+0000] {processor.py:830} INFO - Processing file /opt/airflow/dags/extract_data.py for tasks to queue
[2026-03-21T21:20:22.844+0000] {logging_mixin.py:188} INFO - [2026-03-21T21:20:22.844+0000] {dagbag.py:545} INFO - Filling up the DagBag from /opt/airflow/dags/extract_data.py
[2026-03-21T21:20:22.858+0000] {processor.py:840} INFO - DAG(s) 'dag_teste' retrieved from /opt/airflow/dags/extract_data.py
[2026-03-21T21:20:22.897+0000] {logging_mixin.py:188} INFO - [2026-03-21T21:20:22.897+0000] {dag.py:3096} INFO - Sync 1 DAGs
[2026-03-21T21:20:22.916+0000] {logging_mixin.py:188} INFO - [2026-03-21T21:20:22.916+0000] {dag.py:3954} INFO - Setting next_dagrun for dag_teste to None, run_after=None
[2026-03-21T21:20:22.943+0000] {processor.py:183} INFO - Processing /opt/airflow/dags/extract_data.py took 0.115 seconds
[2026-03-21T21:20:53.321+0000] {processor.py:161} INFO - Started process (PID=433) to work on /opt/airflow/dags/extract_data.py
[2026-03-21T21:20:53.323+0000] {processor.py:830} INFO - Processing file /opt/airflow/dags/extract_data.py for tasks to queue
[2026-03-21T21:20:53.326+0000] {logging_mixin.py:188} INFO - [2026-03-21T21:20:53.325+0000] {dagbag.py:545} INFO - Filling up the DagBag from /opt/airflow/dags/extract_data.py
[2026-03-21T21:20:53.346+0000] {processor.py:840} INFO - DAG(s) 'dag_teste' retrieved from /opt/airflow/dags/extract_data.py
[2026-03-21T21:20:53.401+0000] {logging_mixin.py:188} INFO - [2026-03-21T21:20:53.401+0000] {dag.py:3096} INFO - Sync 1 DAGs
[2026-03-21T21:20:53.420+0000] {logging_mixin.py:188} INFO - [2026-03-21T21:20:53.420+0000] {dag.py:3954} INFO - Setting next_dagrun for dag_teste to None, run_after=None
[2026-03-21T21:20:53.448+0000] {processor.py:183} INFO - Processing /opt/airflow/dags/extract_data.py took 0.136 seconds
[2026-03-21T21:21:23.679+0000] {processor.py:161} INFO - Started process (PID=438) to work on /opt/airflow/dags/extract_data.py
[2026-03-21T21:21:23.680+0000] {processor.py:830} INFO - Processing file /opt/airflow/dags/extract_data.py for tasks to queue
[2026-03-21T21:21:23.682+0000] {logging_mixin.py:188} INFO - [2026-03-21T21:21:23.681+0000] {dagbag.py:545} INFO - Filling up the DagBag from /opt/airflow/dags/extract_data.py
[2026-03-21T21:21:23.695+0000] {processor.py:840} INFO - DAG(s) 'dag_teste' retrieved from /opt/airflow/dags/extract_data.py
[2026-03-21T21:21:23.731+0000] {logging_mixin.py:188} INFO - [2026-03-21T21:21:23.731+0000] {dag.py:3096} INFO - Sync 1 DAGs
[2026-03-21T21:21:23.749+0000] {logging_mixin.py:188} INFO - [2026-03-21T21:21:23.749+0000] {dag.py:3954} INFO - Setting next_dagrun for dag_teste to None, run_after=None
[2026-03-21T21:21:23.776+0000] {processor.py:183} INFO - Processing /opt/airflow/dags/extract_data.py took 0.105 seconds
[2026-03-21T21:21:54.088+0000] {processor.py:161} INFO - Started process (PID=443) to work on /opt/airflow/dags/extract_data.py
[2026-03-21T21:21:54.089+0000] {processor.py:830} INFO - Processing file /opt/airflow/dags/extract_data.py for tasks to queue
[2026-03-21T21:21:54.092+0000] {logging_mixin.py:188} INFO - [2026-03-21T21:21:54.091+0000] {dagbag.py:545} INFO - Filling up the DagBag from /opt/airflow/dags/extract_data.py
[2026-03-21T21:21:54.108+0000] {processor.py:840} INFO - DAG(s) 'dag_teste' retrieved from /opt/airflow/dags/extract_data.py
[2026-03-21T21:21:54.148+0000] {logging_mixin.py:188} INFO - [2026-03-21T21:21:54.148+0000] {dag.py:3096} INFO - Sync 1 DAGs
[2026-03-21T21:21:54.167+0000] {logging_mixin.py:188} INFO - [2026-03-21T21:21:54.167+0000] {dag.py:3954} INFO - Setting next_dagrun for dag_teste to None, run_after=None
[2026-03-21T21:21:54.196+0000] {processor.py:183} INFO - Processing /opt/airflow/dags/extract_data.py took 0.118 seconds
[2026-03-21T21:22:24.447+0000] {processor.py:161} INFO - Started process (PID=448) to work on /opt/airflow/dags/extract_data.py
[2026-03-21T21:22:24.450+0000] {processor.py:830} INFO - Processing file /opt/airflow/dags/extract_data.py for tasks to queue
[2026-03-21T21:22:24.458+0000] {logging_mixin.py:188} INFO - [2026-03-21T21:22:24.457+0000] {dagbag.py:545} INFO - Filling up the DagBag from /opt/airflow/dags/extract_data.py
[2026-03-21T21:22:24.505+0000] {processor.py:840} INFO - DAG(s) 'dag_teste' retrieved from /opt/airflow/dags/extract_data.py
[2026-03-21T21:22:24.751+0000] {logging_mixin.py:188} INFO - [2026-03-21T21:22:24.751+0000] {dag.py:3096} INFO - Sync 1 DAGs
[2026-03-21T21:22:24.795+0000] {logging_mixin.py:188} INFO - [2026-03-21T21:22:24.794+0000] {dag.py:3954} INFO - Setting next_dagrun for dag_teste to None, run_after=None
[2026-03-21T21:22:24.851+0000] {processor.py:183} INFO - Processing /opt/airflow/dags/extract_data.py took 0.423 seconds
[2026-03-21T21:22:55.237+0000] {processor.py:161} INFO - Started process (PID=453) to work on /opt/airflow/dags/extract_data.py
[2026-03-21T21:22:55.238+0000] {processor.py:830} INFO - Processing file /opt/airflow/dags/extract_data.py for tasks to queue
[2026-03-21T21:22:55.240+0000] {logging_mixin.py:188} INFO - [2026-03-21T21:22:55.240+0000] {dagbag.py:545} INFO - Filling up the DagBag from /opt/airflow/dags/extract_data.py
[2026-03-21T21:22:55.271+0000] {processor.py:840} INFO - DAG(s) 'dag_teste' retrieved from /opt/airflow/dags/extract_data.py
[2026-03-21T21:22:55.343+0000] {logging_mixin.py:188} INFO - [2026-03-21T21:22:55.343+0000] {dag.py:3096} INFO - Sync 1 DAGs
[2026-03-21T21:22:55.363+0000] {logging_mixin.py:188} INFO - [2026-03-21T21:22:55.363+0000] {dag.py:3954} INFO - Setting next_dagrun for dag_teste to None, run_after=None
[2026-03-21T21:22:55.392+0000] {processor.py:183} INFO - Processing /opt/airflow/dags/extract_data.py took 0.163 seconds
[2026-03-21T21:23:02.293+0000] {processor.py:161} INFO - Started process (PID=458) to work on /opt/airflow/dags/extract_data.py
[2026-03-21T21:23:02.294+0000] {processor.py:830} INFO - Processing file /opt/airflow/dags/extract_data.py for tasks to queue
[2026-03-21T21:23:02.299+0000] {logging_mixin.py:188} INFO - [2026-03-21T21:23:02.298+0000] {dagbag.py:545} INFO - Filling up the DagBag from /opt/airflow/dags/extract_data.py
[2026-03-21T21:23:02.328+0000] {processor.py:840} INFO - DAG(s) 'dag_teste' retrieved from /opt/airflow/dags/extract_data.py
[2026-03-21T21:23:02.699+0000] {logging_mixin.py:188} INFO - [2026-03-21T21:23:02.698+0000] {dag.py:3096} INFO - Sync 1 DAGs
[2026-03-21T21:23:02.721+0000] {logging_mixin.py:188} INFO - [2026-03-21T21:23:02.721+0000] {dag.py:3954} INFO - Setting next_dagrun for dag_teste to None, run_after=None
[2026-03-21T21:23:02.766+0000] {processor.py:183} INFO - Processing /opt/airflow/dags/extract_data.py took 0.485 seconds
[2026-03-21T21:23:04.988+0000] {processor.py:161} INFO - Started process (PID=463) to work on /opt/airflow/dags/extract_data.py
[2026-03-21T21:23:04.990+0000] {processor.py:830} INFO - Processing file /opt/airflow/dags/extract_data.py for tasks to queue
[2026-03-21T21:23:04.992+0000] {logging_mixin.py:188} INFO - [2026-03-21T21:23:04.992+0000] {dagbag.py:545} INFO - Filling up the DagBag from /opt/airflow/dags/extract_data.py
[2026-03-21T21:23:05.006+0000] {processor.py:840} INFO - DAG(s) 'dag_teste' retrieved from /opt/airflow/dags/extract_data.py
[2026-03-21T21:23:05.029+0000] {logging_mixin.py:188} INFO - [2026-03-21T21:23:05.029+0000] {dag.py:3096} INFO - Sync 1 DAGs
[2026-03-21T21:23:05.051+0000] {logging_mixin.py:188} INFO - [2026-03-21T21:23:05.051+0000] {dag.py:3954} INFO - Setting next_dagrun for dag_teste to None, run_after=None
[2026-03-21T21:23:05.091+0000] {processor.py:183} INFO - Processing /opt/airflow/dags/extract_data.py took 0.113 seconds
[2026-03-21T21:23:35.286+0000] {processor.py:161} INFO - Started process (PID=468) to work on /opt/airflow/dags/extract_data.py
[2026-03-21T21:23:35.287+0000] {processor.py:830} INFO - Processing file /opt/airflow/dags/extract_data.py for tasks to queue
[2026-03-21T21:23:35.289+0000] {logging_mixin.py:188} INFO - [2026-03-21T21:23:35.288+0000] {dagbag.py:545} INFO - Filling up the DagBag from /opt/airflow/dags/extract_data.py
[2026-03-21T21:23:35.304+0000] {processor.py:840} INFO - DAG(s) 'dag_teste' retrieved from /opt/airflow/dags/extract_data.py
[2026-03-21T21:23:35.346+0000] {logging_mixin.py:188} INFO - [2026-03-21T21:23:35.346+0000] {dag.py:3096} INFO - Sync 1 DAGs
[2026-03-21T21:23:35.364+0000] {logging_mixin.py:188} INFO - [2026-03-21T21:23:35.364+0000] {dag.py:3954} INFO - Setting next_dagrun for dag_teste to None, run_after=None
[2026-03-21T21:23:35.393+0000] {processor.py:183} INFO - Processing /opt/airflow/dags/extract_data.py took 0.116 seconds
[2026-03-21T21:24:05.726+0000] {processor.py:161} INFO - Started process (PID=473) to work on /opt/airflow/dags/extract_data.py
[2026-03-21T21:24:05.729+0000] {processor.py:830} INFO - Processing file /opt/airflow/dags/extract_data.py for tasks to queue
[2026-03-21T21:24:05.733+0000] {logging_mixin.py:188} INFO - [2026-03-21T21:24:05.733+0000] {dagbag.py:545} INFO - Filling up the DagBag from /opt/airflow/dags/extract_data.py
[2026-03-21T21:24:05.753+0000] {processor.py:840} INFO - DAG(s) 'dag_teste' retrieved from /opt/airflow/dags/extract_data.py
[2026-03-21T21:24:05.812+0000] {logging_mixin.py:188} INFO - [2026-03-21T21:24:05.811+0000] {dag.py:3096} INFO - Sync 1 DAGs
[2026-03-21T21:24:05.837+0000] {logging_mixin.py:188} INFO - [2026-03-21T21:24:05.837+0000] {dag.py:3954} INFO - Setting next_dagrun for dag_teste to None, run_after=None
[2026-03-21T21:24:05.875+0000] {processor.py:183} INFO - Processing /opt/airflow/dags/extract_data.py took 0.156 seconds
[2026-03-21T21:24:32.887+0000] {processor.py:161} INFO - Started process (PID=478) to work on /opt/airflow/dags/extract_data.py
[2026-03-21T21:24:32.889+0000] {processor.py:830} INFO - Processing file /opt/airflow/dags/extract_data.py for tasks to queue
[2026-03-21T21:24:32.894+0000] {logging_mixin.py:188} INFO - [2026-03-21T21:24:32.893+0000] {dagbag.py:545} INFO - Filling up the DagBag from /opt/airflow/dags/extract_data.py
[2026-03-21T21:24:32.910+0000] {processor.py:840} INFO - DAG(s) 'dag_teste' retrieved from /opt/airflow/dags/extract_data.py
[2026-03-21T21:24:32.953+0000] {logging_mixin.py:188} INFO - [2026-03-21T21:24:32.953+0000] {dag.py:3096} INFO - Sync 1 DAGs
[2026-03-21T21:24:32.973+0000] {logging_mixin.py:188} INFO - [2026-03-21T21:24:32.973+0000] {dag.py:3954} INFO - Setting next_dagrun for dag_teste to None, run_after=None
[2026-03-21T21:24:33.006+0000] {processor.py:183} INFO - Processing /opt/airflow/dags/extract_data.py took 0.127 seconds
[2026-03-21T21:25:03.228+0000] {processor.py:161} INFO - Started process (PID=483) to work on /opt/airflow/dags/extract_data.py
[2026-03-21T21:25:03.230+0000] {processor.py:830} INFO - Processing file /opt/airflow/dags/extract_data.py for tasks to queue
[2026-03-21T21:25:03.234+0000] {logging_mixin.py:188} INFO - [2026-03-21T21:25:03.233+0000] {dagbag.py:545} INFO - Filling up the DagBag from /opt/airflow/dags/extract_data.py
[2026-03-21T21:25:03.248+0000] {processor.py:840} INFO - DAG(s) 'dag_teste' retrieved from /opt/airflow/dags/extract_data.py
[2026-03-21T21:25:03.292+0000] {logging_mixin.py:188} INFO - [2026-03-21T21:25:03.291+0000] {dag.py:3096} INFO - Sync 1 DAGs
[2026-03-21T21:25:03.308+0000] {logging_mixin.py:188} INFO - [2026-03-21T21:25:03.307+0000] {dag.py:3954} INFO - Setting next_dagrun for dag_teste to None, run_after=None
[2026-03-21T21:25:03.336+0000] {processor.py:183} INFO - Processing /opt/airflow/dags/extract_data.py took 0.117 seconds
[2026-03-21T21:25:33.684+0000] {processor.py:161} INFO - Started process (PID=488) to work on /opt/airflow/dags/extract_data.py
[2026-03-21T21:25:33.685+0000] {processor.py:830} INFO - Processing file /opt/airflow/dags/extract_data.py for tasks to queue
[2026-03-21T21:25:33.687+0000] {logging_mixin.py:188} INFO - [2026-03-21T21:25:33.687+0000] {dagbag.py:545} INFO - Filling up the DagBag from /opt/airflow/dags/extract_data.py
[2026-03-21T21:25:33.700+0000] {processor.py:840} INFO - DAG(s) 'dag_teste' retrieved from /opt/airflow/dags/extract_data.py
[2026-03-21T21:25:33.739+0000] {logging_mixin.py:188} INFO - [2026-03-21T21:25:33.738+0000] {dag.py:3096} INFO - Sync 1 DAGs
[2026-03-21T21:25:33.758+0000] {logging_mixin.py:188} INFO - [2026-03-21T21:25:33.758+0000] {dag.py:3954} INFO - Setting next_dagrun for dag_teste to None, run_after=None
[2026-03-21T21:25:33.785+0000] {processor.py:183} INFO - Processing /opt/airflow/dags/extract_data.py took 0.111 seconds
[2026-03-21T21:26:04.017+0000] {processor.py:161} INFO - Started process (PID=493) to work on /opt/airflow/dags/extract_data.py
[2026-03-21T21:26:04.019+0000] {processor.py:830} INFO - Processing file /opt/airflow/dags/extract_data.py for tasks to queue
[2026-03-21T21:26:04.021+0000] {logging_mixin.py:188} INFO - [2026-03-21T21:26:04.020+0000] {dagbag.py:545} INFO - Filling up the DagBag from /opt/airflow/dags/extract_data.py
[2026-03-21T21:26:04.035+0000] {processor.py:840} INFO - DAG(s) 'dag_teste' retrieved from /opt/airflow/dags/extract_data.py
[2026-03-21T21:26:04.075+0000] {logging_mixin.py:188} INFO - [2026-03-21T21:26:04.075+0000] {dag.py:3096} INFO - Sync 1 DAGs
[2026-03-21T21:26:04.093+0000] {logging_mixin.py:188} INFO - [2026-03-21T21:26:04.093+0000] {dag.py:3954} INFO - Setting next_dagrun for dag_teste to None, run_after=None
[2026-03-21T21:26:04.123+0000] {processor.py:183} INFO - Processing /opt/airflow/dags/extract_data.py took 0.113 seconds
[2026-03-21T21:26:34.381+0000] {processor.py:161} INFO - Started process (PID=498) to work on /opt/airflow/dags/extract_data.py
[2026-03-21T21:26:34.382+0000] {processor.py:830} INFO - Processing file /opt/airflow/dags/extract_data.py for tasks to queue
[2026-03-21T21:26:34.384+0000] {logging_mixin.py:188} INFO - [2026-03-21T21:26:34.384+0000] {dagbag.py:545} INFO - Filling up the DagBag from /opt/airflow/dags/extract_data.py
[2026-03-21T21:26:34.419+0000] {processor.py:840} INFO - DAG(s) 'dag_teste' retrieved from /opt/airflow/dags/extract_data.py
[2026-03-21T21:26:34.498+0000] {logging_mixin.py:188} INFO - [2026-03-21T21:26:34.498+0000] {dag.py:3096} INFO - Sync 1 DAGs
[2026-03-21T21:26:34.518+0000] {logging_mixin.py:188} INFO - [2026-03-21T21:26:34.518+0000] {dag.py:3954} INFO - Setting next_dagrun for dag_teste to None, run_after=None
[2026-03-21T21:26:34.560+0000] {processor.py:183} INFO - Processing /opt/airflow/dags/extract_data.py took 0.190 seconds
[2026-03-21T21:27:04.766+0000] {processor.py:161} INFO - Started process (PID=503) to work on /opt/airflow/dags/extract_data.py
[2026-03-21T21:27:04.784+0000] {processor.py:830} INFO - Processing file /opt/airflow/dags/extract_data.py for tasks to queue
[2026-03-21T21:27:04.786+0000] {logging_mixin.py:188} INFO - [2026-03-21T21:27:04.785+0000] {dagbag.py:545} INFO - Filling up the DagBag from /opt/airflow/dags/extract_data.py
[2026-03-21T21:27:04.799+0000] {processor.py:840} INFO - DAG(s) 'dag_teste' retrieved from /opt/airflow/dags/extract_data.py
[2026-03-21T21:27:04.837+0000] {logging_mixin.py:188} INFO - [2026-03-21T21:27:04.837+0000] {dag.py:3096} INFO - Sync 1 DAGs
[2026-03-21T21:27:04.854+0000] {logging_mixin.py:188} INFO - [2026-03-21T21:27:04.854+0000] {dag.py:3954} INFO - Setting next_dagrun for dag_teste to None, run_after=None
[2026-03-21T21:27:04.880+0000] {processor.py:183} INFO - Processing /opt/airflow/dags/extract_data.py took 0.122 seconds
[2026-03-21T21:27:35.190+0000] {processor.py:161} INFO - Started process (PID=508) to work on /opt/airflow/dags/extract_data.py
[2026-03-21T21:27:35.191+0000] {processor.py:830} INFO - Processing file /opt/airflow/dags/extract_data.py for tasks to queue
[2026-03-21T21:27:35.193+0000] {logging_mixin.py:188} INFO - [2026-03-21T21:27:35.192+0000] {dagbag.py:545} INFO - Filling up the DagBag from /opt/airflow/dags/extract_data.py
[2026-03-21T21:27:35.206+0000] {processor.py:840} INFO - DAG(s) 'dag_teste' retrieved from /opt/airflow/dags/extract_data.py
[2026-03-21T21:27:35.246+0000] {logging_mixin.py:188} INFO - [2026-03-21T21:27:35.245+0000] {dag.py:3096} INFO - Sync 1 DAGs
[2026-03-21T21:27:35.262+0000] {logging_mixin.py:188} INFO - [2026-03-21T21:27:35.262+0000] {dag.py:3954} INFO - Setting next_dagrun for dag_teste to None, run_after=None
[2026-03-21T21:27:35.287+0000] {processor.py:183} INFO - Processing /opt/airflow/dags/extract_data.py took 0.104 seconds
[2026-03-21T21:28:05.515+0000] {processor.py:161} INFO - Started process (PID=513) to work on /opt/airflow/dags/extract_data.py
[2026-03-21T21:28:05.517+0000] {processor.py:830} INFO - Processing file /opt/airflow/dags/extract_data.py for tasks to queue
[2026-03-21T21:28:05.519+0000] {logging_mixin.py:188} INFO - [2026-03-21T21:28:05.518+0000] {dagbag.py:545} INFO - Filling up the DagBag from /opt/airflow/dags/extract_data.py
[2026-03-21T21:28:05.530+0000] {processor.py:840} INFO - DAG(s) 'dag_teste' retrieved from /opt/airflow/dags/extract_data.py
[2026-03-21T21:28:05.569+0000] {logging_mixin.py:188} INFO - [2026-03-21T21:28:05.569+0000] {dag.py:3096} INFO - Sync 1 DAGs
[2026-03-21T21:28:05.596+0000] {logging_mixin.py:188} INFO - [2026-03-21T21:28:05.595+0000] {dag.py:3954} INFO - Setting next_dagrun for dag_teste to None, run_after=None
[2026-03-21T21:28:05.638+0000] {processor.py:183} INFO - Processing /opt/airflow/dags/extract_data.py took 0.130 seconds
[2026-03-21T21:28:35.917+0000] {processor.py:161} INFO - Started process (PID=518) to work on /opt/airflow/dags/extract_data.py
[2026-03-21T21:28:35.918+0000] {processor.py:830} INFO - Processing file /opt/airflow/dags/extract_data.py for tasks to queue
[2026-03-21T21:28:35.921+0000] {logging_mixin.py:188} INFO - [2026-03-21T21:28:35.920+0000] {dagbag.py:545} INFO - Filling up the DagBag from /opt/airflow/dags/extract_data.py
[2026-03-21T21:28:35.933+0000] {processor.py:840} INFO - DAG(s) 'dag_teste' retrieved from /opt/airflow/dags/extract_data.py
[2026-03-21T21:28:35.972+0000] {logging_mixin.py:188} INFO - [2026-03-21T21:28:35.972+0000] {dag.py:3096} INFO - Sync 1 DAGs
[2026-03-21T21:28:35.989+0000] {logging_mixin.py:188} INFO - [2026-03-21T21:28:35.988+0000] {dag.py:3954} INFO - Setting next_dagrun for dag_teste to None, run_after=None
[2026-03-21T21:28:36.024+0000] {processor.py:183} INFO - Processing /opt/airflow/dags/extract_data.py took 0.114 seconds
[2026-03-21T21:29:06.313+0000] {processor.py:161} INFO - Started process (PID=523) to work on /opt/airflow/dags/extract_data.py
[2026-03-21T21:29:06.315+0000] {processor.py:830} INFO - Processing file /opt/airflow/dags/extract_data.py for tasks to queue
[2026-03-21T21:29:06.317+0000] {logging_mixin.py:188} INFO - [2026-03-21T21:29:06.317+0000] {dagbag.py:545} INFO - Filling up the DagBag from /opt/airflow/dags/extract_data.py
[2026-03-21T21:29:06.334+0000] {processor.py:840} INFO - DAG(s) 'dag_teste' retrieved from /opt/airflow/dags/extract_data.py
[2026-03-21T21:29:06.423+0000] {logging_mixin.py:188} INFO - [2026-03-21T21:29:06.421+0000] {dag.py:3096} INFO - Sync 1 DAGs
[2026-03-21T21:29:06.448+0000] {logging_mixin.py:188} INFO - [2026-03-21T21:29:06.448+0000] {dag.py:3954} INFO - Setting next_dagrun for dag_teste to None, run_after=None
[2026-03-21T21:29:06.498+0000] {processor.py:183} INFO - Processing /opt/airflow/dags/extract_data.py took 0.215 seconds
[2026-03-21T21:29:36.695+0000] {processor.py:161} INFO - Started process (PID=528) to work on /opt/airflow/dags/extract_data.py
[2026-03-21T21:29:36.698+0000] {processor.py:830} INFO - Processing file /opt/airflow/dags/extract_data.py for tasks to queue
[2026-03-21T21:29:36.702+0000] {logging_mixin.py:188} INFO - [2026-03-21T21:29:36.702+0000] {dagbag.py:545} INFO - Filling up the DagBag from /opt/airflow/dags/extract_data.py
[2026-03-21T21:29:36.724+0000] {processor.py:840} INFO - DAG(s) 'dag_teste' retrieved from /opt/airflow/dags/extract_data.py
[2026-03-21T21:29:36.772+0000] {logging_mixin.py:188} INFO - [2026-03-21T21:29:36.771+0000] {dag.py:3096} INFO - Sync 1 DAGs
[2026-03-21T21:29:36.798+0000] {logging_mixin.py:188} INFO - [2026-03-21T21:29:36.798+0000] {dag.py:3954} INFO - Setting next_dagrun for dag_teste to None, run_after=None
[2026-03-21T21:29:36.971+0000] {processor.py:183} INFO - Processing /opt/airflow/dags/extract_data.py took 0.139 seconds
[2026-03-21T21:30:07.303+0000] {processor.py:161} INFO - Started process (PID=533) to work on /opt/airflow/dags/extract_data.py
[2026-03-21T21:30:07.305+0000] {processor.py:830} INFO - Processing file /opt/airflow/dags/extract_data.py for tasks to queue
[2026-03-21T21:30:07.308+0000] {logging_mixin.py:188} INFO - [2026-03-21T21:30:07.307+0000] {dagbag.py:545} INFO - Filling up the DagBag from /opt/airflow/dags/extract_data.py
[2026-03-21T21:30:07.325+0000] {processor.py:840} INFO - DAG(s) 'dag_teste' retrieved from /opt/airflow/dags/extract_data.py
[2026-03-21T21:30:07.380+0000] {logging_mixin.py:188} INFO - [2026-03-21T21:30:07.379+0000] {dag.py:3096} INFO - Sync 1 DAGs
[2026-03-21T21:30:07.416+0000] {logging_mixin.py:188} INFO - [2026-03-21T21:30:07.415+0000] {dag.py:3954} INFO - Setting next_dagrun for dag_teste to None, run_after=None
[2026-03-21T21:30:07.450+0000] {processor.py:183} INFO - Processing /opt/airflow/dags/extract_data.py took 0.154 seconds
[2026-03-21T21:30:37.669+0000] {processor.py:161} INFO - Started process (PID=538) to work on /opt/airflow/dags/extract_data.py
[2026-03-21T21:30:37.671+0000] {processor.py:830} INFO - Processing file /opt/airflow/dags/extract_data.py for tasks to queue
[2026-03-21T21:30:37.673+0000] {logging_mixin.py:188} INFO - [2026-03-21T21:30:37.673+0000] {dagbag.py:545} INFO - Filling up the DagBag from /opt/airflow/dags/extract_data.py
[2026-03-21T21:30:37.701+0000] {processor.py:840} INFO - DAG(s) 'dag_teste' retrieved from /opt/airflow/dags/extract_data.py
[2026-03-21T21:30:37.754+0000] {logging_mixin.py:188} INFO - [2026-03-21T21:30:37.754+0000] {dag.py:3096} INFO - Sync 1 DAGs
[2026-03-21T21:30:37.782+0000] {logging_mixin.py:188} INFO - [2026-03-21T21:30:37.782+0000] {dag.py:3954} INFO - Setting next_dagrun for dag_teste to None, run_after=None
[2026-03-21T21:30:37.816+0000] {processor.py:183} INFO - Processing /opt/airflow/dags/extract_data.py took 0.161 seconds
[2026-03-21T21:31:08.315+0000] {processor.py:161} INFO - Started process (PID=552) to work on /opt/airflow/dags/extract_data.py
[2026-03-21T21:31:08.321+0000] {processor.py:830} INFO - Processing file /opt/airflow/dags/extract_data.py for tasks to queue
[2026-03-21T21:31:08.346+0000] {logging_mixin.py:188} INFO - [2026-03-21T21:31:08.341+0000] {dagbag.py:545} INFO - Filling up the DagBag from /opt/airflow/dags/extract_data.py
[2026-03-21T21:31:08.503+0000] {processor.py:840} INFO - DAG(s) 'dag_teste' retrieved from /opt/airflow/dags/extract_data.py
[2026-03-21T21:31:08.735+0000] {logging_mixin.py:188} INFO - [2026-03-21T21:31:08.734+0000] {dag.py:3096} INFO - Sync 1 DAGs
[2026-03-21T21:31:09.026+0000] {logging_mixin.py:188} INFO - [2026-03-21T21:31:09.026+0000] {dag.py:3954} INFO - Setting next_dagrun for dag_teste to None, run_after=None
[2026-03-21T21:31:09.191+0000] {processor.py:183} INFO - Processing /opt/airflow/dags/extract_data.py took 0.906 seconds
[2026-03-21T21:31:39.603+0000] {processor.py:161} INFO - Started process (PID=566) to work on /opt/airflow/dags/extract_data.py
[2026-03-21T21:31:39.605+0000] {processor.py:830} INFO - Processing file /opt/airflow/dags/extract_data.py for tasks to queue
[2026-03-21T21:31:39.609+0000] {logging_mixin.py:188} INFO - [2026-03-21T21:31:39.609+0000] {dagbag.py:545} INFO - Filling up the DagBag from /opt/airflow/dags/extract_data.py
[2026-03-21T21:31:39.627+0000] {processor.py:840} INFO - DAG(s) 'dag_teste' retrieved from /opt/airflow/dags/extract_data.py
[2026-03-21T21:31:39.670+0000] {logging_mixin.py:188} INFO - [2026-03-21T21:31:39.670+0000] {dag.py:3096} INFO - Sync 1 DAGs
[2026-03-21T21:31:39.691+0000] {logging_mixin.py:188} INFO - [2026-03-21T21:31:39.690+0000] {dag.py:3954} INFO - Setting next_dagrun for dag_teste to None, run_after=None
[2026-03-21T21:31:39.721+0000] {processor.py:183} INFO - Processing /opt/airflow/dags/extract_data.py took 0.128 seconds
[2026-03-21T21:32:09.947+0000] {processor.py:161} INFO - Started process (PID=571) to work on /opt/airflow/dags/extract_data.py
[2026-03-21T21:32:09.948+0000] {processor.py:830} INFO - Processing file /opt/airflow/dags/extract_data.py for tasks to queue
[2026-03-21T21:32:09.951+0000] {logging_mixin.py:188} INFO - [2026-03-21T21:32:09.950+0000] {dagbag.py:545} INFO - Filling up the DagBag from /opt/airflow/dags/extract_data.py
[2026-03-21T21:32:09.967+0000] {processor.py:840} INFO - DAG(s) 'dag_teste' retrieved from /opt/airflow/dags/extract_data.py
[2026-03-21T21:32:10.007+0000] {logging_mixin.py:188} INFO - [2026-03-21T21:32:10.006+0000] {dag.py:3096} INFO - Sync 1 DAGs
[2026-03-21T21:32:10.023+0000] {logging_mixin.py:188} INFO - [2026-03-21T21:32:10.023+0000] {dag.py:3954} INFO - Setting next_dagrun for dag_teste to None, run_after=None
[2026-03-21T21:32:10.050+0000] {processor.py:183} INFO - Processing /opt/airflow/dags/extract_data.py took 0.110 seconds
[2026-03-21T21:32:40.368+0000] {processor.py:161} INFO - Started process (PID=576) to work on /opt/airflow/dags/extract_data.py
[2026-03-21T21:32:40.370+0000] {processor.py:830} INFO - Processing file /opt/airflow/dags/extract_data.py for tasks to queue
[2026-03-21T21:32:40.374+0000] {logging_mixin.py:188} INFO - [2026-03-21T21:32:40.373+0000] {dagbag.py:545} INFO - Filling up the DagBag from /opt/airflow/dags/extract_data.py
[2026-03-21T21:32:40.389+0000] {processor.py:840} INFO - DAG(s) 'dag_teste' retrieved from /opt/airflow/dags/extract_data.py
[2026-03-21T21:32:40.432+0000] {logging_mixin.py:188} INFO - [2026-03-21T21:32:40.431+0000] {dag.py:3096} INFO - Sync 1 DAGs
[2026-03-21T21:32:40.451+0000] {logging_mixin.py:188} INFO - [2026-03-21T21:32:40.451+0000] {dag.py:3954} INFO - Setting next_dagrun for dag_teste to None, run_after=None
[2026-03-21T21:32:40.487+0000] {processor.py:183} INFO - Processing /opt/airflow/dags/extract_data.py took 0.125 seconds
[2026-03-21T21:33:10.696+0000] {processor.py:161} INFO - Started process (PID=581) to work on /opt/airflow/dags/extract_data.py
[2026-03-21T21:33:10.697+0000] {processor.py:830} INFO - Processing file /opt/airflow/dags/extract_data.py for tasks to queue
[2026-03-21T21:33:10.699+0000] {logging_mixin.py:188} INFO - [2026-03-21T21:33:10.699+0000] {dagbag.py:545} INFO - Filling up the DagBag from /opt/airflow/dags/extract_data.py
[2026-03-21T21:33:10.713+0000] {processor.py:840} INFO - DAG(s) 'dag_teste' retrieved from /opt/airflow/dags/extract_data.py
[2026-03-21T21:33:10.756+0000] {logging_mixin.py:188} INFO - [2026-03-21T21:33:10.756+0000] {dag.py:3096} INFO - Sync 1 DAGs
[2026-03-21T21:33:10.772+0000] {logging_mixin.py:188} INFO - [2026-03-21T21:33:10.772+0000] {dag.py:3954} INFO - Setting next_dagrun for dag_teste to None, run_after=None
[2026-03-21T21:33:10.799+0000] {processor.py:183} INFO - Processing /opt/airflow/dags/extract_data.py took 0.111 seconds
[2026-03-21T21:33:41.136+0000] {processor.py:161} INFO - Started process (PID=586) to work on /opt/airflow/dags/extract_data.py
[2026-03-21T21:33:41.138+0000] {processor.py:830} INFO - Processing file /opt/airflow/dags/extract_data.py for tasks to queue
[2026-03-21T21:33:41.140+0000] {logging_mixin.py:188} INFO - [2026-03-21T21:33:41.139+0000] {dagbag.py:545} INFO - Filling up the DagBag from /opt/airflow/dags/extract_data.py
[2026-03-21T21:33:41.152+0000] {processor.py:840} INFO - DAG(s) 'dag_teste' retrieved from /opt/airflow/dags/extract_data.py
[2026-03-21T21:33:41.189+0000] {logging_mixin.py:188} INFO - [2026-03-21T21:33:41.189+0000] {dag.py:3096} INFO - Sync 1 DAGs
[2026-03-21T21:33:41.206+0000] {logging_mixin.py:188} INFO - [2026-03-21T21:33:41.206+0000] {dag.py:3954} INFO - Setting next_dagrun for dag_teste to None, run_after=None
[2026-03-21T21:33:41.236+0000] {processor.py:183} INFO - Processing /opt/airflow/dags/extract_data.py took 0.107 seconds
[2026-03-21T21:34:11.461+0000] {processor.py:161} INFO - Started process (PID=591) to work on /opt/airflow/dags/extract_data.py
[2026-03-21T21:34:11.462+0000] {processor.py:830} INFO - Processing file /opt/airflow/dags/extract_data.py for tasks to queue
[2026-03-21T21:34:11.464+0000] {logging_mixin.py:188} INFO - [2026-03-21T21:34:11.464+0000] {dagbag.py:545} INFO - Filling up the DagBag from /opt/airflow/dags/extract_data.py
[2026-03-21T21:34:11.479+0000] {processor.py:840} INFO - DAG(s) 'dag_teste' retrieved from /opt/airflow/dags/extract_data.py
[2026-03-21T21:34:11.519+0000] {logging_mixin.py:188} INFO - [2026-03-21T21:34:11.518+0000] {dag.py:3096} INFO - Sync 1 DAGs
[2026-03-21T21:34:11.537+0000] {logging_mixin.py:188} INFO - [2026-03-21T21:34:11.536+0000] {dag.py:3954} INFO - Setting next_dagrun for dag_teste to None, run_after=None
[2026-03-21T21:34:11.564+0000] {processor.py:183} INFO - Processing /opt/airflow/dags/extract_data.py took 0.112 seconds
[2026-03-21T21:34:41.883+0000] {processor.py:161} INFO - Started process (PID=596) to work on /opt/airflow/dags/extract_data.py
[2026-03-21T21:34:41.885+0000] {processor.py:830} INFO - Processing file /opt/airflow/dags/extract_data.py for tasks to queue
[2026-03-21T21:34:41.888+0000] {logging_mixin.py:188} INFO - [2026-03-21T21:34:41.887+0000] {dagbag.py:545} INFO - Filling up the DagBag from /opt/airflow/dags/extract_data.py
[2026-03-21T21:34:41.899+0000] {processor.py:840} INFO - DAG(s) 'dag_teste' retrieved from /opt/airflow/dags/extract_data.py
[2026-03-21T21:34:41.938+0000] {logging_mixin.py:188} INFO - [2026-03-21T21:34:41.938+0000] {dag.py:3096} INFO - Sync 1 DAGs
[2026-03-21T21:34:41.955+0000] {logging_mixin.py:188} INFO - [2026-03-21T21:34:41.954+0000] {dag.py:3954} INFO - Setting next_dagrun for dag_teste to None, run_after=None
[2026-03-21T21:34:41.985+0000] {processor.py:183} INFO - Processing /opt/airflow/dags/extract_data.py took 0.108 seconds
[2026-03-21T21:35:12.194+0000] {processor.py:161} INFO - Started process (PID=601) to work on /opt/airflow/dags/extract_data.py
[2026-03-21T21:35:12.196+0000] {processor.py:830} INFO - Processing file /opt/airflow/dags/extract_data.py for tasks to queue
[2026-03-21T21:35:12.198+0000] {logging_mixin.py:188} INFO - [2026-03-21T21:35:12.198+0000] {dagbag.py:545} INFO - Filling up the DagBag from /opt/airflow/dags/extract_data.py
[2026-03-21T21:35:12.218+0000] {processor.py:840} INFO - DAG(s) 'dag_teste' retrieved from /opt/airflow/dags/extract_data.py
[2026-03-21T21:35:12.257+0000] {logging_mixin.py:188} INFO - [2026-03-21T21:35:12.257+0000] {dag.py:3096} INFO - Sync 1 DAGs
[2026-03-21T21:35:12.275+0000] {logging_mixin.py:188} INFO - [2026-03-21T21:35:12.274+0000] {dag.py:3954} INFO - Setting next_dagrun for dag_teste to None, run_after=None
[2026-03-21T21:35:12.304+0000] {processor.py:183} INFO - Processing /opt/airflow/dags/extract_data.py took 0.119 seconds
[2026-03-21T21:35:42.629+0000] {processor.py:161} INFO - Started process (PID=606) to work on /opt/airflow/dags/extract_data.py
[2026-03-21T21:35:42.668+0000] {processor.py:830} INFO - Processing file /opt/airflow/dags/extract_data.py for tasks to queue
[2026-03-21T21:35:42.670+0000] {logging_mixin.py:188} INFO - [2026-03-21T21:35:42.670+0000] {dagbag.py:545} INFO - Filling up the DagBag from /opt/airflow/dags/extract_data.py
[2026-03-21T21:35:42.686+0000] {processor.py:840} INFO - DAG(s) 'dag_teste' retrieved from /opt/airflow/dags/extract_data.py
[2026-03-21T21:35:42.736+0000] {logging_mixin.py:188} INFO - [2026-03-21T21:35:42.736+0000] {dag.py:3096} INFO - Sync 1 DAGs
[2026-03-21T21:35:42.753+0000] {logging_mixin.py:188} INFO - [2026-03-21T21:35:42.753+0000] {dag.py:3954} INFO - Setting next_dagrun for dag_teste to None, run_after=None
[2026-03-21T21:35:42.810+0000] {processor.py:183} INFO - Processing /opt/airflow/dags/extract_data.py took 0.188 seconds
[2026-03-21T21:35:55.778+0000] {processor.py:161} INFO - Started process (PID=611) to work on /opt/airflow/dags/extract_data.py
[2026-03-21T21:35:55.780+0000] {processor.py:830} INFO - Processing file /opt/airflow/dags/extract_data.py for tasks to queue
[2026-03-21T21:35:55.784+0000] {logging_mixin.py:188} INFO - [2026-03-21T21:35:55.783+0000] {dagbag.py:545} INFO - Filling up the DagBag from /opt/airflow/dags/extract_data.py
[2026-03-21T21:35:55.801+0000] {logging_mixin.py:188} INFO - [2026-03-21T21:35:55.794+0000] {dagbag.py:355} ERROR - Failed to import: /opt/airflow/dags/extract_data.py
Traceback (most recent call last):
  File "/home/airflow/.local/lib/python3.12/site-packages/airflow/models/dagbag.py", line 351, in parse
    loader.exec_module(new_module)
  File "<frozen importlib._bootstrap_external>", line 995, in exec_module
  File "<frozen importlib._bootstrap>", line 488, in _call_with_frames_removed
  File "/opt/airflow/dags/extract_data.py", line 7, in <module>
    from extract_questions import extract_all_questions
ModuleNotFoundError: No module named 'extract_questions'
[2026-03-21T21:35:55.802+0000] {processor.py:842} WARNING - No viable dags retrieved from /opt/airflow/dags/extract_data.py
[2026-03-21T21:35:55.847+0000] {processor.py:183} INFO - Processing /opt/airflow/dags/extract_data.py took 0.088 seconds
[2026-03-21T21:36:11.096+0000] {processor.py:161} INFO - Started process (PID=616) to work on /opt/airflow/dags/extract_data.py
[2026-03-21T21:36:11.097+0000] {processor.py:830} INFO - Processing file /opt/airflow/dags/extract_data.py for tasks to queue
[2026-03-21T21:36:11.100+0000] {logging_mixin.py:188} INFO - [2026-03-21T21:36:11.099+0000] {dagbag.py:545} INFO - Filling up the DagBag from /opt/airflow/dags/extract_data.py
[2026-03-21T21:36:11.109+0000] {logging_mixin.py:188} INFO - [2026-03-21T21:36:11.107+0000] {dagbag.py:355} ERROR - Failed to import: /opt/airflow/dags/extract_data.py
Traceback (most recent call last):
  File "/home/airflow/.local/lib/python3.12/site-packages/airflow/models/dagbag.py", line 351, in parse
    loader.exec_module(new_module)
  File "<frozen importlib._bootstrap_external>", line 995, in exec_module
  File "<frozen importlib._bootstrap>", line 488, in _call_with_frames_removed
  File "/opt/airflow/dags/extract_data.py", line 7, in <module>
    from extract_questions import extract_all_questions
ModuleNotFoundError: No module named 'extract_questions'
[2026-03-21T21:36:11.110+0000] {processor.py:842} WARNING - No viable dags retrieved from /opt/airflow/dags/extract_data.py
[2026-03-21T21:36:11.146+0000] {processor.py:183} INFO - Processing /opt/airflow/dags/extract_data.py took 0.057 seconds
[2026-03-21T21:36:14.137+0000] {processor.py:161} INFO - Started process (PID=621) to work on /opt/airflow/dags/extract_data.py
[2026-03-21T21:36:14.138+0000] {processor.py:830} INFO - Processing file /opt/airflow/dags/extract_data.py for tasks to queue
[2026-03-21T21:36:14.141+0000] {logging_mixin.py:188} INFO - [2026-03-21T21:36:14.141+0000] {dagbag.py:545} INFO - Filling up the DagBag from /opt/airflow/dags/extract_data.py
[2026-03-21T21:36:14.148+0000] {logging_mixin.py:188} INFO - [2026-03-21T21:36:14.147+0000] {dagbag.py:355} ERROR - Failed to import: /opt/airflow/dags/extract_data.py
Traceback (most recent call last):
  File "/home/airflow/.local/lib/python3.12/site-packages/airflow/models/dagbag.py", line 351, in parse
    loader.exec_module(new_module)
  File "<frozen importlib._bootstrap_external>", line 995, in exec_module
  File "<frozen importlib._bootstrap>", line 488, in _call_with_frames_removed
  File "/opt/airflow/dags/extract_data.py", line 7, in <module>
    from extract_questions import extract_all_questions
ModuleNotFoundError: No module named 'extract_questions'
[2026-03-21T21:36:14.149+0000] {processor.py:842} WARNING - No viable dags retrieved from /opt/airflow/dags/extract_data.py
[2026-03-21T21:36:14.181+0000] {processor.py:183} INFO - Processing /opt/airflow/dags/extract_data.py took 0.054 seconds
[2026-03-21T21:36:16.220+0000] {processor.py:161} INFO - Started process (PID=626) to work on /opt/airflow/dags/extract_data.py
[2026-03-21T21:36:16.221+0000] {processor.py:830} INFO - Processing file /opt/airflow/dags/extract_data.py for tasks to queue
[2026-03-21T21:36:16.223+0000] {logging_mixin.py:188} INFO - [2026-03-21T21:36:16.222+0000] {dagbag.py:545} INFO - Filling up the DagBag from /opt/airflow/dags/extract_data.py
[2026-03-21T21:36:16.227+0000] {logging_mixin.py:188} INFO - [2026-03-21T21:36:16.226+0000] {dagbag.py:355} ERROR - Failed to import: /opt/airflow/dags/extract_data.py
Traceback (most recent call last):
  File "/home/airflow/.local/lib/python3.12/site-packages/airflow/models/dagbag.py", line 351, in parse
    loader.exec_module(new_module)
  File "<frozen importlib._bootstrap_external>", line 995, in exec_module
  File "<frozen importlib._bootstrap>", line 488, in _call_with_frames_removed
  File "/opt/airflow/dags/extract_data.py", line 7, in <module>
    from extract_questions import extract_all_questions
ModuleNotFoundError: No module named 'extract_questions'
[2026-03-21T21:36:16.228+0000] {processor.py:842} WARNING - No viable dags retrieved from /opt/airflow/dags/extract_data.py
[2026-03-21T21:36:16.255+0000] {processor.py:183} INFO - Processing /opt/airflow/dags/extract_data.py took 0.044 seconds
[2026-03-21T21:36:47.002+0000] {processor.py:161} INFO - Started process (PID=631) to work on /opt/airflow/dags/extract_data.py
[2026-03-21T21:36:47.005+0000] {processor.py:830} INFO - Processing file /opt/airflow/dags/extract_data.py for tasks to queue
[2026-03-21T21:36:47.010+0000] {logging_mixin.py:188} INFO - [2026-03-21T21:36:47.008+0000] {dagbag.py:545} INFO - Filling up the DagBag from /opt/airflow/dags/extract_data.py
[2026-03-21T21:36:47.023+0000] {logging_mixin.py:188} INFO - [2026-03-21T21:36:47.020+0000] {dagbag.py:355} ERROR - Failed to import: /opt/airflow/dags/extract_data.py
Traceback (most recent call last):
  File "/home/airflow/.local/lib/python3.12/site-packages/airflow/models/dagbag.py", line 351, in parse
    loader.exec_module(new_module)
  File "<frozen importlib._bootstrap_external>", line 995, in exec_module
  File "<frozen importlib._bootstrap>", line 488, in _call_with_frames_removed
  File "/opt/airflow/dags/extract_data.py", line 7, in <module>
    from extract_questions import extract_all_questions
ImportError: cannot import name 'extract_all_questions' from 'extract_questions' (/opt/airflow/dags/extract_questions.py)
[2026-03-21T21:36:47.025+0000] {processor.py:842} WARNING - No viable dags retrieved from /opt/airflow/dags/extract_data.py
[2026-03-21T21:36:47.084+0000] {processor.py:183} INFO - Processing /opt/airflow/dags/extract_data.py took 0.097 seconds
[2026-03-21T21:37:17.503+0000] {processor.py:161} INFO - Started process (PID=636) to work on /opt/airflow/dags/extract_data.py
[2026-03-21T21:37:17.505+0000] {processor.py:830} INFO - Processing file /opt/airflow/dags/extract_data.py for tasks to queue
[2026-03-21T21:37:17.509+0000] {logging_mixin.py:188} INFO - [2026-03-21T21:37:17.506+0000] {dagbag.py:545} INFO - Filling up the DagBag from /opt/airflow/dags/extract_data.py
[2026-03-21T21:37:17.629+0000] {processor.py:840} INFO - DAG(s) 'dag_enem_extraction' retrieved from /opt/airflow/dags/extract_data.py
[2026-03-21T21:37:18.554+0000] {logging_mixin.py:188} INFO - [2026-03-21T21:37:18.553+0000] {override.py:1829} INFO - Created Permission View: can delete on DAG:dag_enem_extraction
[2026-03-21T21:37:18.575+0000] {logging_mixin.py:188} INFO - [2026-03-21T21:37:18.574+0000] {override.py:1829} INFO - Created Permission View: can read on DAG:dag_enem_extraction
[2026-03-21T21:37:18.585+0000] {logging_mixin.py:188} INFO - [2026-03-21T21:37:18.585+0000] {override.py:1829} INFO - Created Permission View: can edit on DAG:dag_enem_extraction
[2026-03-21T21:37:18.586+0000] {logging_mixin.py:188} INFO - [2026-03-21T21:37:18.586+0000] {dag.py:3096} INFO - Sync 1 DAGs
[2026-03-21T21:37:18.615+0000] {logging_mixin.py:188} INFO - [2026-03-21T21:37:18.615+0000] {dag.py:3118} INFO - Creating ORM DAG for dag_enem_extraction
[2026-03-21T21:37:18.617+0000] {logging_mixin.py:188} INFO - [2026-03-21T21:37:18.617+0000] {dag.py:3954} INFO - Setting next_dagrun for dag_enem_extraction to None, run_after=None
[2026-03-21T21:37:18.671+0000] {processor.py:183} INFO - Processing /opt/airflow/dags/extract_data.py took 1.247 seconds
[2026-03-21T21:37:48.876+0000] {processor.py:161} INFO - Started process (PID=641) to work on /opt/airflow/dags/extract_data.py
[2026-03-21T21:37:48.879+0000] {processor.py:830} INFO - Processing file /opt/airflow/dags/extract_data.py for tasks to queue
[2026-03-21T21:37:48.887+0000] {logging_mixin.py:188} INFO - [2026-03-21T21:37:48.883+0000] {dagbag.py:545} INFO - Filling up the DagBag from /opt/airflow/dags/extract_data.py
[2026-03-21T21:37:48.963+0000] {processor.py:840} INFO - DAG(s) 'dag_enem_extraction' retrieved from /opt/airflow/dags/extract_data.py
[2026-03-21T21:37:49.041+0000] {logging_mixin.py:188} INFO - [2026-03-21T21:37:49.040+0000] {dag.py:3096} INFO - Sync 1 DAGs
[2026-03-21T21:37:49.093+0000] {logging_mixin.py:188} INFO - [2026-03-21T21:37:49.092+0000] {dag.py:3954} INFO - Setting next_dagrun for dag_enem_extraction to None, run_after=None
[2026-03-21T21:37:49.141+0000] {processor.py:183} INFO - Processing /opt/airflow/dags/extract_data.py took 0.303 seconds
[2026-03-21T21:38:19.348+0000] {processor.py:161} INFO - Started process (PID=661) to work on /opt/airflow/dags/extract_data.py
[2026-03-21T21:38:19.350+0000] {processor.py:830} INFO - Processing file /opt/airflow/dags/extract_data.py for tasks to queue
[2026-03-21T21:38:19.352+0000] {logging_mixin.py:188} INFO - [2026-03-21T21:38:19.351+0000] {dagbag.py:545} INFO - Filling up the DagBag from /opt/airflow/dags/extract_data.py
[2026-03-21T21:38:19.369+0000] {processor.py:840} INFO - DAG(s) 'dag_enem_extraction' retrieved from /opt/airflow/dags/extract_data.py
[2026-03-21T21:38:19.414+0000] {logging_mixin.py:188} INFO - [2026-03-21T21:38:19.413+0000] {dag.py:3096} INFO - Sync 1 DAGs
[2026-03-21T21:38:19.433+0000] {logging_mixin.py:188} INFO - [2026-03-21T21:38:19.433+0000] {dag.py:3954} INFO - Setting next_dagrun for dag_enem_extraction to None, run_after=None
[2026-03-21T21:38:19.459+0000] {processor.py:183} INFO - Processing /opt/airflow/dags/extract_data.py took 0.120 seconds
[2026-03-21T21:38:50.220+0000] {processor.py:161} INFO - Started process (PID=666) to work on /opt/airflow/dags/extract_data.py
[2026-03-21T21:38:50.222+0000] {processor.py:830} INFO - Processing file /opt/airflow/dags/extract_data.py for tasks to queue
[2026-03-21T21:38:50.224+0000] {logging_mixin.py:188} INFO - [2026-03-21T21:38:50.223+0000] {dagbag.py:545} INFO - Filling up the DagBag from /opt/airflow/dags/extract_data.py
[2026-03-21T21:38:50.243+0000] {processor.py:840} INFO - DAG(s) 'dag_enem_extraction' retrieved from /opt/airflow/dags/extract_data.py
[2026-03-21T21:38:50.289+0000] {logging_mixin.py:188} INFO - [2026-03-21T21:38:50.289+0000] {dag.py:3096} INFO - Sync 1 DAGs
[2026-03-21T21:38:50.307+0000] {logging_mixin.py:188} INFO - [2026-03-21T21:38:50.307+0000] {dag.py:3954} INFO - Setting next_dagrun for dag_enem_extraction to None, run_after=None
[2026-03-21T21:38:50.334+0000] {processor.py:183} INFO - Processing /opt/airflow/dags/extract_data.py took 0.128 seconds
[2026-03-21T21:39:20.530+0000] {processor.py:161} INFO - Started process (PID=671) to work on /opt/airflow/dags/extract_data.py
[2026-03-21T21:39:20.532+0000] {processor.py:830} INFO - Processing file /opt/airflow/dags/extract_data.py for tasks to queue
[2026-03-21T21:39:20.533+0000] {logging_mixin.py:188} INFO - [2026-03-21T21:39:20.533+0000] {dagbag.py:545} INFO - Filling up the DagBag from /opt/airflow/dags/extract_data.py
[2026-03-21T21:39:20.555+0000] {processor.py:840} INFO - DAG(s) 'dag_enem_extraction' retrieved from /opt/airflow/dags/extract_data.py
[2026-03-21T21:39:20.638+0000] {logging_mixin.py:188} INFO - [2026-03-21T21:39:20.638+0000] {dag.py:3096} INFO - Sync 1 DAGs
[2026-03-21T21:39:20.693+0000] {logging_mixin.py:188} INFO - [2026-03-21T21:39:20.692+0000] {dag.py:3954} INFO - Setting next_dagrun for dag_enem_extraction to None, run_after=None
[2026-03-21T21:39:20.734+0000] {processor.py:183} INFO - Processing /opt/airflow/dags/extract_data.py took 0.214 seconds
[2026-03-21T21:39:50.952+0000] {processor.py:161} INFO - Started process (PID=676) to work on /opt/airflow/dags/extract_data.py
[2026-03-21T21:39:50.954+0000] {processor.py:830} INFO - Processing file /opt/airflow/dags/extract_data.py for tasks to queue
[2026-03-21T21:39:50.955+0000] {logging_mixin.py:188} INFO - [2026-03-21T21:39:50.955+0000] {dagbag.py:545} INFO - Filling up the DagBag from /opt/airflow/dags/extract_data.py
[2026-03-21T21:39:50.973+0000] {processor.py:840} INFO - DAG(s) 'dag_enem_extraction' retrieved from /opt/airflow/dags/extract_data.py
[2026-03-21T21:39:51.038+0000] {logging_mixin.py:188} INFO - [2026-03-21T21:39:51.038+0000] {dag.py:3096} INFO - Sync 1 DAGs
[2026-03-21T21:39:51.060+0000] {logging_mixin.py:188} INFO - [2026-03-21T21:39:51.060+0000] {dag.py:3954} INFO - Setting next_dagrun for dag_enem_extraction to None, run_after=None
[2026-03-21T21:39:51.087+0000] {processor.py:183} INFO - Processing /opt/airflow/dags/extract_data.py took 0.148 seconds
[2026-03-21T21:41:08.465+0000] {processor.py:161} INFO - Started process (PID=161) to work on /opt/airflow/dags/extract_data.py
[2026-03-21T21:41:08.488+0000] {processor.py:830} INFO - Processing file /opt/airflow/dags/extract_data.py for tasks to queue
[2026-03-21T21:41:08.530+0000] {logging_mixin.py:188} INFO - [2026-03-21T21:41:08.525+0000] {dagbag.py:545} INFO - Filling up the DagBag from /opt/airflow/dags/extract_data.py
[2026-03-21T21:41:08.700+0000] {processor.py:840} INFO - DAG(s) 'dag_enem_extraction' retrieved from /opt/airflow/dags/extract_data.py
[2026-03-21T21:41:09.611+0000] {logging_mixin.py:188} INFO - [2026-03-21T21:41:09.610+0000] {override.py:1829} INFO - Created Permission View: can delete on DAG:dag_enem_extraction
[2026-03-21T21:41:09.631+0000] {logging_mixin.py:188} INFO - [2026-03-21T21:41:09.630+0000] {override.py:1829} INFO - Created Permission View: can edit on DAG:dag_enem_extraction
[2026-03-21T21:41:09.643+0000] {logging_mixin.py:188} INFO - [2026-03-21T21:41:09.643+0000] {override.py:1829} INFO - Created Permission View: can read on DAG:dag_enem_extraction
[2026-03-21T21:41:09.644+0000] {logging_mixin.py:188} INFO - [2026-03-21T21:41:09.644+0000] {dag.py:3096} INFO - Sync 1 DAGs
[2026-03-21T21:41:09.696+0000] {logging_mixin.py:188} INFO - [2026-03-21T21:41:09.696+0000] {dag.py:3118} INFO - Creating ORM DAG for dag_enem_extraction
[2026-03-21T21:41:09.702+0000] {logging_mixin.py:188} INFO - [2026-03-21T21:41:09.702+0000] {dag.py:3954} INFO - Setting next_dagrun for dag_enem_extraction to None, run_after=None
[2026-03-21T21:41:09.807+0000] {processor.py:183} INFO - Processing /opt/airflow/dags/extract_data.py took 1.414 seconds
[2026-03-21T21:41:40.260+0000] {processor.py:161} INFO - Started process (PID=166) to work on /opt/airflow/dags/extract_data.py
[2026-03-21T21:41:40.282+0000] {processor.py:830} INFO - Processing file /opt/airflow/dags/extract_data.py for tasks to queue
[2026-03-21T21:41:40.303+0000] {logging_mixin.py:188} INFO - [2026-03-21T21:41:40.301+0000] {dagbag.py:545} INFO - Filling up the DagBag from /opt/airflow/dags/extract_data.py
[2026-03-21T21:41:40.400+0000] {processor.py:840} INFO - DAG(s) 'dag_enem_extraction' retrieved from /opt/airflow/dags/extract_data.py
[2026-03-21T21:41:40.538+0000] {logging_mixin.py:188} INFO - [2026-03-21T21:41:40.538+0000] {dag.py:3096} INFO - Sync 1 DAGs
[2026-03-21T21:41:40.623+0000] {logging_mixin.py:188} INFO - [2026-03-21T21:41:40.622+0000] {dag.py:3954} INFO - Setting next_dagrun for dag_enem_extraction to None, run_after=None
[2026-03-21T21:41:40.687+0000] {processor.py:183} INFO - Processing /opt/airflow/dags/extract_data.py took 0.556 seconds
[2026-03-21T21:42:11.078+0000] {processor.py:161} INFO - Started process (PID=171) to work on /opt/airflow/dags/extract_data.py
[2026-03-21T21:42:11.087+0000] {processor.py:830} INFO - Processing file /opt/airflow/dags/extract_data.py for tasks to queue
[2026-03-21T21:42:11.102+0000] {logging_mixin.py:188} INFO - [2026-03-21T21:42:11.099+0000] {dagbag.py:545} INFO - Filling up the DagBag from /opt/airflow/dags/extract_data.py
[2026-03-21T21:42:11.160+0000] {processor.py:840} INFO - DAG(s) 'dag_enem_extraction' retrieved from /opt/airflow/dags/extract_data.py
[2026-03-21T21:42:11.301+0000] {logging_mixin.py:188} INFO - [2026-03-21T21:42:11.300+0000] {dag.py:3096} INFO - Sync 1 DAGs
[2026-03-21T21:42:11.359+0000] {logging_mixin.py:188} INFO - [2026-03-21T21:42:11.359+0000] {dag.py:3954} INFO - Setting next_dagrun for dag_enem_extraction to None, run_after=None
[2026-03-21T21:42:11.420+0000] {processor.py:183} INFO - Processing /opt/airflow/dags/extract_data.py took 0.389 seconds
[2026-03-21T21:42:41.969+0000] {processor.py:161} INFO - Started process (PID=176) to work on /opt/airflow/dags/extract_data.py
[2026-03-21T21:42:41.975+0000] {processor.py:830} INFO - Processing file /opt/airflow/dags/extract_data.py for tasks to queue
[2026-03-21T21:42:41.985+0000] {logging_mixin.py:188} INFO - [2026-03-21T21:42:41.983+0000] {dagbag.py:545} INFO - Filling up the DagBag from /opt/airflow/dags/extract_data.py
[2026-03-21T21:42:42.022+0000] {processor.py:840} INFO - DAG(s) 'dag_enem_extraction' retrieved from /opt/airflow/dags/extract_data.py
[2026-03-21T21:42:42.528+0000] {logging_mixin.py:188} INFO - [2026-03-21T21:42:42.527+0000] {dag.py:3096} INFO - Sync 1 DAGs
[2026-03-21T21:42:42.559+0000] {logging_mixin.py:188} INFO - [2026-03-21T21:42:42.559+0000] {dag.py:3954} INFO - Setting next_dagrun for dag_enem_extraction to None, run_after=None
[2026-03-21T21:42:42.601+0000] {processor.py:183} INFO - Processing /opt/airflow/dags/extract_data.py took 0.252 seconds
[2026-03-21T21:43:12.721+0000] {processor.py:161} INFO - Started process (PID=181) to work on /opt/airflow/dags/extract_data.py
[2026-03-21T21:43:12.723+0000] {processor.py:830} INFO - Processing file /opt/airflow/dags/extract_data.py for tasks to queue
[2026-03-21T21:43:12.732+0000] {logging_mixin.py:188} INFO - [2026-03-21T21:43:12.730+0000] {dagbag.py:545} INFO - Filling up the DagBag from /opt/airflow/dags/extract_data.py
[2026-03-21T21:43:12.749+0000] {processor.py:840} INFO - DAG(s) 'dag_enem_extraction' retrieved from /opt/airflow/dags/extract_data.py
[2026-03-21T21:43:12.962+0000] {logging_mixin.py:188} INFO - [2026-03-21T21:43:12.962+0000] {dag.py:3096} INFO - Sync 1 DAGs
[2026-03-21T21:43:12.988+0000] {logging_mixin.py:188} INFO - [2026-03-21T21:43:12.987+0000] {dag.py:3954} INFO - Setting next_dagrun for dag_enem_extraction to None, run_after=None
[2026-03-21T21:43:13.052+0000] {processor.py:183} INFO - Processing /opt/airflow/dags/extract_data.py took 0.357 seconds
[2026-03-21T21:43:43.685+0000] {processor.py:161} INFO - Started process (PID=186) to work on /opt/airflow/dags/extract_data.py
[2026-03-21T21:43:43.688+0000] {processor.py:830} INFO - Processing file /opt/airflow/dags/extract_data.py for tasks to queue
[2026-03-21T21:43:43.697+0000] {logging_mixin.py:188} INFO - [2026-03-21T21:43:43.697+0000] {dagbag.py:545} INFO - Filling up the DagBag from /opt/airflow/dags/extract_data.py
[2026-03-21T21:43:43.723+0000] {processor.py:840} INFO - DAG(s) 'dag_enem_extraction' retrieved from /opt/airflow/dags/extract_data.py
[2026-03-21T21:43:43.769+0000] {logging_mixin.py:188} INFO - [2026-03-21T21:43:43.769+0000] {dag.py:3096} INFO - Sync 1 DAGs
[2026-03-21T21:43:43.786+0000] {logging_mixin.py:188} INFO - [2026-03-21T21:43:43.786+0000] {dag.py:3954} INFO - Setting next_dagrun for dag_enem_extraction to None, run_after=None
[2026-03-21T21:43:43.814+0000] {processor.py:183} INFO - Processing /opt/airflow/dags/extract_data.py took 0.140 seconds
[2026-03-21T21:44:14.209+0000] {processor.py:161} INFO - Started process (PID=191) to work on /opt/airflow/dags/extract_data.py
[2026-03-21T21:44:14.210+0000] {processor.py:830} INFO - Processing file /opt/airflow/dags/extract_data.py for tasks to queue
[2026-03-21T21:44:14.213+0000] {logging_mixin.py:188} INFO - [2026-03-21T21:44:14.212+0000] {dagbag.py:545} INFO - Filling up the DagBag from /opt/airflow/dags/extract_data.py
[2026-03-21T21:44:14.226+0000] {processor.py:840} INFO - DAG(s) 'dag_enem_extraction' retrieved from /opt/airflow/dags/extract_data.py
[2026-03-21T21:44:14.266+0000] {logging_mixin.py:188} INFO - [2026-03-21T21:44:14.266+0000] {dag.py:3096} INFO - Sync 1 DAGs
[2026-03-21T21:44:14.285+0000] {logging_mixin.py:188} INFO - [2026-03-21T21:44:14.285+0000] {dag.py:3954} INFO - Setting next_dagrun for dag_enem_extraction to None, run_after=None
[2026-03-21T21:44:14.318+0000] {processor.py:183} INFO - Processing /opt/airflow/dags/extract_data.py took 0.117 seconds
[2026-03-21T21:44:44.990+0000] {processor.py:161} INFO - Started process (PID=196) to work on /opt/airflow/dags/extract_data.py
[2026-03-21T21:44:44.992+0000] {processor.py:830} INFO - Processing file /opt/airflow/dags/extract_data.py for tasks to queue
[2026-03-21T21:44:44.996+0000] {logging_mixin.py:188} INFO - [2026-03-21T21:44:44.996+0000] {dagbag.py:545} INFO - Filling up the DagBag from /opt/airflow/dags/extract_data.py
[2026-03-21T21:44:45.013+0000] {processor.py:840} INFO - DAG(s) 'dag_enem_extraction' retrieved from /opt/airflow/dags/extract_data.py
[2026-03-21T21:44:45.061+0000] {logging_mixin.py:188} INFO - [2026-03-21T21:44:45.060+0000] {dag.py:3096} INFO - Sync 1 DAGs
[2026-03-21T21:44:45.081+0000] {logging_mixin.py:188} INFO - [2026-03-21T21:44:45.081+0000] {dag.py:3954} INFO - Setting next_dagrun for dag_enem_extraction to None, run_after=None
[2026-03-21T21:44:45.111+0000] {processor.py:183} INFO - Processing /opt/airflow/dags/extract_data.py took 0.131 seconds
[2026-03-21T21:45:15.397+0000] {processor.py:161} INFO - Started process (PID=201) to work on /opt/airflow/dags/extract_data.py
[2026-03-21T21:45:15.399+0000] {processor.py:830} INFO - Processing file /opt/airflow/dags/extract_data.py for tasks to queue
[2026-03-21T21:45:15.406+0000] {logging_mixin.py:188} INFO - [2026-03-21T21:45:15.405+0000] {dagbag.py:545} INFO - Filling up the DagBag from /opt/airflow/dags/extract_data.py
[2026-03-21T21:45:15.425+0000] {processor.py:840} INFO - DAG(s) 'dag_enem_extraction' retrieved from /opt/airflow/dags/extract_data.py
[2026-03-21T21:45:15.509+0000] {logging_mixin.py:188} INFO - [2026-03-21T21:45:15.508+0000] {dag.py:3096} INFO - Sync 1 DAGs
[2026-03-21T21:45:15.544+0000] {logging_mixin.py:188} INFO - [2026-03-21T21:45:15.544+0000] {dag.py:3954} INFO - Setting next_dagrun for dag_enem_extraction to None, run_after=None
[2026-03-21T21:45:15.587+0000] {processor.py:183} INFO - Processing /opt/airflow/dags/extract_data.py took 0.199 seconds
[2026-03-21T21:45:45.803+0000] {processor.py:161} INFO - Started process (PID=206) to work on /opt/airflow/dags/extract_data.py
[2026-03-21T21:45:45.805+0000] {processor.py:830} INFO - Processing file /opt/airflow/dags/extract_data.py for tasks to queue
[2026-03-21T21:45:45.808+0000] {logging_mixin.py:188} INFO - [2026-03-21T21:45:45.807+0000] {dagbag.py:545} INFO - Filling up the DagBag from /opt/airflow/dags/extract_data.py
[2026-03-21T21:45:45.825+0000] {processor.py:840} INFO - DAG(s) 'dag_enem_extraction' retrieved from /opt/airflow/dags/extract_data.py
[2026-03-21T21:45:45.882+0000] {logging_mixin.py:188} INFO - [2026-03-21T21:45:45.882+0000] {dag.py:3096} INFO - Sync 1 DAGs
[2026-03-21T21:45:45.905+0000] {logging_mixin.py:188} INFO - [2026-03-21T21:45:45.904+0000] {dag.py:3954} INFO - Setting next_dagrun for dag_enem_extraction to None, run_after=None
[2026-03-21T21:45:45.939+0000] {processor.py:183} INFO - Processing /opt/airflow/dags/extract_data.py took 0.147 seconds
[2026-03-21T21:46:16.339+0000] {processor.py:161} INFO - Started process (PID=211) to work on /opt/airflow/dags/extract_data.py
[2026-03-21T21:46:16.340+0000] {processor.py:830} INFO - Processing file /opt/airflow/dags/extract_data.py for tasks to queue
[2026-03-21T21:46:16.343+0000] {logging_mixin.py:188} INFO - [2026-03-21T21:46:16.342+0000] {dagbag.py:545} INFO - Filling up the DagBag from /opt/airflow/dags/extract_data.py
[2026-03-21T21:46:16.360+0000] {processor.py:840} INFO - DAG(s) 'dag_enem_extraction' retrieved from /opt/airflow/dags/extract_data.py
[2026-03-21T21:46:16.417+0000] {logging_mixin.py:188} INFO - [2026-03-21T21:46:16.416+0000] {dag.py:3096} INFO - Sync 1 DAGs
[2026-03-21T21:46:16.436+0000] {logging_mixin.py:188} INFO - [2026-03-21T21:46:16.436+0000] {dag.py:3954} INFO - Setting next_dagrun for dag_enem_extraction to None, run_after=None
[2026-03-21T21:46:16.468+0000] {processor.py:183} INFO - Processing /opt/airflow/dags/extract_data.py took 0.137 seconds
[2026-03-21T21:46:47.078+0000] {processor.py:161} INFO - Started process (PID=216) to work on /opt/airflow/dags/extract_data.py
[2026-03-21T21:46:47.080+0000] {processor.py:830} INFO - Processing file /opt/airflow/dags/extract_data.py for tasks to queue
[2026-03-21T21:46:47.082+0000] {logging_mixin.py:188} INFO - [2026-03-21T21:46:47.082+0000] {dagbag.py:545} INFO - Filling up the DagBag from /opt/airflow/dags/extract_data.py
[2026-03-21T21:46:47.096+0000] {processor.py:840} INFO - DAG(s) 'dag_enem_extraction' retrieved from /opt/airflow/dags/extract_data.py
[2026-03-21T21:46:47.141+0000] {logging_mixin.py:188} INFO - [2026-03-21T21:46:47.141+0000] {dag.py:3096} INFO - Sync 1 DAGs
[2026-03-21T21:46:47.163+0000] {logging_mixin.py:188} INFO - [2026-03-21T21:46:47.163+0000] {dag.py:3954} INFO - Setting next_dagrun for dag_enem_extraction to None, run_after=None
[2026-03-21T21:46:47.194+0000] {processor.py:183} INFO - Processing /opt/airflow/dags/extract_data.py took 0.124 seconds
[2026-03-21T21:47:17.973+0000] {processor.py:161} INFO - Started process (PID=221) to work on /opt/airflow/dags/extract_data.py
[2026-03-21T21:47:17.977+0000] {processor.py:830} INFO - Processing file /opt/airflow/dags/extract_data.py for tasks to queue
[2026-03-21T21:47:17.983+0000] {logging_mixin.py:188} INFO - [2026-03-21T21:47:17.982+0000] {dagbag.py:545} INFO - Filling up the DagBag from /opt/airflow/dags/extract_data.py
[2026-03-21T21:47:18.008+0000] {processor.py:840} INFO - DAG(s) 'dag_enem_extraction' retrieved from /opt/airflow/dags/extract_data.py
[2026-03-21T21:47:18.071+0000] {logging_mixin.py:188} INFO - [2026-03-21T21:47:18.070+0000] {dag.py:3096} INFO - Sync 1 DAGs
[2026-03-21T21:47:18.117+0000] {logging_mixin.py:188} INFO - [2026-03-21T21:47:18.117+0000] {dag.py:3954} INFO - Setting next_dagrun for dag_enem_extraction to None, run_after=None
[2026-03-21T21:47:18.164+0000] {processor.py:183} INFO - Processing /opt/airflow/dags/extract_data.py took 0.207 seconds
[2026-03-21T21:47:48.691+0000] {processor.py:161} INFO - Started process (PID=226) to work on /opt/airflow/dags/extract_data.py
[2026-03-21T21:47:48.693+0000] {processor.py:830} INFO - Processing file /opt/airflow/dags/extract_data.py for tasks to queue
[2026-03-21T21:47:48.695+0000] {logging_mixin.py:188} INFO - [2026-03-21T21:47:48.694+0000] {dagbag.py:545} INFO - Filling up the DagBag from /opt/airflow/dags/extract_data.py
[2026-03-21T21:47:48.709+0000] {processor.py:840} INFO - DAG(s) 'dag_enem_extraction' retrieved from /opt/airflow/dags/extract_data.py
[2026-03-21T21:47:48.752+0000] {logging_mixin.py:188} INFO - [2026-03-21T21:47:48.752+0000] {dag.py:3096} INFO - Sync 1 DAGs
[2026-03-21T21:47:48.786+0000] {logging_mixin.py:188} INFO - [2026-03-21T21:47:48.786+0000] {dag.py:3954} INFO - Setting next_dagrun for dag_enem_extraction to None, run_after=None
[2026-03-21T21:47:48.836+0000] {processor.py:183} INFO - Processing /opt/airflow/dags/extract_data.py took 0.152 seconds
[2026-03-21T21:48:19.031+0000] {processor.py:161} INFO - Started process (PID=237) to work on /opt/airflow/dags/extract_data.py
[2026-03-21T21:48:19.051+0000] {processor.py:830} INFO - Processing file /opt/airflow/dags/extract_data.py for tasks to queue
[2026-03-21T21:48:19.054+0000] {logging_mixin.py:188} INFO - [2026-03-21T21:48:19.054+0000] {dagbag.py:545} INFO - Filling up the DagBag from /opt/airflow/dags/extract_data.py
[2026-03-21T21:48:19.069+0000] {processor.py:840} INFO - DAG(s) 'dag_enem_extraction' retrieved from /opt/airflow/dags/extract_data.py
[2026-03-21T21:48:19.112+0000] {logging_mixin.py:188} INFO - [2026-03-21T21:48:19.111+0000] {dag.py:3096} INFO - Sync 1 DAGs
[2026-03-21T21:48:19.128+0000] {logging_mixin.py:188} INFO - [2026-03-21T21:48:19.128+0000] {dag.py:3954} INFO - Setting next_dagrun for dag_enem_extraction to None, run_after=None
[2026-03-21T21:48:19.153+0000] {processor.py:183} INFO - Processing /opt/airflow/dags/extract_data.py took 0.130 seconds
[2026-03-21T21:48:49.780+0000] {processor.py:161} INFO - Started process (PID=242) to work on /opt/airflow/dags/extract_data.py
[2026-03-21T21:48:49.782+0000] {processor.py:830} INFO - Processing file /opt/airflow/dags/extract_data.py for tasks to queue
[2026-03-21T21:48:49.786+0000] {logging_mixin.py:188} INFO - [2026-03-21T21:48:49.786+0000] {dagbag.py:545} INFO - Filling up the DagBag from /opt/airflow/dags/extract_data.py
[2026-03-21T21:48:49.801+0000] {processor.py:840} INFO - DAG(s) 'dag_enem_extraction' retrieved from /opt/airflow/dags/extract_data.py
[2026-03-21T21:48:49.844+0000] {logging_mixin.py:188} INFO - [2026-03-21T21:48:49.844+0000] {dag.py:3096} INFO - Sync 1 DAGs
[2026-03-21T21:48:49.861+0000] {logging_mixin.py:188} INFO - [2026-03-21T21:48:49.860+0000] {dag.py:3954} INFO - Setting next_dagrun for dag_enem_extraction to None, run_after=None
[2026-03-21T21:48:49.885+0000] {processor.py:183} INFO - Processing /opt/airflow/dags/extract_data.py took 0.113 seconds
[2026-03-21T21:49:20.242+0000] {processor.py:161} INFO - Started process (PID=247) to work on /opt/airflow/dags/extract_data.py
[2026-03-21T21:49:20.244+0000] {processor.py:830} INFO - Processing file /opt/airflow/dags/extract_data.py for tasks to queue
[2026-03-21T21:49:20.246+0000] {logging_mixin.py:188} INFO - [2026-03-21T21:49:20.246+0000] {dagbag.py:545} INFO - Filling up the DagBag from /opt/airflow/dags/extract_data.py
[2026-03-21T21:49:20.261+0000] {processor.py:840} INFO - DAG(s) 'dag_enem_extraction' retrieved from /opt/airflow/dags/extract_data.py
[2026-03-21T21:49:20.304+0000] {logging_mixin.py:188} INFO - [2026-03-21T21:49:20.304+0000] {dag.py:3096} INFO - Sync 1 DAGs
[2026-03-21T21:49:20.321+0000] {logging_mixin.py:188} INFO - [2026-03-21T21:49:20.321+0000] {dag.py:3954} INFO - Setting next_dagrun for dag_enem_extraction to None, run_after=None
[2026-03-21T21:49:20.346+0000] {processor.py:183} INFO - Processing /opt/airflow/dags/extract_data.py took 0.111 seconds
[2026-03-21T21:49:50.611+0000] {processor.py:161} INFO - Started process (PID=252) to work on /opt/airflow/dags/extract_data.py
[2026-03-21T21:49:50.612+0000] {processor.py:830} INFO - Processing file /opt/airflow/dags/extract_data.py for tasks to queue
[2026-03-21T21:49:50.615+0000] {logging_mixin.py:188} INFO - [2026-03-21T21:49:50.614+0000] {dagbag.py:545} INFO - Filling up the DagBag from /opt/airflow/dags/extract_data.py
[2026-03-21T21:49:50.630+0000] {processor.py:840} INFO - DAG(s) 'dag_enem_extraction' retrieved from /opt/airflow/dags/extract_data.py
[2026-03-21T21:49:50.670+0000] {logging_mixin.py:188} INFO - [2026-03-21T21:49:50.669+0000] {dag.py:3096} INFO - Sync 1 DAGs
[2026-03-21T21:49:50.687+0000] {logging_mixin.py:188} INFO - [2026-03-21T21:49:50.686+0000] {dag.py:3954} INFO - Setting next_dagrun for dag_enem_extraction to None, run_after=None
[2026-03-21T21:49:50.712+0000] {processor.py:183} INFO - Processing /opt/airflow/dags/extract_data.py took 0.109 seconds
[2026-03-21T21:50:21.040+0000] {processor.py:161} INFO - Started process (PID=257) to work on /opt/airflow/dags/extract_data.py
[2026-03-21T21:50:21.042+0000] {processor.py:830} INFO - Processing file /opt/airflow/dags/extract_data.py for tasks to queue
[2026-03-21T21:50:21.045+0000] {logging_mixin.py:188} INFO - [2026-03-21T21:50:21.044+0000] {dagbag.py:545} INFO - Filling up the DagBag from /opt/airflow/dags/extract_data.py
[2026-03-21T21:50:21.061+0000] {processor.py:840} INFO - DAG(s) 'dag_enem_extraction' retrieved from /opt/airflow/dags/extract_data.py
[2026-03-21T21:50:21.106+0000] {logging_mixin.py:188} INFO - [2026-03-21T21:50:21.106+0000] {dag.py:3096} INFO - Sync 1 DAGs
[2026-03-21T21:50:21.126+0000] {logging_mixin.py:188} INFO - [2026-03-21T21:50:21.126+0000] {dag.py:3954} INFO - Setting next_dagrun for dag_enem_extraction to None, run_after=None
[2026-03-21T21:50:21.159+0000] {processor.py:183} INFO - Processing /opt/airflow/dags/extract_data.py took 0.129 seconds
[2026-03-21T21:50:51.808+0000] {processor.py:161} INFO - Started process (PID=272) to work on /opt/airflow/dags/extract_data.py
[2026-03-21T21:50:51.809+0000] {processor.py:830} INFO - Processing file /opt/airflow/dags/extract_data.py for tasks to queue
[2026-03-21T21:50:51.812+0000] {logging_mixin.py:188} INFO - [2026-03-21T21:50:51.811+0000] {dagbag.py:545} INFO - Filling up the DagBag from /opt/airflow/dags/extract_data.py
[2026-03-21T21:50:51.828+0000] {processor.py:840} INFO - DAG(s) 'dag_enem_extraction' retrieved from /opt/airflow/dags/extract_data.py
[2026-03-21T21:50:51.879+0000] {logging_mixin.py:188} INFO - [2026-03-21T21:50:51.879+0000] {dag.py:3096} INFO - Sync 1 DAGs
[2026-03-21T21:50:51.897+0000] {logging_mixin.py:188} INFO - [2026-03-21T21:50:51.897+0000] {dag.py:3954} INFO - Setting next_dagrun for dag_enem_extraction to None, run_after=None
[2026-03-21T21:50:51.928+0000] {processor.py:183} INFO - Processing /opt/airflow/dags/extract_data.py took 0.128 seconds
[2026-03-21T21:51:22.285+0000] {processor.py:161} INFO - Started process (PID=277) to work on /opt/airflow/dags/extract_data.py
[2026-03-21T21:51:22.287+0000] {processor.py:830} INFO - Processing file /opt/airflow/dags/extract_data.py for tasks to queue
[2026-03-21T21:51:22.289+0000] {logging_mixin.py:188} INFO - [2026-03-21T21:51:22.289+0000] {dagbag.py:545} INFO - Filling up the DagBag from /opt/airflow/dags/extract_data.py
[2026-03-21T21:51:22.305+0000] {processor.py:840} INFO - DAG(s) 'dag_enem_extraction' retrieved from /opt/airflow/dags/extract_data.py
[2026-03-21T21:51:22.405+0000] {logging_mixin.py:188} INFO - [2026-03-21T21:51:22.404+0000] {dag.py:3096} INFO - Sync 1 DAGs
[2026-03-21T21:51:22.425+0000] {logging_mixin.py:188} INFO - [2026-03-21T21:51:22.425+0000] {dag.py:3954} INFO - Setting next_dagrun for dag_enem_extraction to None, run_after=None
[2026-03-21T21:51:22.451+0000] {processor.py:183} INFO - Processing /opt/airflow/dags/extract_data.py took 0.177 seconds
[2026-03-21T21:51:52.822+0000] {processor.py:161} INFO - Started process (PID=282) to work on /opt/airflow/dags/extract_data.py
[2026-03-21T21:51:52.824+0000] {processor.py:830} INFO - Processing file /opt/airflow/dags/extract_data.py for tasks to queue
[2026-03-21T21:51:52.827+0000] {logging_mixin.py:188} INFO - [2026-03-21T21:51:52.826+0000] {dagbag.py:545} INFO - Filling up the DagBag from /opt/airflow/dags/extract_data.py
[2026-03-21T21:51:52.843+0000] {processor.py:840} INFO - DAG(s) 'dag_enem_extraction' retrieved from /opt/airflow/dags/extract_data.py
[2026-03-21T21:51:52.890+0000] {logging_mixin.py:188} INFO - [2026-03-21T21:51:52.890+0000] {dag.py:3096} INFO - Sync 1 DAGs
[2026-03-21T21:51:52.909+0000] {logging_mixin.py:188} INFO - [2026-03-21T21:51:52.909+0000] {dag.py:3954} INFO - Setting next_dagrun for dag_enem_extraction to None, run_after=None
[2026-03-21T21:51:52.942+0000] {processor.py:183} INFO - Processing /opt/airflow/dags/extract_data.py took 0.127 seconds
[2026-03-21T21:52:23.587+0000] {processor.py:161} INFO - Started process (PID=287) to work on /opt/airflow/dags/extract_data.py
[2026-03-21T21:52:23.588+0000] {processor.py:830} INFO - Processing file /opt/airflow/dags/extract_data.py for tasks to queue
[2026-03-21T21:52:23.591+0000] {logging_mixin.py:188} INFO - [2026-03-21T21:52:23.591+0000] {dagbag.py:545} INFO - Filling up the DagBag from /opt/airflow/dags/extract_data.py
[2026-03-21T21:52:23.610+0000] {processor.py:840} INFO - DAG(s) 'dag_enem_extraction' retrieved from /opt/airflow/dags/extract_data.py
[2026-03-21T21:52:23.659+0000] {logging_mixin.py:188} INFO - [2026-03-21T21:52:23.659+0000] {dag.py:3096} INFO - Sync 1 DAGs
[2026-03-21T21:52:23.678+0000] {logging_mixin.py:188} INFO - [2026-03-21T21:52:23.678+0000] {dag.py:3954} INFO - Setting next_dagrun for dag_enem_extraction to None, run_after=None
[2026-03-21T21:52:23.706+0000] {processor.py:183} INFO - Processing /opt/airflow/dags/extract_data.py took 0.127 seconds
[2026-03-21T21:52:54.461+0000] {processor.py:161} INFO - Started process (PID=292) to work on /opt/airflow/dags/extract_data.py
[2026-03-21T21:52:54.463+0000] {processor.py:830} INFO - Processing file /opt/airflow/dags/extract_data.py for tasks to queue
[2026-03-21T21:52:54.468+0000] {logging_mixin.py:188} INFO - [2026-03-21T21:52:54.467+0000] {dagbag.py:545} INFO - Filling up the DagBag from /opt/airflow/dags/extract_data.py
[2026-03-21T21:52:54.484+0000] {processor.py:840} INFO - DAG(s) 'dag_enem_extraction' retrieved from /opt/airflow/dags/extract_data.py
[2026-03-21T21:52:54.542+0000] {logging_mixin.py:188} INFO - [2026-03-21T21:52:54.542+0000] {dag.py:3096} INFO - Sync 1 DAGs
[2026-03-21T21:52:54.559+0000] {logging_mixin.py:188} INFO - [2026-03-21T21:52:54.558+0000] {dag.py:3954} INFO - Setting next_dagrun for dag_enem_extraction to None, run_after=None
[2026-03-21T21:52:54.585+0000] {processor.py:183} INFO - Processing /opt/airflow/dags/extract_data.py took 0.135 seconds
[2026-03-21T21:53:25.191+0000] {processor.py:161} INFO - Started process (PID=297) to work on /opt/airflow/dags/extract_data.py
[2026-03-21T21:53:25.193+0000] {processor.py:830} INFO - Processing file /opt/airflow/dags/extract_data.py for tasks to queue
[2026-03-21T21:53:25.196+0000] {logging_mixin.py:188} INFO - [2026-03-21T21:53:25.195+0000] {dagbag.py:545} INFO - Filling up the DagBag from /opt/airflow/dags/extract_data.py
[2026-03-21T21:53:25.211+0000] {processor.py:840} INFO - DAG(s) 'dag_enem_extraction' retrieved from /opt/airflow/dags/extract_data.py
[2026-03-21T21:53:25.257+0000] {logging_mixin.py:188} INFO - [2026-03-21T21:53:25.257+0000] {dag.py:3096} INFO - Sync 1 DAGs
[2026-03-21T21:53:25.273+0000] {logging_mixin.py:188} INFO - [2026-03-21T21:53:25.273+0000] {dag.py:3954} INFO - Setting next_dagrun for dag_enem_extraction to None, run_after=None
[2026-03-21T21:53:25.296+0000] {processor.py:183} INFO - Processing /opt/airflow/dags/extract_data.py took 0.114 seconds
[2026-03-21T21:53:56.084+0000] {processor.py:161} INFO - Started process (PID=302) to work on /opt/airflow/dags/extract_data.py
[2026-03-21T21:53:56.086+0000] {processor.py:830} INFO - Processing file /opt/airflow/dags/extract_data.py for tasks to queue
[2026-03-21T21:53:56.089+0000] {logging_mixin.py:188} INFO - [2026-03-21T21:53:56.089+0000] {dagbag.py:545} INFO - Filling up the DagBag from /opt/airflow/dags/extract_data.py
[2026-03-21T21:53:56.114+0000] {processor.py:840} INFO - DAG(s) 'dag_enem_extraction' retrieved from /opt/airflow/dags/extract_data.py
[2026-03-21T21:53:56.153+0000] {logging_mixin.py:188} INFO - [2026-03-21T21:53:56.153+0000] {dag.py:3096} INFO - Sync 1 DAGs
[2026-03-21T21:53:56.168+0000] {logging_mixin.py:188} INFO - [2026-03-21T21:53:56.168+0000] {dag.py:3954} INFO - Setting next_dagrun for dag_enem_extraction to None, run_after=None
[2026-03-21T21:53:56.194+0000] {processor.py:183} INFO - Processing /opt/airflow/dags/extract_data.py took 0.117 seconds
[2026-03-21T21:54:44.878+0000] {processor.py:161} INFO - Started process (PID=161) to work on /opt/airflow/dags/extract_data.py
[2026-03-21T21:54:44.885+0000] {processor.py:830} INFO - Processing file /opt/airflow/dags/extract_data.py for tasks to queue
[2026-03-21T21:54:44.900+0000] {logging_mixin.py:188} INFO - [2026-03-21T21:54:44.898+0000] {dagbag.py:545} INFO - Filling up the DagBag from /opt/airflow/dags/extract_data.py
[2026-03-21T21:54:44.997+0000] {processor.py:840} INFO - DAG(s) 'dag_enem_extraction' retrieved from /opt/airflow/dags/extract_data.py
[2026-03-21T21:54:45.700+0000] {logging_mixin.py:188} INFO - [2026-03-21T21:54:45.699+0000] {override.py:1829} INFO - Created Permission View: can delete on DAG:dag_enem_extraction
[2026-03-21T21:54:45.719+0000] {logging_mixin.py:188} INFO - [2026-03-21T21:54:45.718+0000] {override.py:1829} INFO - Created Permission View: can edit on DAG:dag_enem_extraction
[2026-03-21T21:54:45.729+0000] {logging_mixin.py:188} INFO - [2026-03-21T21:54:45.729+0000] {override.py:1829} INFO - Created Permission View: can read on DAG:dag_enem_extraction
[2026-03-21T21:54:45.730+0000] {logging_mixin.py:188} INFO - [2026-03-21T21:54:45.730+0000] {dag.py:3096} INFO - Sync 1 DAGs
[2026-03-21T21:54:45.764+0000] {logging_mixin.py:188} INFO - [2026-03-21T21:54:45.764+0000] {dag.py:3118} INFO - Creating ORM DAG for dag_enem_extraction
[2026-03-21T21:54:45.766+0000] {logging_mixin.py:188} INFO - [2026-03-21T21:54:45.766+0000] {dag.py:3954} INFO - Setting next_dagrun for dag_enem_extraction to None, run_after=None
[2026-03-21T21:54:45.802+0000] {processor.py:183} INFO - Processing /opt/airflow/dags/extract_data.py took 0.944 seconds
[2026-03-21T21:55:16.585+0000] {processor.py:161} INFO - Started process (PID=166) to work on /opt/airflow/dags/extract_data.py
[2026-03-21T21:55:16.587+0000] {processor.py:830} INFO - Processing file /opt/airflow/dags/extract_data.py for tasks to queue
[2026-03-21T21:55:16.597+0000] {logging_mixin.py:188} INFO - [2026-03-21T21:55:16.595+0000] {dagbag.py:545} INFO - Filling up the DagBag from /opt/airflow/dags/extract_data.py
[2026-03-21T21:55:16.666+0000] {processor.py:840} INFO - DAG(s) 'dag_enem_extraction' retrieved from /opt/airflow/dags/extract_data.py
[2026-03-21T21:55:16.785+0000] {logging_mixin.py:188} INFO - [2026-03-21T21:55:16.784+0000] {dag.py:3096} INFO - Sync 1 DAGs
[2026-03-21T21:55:16.808+0000] {logging_mixin.py:188} INFO - [2026-03-21T21:55:16.808+0000] {dag.py:3954} INFO - Setting next_dagrun for dag_enem_extraction to None, run_after=None
[2026-03-21T21:55:16.840+0000] {processor.py:183} INFO - Processing /opt/airflow/dags/extract_data.py took 0.267 seconds
[2026-03-21T21:55:47.353+0000] {processor.py:161} INFO - Started process (PID=171) to work on /opt/airflow/dags/extract_data.py
[2026-03-21T21:55:47.355+0000] {processor.py:830} INFO - Processing file /opt/airflow/dags/extract_data.py for tasks to queue
[2026-03-21T21:55:47.359+0000] {logging_mixin.py:188} INFO - [2026-03-21T21:55:47.358+0000] {dagbag.py:545} INFO - Filling up the DagBag from /opt/airflow/dags/extract_data.py
[2026-03-21T21:55:47.383+0000] {processor.py:840} INFO - DAG(s) 'dag_enem_extraction' retrieved from /opt/airflow/dags/extract_data.py
[2026-03-21T21:55:47.445+0000] {logging_mixin.py:188} INFO - [2026-03-21T21:55:47.444+0000] {dag.py:3096} INFO - Sync 1 DAGs
[2026-03-21T21:55:47.478+0000] {logging_mixin.py:188} INFO - [2026-03-21T21:55:47.478+0000] {dag.py:3954} INFO - Setting next_dagrun for dag_enem_extraction to None, run_after=None
[2026-03-21T21:55:47.526+0000] {processor.py:183} INFO - Processing /opt/airflow/dags/extract_data.py took 0.192 seconds
[2026-03-21T21:56:18.362+0000] {processor.py:161} INFO - Started process (PID=185) to work on /opt/airflow/dags/extract_data.py
[2026-03-21T21:56:18.364+0000] {processor.py:830} INFO - Processing file /opt/airflow/dags/extract_data.py for tasks to queue
[2026-03-21T21:56:18.367+0000] {logging_mixin.py:188} INFO - [2026-03-21T21:56:18.366+0000] {dagbag.py:545} INFO - Filling up the DagBag from /opt/airflow/dags/extract_data.py
[2026-03-21T21:56:18.388+0000] {processor.py:840} INFO - DAG(s) 'dag_enem_extraction' retrieved from /opt/airflow/dags/extract_data.py
[2026-03-21T21:56:18.439+0000] {logging_mixin.py:188} INFO - [2026-03-21T21:56:18.438+0000] {dag.py:3096} INFO - Sync 1 DAGs
[2026-03-21T21:56:18.463+0000] {logging_mixin.py:188} INFO - [2026-03-21T21:56:18.462+0000] {dag.py:3954} INFO - Setting next_dagrun for dag_enem_extraction to None, run_after=None
[2026-03-21T21:56:18.494+0000] {processor.py:183} INFO - Processing /opt/airflow/dags/extract_data.py took 0.144 seconds
[2026-03-21T21:56:49.230+0000] {processor.py:161} INFO - Started process (PID=196) to work on /opt/airflow/dags/extract_data.py
[2026-03-21T21:56:49.232+0000] {processor.py:830} INFO - Processing file /opt/airflow/dags/extract_data.py for tasks to queue
[2026-03-21T21:56:49.236+0000] {logging_mixin.py:188} INFO - [2026-03-21T21:56:49.235+0000] {dagbag.py:545} INFO - Filling up the DagBag from /opt/airflow/dags/extract_data.py
[2026-03-21T21:56:49.251+0000] {processor.py:840} INFO - DAG(s) 'dag_enem_extraction' retrieved from /opt/airflow/dags/extract_data.py
[2026-03-21T21:56:49.304+0000] {logging_mixin.py:188} INFO - [2026-03-21T21:56:49.304+0000] {dag.py:3096} INFO - Sync 1 DAGs
[2026-03-21T21:56:49.329+0000] {logging_mixin.py:188} INFO - [2026-03-21T21:56:49.328+0000] {dag.py:3954} INFO - Setting next_dagrun for dag_enem_extraction to None, run_after=None
[2026-03-21T21:56:49.361+0000] {processor.py:183} INFO - Processing /opt/airflow/dags/extract_data.py took 0.140 seconds
[2026-03-21T21:57:20.102+0000] {processor.py:161} INFO - Started process (PID=201) to work on /opt/airflow/dags/extract_data.py
[2026-03-21T21:57:20.104+0000] {processor.py:830} INFO - Processing file /opt/airflow/dags/extract_data.py for tasks to queue
[2026-03-21T21:57:20.108+0000] {logging_mixin.py:188} INFO - [2026-03-21T21:57:20.107+0000] {dagbag.py:545} INFO - Filling up the DagBag from /opt/airflow/dags/extract_data.py
[2026-03-21T21:57:20.118+0000] {processor.py:840} INFO - DAG(s) 'dag_enem_extraction' retrieved from /opt/airflow/dags/extract_data.py
[2026-03-21T21:57:20.160+0000] {logging_mixin.py:188} INFO - [2026-03-21T21:57:20.159+0000] {dag.py:3096} INFO - Sync 1 DAGs
[2026-03-21T21:57:20.177+0000] {logging_mixin.py:188} INFO - [2026-03-21T21:57:20.176+0000] {dag.py:3954} INFO - Setting next_dagrun for dag_enem_extraction to None, run_after=None
[2026-03-21T21:57:20.202+0000] {processor.py:183} INFO - Processing /opt/airflow/dags/extract_data.py took 0.107 seconds
[2026-03-21T21:57:50.897+0000] {processor.py:161} INFO - Started process (PID=206) to work on /opt/airflow/dags/extract_data.py
[2026-03-21T21:57:50.915+0000] {processor.py:830} INFO - Processing file /opt/airflow/dags/extract_data.py for tasks to queue
[2026-03-21T21:57:50.918+0000] {logging_mixin.py:188} INFO - [2026-03-21T21:57:50.918+0000] {dagbag.py:545} INFO - Filling up the DagBag from /opt/airflow/dags/extract_data.py
[2026-03-21T21:57:50.934+0000] {processor.py:840} INFO - DAG(s) 'dag_enem_extraction' retrieved from /opt/airflow/dags/extract_data.py
[2026-03-21T21:57:50.982+0000] {logging_mixin.py:188} INFO - [2026-03-21T21:57:50.981+0000] {dag.py:3096} INFO - Sync 1 DAGs
[2026-03-21T21:57:50.999+0000] {logging_mixin.py:188} INFO - [2026-03-21T21:57:50.999+0000] {dag.py:3954} INFO - Setting next_dagrun for dag_enem_extraction to None, run_after=None
[2026-03-21T21:57:51.030+0000] {processor.py:183} INFO - Processing /opt/airflow/dags/extract_data.py took 0.141 seconds
[2026-03-21T21:58:21.860+0000] {processor.py:161} INFO - Started process (PID=211) to work on /opt/airflow/dags/extract_data.py
[2026-03-21T21:58:21.861+0000] {processor.py:830} INFO - Processing file /opt/airflow/dags/extract_data.py for tasks to queue
[2026-03-21T21:58:21.868+0000] {logging_mixin.py:188} INFO - [2026-03-21T21:58:21.868+0000] {dagbag.py:545} INFO - Filling up the DagBag from /opt/airflow/dags/extract_data.py
[2026-03-21T21:58:21.880+0000] {processor.py:840} INFO - DAG(s) 'dag_enem_extraction' retrieved from /opt/airflow/dags/extract_data.py
[2026-03-21T21:58:21.922+0000] {logging_mixin.py:188} INFO - [2026-03-21T21:58:21.921+0000] {dag.py:3096} INFO - Sync 1 DAGs
[2026-03-21T21:58:21.942+0000] {logging_mixin.py:188} INFO - [2026-03-21T21:58:21.942+0000] {dag.py:3954} INFO - Setting next_dagrun for dag_enem_extraction to None, run_after=None
[2026-03-21T21:58:21.970+0000] {processor.py:183} INFO - Processing /opt/airflow/dags/extract_data.py took 0.117 seconds
[2026-03-21T21:58:52.766+0000] {processor.py:161} INFO - Started process (PID=222) to work on /opt/airflow/dags/extract_data.py
[2026-03-21T21:58:52.768+0000] {processor.py:830} INFO - Processing file /opt/airflow/dags/extract_data.py for tasks to queue
[2026-03-21T21:58:52.771+0000] {logging_mixin.py:188} INFO - [2026-03-21T21:58:52.771+0000] {dagbag.py:545} INFO - Filling up the DagBag from /opt/airflow/dags/extract_data.py
[2026-03-21T21:58:52.785+0000] {processor.py:840} INFO - DAG(s) 'dag_enem_extraction' retrieved from /opt/airflow/dags/extract_data.py
[2026-03-21T21:58:52.835+0000] {logging_mixin.py:188} INFO - [2026-03-21T21:58:52.835+0000] {dag.py:3096} INFO - Sync 1 DAGs
[2026-03-21T21:58:52.857+0000] {logging_mixin.py:188} INFO - [2026-03-21T21:58:52.856+0000] {dag.py:3954} INFO - Setting next_dagrun for dag_enem_extraction to None, run_after=None
[2026-03-21T21:58:52.891+0000] {processor.py:183} INFO - Processing /opt/airflow/dags/extract_data.py took 0.132 seconds
[2026-03-21T22:00:16.641+0000] {processor.py:161} INFO - Started process (PID=160) to work on /opt/airflow/dags/extract_data.py
[2026-03-21T22:00:16.650+0000] {processor.py:830} INFO - Processing file /opt/airflow/dags/extract_data.py for tasks to queue
[2026-03-21T22:00:16.669+0000] {logging_mixin.py:188} INFO - [2026-03-21T22:00:16.666+0000] {dagbag.py:545} INFO - Filling up the DagBag from /opt/airflow/dags/extract_data.py
[2026-03-21T22:00:16.774+0000] {processor.py:840} INFO - DAG(s) 'dag_enem_extraction' retrieved from /opt/airflow/dags/extract_data.py
[2026-03-21T22:00:17.615+0000] {logging_mixin.py:188} INFO - [2026-03-21T22:00:17.614+0000] {override.py:1829} INFO - Created Permission View: can read on DAG:dag_enem_extraction
[2026-03-21T22:00:17.635+0000] {logging_mixin.py:188} INFO - [2026-03-21T22:00:17.634+0000] {override.py:1829} INFO - Created Permission View: can delete on DAG:dag_enem_extraction
[2026-03-21T22:00:17.646+0000] {logging_mixin.py:188} INFO - [2026-03-21T22:00:17.645+0000] {override.py:1829} INFO - Created Permission View: can edit on DAG:dag_enem_extraction
[2026-03-21T22:00:17.647+0000] {logging_mixin.py:188} INFO - [2026-03-21T22:00:17.646+0000] {dag.py:3096} INFO - Sync 1 DAGs
[2026-03-21T22:00:17.689+0000] {logging_mixin.py:188} INFO - [2026-03-21T22:00:17.689+0000] {dag.py:3118} INFO - Creating ORM DAG for dag_enem_extraction
[2026-03-21T22:00:17.693+0000] {logging_mixin.py:188} INFO - [2026-03-21T22:00:17.693+0000] {dag.py:3954} INFO - Setting next_dagrun for dag_enem_extraction to None, run_after=None
[2026-03-21T22:00:17.730+0000] {processor.py:183} INFO - Processing /opt/airflow/dags/extract_data.py took 1.159 seconds
[2026-03-21T22:00:48.359+0000] {processor.py:161} INFO - Started process (PID=166) to work on /opt/airflow/dags/extract_data.py
[2026-03-21T22:00:48.361+0000] {processor.py:830} INFO - Processing file /opt/airflow/dags/extract_data.py for tasks to queue
[2026-03-21T22:00:48.365+0000] {logging_mixin.py:188} INFO - [2026-03-21T22:00:48.364+0000] {dagbag.py:545} INFO - Filling up the DagBag from /opt/airflow/dags/extract_data.py
[2026-03-21T22:00:48.386+0000] {processor.py:840} INFO - DAG(s) 'dag_enem_extraction' retrieved from /opt/airflow/dags/extract_data.py
[2026-03-21T22:00:48.444+0000] {logging_mixin.py:188} INFO - [2026-03-21T22:00:48.444+0000] {dag.py:3096} INFO - Sync 1 DAGs
[2026-03-21T22:00:48.462+0000] {logging_mixin.py:188} INFO - [2026-03-21T22:00:48.462+0000] {dag.py:3954} INFO - Setting next_dagrun for dag_enem_extraction to None, run_after=None
[2026-03-21T22:00:48.491+0000] {processor.py:183} INFO - Processing /opt/airflow/dags/extract_data.py took 0.146 seconds
[2026-03-21T22:01:19.219+0000] {processor.py:161} INFO - Started process (PID=180) to work on /opt/airflow/dags/extract_data.py
[2026-03-21T22:01:19.221+0000] {processor.py:830} INFO - Processing file /opt/airflow/dags/extract_data.py for tasks to queue
[2026-03-21T22:01:19.224+0000] {logging_mixin.py:188} INFO - [2026-03-21T22:01:19.223+0000] {dagbag.py:545} INFO - Filling up the DagBag from /opt/airflow/dags/extract_data.py
[2026-03-21T22:01:19.252+0000] {processor.py:840} INFO - DAG(s) 'dag_enem_extraction' retrieved from /opt/airflow/dags/extract_data.py
[2026-03-21T22:01:19.306+0000] {logging_mixin.py:188} INFO - [2026-03-21T22:01:19.305+0000] {dag.py:3096} INFO - Sync 1 DAGs
[2026-03-21T22:01:19.327+0000] {logging_mixin.py:188} INFO - [2026-03-21T22:01:19.325+0000] {dag.py:3954} INFO - Setting next_dagrun for dag_enem_extraction to None, run_after=None
[2026-03-21T22:01:19.363+0000] {processor.py:183} INFO - Processing /opt/airflow/dags/extract_data.py took 0.156 seconds
[2026-03-21T22:01:50.156+0000] {processor.py:161} INFO - Started process (PID=185) to work on /opt/airflow/dags/extract_data.py
[2026-03-21T22:01:50.161+0000] {processor.py:830} INFO - Processing file /opt/airflow/dags/extract_data.py for tasks to queue
[2026-03-21T22:01:50.168+0000] {logging_mixin.py:188} INFO - [2026-03-21T22:01:50.167+0000] {dagbag.py:545} INFO - Filling up the DagBag from /opt/airflow/dags/extract_data.py
[2026-03-21T22:01:50.192+0000] {processor.py:840} INFO - DAG(s) 'dag_enem_extraction' retrieved from /opt/airflow/dags/extract_data.py
[2026-03-21T22:01:50.268+0000] {logging_mixin.py:188} INFO - [2026-03-21T22:01:50.268+0000] {dag.py:3096} INFO - Sync 1 DAGs
[2026-03-21T22:01:50.303+0000] {logging_mixin.py:188} INFO - [2026-03-21T22:01:50.303+0000] {dag.py:3954} INFO - Setting next_dagrun for dag_enem_extraction to None, run_after=None
[2026-03-21T22:01:50.333+0000] {processor.py:183} INFO - Processing /opt/airflow/dags/extract_data.py took 0.200 seconds
[2026-03-21T22:02:21.026+0000] {processor.py:161} INFO - Started process (PID=196) to work on /opt/airflow/dags/extract_data.py
[2026-03-21T22:02:21.042+0000] {processor.py:830} INFO - Processing file /opt/airflow/dags/extract_data.py for tasks to queue
[2026-03-21T22:02:21.045+0000] {logging_mixin.py:188} INFO - [2026-03-21T22:02:21.044+0000] {dagbag.py:545} INFO - Filling up the DagBag from /opt/airflow/dags/extract_data.py
[2026-03-21T22:02:21.059+0000] {processor.py:840} INFO - DAG(s) 'dag_enem_extraction' retrieved from /opt/airflow/dags/extract_data.py
[2026-03-21T22:02:21.100+0000] {logging_mixin.py:188} INFO - [2026-03-21T22:02:21.100+0000] {dag.py:3096} INFO - Sync 1 DAGs
[2026-03-21T22:02:21.115+0000] {logging_mixin.py:188} INFO - [2026-03-21T22:02:21.115+0000] {dag.py:3954} INFO - Setting next_dagrun for dag_enem_extraction to None, run_after=None
[2026-03-21T22:02:21.146+0000] {processor.py:183} INFO - Processing /opt/airflow/dags/extract_data.py took 0.128 seconds
[2026-03-21T22:02:51.639+0000] {processor.py:161} INFO - Started process (PID=201) to work on /opt/airflow/dags/extract_data.py
[2026-03-21T22:02:51.655+0000] {processor.py:830} INFO - Processing file /opt/airflow/dags/extract_data.py for tasks to queue
[2026-03-21T22:02:51.677+0000] {logging_mixin.py:188} INFO - [2026-03-21T22:02:51.676+0000] {dagbag.py:545} INFO - Filling up the DagBag from /opt/airflow/dags/extract_data.py
[2026-03-21T22:02:51.774+0000] {processor.py:840} INFO - DAG(s) 'dag_enem_extraction' retrieved from /opt/airflow/dags/extract_data.py
[2026-03-21T22:02:52.082+0000] {logging_mixin.py:188} INFO - [2026-03-21T22:02:52.080+0000] {dag.py:3096} INFO - Sync 1 DAGs
[2026-03-21T22:02:52.122+0000] {logging_mixin.py:188} INFO - [2026-03-21T22:02:52.122+0000] {dag.py:3954} INFO - Setting next_dagrun for dag_enem_extraction to None, run_after=None
[2026-03-21T22:02:52.170+0000] {processor.py:183} INFO - Processing /opt/airflow/dags/extract_data.py took 0.573 seconds
[2026-03-21T22:03:22.515+0000] {processor.py:161} INFO - Started process (PID=206) to work on /opt/airflow/dags/extract_data.py
[2026-03-21T22:03:22.516+0000] {processor.py:830} INFO - Processing file /opt/airflow/dags/extract_data.py for tasks to queue
[2026-03-21T22:03:22.521+0000] {logging_mixin.py:188} INFO - [2026-03-21T22:03:22.520+0000] {dagbag.py:545} INFO - Filling up the DagBag from /opt/airflow/dags/extract_data.py
[2026-03-21T22:03:22.541+0000] {processor.py:840} INFO - DAG(s) 'dag_enem_extraction' retrieved from /opt/airflow/dags/extract_data.py
[2026-03-21T22:03:22.588+0000] {logging_mixin.py:188} INFO - [2026-03-21T22:03:22.588+0000] {dag.py:3096} INFO - Sync 1 DAGs
[2026-03-21T22:03:22.611+0000] {logging_mixin.py:188} INFO - [2026-03-21T22:03:22.611+0000] {dag.py:3954} INFO - Setting next_dagrun for dag_enem_extraction to None, run_after=None
[2026-03-21T22:03:22.650+0000] {processor.py:183} INFO - Processing /opt/airflow/dags/extract_data.py took 0.146 seconds
[2026-03-21T22:03:53.323+0000] {processor.py:161} INFO - Started process (PID=211) to work on /opt/airflow/dags/extract_data.py
[2026-03-21T22:03:53.324+0000] {processor.py:830} INFO - Processing file /opt/airflow/dags/extract_data.py for tasks to queue
[2026-03-21T22:03:53.336+0000] {logging_mixin.py:188} INFO - [2026-03-21T22:03:53.334+0000] {dagbag.py:545} INFO - Filling up the DagBag from /opt/airflow/dags/extract_data.py
[2026-03-21T22:03:53.357+0000] {processor.py:840} INFO - DAG(s) 'dag_enem_extraction' retrieved from /opt/airflow/dags/extract_data.py
[2026-03-21T22:03:53.482+0000] {logging_mixin.py:188} INFO - [2026-03-21T22:03:53.482+0000] {dag.py:3096} INFO - Sync 1 DAGs
[2026-03-21T22:03:53.529+0000] {logging_mixin.py:188} INFO - [2026-03-21T22:03:53.528+0000] {dag.py:3954} INFO - Setting next_dagrun for dag_enem_extraction to None, run_after=None
[2026-03-21T22:03:53.560+0000] {processor.py:183} INFO - Processing /opt/airflow/dags/extract_data.py took 0.244 seconds
[2026-03-21T22:04:24.278+0000] {processor.py:161} INFO - Started process (PID=216) to work on /opt/airflow/dags/extract_data.py
[2026-03-21T22:04:24.280+0000] {processor.py:830} INFO - Processing file /opt/airflow/dags/extract_data.py for tasks to queue
[2026-03-21T22:04:24.284+0000] {logging_mixin.py:188} INFO - [2026-03-21T22:04:24.284+0000] {dagbag.py:545} INFO - Filling up the DagBag from /opt/airflow/dags/extract_data.py
[2026-03-21T22:04:24.301+0000] {processor.py:840} INFO - DAG(s) 'dag_enem_extraction' retrieved from /opt/airflow/dags/extract_data.py
[2026-03-21T22:04:24.367+0000] {logging_mixin.py:188} INFO - [2026-03-21T22:04:24.366+0000] {dag.py:3096} INFO - Sync 1 DAGs
[2026-03-21T22:04:24.384+0000] {logging_mixin.py:188} INFO - [2026-03-21T22:04:24.383+0000] {dag.py:3954} INFO - Setting next_dagrun for dag_enem_extraction to None, run_after=None
[2026-03-21T22:04:24.410+0000] {processor.py:183} INFO - Processing /opt/airflow/dags/extract_data.py took 0.140 seconds
[2026-03-21T22:04:55.180+0000] {processor.py:161} INFO - Started process (PID=221) to work on /opt/airflow/dags/extract_data.py
[2026-03-21T22:04:55.182+0000] {processor.py:830} INFO - Processing file /opt/airflow/dags/extract_data.py for tasks to queue
[2026-03-21T22:04:55.185+0000] {logging_mixin.py:188} INFO - [2026-03-21T22:04:55.184+0000] {dagbag.py:545} INFO - Filling up the DagBag from /opt/airflow/dags/extract_data.py
[2026-03-21T22:04:55.197+0000] {processor.py:840} INFO - DAG(s) 'dag_enem_extraction' retrieved from /opt/airflow/dags/extract_data.py
[2026-03-21T22:04:55.234+0000] {logging_mixin.py:188} INFO - [2026-03-21T22:04:55.234+0000] {dag.py:3096} INFO - Sync 1 DAGs
[2026-03-21T22:04:55.250+0000] {logging_mixin.py:188} INFO - [2026-03-21T22:04:55.250+0000] {dag.py:3954} INFO - Setting next_dagrun for dag_enem_extraction to None, run_after=None
[2026-03-21T22:04:55.278+0000] {processor.py:183} INFO - Processing /opt/airflow/dags/extract_data.py took 0.106 seconds
[2026-03-21T22:05:26.120+0000] {processor.py:161} INFO - Started process (PID=226) to work on /opt/airflow/dags/extract_data.py
[2026-03-21T22:05:26.139+0000] {processor.py:830} INFO - Processing file /opt/airflow/dags/extract_data.py for tasks to queue
[2026-03-21T22:05:26.142+0000] {logging_mixin.py:188} INFO - [2026-03-21T22:05:26.142+0000] {dagbag.py:545} INFO - Filling up the DagBag from /opt/airflow/dags/extract_data.py
[2026-03-21T22:05:26.161+0000] {processor.py:840} INFO - DAG(s) 'dag_enem_extraction' retrieved from /opt/airflow/dags/extract_data.py
[2026-03-21T22:05:26.221+0000] {logging_mixin.py:188} INFO - [2026-03-21T22:05:26.220+0000] {dag.py:3096} INFO - Sync 1 DAGs
[2026-03-21T22:05:26.247+0000] {logging_mixin.py:188} INFO - [2026-03-21T22:05:26.247+0000] {dag.py:3954} INFO - Setting next_dagrun for dag_enem_extraction to None, run_after=None
[2026-03-21T22:05:26.284+0000] {processor.py:183} INFO - Processing /opt/airflow/dags/extract_data.py took 0.173 seconds
[2026-03-21T22:05:56.928+0000] {processor.py:161} INFO - Started process (PID=240) to work on /opt/airflow/dags/extract_data.py
[2026-03-21T22:05:56.930+0000] {processor.py:830} INFO - Processing file /opt/airflow/dags/extract_data.py for tasks to queue
[2026-03-21T22:05:56.933+0000] {logging_mixin.py:188} INFO - [2026-03-21T22:05:56.932+0000] {dagbag.py:545} INFO - Filling up the DagBag from /opt/airflow/dags/extract_data.py
[2026-03-21T22:05:56.952+0000] {processor.py:840} INFO - DAG(s) 'dag_enem_extraction' retrieved from /opt/airflow/dags/extract_data.py
[2026-03-21T22:05:57.017+0000] {logging_mixin.py:188} INFO - [2026-03-21T22:05:57.017+0000] {dag.py:3096} INFO - Sync 1 DAGs
[2026-03-21T22:05:57.035+0000] {logging_mixin.py:188} INFO - [2026-03-21T22:05:57.035+0000] {dag.py:3954} INFO - Setting next_dagrun for dag_enem_extraction to None, run_after=None
[2026-03-21T22:05:57.065+0000] {processor.py:183} INFO - Processing /opt/airflow/dags/extract_data.py took 0.153 seconds
[2026-03-21T22:06:27.965+0000] {processor.py:161} INFO - Started process (PID=251) to work on /opt/airflow/dags/extract_data.py
[2026-03-21T22:06:27.967+0000] {processor.py:830} INFO - Processing file /opt/airflow/dags/extract_data.py for tasks to queue
[2026-03-21T22:06:27.969+0000] {logging_mixin.py:188} INFO - [2026-03-21T22:06:27.968+0000] {dagbag.py:545} INFO - Filling up the DagBag from /opt/airflow/dags/extract_data.py
[2026-03-21T22:06:27.985+0000] {processor.py:840} INFO - DAG(s) 'dag_enem_extraction' retrieved from /opt/airflow/dags/extract_data.py
[2026-03-21T22:06:28.032+0000] {logging_mixin.py:188} INFO - [2026-03-21T22:06:28.032+0000] {dag.py:3096} INFO - Sync 1 DAGs
[2026-03-21T22:06:28.057+0000] {logging_mixin.py:188} INFO - [2026-03-21T22:06:28.057+0000] {dag.py:3954} INFO - Setting next_dagrun for dag_enem_extraction to None, run_after=None
[2026-03-21T22:06:28.135+0000] {processor.py:183} INFO - Processing /opt/airflow/dags/extract_data.py took 0.178 seconds
[2026-03-21T22:06:58.834+0000] {processor.py:161} INFO - Started process (PID=256) to work on /opt/airflow/dags/extract_data.py
[2026-03-21T22:06:58.839+0000] {processor.py:830} INFO - Processing file /opt/airflow/dags/extract_data.py for tasks to queue
[2026-03-21T22:06:58.841+0000] {logging_mixin.py:188} INFO - [2026-03-21T22:06:58.841+0000] {dagbag.py:545} INFO - Filling up the DagBag from /opt/airflow/dags/extract_data.py
[2026-03-21T22:06:58.867+0000] {processor.py:840} INFO - DAG(s) 'dag_enem_extraction' retrieved from /opt/airflow/dags/extract_data.py
[2026-03-21T22:06:58.946+0000] {logging_mixin.py:188} INFO - [2026-03-21T22:06:58.945+0000] {dag.py:3096} INFO - Sync 1 DAGs
[2026-03-21T22:06:59.035+0000] {logging_mixin.py:188} INFO - [2026-03-21T22:06:59.035+0000] {dag.py:3954} INFO - Setting next_dagrun for dag_enem_extraction to None, run_after=None
[2026-03-21T22:06:59.136+0000] {processor.py:183} INFO - Processing /opt/airflow/dags/extract_data.py took 0.341 seconds
[2026-03-21T22:07:30.106+0000] {processor.py:161} INFO - Started process (PID=261) to work on /opt/airflow/dags/extract_data.py
[2026-03-21T22:07:30.119+0000] {processor.py:830} INFO - Processing file /opt/airflow/dags/extract_data.py for tasks to queue
[2026-03-21T22:07:30.159+0000] {logging_mixin.py:188} INFO - [2026-03-21T22:07:30.153+0000] {dagbag.py:545} INFO - Filling up the DagBag from /opt/airflow/dags/extract_data.py
[2026-03-21T22:07:30.385+0000] {processor.py:840} INFO - DAG(s) 'dag_enem_extraction' retrieved from /opt/airflow/dags/extract_data.py
[2026-03-21T22:07:30.619+0000] {logging_mixin.py:188} INFO - [2026-03-21T22:07:30.618+0000] {dag.py:3096} INFO - Sync 1 DAGs
[2026-03-21T22:07:30.775+0000] {logging_mixin.py:188} INFO - [2026-03-21T22:07:30.774+0000] {dag.py:3954} INFO - Setting next_dagrun for dag_enem_extraction to None, run_after=None
[2026-03-21T22:07:30.912+0000] {processor.py:183} INFO - Processing /opt/airflow/dags/extract_data.py took 1.006 seconds
[2026-03-21T22:08:02.122+0000] {processor.py:161} INFO - Started process (PID=266) to work on /opt/airflow/dags/extract_data.py
[2026-03-21T22:08:02.142+0000] {processor.py:830} INFO - Processing file /opt/airflow/dags/extract_data.py for tasks to queue
[2026-03-21T22:08:02.176+0000] {logging_mixin.py:188} INFO - [2026-03-21T22:08:02.168+0000] {dagbag.py:545} INFO - Filling up the DagBag from /opt/airflow/dags/extract_data.py
[2026-03-21T22:08:02.347+0000] {processor.py:840} INFO - DAG(s) 'dag_enem_extraction' retrieved from /opt/airflow/dags/extract_data.py
[2026-03-21T22:08:02.742+0000] {logging_mixin.py:188} INFO - [2026-03-21T22:08:02.741+0000] {dag.py:3096} INFO - Sync 1 DAGs
[2026-03-21T22:08:02.825+0000] {logging_mixin.py:188} INFO - [2026-03-21T22:08:02.825+0000] {dag.py:3954} INFO - Setting next_dagrun for dag_enem_extraction to None, run_after=None
[2026-03-21T22:08:03.016+0000] {processor.py:183} INFO - Processing /opt/airflow/dags/extract_data.py took 1.014 seconds
[2026-03-21T22:08:33.802+0000] {processor.py:161} INFO - Started process (PID=271) to work on /opt/airflow/dags/extract_data.py
[2026-03-21T22:08:33.804+0000] {processor.py:830} INFO - Processing file /opt/airflow/dags/extract_data.py for tasks to queue
[2026-03-21T22:08:33.808+0000] {logging_mixin.py:188} INFO - [2026-03-21T22:08:33.807+0000] {dagbag.py:545} INFO - Filling up the DagBag from /opt/airflow/dags/extract_data.py
[2026-03-21T22:08:33.825+0000] {processor.py:840} INFO - DAG(s) 'dag_enem_extraction' retrieved from /opt/airflow/dags/extract_data.py
[2026-03-21T22:08:33.878+0000] {logging_mixin.py:188} INFO - [2026-03-21T22:08:33.878+0000] {dag.py:3096} INFO - Sync 1 DAGs
[2026-03-21T22:08:33.898+0000] {logging_mixin.py:188} INFO - [2026-03-21T22:08:33.898+0000] {dag.py:3954} INFO - Setting next_dagrun for dag_enem_extraction to None, run_after=None
[2026-03-21T22:08:33.927+0000] {processor.py:183} INFO - Processing /opt/airflow/dags/extract_data.py took 0.136 seconds
[2026-03-21T22:09:04.727+0000] {processor.py:161} INFO - Started process (PID=276) to work on /opt/airflow/dags/extract_data.py
[2026-03-21T22:09:04.728+0000] {processor.py:830} INFO - Processing file /opt/airflow/dags/extract_data.py for tasks to queue
[2026-03-21T22:09:04.731+0000] {logging_mixin.py:188} INFO - [2026-03-21T22:09:04.730+0000] {dagbag.py:545} INFO - Filling up the DagBag from /opt/airflow/dags/extract_data.py
[2026-03-21T22:09:04.745+0000] {processor.py:840} INFO - DAG(s) 'dag_enem_extraction' retrieved from /opt/airflow/dags/extract_data.py
[2026-03-21T22:09:04.787+0000] {logging_mixin.py:188} INFO - [2026-03-21T22:09:04.787+0000] {dag.py:3096} INFO - Sync 1 DAGs
[2026-03-21T22:09:04.804+0000] {logging_mixin.py:188} INFO - [2026-03-21T22:09:04.803+0000] {dag.py:3954} INFO - Setting next_dagrun for dag_enem_extraction to None, run_after=None
[2026-03-21T22:09:04.834+0000] {processor.py:183} INFO - Processing /opt/airflow/dags/extract_data.py took 0.116 seconds
[2026-03-21T22:09:35.598+0000] {processor.py:161} INFO - Started process (PID=281) to work on /opt/airflow/dags/extract_data.py
[2026-03-21T22:09:35.600+0000] {processor.py:830} INFO - Processing file /opt/airflow/dags/extract_data.py for tasks to queue
[2026-03-21T22:09:35.603+0000] {logging_mixin.py:188} INFO - [2026-03-21T22:09:35.602+0000] {dagbag.py:545} INFO - Filling up the DagBag from /opt/airflow/dags/extract_data.py
[2026-03-21T22:09:35.615+0000] {processor.py:840} INFO - DAG(s) 'dag_enem_extraction' retrieved from /opt/airflow/dags/extract_data.py
[2026-03-21T22:09:35.654+0000] {logging_mixin.py:188} INFO - [2026-03-21T22:09:35.654+0000] {dag.py:3096} INFO - Sync 1 DAGs
[2026-03-21T22:09:35.671+0000] {logging_mixin.py:188} INFO - [2026-03-21T22:09:35.671+0000] {dag.py:3954} INFO - Setting next_dagrun for dag_enem_extraction to None, run_after=None
[2026-03-21T22:09:35.696+0000] {processor.py:183} INFO - Processing /opt/airflow/dags/extract_data.py took 0.105 seconds
[2026-03-21T22:10:06.549+0000] {processor.py:161} INFO - Started process (PID=286) to work on /opt/airflow/dags/extract_data.py
[2026-03-21T22:10:06.550+0000] {processor.py:830} INFO - Processing file /opt/airflow/dags/extract_data.py for tasks to queue
[2026-03-21T22:10:06.553+0000] {logging_mixin.py:188} INFO - [2026-03-21T22:10:06.552+0000] {dagbag.py:545} INFO - Filling up the DagBag from /opt/airflow/dags/extract_data.py
[2026-03-21T22:10:06.571+0000] {processor.py:840} INFO - DAG(s) 'dag_enem_extraction' retrieved from /opt/airflow/dags/extract_data.py
[2026-03-21T22:10:06.616+0000] {logging_mixin.py:188} INFO - [2026-03-21T22:10:06.615+0000] {dag.py:3096} INFO - Sync 1 DAGs
[2026-03-21T22:10:06.640+0000] {logging_mixin.py:188} INFO - [2026-03-21T22:10:06.639+0000] {dag.py:3954} INFO - Setting next_dagrun for dag_enem_extraction to None, run_after=None
[2026-03-21T22:10:06.668+0000] {processor.py:183} INFO - Processing /opt/airflow/dags/extract_data.py took 0.132 seconds
[2026-03-21T22:10:37.504+0000] {processor.py:161} INFO - Started process (PID=296) to work on /opt/airflow/dags/extract_data.py
[2026-03-21T22:10:37.507+0000] {processor.py:830} INFO - Processing file /opt/airflow/dags/extract_data.py for tasks to queue
[2026-03-21T22:10:37.509+0000] {logging_mixin.py:188} INFO - [2026-03-21T22:10:37.509+0000] {dagbag.py:545} INFO - Filling up the DagBag from /opt/airflow/dags/extract_data.py
[2026-03-21T22:10:37.525+0000] {processor.py:840} INFO - DAG(s) 'dag_enem_extraction' retrieved from /opt/airflow/dags/extract_data.py
[2026-03-21T22:10:37.568+0000] {logging_mixin.py:188} INFO - [2026-03-21T22:10:37.568+0000] {dag.py:3096} INFO - Sync 1 DAGs
[2026-03-21T22:10:37.587+0000] {logging_mixin.py:188} INFO - [2026-03-21T22:10:37.587+0000] {dag.py:3954} INFO - Setting next_dagrun for dag_enem_extraction to None, run_after=None
[2026-03-21T22:10:37.615+0000] {processor.py:183} INFO - Processing /opt/airflow/dags/extract_data.py took 0.119 seconds
[2026-03-21T22:11:08.394+0000] {processor.py:161} INFO - Started process (PID=306) to work on /opt/airflow/dags/extract_data.py
[2026-03-21T22:11:08.395+0000] {processor.py:830} INFO - Processing file /opt/airflow/dags/extract_data.py for tasks to queue
[2026-03-21T22:11:08.399+0000] {logging_mixin.py:188} INFO - [2026-03-21T22:11:08.397+0000] {dagbag.py:545} INFO - Filling up the DagBag from /opt/airflow/dags/extract_data.py
[2026-03-21T22:11:08.417+0000] {processor.py:840} INFO - DAG(s) 'dag_enem_extraction' retrieved from /opt/airflow/dags/extract_data.py
[2026-03-21T22:11:08.460+0000] {logging_mixin.py:188} INFO - [2026-03-21T22:11:08.460+0000] {dag.py:3096} INFO - Sync 1 DAGs
[2026-03-21T22:11:08.482+0000] {logging_mixin.py:188} INFO - [2026-03-21T22:11:08.482+0000] {dag.py:3954} INFO - Setting next_dagrun for dag_enem_extraction to None, run_after=None
[2026-03-21T22:11:08.512+0000] {processor.py:183} INFO - Processing /opt/airflow/dags/extract_data.py took 0.126 seconds
[2026-03-21T22:11:39.386+0000] {processor.py:161} INFO - Started process (PID=316) to work on /opt/airflow/dags/extract_data.py
[2026-03-21T22:11:39.388+0000] {processor.py:830} INFO - Processing file /opt/airflow/dags/extract_data.py for tasks to queue
[2026-03-21T22:11:39.390+0000] {logging_mixin.py:188} INFO - [2026-03-21T22:11:39.390+0000] {dagbag.py:545} INFO - Filling up the DagBag from /opt/airflow/dags/extract_data.py
[2026-03-21T22:11:39.408+0000] {processor.py:840} INFO - DAG(s) 'dag_enem_extraction' retrieved from /opt/airflow/dags/extract_data.py
[2026-03-21T22:11:39.451+0000] {logging_mixin.py:188} INFO - [2026-03-21T22:11:39.450+0000] {dag.py:3096} INFO - Sync 1 DAGs
[2026-03-21T22:11:39.467+0000] {logging_mixin.py:188} INFO - [2026-03-21T22:11:39.466+0000] {dag.py:3954} INFO - Setting next_dagrun for dag_enem_extraction to None, run_after=None
[2026-03-21T22:11:39.497+0000] {processor.py:183} INFO - Processing /opt/airflow/dags/extract_data.py took 0.118 seconds
[2026-03-21T22:12:10.457+0000] {processor.py:161} INFO - Started process (PID=326) to work on /opt/airflow/dags/extract_data.py
[2026-03-21T22:12:10.461+0000] {processor.py:830} INFO - Processing file /opt/airflow/dags/extract_data.py for tasks to queue
[2026-03-21T22:12:10.469+0000] {logging_mixin.py:188} INFO - [2026-03-21T22:12:10.468+0000] {dagbag.py:545} INFO - Filling up the DagBag from /opt/airflow/dags/extract_data.py
[2026-03-21T22:12:10.515+0000] {processor.py:840} INFO - DAG(s) 'dag_enem_extraction' retrieved from /opt/airflow/dags/extract_data.py
[2026-03-21T22:12:10.608+0000] {logging_mixin.py:188} INFO - [2026-03-21T22:12:10.607+0000] {dag.py:3096} INFO - Sync 1 DAGs
[2026-03-21T22:12:10.645+0000] {logging_mixin.py:188} INFO - [2026-03-21T22:12:10.645+0000] {dag.py:3954} INFO - Setting next_dagrun for dag_enem_extraction to None, run_after=None
[2026-03-21T22:12:10.693+0000] {processor.py:183} INFO - Processing /opt/airflow/dags/extract_data.py took 0.255 seconds
[2026-03-21T22:12:41.643+0000] {processor.py:161} INFO - Started process (PID=336) to work on /opt/airflow/dags/extract_data.py
[2026-03-21T22:12:41.645+0000] {processor.py:830} INFO - Processing file /opt/airflow/dags/extract_data.py for tasks to queue
[2026-03-21T22:12:41.647+0000] {logging_mixin.py:188} INFO - [2026-03-21T22:12:41.647+0000] {dagbag.py:545} INFO - Filling up the DagBag from /opt/airflow/dags/extract_data.py
[2026-03-21T22:12:41.662+0000] {processor.py:840} INFO - DAG(s) 'dag_enem_extraction' retrieved from /opt/airflow/dags/extract_data.py
[2026-03-21T22:12:41.716+0000] {logging_mixin.py:188} INFO - [2026-03-21T22:12:41.715+0000] {dag.py:3096} INFO - Sync 1 DAGs
[2026-03-21T22:12:41.759+0000] {logging_mixin.py:188} INFO - [2026-03-21T22:12:41.758+0000] {dag.py:3954} INFO - Setting next_dagrun for dag_enem_extraction to None, run_after=None
[2026-03-21T22:12:41.806+0000] {processor.py:183} INFO - Processing /opt/airflow/dags/extract_data.py took 0.173 seconds
[2026-03-21T22:13:12.545+0000] {processor.py:161} INFO - Started process (PID=346) to work on /opt/airflow/dags/extract_data.py
[2026-03-21T22:13:12.547+0000] {processor.py:830} INFO - Processing file /opt/airflow/dags/extract_data.py for tasks to queue
[2026-03-21T22:13:12.559+0000] {logging_mixin.py:188} INFO - [2026-03-21T22:13:12.557+0000] {dagbag.py:545} INFO - Filling up the DagBag from /opt/airflow/dags/extract_data.py
[2026-03-21T22:13:12.589+0000] {processor.py:840} INFO - DAG(s) 'dag_enem_extraction' retrieved from /opt/airflow/dags/extract_data.py
[2026-03-21T22:13:12.636+0000] {logging_mixin.py:188} INFO - [2026-03-21T22:13:12.636+0000] {dag.py:3096} INFO - Sync 1 DAGs
[2026-03-21T22:13:12.652+0000] {logging_mixin.py:188} INFO - [2026-03-21T22:13:12.652+0000] {dag.py:3954} INFO - Setting next_dagrun for dag_enem_extraction to None, run_after=None
[2026-03-21T22:13:12.693+0000] {processor.py:183} INFO - Processing /opt/airflow/dags/extract_data.py took 0.156 seconds
[2026-03-21T22:13:43.511+0000] {processor.py:161} INFO - Started process (PID=356) to work on /opt/airflow/dags/extract_data.py
[2026-03-21T22:13:43.513+0000] {processor.py:830} INFO - Processing file /opt/airflow/dags/extract_data.py for tasks to queue
[2026-03-21T22:13:43.516+0000] {logging_mixin.py:188} INFO - [2026-03-21T22:13:43.515+0000] {dagbag.py:545} INFO - Filling up the DagBag from /opt/airflow/dags/extract_data.py
[2026-03-21T22:13:43.530+0000] {processor.py:840} INFO - DAG(s) 'dag_enem_extraction' retrieved from /opt/airflow/dags/extract_data.py
[2026-03-21T22:13:43.583+0000] {logging_mixin.py:188} INFO - [2026-03-21T22:13:43.582+0000] {dag.py:3096} INFO - Sync 1 DAGs
[2026-03-21T22:13:43.604+0000] {logging_mixin.py:188} INFO - [2026-03-21T22:13:43.604+0000] {dag.py:3954} INFO - Setting next_dagrun for dag_enem_extraction to None, run_after=None
[2026-03-21T22:13:43.634+0000] {processor.py:183} INFO - Processing /opt/airflow/dags/extract_data.py took 0.139 seconds
[2026-03-21T22:14:14.451+0000] {processor.py:161} INFO - Started process (PID=366) to work on /opt/airflow/dags/extract_data.py
[2026-03-21T22:14:14.452+0000] {processor.py:830} INFO - Processing file /opt/airflow/dags/extract_data.py for tasks to queue
[2026-03-21T22:14:14.454+0000] {logging_mixin.py:188} INFO - [2026-03-21T22:14:14.454+0000] {dagbag.py:545} INFO - Filling up the DagBag from /opt/airflow/dags/extract_data.py
[2026-03-21T22:14:14.466+0000] {processor.py:840} INFO - DAG(s) 'dag_enem_extraction' retrieved from /opt/airflow/dags/extract_data.py
[2026-03-21T22:14:14.502+0000] {logging_mixin.py:188} INFO - [2026-03-21T22:14:14.502+0000] {dag.py:3096} INFO - Sync 1 DAGs
[2026-03-21T22:14:14.518+0000] {logging_mixin.py:188} INFO - [2026-03-21T22:14:14.518+0000] {dag.py:3954} INFO - Setting next_dagrun for dag_enem_extraction to None, run_after=None
[2026-03-21T22:14:14.543+0000] {processor.py:183} INFO - Processing /opt/airflow/dags/extract_data.py took 0.099 seconds
[2026-03-21T22:14:45.380+0000] {processor.py:161} INFO - Started process (PID=376) to work on /opt/airflow/dags/extract_data.py
[2026-03-21T22:14:45.382+0000] {processor.py:830} INFO - Processing file /opt/airflow/dags/extract_data.py for tasks to queue
[2026-03-21T22:14:45.384+0000] {logging_mixin.py:188} INFO - [2026-03-21T22:14:45.384+0000] {dagbag.py:545} INFO - Filling up the DagBag from /opt/airflow/dags/extract_data.py
[2026-03-21T22:14:45.398+0000] {processor.py:840} INFO - DAG(s) 'dag_enem_extraction' retrieved from /opt/airflow/dags/extract_data.py
[2026-03-21T22:14:45.439+0000] {logging_mixin.py:188} INFO - [2026-03-21T22:14:45.439+0000] {dag.py:3096} INFO - Sync 1 DAGs
[2026-03-21T22:14:45.456+0000] {logging_mixin.py:188} INFO - [2026-03-21T22:14:45.456+0000] {dag.py:3954} INFO - Setting next_dagrun for dag_enem_extraction to None, run_after=None
[2026-03-21T22:14:45.481+0000] {processor.py:183} INFO - Processing /opt/airflow/dags/extract_data.py took 0.108 seconds
[2026-03-21T22:15:16.269+0000] {processor.py:161} INFO - Started process (PID=386) to work on /opt/airflow/dags/extract_data.py
[2026-03-21T22:15:16.270+0000] {processor.py:830} INFO - Processing file /opt/airflow/dags/extract_data.py for tasks to queue
[2026-03-21T22:15:16.272+0000] {logging_mixin.py:188} INFO - [2026-03-21T22:15:16.272+0000] {dagbag.py:545} INFO - Filling up the DagBag from /opt/airflow/dags/extract_data.py
[2026-03-21T22:15:16.287+0000] {processor.py:840} INFO - DAG(s) 'dag_enem_extraction' retrieved from /opt/airflow/dags/extract_data.py
[2026-03-21T22:15:16.331+0000] {logging_mixin.py:188} INFO - [2026-03-21T22:15:16.330+0000] {dag.py:3096} INFO - Sync 1 DAGs
[2026-03-21T22:15:16.351+0000] {logging_mixin.py:188} INFO - [2026-03-21T22:15:16.351+0000] {dag.py:3954} INFO - Setting next_dagrun for dag_enem_extraction to None, run_after=None
[2026-03-21T22:15:16.378+0000] {processor.py:183} INFO - Processing /opt/airflow/dags/extract_data.py took 0.116 seconds
[2026-03-21T22:15:47.189+0000] {processor.py:161} INFO - Started process (PID=396) to work on /opt/airflow/dags/extract_data.py
[2026-03-21T22:15:47.190+0000] {processor.py:830} INFO - Processing file /opt/airflow/dags/extract_data.py for tasks to queue
[2026-03-21T22:15:47.193+0000] {logging_mixin.py:188} INFO - [2026-03-21T22:15:47.193+0000] {dagbag.py:545} INFO - Filling up the DagBag from /opt/airflow/dags/extract_data.py
[2026-03-21T22:15:47.214+0000] {processor.py:840} INFO - DAG(s) 'dag_enem_extraction' retrieved from /opt/airflow/dags/extract_data.py
[2026-03-21T22:15:47.281+0000] {logging_mixin.py:188} INFO - [2026-03-21T22:15:47.281+0000] {dag.py:3096} INFO - Sync 1 DAGs
[2026-03-21T22:15:47.300+0000] {logging_mixin.py:188} INFO - [2026-03-21T22:15:47.300+0000] {dag.py:3954} INFO - Setting next_dagrun for dag_enem_extraction to None, run_after=None
[2026-03-21T22:15:47.331+0000] {processor.py:183} INFO - Processing /opt/airflow/dags/extract_data.py took 0.150 seconds
