[2026-03-14T23:02:54.655+0000] {manager.py:470} INFO - Processing files using up to 2 processes at a time 
[2026-03-14T23:02:54.665+0000] {manager.py:471} INFO - Process each file at most once every 30 seconds
[2026-03-14T23:02:54.665+0000] {manager.py:472} INFO - Checking for new files in /opt/airflow/dags every 300 seconds
[2026-03-14T23:02:54.666+0000] {manager.py:737} INFO - Searching for files in /opt/airflow/dags
[2026-03-14T23:02:54.710+0000] {manager.py:740} INFO - There are 51 files in /opt/airflow/dags
[2026-03-14T23:02:55.655+0000] {manager.py:878} INFO - 
================================================================================
DAG File Processing Stats

File Path                                                                                                                            PID  Runtime      # DAGs    # Errors  Last Runtime    Last Run
---------------------------------------------------------------------------------------------------------------------------------  -----  ---------  --------  ----------  --------------  ----------
/home/airflow/.local/lib/python3.12/site-packages/airflow/example_dags/example_trigger_controller_dag.py                              64  0.64s             0           0
/home/airflow/.local/lib/python3.12/site-packages/airflow/example_dags/example_python_operator.py                                     65  0.48s             0           0
/home/airflow/.local/lib/python3.12/site-packages/airflow/example_dags/example_sla_dag.py                                                                   0           0
/home/airflow/.local/lib/python3.12/site-packages/airflow/example_dags/tutorial_objectstorage.py                                                            0           0
/home/airflow/.local/lib/python3.12/site-packages/airflow/example_dags/example_xcomargs.py                                                                  0           0
/home/airflow/.local/lib/python3.12/site-packages/airflow/example_dags/example_trigger_target_dag.py                                                        0           0
/home/airflow/.local/lib/python3.12/site-packages/airflow/example_dags/example_branch_day_of_week_operator.py                                               0           0
/home/airflow/.local/lib/python3.12/site-packages/airflow/example_dags/example_branch_python_dop_operator_3.py                                              0           0
/home/airflow/.local/lib/python3.12/site-packages/airflow/example_dags/example_subdag_operator.py                                                           0           0
/home/airflow/.local/lib/python3.12/site-packages/airflow/example_dags/example_xcom.py                                                                      0           0
/home/airflow/.local/lib/python3.12/site-packages/airflow/example_dags/tutorial_dag.py                                                                      0           0
/home/airflow/.local/lib/python3.12/site-packages/airflow/example_dags/example_task_group.py                                                                0           0
/home/airflow/.local/lib/python3.12/site-packages/airflow/example_dags/example_short_circuit_decorator.py                                                   0           0
/home/airflow/.local/lib/python3.12/site-packages/airflow/example_dags/example_latest_only_with_trigger.py                                                  0           0
/home/airflow/.local/lib/python3.12/site-packages/airflow/example_dags/example_passing_params_via_test_command.py                                           0           0
/home/airflow/.local/lib/python3.12/site-packages/airflow/example_dags/example_dynamic_task_mapping.py                                                      0           0
/home/airflow/.local/lib/python3.12/site-packages/airflow/example_dags/example_params_ui_tutorial.py                                                        0           0
/home/airflow/.local/lib/python3.12/site-packages/airflow/example_dags/tutorial_taskflow_api.py                                                             0           0
/home/airflow/.local/lib/python3.12/site-packages/airflow/example_dags/example_datasets.py                                                                  0           0
/home/airflow/.local/lib/python3.12/site-packages/airflow/example_dags/example_sensor_decorator.py                                                          0           0
/home/airflow/.local/lib/python3.12/site-packages/airflow/example_dags/example_python_decorator.py                                                          0           0
/home/airflow/.local/lib/python3.12/site-packages/airflow/example_dags/example_setup_teardown.py                                                            0           0
/home/airflow/.local/lib/python3.12/site-packages/airflow/example_dags/example_time_delta_sensor_async.py                                                   0           0
/home/airflow/.local/lib/python3.12/site-packages/airflow/example_dags/example_dynamic_task_mapping_with_no_taskflow_operators.py                           0           0
/home/airflow/.local/lib/python3.12/site-packages/airflow/example_dags/example_bash_decorator.py                                                            0           0
/home/airflow/.local/lib/python3.12/site-packages/airflow/example_dags/example_branch_datetime_operator.py                                                  0           0
/home/airflow/.local/lib/python3.12/site-packages/airflow/example_dags/example_bash_operator.py                                                             0           0
/home/airflow/.local/lib/python3.12/site-packages/airflow/example_dags/example_latest_only.py                                                               0           0
/home/airflow/.local/lib/python3.12/site-packages/airflow/example_dags/example_skip_dag.py                                                                  0           0
/home/airflow/.local/lib/python3.12/site-packages/airflow/example_dags/example_setup_teardown_taskflow.py                                                   0           0
/home/airflow/.local/lib/python3.12/site-packages/airflow/example_dags/example_kubernetes_executor.py                                                       0           0
/home/airflow/.local/lib/python3.12/site-packages/airflow/example_dags/example_params_trigger_ui.py                                                         0           0
/home/airflow/.local/lib/python3.12/site-packages/airflow/example_dags/example_external_task_marker_dag.py                                                  0           0
/home/airflow/.local/lib/python3.12/site-packages/airflow/example_dags/example_branch_labels.py                                                             0           0
/home/airflow/.local/lib/python3.12/site-packages/airflow/example_dags/example_local_kubernetes_executor.py                                                 0           0
/home/airflow/.local/lib/python3.12/site-packages/airflow/example_dags/example_complex.py                                                                   0           0
/home/airflow/.local/lib/python3.12/site-packages/airflow/example_dags/example_short_circuit_operator.py                                                    0           0
/home/airflow/.local/lib/python3.12/site-packages/airflow/example_dags/example_task_group_decorator.py                                                      0           0
/home/airflow/.local/lib/python3.12/site-packages/airflow/example_dags/tutorial_taskflow_api_virtualenv.py                                                  0           0
/home/airflow/.local/lib/python3.12/site-packages/airflow/example_dags/example_dag_decorator.py                                                             0           0
/home/airflow/.local/lib/python3.12/site-packages/airflow/example_dags/example_branch_operator.py                                                           0           0
/home/airflow/.local/lib/python3.12/site-packages/airflow/example_dags/example_branch_operator_decorator.py                                                 0           0
/home/airflow/.local/lib/python3.12/site-packages/airflow/example_dags/example_display_name.py                                                              0           0
/home/airflow/.local/lib/python3.12/site-packages/airflow/example_dags/example_sensors.py                                                                   0           0
/home/airflow/.local/lib/python3.12/site-packages/airflow/example_dags/tutorial.py                                                                          0           0
/home/airflow/.local/lib/python3.12/site-packages/airflow/example_dags/example_nested_branch_dag.py                                                         0           0
/home/airflow/.local/lib/python3.12/site-packages/airflow/example_dags/subdags/subdag.py                                                                    0           0
/home/airflow/.local/lib/python3.12/site-packages/airflow/example_dags/plugins/workday.py                                                                   0           0
/home/airflow/.local/lib/python3.12/site-packages/airflow/example_dags/plugins/decreasing_priority_weight_strategy.py                                       0           0
/home/airflow/.local/lib/python3.12/site-packages/airflow/example_dags/plugins/listener_plugin.py                                                           0           0
/home/airflow/.local/lib/python3.12/site-packages/airflow/example_dags/plugins/event_listener.py                                                            0           0
================================================================================
[2026-03-14T23:03:25.981+0000] {manager.py:878} INFO - 
================================================================================
DAG File Processing Stats

File Path                                                                                                                            PID  Runtime      # DAGs    # Errors  Last Runtime    Last Run
---------------------------------------------------------------------------------------------------------------------------------  -----  ---------  --------  ----------  --------------  -------------------
/home/airflow/.local/lib/python3.12/site-packages/airflow/example_dags/example_task_group_decorator.py                                                      1           0  4.09s           2026-03-14T23:03:22
/home/airflow/.local/lib/python3.12/site-packages/airflow/example_dags/tutorial_taskflow_api_virtualenv.py                                                  1           0  3.95s           2026-03-14T23:03:24
/home/airflow/.local/lib/python3.12/site-packages/airflow/example_dags/example_dag_decorator.py                                                             1           0  3.80s           2026-03-14T23:03:25
/home/airflow/.local/lib/python3.12/site-packages/airflow/example_dags/example_short_circuit_operator.py                                                    1           0  3.18s           2026-03-14T23:03:20
/home/airflow/.local/lib/python3.12/site-packages/airflow/example_dags/example_complex.py                                                                   1           0  3.06s           2026-03-14T23:03:18
/home/airflow/.local/lib/python3.12/site-packages/airflow/example_dags/example_kubernetes_executor.py                                                       1           0  2.81s           2026-03-14T23:03:13
/home/airflow/.local/lib/python3.12/site-packages/airflow/example_dags/example_skip_dag.py                                                                  1           0  2.70s           2026-03-14T23:03:10
/home/airflow/.local/lib/python3.12/site-packages/airflow/example_dags/example_params_trigger_ui.py                                                         1           0  2.67s           2026-03-14T23:03:13
/home/airflow/.local/lib/python3.12/site-packages/airflow/example_dags/example_setup_teardown_taskflow.py                                                   1           0  2.26s           2026-03-14T23:03:10
/home/airflow/.local/lib/python3.12/site-packages/airflow/example_dags/example_local_kubernetes_executor.py                                                 1           0  2.12s           2026-03-14T23:03:16
/home/airflow/.local/lib/python3.12/site-packages/airflow/example_dags/example_branch_labels.py                                                             1           0  1.78s           2026-03-14T23:03:14
/home/airflow/.local/lib/python3.12/site-packages/airflow/example_dags/example_external_task_marker_dag.py                                                  2           0  1.67s           2026-03-14T23:03:14
/home/airflow/.local/lib/python3.12/site-packages/airflow/example_dags/example_trigger_controller_dag.py                                                    1           0  1.61s           2026-03-14T23:02:56
/home/airflow/.local/lib/python3.12/site-packages/airflow/example_dags/example_datasets.py                                                                 10           0  1.44s           2026-03-14T23:03:04
/home/airflow/.local/lib/python3.12/site-packages/airflow/example_dags/example_params_ui_tutorial.py                                                        1           0  1.42s           2026-03-14T23:03:02
/home/airflow/.local/lib/python3.12/site-packages/airflow/example_dags/example_python_operator.py                                                           1           0  1.38s           2026-03-14T23:02:56
/home/airflow/.local/lib/python3.12/site-packages/airflow/example_dags/tutorial_taskflow_api.py                                                             1           0  1.27s           2026-03-14T23:03:02
/home/airflow/.local/lib/python3.12/site-packages/airflow/example_dags/example_sensor_decorator.py                                                          1           0  1.12s           2026-03-14T23:03:03
/home/airflow/.local/lib/python3.12/site-packages/airflow/example_dags/example_branch_datetime_operator.py                                                  3           0  1.10s           2026-03-14T23:03:07
/home/airflow/.local/lib/python3.12/site-packages/airflow/example_dags/example_subdag_operator.py                                                           3           0  1.07s           2026-03-14T23:02:59
/home/airflow/.local/lib/python3.12/site-packages/airflow/example_dags/example_time_delta_sensor_async.py                                                   1           0  1.05s           2026-03-14T23:03:05
/home/airflow/.local/lib/python3.12/site-packages/airflow/example_dags/example_latest_only.py                                                               1           0  0.99s           2026-03-14T23:03:08
/home/airflow/.local/lib/python3.12/site-packages/airflow/example_dags/example_branch_python_dop_operator_3.py                                              1           0  0.98s           2026-03-14T23:02:59
/home/airflow/.local/lib/python3.12/site-packages/airflow/example_dags/example_setup_teardown.py                                                            1           0  0.94s           2026-03-14T23:03:05
/home/airflow/.local/lib/python3.12/site-packages/airflow/example_dags/example_dynamic_task_mapping_with_no_taskflow_operators.py                           1           0  0.94s           2026-03-14T23:03:06
/home/airflow/.local/lib/python3.12/site-packages/airflow/example_dags/example_bash_operator.py                                                             1           0  0.87s           2026-03-14T23:03:07
/home/airflow/.local/lib/python3.12/site-packages/airflow/example_dags/example_bash_decorator.py                                                            1           0  0.84s           2026-03-14T23:03:06
/home/airflow/.local/lib/python3.12/site-packages/airflow/example_dags/example_python_decorator.py                                                          1           0  0.72s           2026-03-14T23:03:04
/home/airflow/.local/lib/python3.12/site-packages/airflow/example_dags/example_short_circuit_decorator.py                                                   1           0  0.68s           2026-03-14T23:03:00
/home/airflow/.local/lib/python3.12/site-packages/airflow/example_dags/example_dynamic_task_mapping.py                                                      1           0  0.66s           2026-03-14T23:03:01
/home/airflow/.local/lib/python3.12/site-packages/airflow/example_dags/example_xcomargs.py                                                                  2           0  0.62s           2026-03-14T23:02:57
/home/airflow/.local/lib/python3.12/site-packages/airflow/example_dags/example_task_group.py                                                                1           0  0.59s           2026-03-14T23:03:00
/home/airflow/.local/lib/python3.12/site-packages/airflow/example_dags/tutorial_objectstorage.py                                                            1           0  0.57s           2026-03-14T23:02:57
/home/airflow/.local/lib/python3.12/site-packages/airflow/example_dags/example_branch_day_of_week_operator.py                                               1           0  0.56s           2026-03-14T23:02:58
/home/airflow/.local/lib/python3.12/site-packages/airflow/example_dags/example_passing_params_via_test_command.py                                           1           0  0.55s           2026-03-14T23:03:01
/home/airflow/.local/lib/python3.12/site-packages/airflow/example_dags/tutorial_dag.py                                                                      1           0  0.54s           2026-03-14T23:03:00
/home/airflow/.local/lib/python3.12/site-packages/airflow/example_dags/example_trigger_target_dag.py                                                        1           0  0.52s           2026-03-14T23:02:58
/home/airflow/.local/lib/python3.12/site-packages/airflow/example_dags/example_latest_only_with_trigger.py                                                  1           0  0.49s           2026-03-14T23:03:00
/home/airflow/.local/lib/python3.12/site-packages/airflow/example_dags/example_xcom.py                                                                      1           0  0.49s           2026-03-14T23:02:59
/home/airflow/.local/lib/python3.12/site-packages/airflow/example_dags/example_sla_dag.py                                                                   1           0  0.36s           2026-03-14T23:02:56
/home/airflow/.local/lib/python3.12/site-packages/airflow/example_dags/example_branch_operator.py                                    110  1.82s             0           0
/home/airflow/.local/lib/python3.12/site-packages/airflow/example_dags/example_branch_operator_decorator.py                          111  0.02s             0           0
/home/airflow/.local/lib/python3.12/site-packages/airflow/example_dags/example_display_name.py                                                              0           0
/home/airflow/.local/lib/python3.12/site-packages/airflow/example_dags/example_sensors.py                                                                   0           0
/home/airflow/.local/lib/python3.12/site-packages/airflow/example_dags/tutorial.py                                                                          0           0
/home/airflow/.local/lib/python3.12/site-packages/airflow/example_dags/example_nested_branch_dag.py                                                         0           0
/home/airflow/.local/lib/python3.12/site-packages/airflow/example_dags/subdags/subdag.py                                                                    0           0
/home/airflow/.local/lib/python3.12/site-packages/airflow/example_dags/plugins/workday.py                                                                   0           0
/home/airflow/.local/lib/python3.12/site-packages/airflow/example_dags/plugins/decreasing_priority_weight_strategy.py                                       0           0
/home/airflow/.local/lib/python3.12/site-packages/airflow/example_dags/plugins/listener_plugin.py                                                           0           0
/home/airflow/.local/lib/python3.12/site-packages/airflow/example_dags/plugins/event_listener.py                                                            0           0
================================================================================
[2026-03-14T23:03:56.513+0000] {manager.py:878} INFO - 
================================================================================
DAG File Processing Stats

File Path                                                                                                                            PID  Runtime      # DAGs    # Errors  Last Runtime    Last Run
---------------------------------------------------------------------------------------------------------------------------------  -----  ---------  --------  ----------  --------------  -------------------
/home/airflow/.local/lib/python3.12/site-packages/airflow/example_dags/plugins/workday.py                                                                   0           0  13.51s          2026-03-14T23:03:44
/home/airflow/.local/lib/python3.12/site-packages/airflow/example_dags/tutorial_objectstorage.py                                                            1           0  3.16s           2026-03-14T23:03:37
/home/airflow/.local/lib/python3.12/site-packages/airflow/example_dags/example_display_name.py                                                              1           0  2.09s           2026-03-14T23:03:28
/home/airflow/.local/lib/python3.12/site-packages/airflow/example_dags/example_sensors.py                                                                   1           0  2.01s           2026-03-14T23:03:29
/home/airflow/.local/lib/python3.12/site-packages/airflow/example_dags/tutorial.py                                                                          1           0  2.00s           2026-03-14T23:03:30
/home/airflow/.local/lib/python3.12/site-packages/airflow/example_dags/example_branch_operator.py                                    168  0.01s             1           0  1.93s           2026-03-14T23:03:26
/home/airflow/.local/lib/python3.12/site-packages/airflow/example_dags/example_branch_operator_decorator.py                                                 1           0  1.29s           2026-03-14T23:03:27
/home/airflow/.local/lib/python3.12/site-packages/airflow/example_dags/example_branch_day_of_week_operator.py                                               1           0  1.29s           2026-03-14T23:03:40
/home/airflow/.local/lib/python3.12/site-packages/airflow/example_dags/example_nested_branch_dag.py                                                         1           0  1.27s           2026-03-14T23:03:30
/home/airflow/.local/lib/python3.12/site-packages/airflow/example_dags/example_branch_python_dop_operator_3.py                                              1           0  1.14s           2026-03-14T23:03:41
/home/airflow/.local/lib/python3.12/site-packages/airflow/example_dags/example_trigger_target_dag.py                                                        1           0  1.01s           2026-03-14T23:03:38
/home/airflow/.local/lib/python3.12/site-packages/airflow/example_dags/example_python_operator.py                                                           1           0  0.98s           2026-03-14T23:03:32
/home/airflow/.local/lib/python3.12/site-packages/airflow/example_dags/example_xcomargs.py                                                                  2           0  0.75s           2026-03-14T23:03:37
/home/airflow/.local/lib/python3.12/site-packages/airflow/example_dags/example_datasets.py                                                                 10           0  0.73s           2026-03-14T23:03:44
/home/airflow/.local/lib/python3.12/site-packages/airflow/example_dags/example_trigger_controller_dag.py                                                    1           0  0.62s           2026-03-14T23:03:31
/home/airflow/.local/lib/python3.12/site-packages/airflow/example_dags/example_dag_decorator.py                                                             1           0  0.51s           2026-03-14T23:03:56
/home/airflow/.local/lib/python3.12/site-packages/airflow/example_dags/example_sla_dag.py                                                                   1           0  0.49s           2026-03-14T23:03:33
/home/airflow/.local/lib/python3.12/site-packages/airflow/example_dags/example_sensor_decorator.py                                                          1           0  0.44s           2026-03-14T23:03:44
/home/airflow/.local/lib/python3.12/site-packages/airflow/example_dags/subdags/subdag.py                                                                    0           0  0.37s           2026-03-14T23:03:30
/home/airflow/.local/lib/python3.12/site-packages/airflow/example_dags/example_setup_teardown.py                                                            1           0  0.35s           2026-03-14T23:03:45
/home/airflow/.local/lib/python3.12/site-packages/airflow/example_dags/example_python_decorator.py                                                          1           0  0.35s           2026-03-14T23:03:44
/home/airflow/.local/lib/python3.12/site-packages/airflow/example_dags/example_passing_params_via_test_command.py                                           1           0  0.32s           2026-03-14T23:03:43
/home/airflow/.local/lib/python3.12/site-packages/airflow/example_dags/example_dynamic_task_mapping.py                                                      1           0  0.29s           2026-03-14T23:03:43
/home/airflow/.local/lib/python3.12/site-packages/airflow/example_dags/example_params_ui_tutorial.py                                                        1           0  0.29s           2026-03-14T23:03:43
/home/airflow/.local/lib/python3.12/site-packages/airflow/example_dags/example_subdag_operator.py                                                           3           0  0.28s           2026-03-14T23:03:41
/home/airflow/.local/lib/python3.12/site-packages/airflow/example_dags/example_dynamic_task_mapping_with_no_taskflow_operators.py                           1           0  0.28s           2026-03-14T23:03:45
/home/airflow/.local/lib/python3.12/site-packages/airflow/example_dags/example_local_kubernetes_executor.py                                                 1           0  0.27s           2026-03-14T23:03:47
/home/airflow/.local/lib/python3.12/site-packages/airflow/example_dags/example_short_circuit_decorator.py                                                   1           0  0.27s           2026-03-14T23:03:42
/home/airflow/.local/lib/python3.12/site-packages/airflow/example_dags/example_kubernetes_executor.py                                                       1           0  0.27s           2026-03-14T23:03:46
/home/airflow/.local/lib/python3.12/site-packages/airflow/example_dags/example_bash_decorator.py                                                            1           0  0.26s           2026-03-14T23:03:45
/home/airflow/.local/lib/python3.12/site-packages/airflow/example_dags/example_xcom.py                                                                      1           0  0.25s           2026-03-14T23:03:41
/home/airflow/.local/lib/python3.12/site-packages/airflow/example_dags/example_params_trigger_ui.py                                                         1           0  0.25s           2026-03-14T23:03:46
/home/airflow/.local/lib/python3.12/site-packages/airflow/example_dags/plugins/decreasing_priority_weight_strategy.py                                       0           0  0.25s           2026-03-14T23:03:30
/home/airflow/.local/lib/python3.12/site-packages/airflow/example_dags/example_branch_datetime_operator.py                                                  3           0  0.25s           2026-03-14T23:03:45
/home/airflow/.local/lib/python3.12/site-packages/airflow/example_dags/example_task_group.py                                                                1           0  0.24s           2026-03-14T23:03:42
/home/airflow/.local/lib/python3.12/site-packages/airflow/example_dags/example_time_delta_sensor_async.py                                                   1           0  0.24s           2026-03-14T23:03:45
/home/airflow/.local/lib/python3.12/site-packages/airflow/example_dags/example_bash_operator.py                                                             1           0  0.24s           2026-03-14T23:03:45
/home/airflow/.local/lib/python3.12/site-packages/airflow/example_dags/tutorial_taskflow_api.py                                                             1           0  0.22s           2026-03-14T23:03:43
/home/airflow/.local/lib/python3.12/site-packages/airflow/example_dags/example_setup_teardown_taskflow.py                                                   1           0  0.22s           2026-03-14T23:03:46
/home/airflow/.local/lib/python3.12/site-packages/airflow/example_dags/example_short_circuit_operator.py                                                    1           0  0.21s           2026-03-14T23:03:50
/home/airflow/.local/lib/python3.12/site-packages/airflow/example_dags/example_branch_labels.py                                                             1           0  0.21s           2026-03-14T23:03:46
/home/airflow/.local/lib/python3.12/site-packages/airflow/example_dags/example_latest_only_with_trigger.py                                                  1           0  0.21s           2026-03-14T23:03:42
/home/airflow/.local/lib/python3.12/site-packages/airflow/example_dags/example_skip_dag.py                                                                  1           0  0.20s           2026-03-14T23:03:45
/home/airflow/.local/lib/python3.12/site-packages/airflow/example_dags/example_latest_only.py                                                               1           0  0.19s           2026-03-14T23:03:45
/home/airflow/.local/lib/python3.12/site-packages/airflow/example_dags/example_external_task_marker_dag.py                                                  2           0  0.19s           2026-03-14T23:03:46
/home/airflow/.local/lib/python3.12/site-packages/airflow/example_dags/example_complex.py                                                                   1           0  0.18s           2026-03-14T23:03:48
/home/airflow/.local/lib/python3.12/site-packages/airflow/example_dags/example_task_group_decorator.py                                                      1           0  0.18s           2026-03-14T23:03:52
/home/airflow/.local/lib/python3.12/site-packages/airflow/example_dags/tutorial_dag.py                                                                      1           0  0.17s           2026-03-14T23:03:42
/home/airflow/.local/lib/python3.12/site-packages/airflow/example_dags/plugins/listener_plugin.py                                                           0           0  0.16s           2026-03-14T23:03:31
/home/airflow/.local/lib/python3.12/site-packages/airflow/example_dags/plugins/event_listener.py                                                            0           0  0.16s           2026-03-14T23:03:31
/home/airflow/.local/lib/python3.12/site-packages/airflow/example_dags/tutorial_taskflow_api_virtualenv.py                                                  1           0  0.14s           2026-03-14T23:03:54
================================================================================
[2026-03-14T23:04:27.018+0000] {manager.py:878} INFO - 
================================================================================
DAG File Processing Stats

File Path                                                                                                                            PID  Runtime      # DAGs    # Errors  Last Runtime    Last Run
---------------------------------------------------------------------------------------------------------------------------------  -----  ---------  --------  ----------  --------------  -------------------
/home/airflow/.local/lib/python3.12/site-packages/airflow/example_dags/plugins/workday.py                                                                   0           0  1.44s           2026-03-14T23:04:15
/home/airflow/.local/lib/python3.12/site-packages/airflow/example_dags/example_sensors.py                                                                   1           0  1.12s           2026-03-14T23:04:00
/home/airflow/.local/lib/python3.12/site-packages/airflow/example_dags/example_trigger_controller_dag.py                                                    1           0  0.91s           2026-03-14T23:04:02
/home/airflow/.local/lib/python3.12/site-packages/airflow/example_dags/example_nested_branch_dag.py                                                         1           0  0.56s           2026-03-14T23:04:01
/home/airflow/.local/lib/python3.12/site-packages/airflow/example_dags/example_dag_decorator.py                                                             1           0  0.46s           2026-03-14T23:04:26
/home/airflow/.local/lib/python3.12/site-packages/airflow/example_dags/example_datasets.py                                                                 10           0  0.46s           2026-03-14T23:04:15
/home/airflow/.local/lib/python3.12/site-packages/airflow/example_dags/tutorial.py                                                                          1           0  0.44s           2026-03-14T23:04:01
/home/airflow/.local/lib/python3.12/site-packages/airflow/example_dags/subdags/subdag.py                                                                    0           0  0.42s           2026-03-14T23:04:01
/home/airflow/.local/lib/python3.12/site-packages/airflow/example_dags/example_subdag_operator.py                                                           3           0  0.35s           2026-03-14T23:04:12
/home/airflow/.local/lib/python3.12/site-packages/airflow/example_dags/example_params_ui_tutorial.py                                                        1           0  0.30s           2026-03-14T23:04:14
/home/airflow/.local/lib/python3.12/site-packages/airflow/example_dags/example_dynamic_task_mapping.py                                                      1           0  0.27s           2026-03-14T23:04:14
/home/airflow/.local/lib/python3.12/site-packages/airflow/example_dags/example_sla_dag.py                                                                   1           0  0.25s           2026-03-14T23:04:04
/home/airflow/.local/lib/python3.12/site-packages/airflow/example_dags/example_short_circuit_decorator.py                                                   1           0  0.25s           2026-03-14T23:04:13
/home/airflow/.local/lib/python3.12/site-packages/airflow/example_dags/example_latest_only_with_trigger.py                                                  1           0  0.25s           2026-03-14T23:04:13
/home/airflow/.local/lib/python3.12/site-packages/airflow/example_dags/example_branch_operator_decorator.py                                                 1           0  0.24s           2026-03-14T23:03:57
/home/airflow/.local/lib/python3.12/site-packages/airflow/example_dags/plugins/decreasing_priority_weight_strategy.py                                       0           0  0.24s           2026-03-14T23:04:01
/home/airflow/.local/lib/python3.12/site-packages/airflow/example_dags/example_python_operator.py                                                           1           0  0.23s           2026-03-14T23:04:03
/home/airflow/.local/lib/python3.12/site-packages/airflow/example_dags/example_latest_only.py                                                               1           0  0.22s           2026-03-14T23:04:16
/home/airflow/.local/lib/python3.12/site-packages/airflow/example_dags/example_bash_operator.py                                                             1           0  0.22s           2026-03-14T23:04:16
/home/airflow/.local/lib/python3.12/site-packages/airflow/example_dags/plugins/event_listener.py                                                            0           0  0.21s           2026-03-14T23:04:02
/home/airflow/.local/lib/python3.12/site-packages/airflow/example_dags/example_xcom.py                                                                      1           0  0.21s           2026-03-14T23:04:12
/home/airflow/.local/lib/python3.12/site-packages/airflow/example_dags/example_passing_params_via_test_command.py                                           1           0  0.20s           2026-03-14T23:04:13
/home/airflow/.local/lib/python3.12/site-packages/airflow/example_dags/example_display_name.py                                                              1           0  0.20s           2026-03-14T23:03:58
/home/airflow/.local/lib/python3.12/site-packages/airflow/example_dags/tutorial_dag.py                                                                      1           0  0.20s           2026-03-14T23:04:12
/home/airflow/.local/lib/python3.12/site-packages/airflow/example_dags/example_params_trigger_ui.py                                                         1           0  0.20s           2026-03-14T23:04:16
/home/airflow/.local/lib/python3.12/site-packages/airflow/example_dags/example_branch_datetime_operator.py                                                  3           0  0.20s           2026-03-14T23:04:16
/home/airflow/.local/lib/python3.12/site-packages/airflow/example_dags/tutorial_taskflow_api.py                                                             1           0  0.20s           2026-03-14T23:04:14
/home/airflow/.local/lib/python3.12/site-packages/airflow/example_dags/example_kubernetes_executor.py                                                       1           0  0.20s           2026-03-14T23:04:16
/home/airflow/.local/lib/python3.12/site-packages/airflow/example_dags/example_branch_python_dop_operator_3.py                                              1           0  0.19s           2026-03-14T23:04:11
/home/airflow/.local/lib/python3.12/site-packages/airflow/example_dags/example_skip_dag.py                                                                  1           0  0.18s           2026-03-14T23:04:16
/home/airflow/.local/lib/python3.12/site-packages/airflow/example_dags/example_branch_operator.py                                    226  0.01s             1           0  0.18s           2026-03-14T23:03:56
/home/airflow/.local/lib/python3.12/site-packages/airflow/example_dags/example_python_decorator.py                                                          1           0  0.18s           2026-03-14T23:04:15
/home/airflow/.local/lib/python3.12/site-packages/airflow/example_dags/example_setup_teardown_taskflow.py                                                   1           0  0.18s           2026-03-14T23:04:16
/home/airflow/.local/lib/python3.12/site-packages/airflow/example_dags/example_setup_teardown.py                                                            1           0  0.18s           2026-03-14T23:04:15
/home/airflow/.local/lib/python3.12/site-packages/airflow/example_dags/example_task_group.py                                                                1           0  0.18s           2026-03-14T23:04:12
/home/airflow/.local/lib/python3.12/site-packages/airflow/example_dags/example_task_group_decorator.py                                                      1           0  0.17s           2026-03-14T23:04:23
/home/airflow/.local/lib/python3.12/site-packages/airflow/example_dags/example_branch_day_of_week_operator.py                                               1           0  0.16s           2026-03-14T23:04:10
/home/airflow/.local/lib/python3.12/site-packages/airflow/example_dags/example_short_circuit_operator.py                                                    1           0  0.16s           2026-03-14T23:04:21
/home/airflow/.local/lib/python3.12/site-packages/airflow/example_dags/example_sensor_decorator.py                                                          1           0  0.16s           2026-03-14T23:04:15
/home/airflow/.local/lib/python3.12/site-packages/airflow/example_dags/example_external_task_marker_dag.py                                                  2           0  0.16s           2026-03-14T23:04:17
/home/airflow/.local/lib/python3.12/site-packages/airflow/example_dags/example_local_kubernetes_executor.py                                                 1           0  0.16s           2026-03-14T23:04:18
/home/airflow/.local/lib/python3.12/site-packages/airflow/example_dags/example_complex.py                                                                   1           0  0.15s           2026-03-14T23:04:19
/home/airflow/.local/lib/python3.12/site-packages/airflow/example_dags/example_dynamic_task_mapping_with_no_taskflow_operators.py                           1           0  0.15s           2026-03-14T23:04:16
/home/airflow/.local/lib/python3.12/site-packages/airflow/example_dags/example_bash_decorator.py                                                            1           0  0.15s           2026-03-14T23:04:16
/home/airflow/.local/lib/python3.12/site-packages/airflow/example_dags/tutorial_taskflow_api_virtualenv.py                                                  1           0  0.15s           2026-03-14T23:04:25
/home/airflow/.local/lib/python3.12/site-packages/airflow/example_dags/example_branch_labels.py                                                             1           0  0.15s           2026-03-14T23:04:17
/home/airflow/.local/lib/python3.12/site-packages/airflow/example_dags/example_time_delta_sensor_async.py                                                   1           0  0.14s           2026-03-14T23:04:16
/home/airflow/.local/lib/python3.12/site-packages/airflow/example_dags/example_trigger_target_dag.py                                                        1           0  0.14s           2026-03-14T23:04:09
/home/airflow/.local/lib/python3.12/site-packages/airflow/example_dags/tutorial_objectstorage.py                                                            1           0  0.14s           2026-03-14T23:04:07
/home/airflow/.local/lib/python3.12/site-packages/airflow/example_dags/plugins/listener_plugin.py                                                           0           0  0.12s           2026-03-14T23:04:01
/home/airflow/.local/lib/python3.12/site-packages/airflow/example_dags/example_xcomargs.py                                                                  2           0  0.12s           2026-03-14T23:04:08
================================================================================
[2026-03-14T23:04:58.003+0000] {manager.py:878} INFO - 
================================================================================
DAG File Processing Stats

File Path                                                                                                                            PID  Runtime      # DAGs    # Errors  Last Runtime    Last Run
---------------------------------------------------------------------------------------------------------------------------------  -----  ---------  --------  ----------  --------------  -------------------
/home/airflow/.local/lib/python3.12/site-packages/airflow/example_dags/plugins/workday.py                                                                   0           0  0.85s           2026-03-14T23:04:46
/home/airflow/.local/lib/python3.12/site-packages/airflow/example_dags/example_dag_decorator.py                                      284  0.03s             1           0  0.46s           2026-03-14T23:04:26
/home/airflow/.local/lib/python3.12/site-packages/airflow/example_dags/tutorial_objectstorage.py                                                            1           0  0.44s           2026-03-14T23:04:38
/home/airflow/.local/lib/python3.12/site-packages/airflow/example_dags/example_datasets.py                                                                 10           0  0.26s           2026-03-14T23:04:45
/home/airflow/.local/lib/python3.12/site-packages/airflow/example_dags/example_params_ui_tutorial.py                                                        1           0  0.24s           2026-03-14T23:04:44
/home/airflow/.local/lib/python3.12/site-packages/airflow/example_dags/example_sla_dag.py                                                                   1           0  0.21s           2026-03-14T23:04:35
/home/airflow/.local/lib/python3.12/site-packages/airflow/example_dags/example_xcomargs.py                                                                  2           0  0.21s           2026-03-14T23:04:39
/home/airflow/.local/lib/python3.12/site-packages/airflow/example_dags/example_subdag_operator.py                                                           3           0  0.21s           2026-03-14T23:04:42
/home/airflow/.local/lib/python3.12/site-packages/airflow/example_dags/example_python_operator.py                                                           1           0  0.20s           2026-03-14T23:04:33
/home/airflow/.local/lib/python3.12/site-packages/airflow/example_dags/example_dynamic_task_mapping.py                                                      1           0  0.20s           2026-03-14T23:04:44
/home/airflow/.local/lib/python3.12/site-packages/airflow/example_dags/example_passing_params_via_test_command.py                                           1           0  0.20s           2026-03-14T23:04:44
/home/airflow/.local/lib/python3.12/site-packages/airflow/example_dags/example_trigger_target_dag.py                                                        1           0  0.20s           2026-03-14T23:04:40
/home/airflow/.local/lib/python3.12/site-packages/airflow/example_dags/example_setup_teardown.py                                                            1           0  0.19s           2026-03-14T23:04:46
/home/airflow/.local/lib/python3.12/site-packages/airflow/example_dags/example_latest_only_with_trigger.py                                                  1           0  0.19s           2026-03-14T23:04:44
/home/airflow/.local/lib/python3.12/site-packages/airflow/example_dags/example_short_circuit_decorator.py                                                   1           0  0.19s           2026-03-14T23:04:44
/home/airflow/.local/lib/python3.12/site-packages/airflow/example_dags/example_trigger_controller_dag.py                                                    1           0  0.19s           2026-03-14T23:04:33
/home/airflow/.local/lib/python3.12/site-packages/airflow/example_dags/example_params_trigger_ui.py                                                         1           0  0.18s           2026-03-14T23:04:47
/home/airflow/.local/lib/python3.12/site-packages/airflow/example_dags/example_branch_day_of_week_operator.py                                               1           0  0.18s           2026-03-14T23:04:41
/home/airflow/.local/lib/python3.12/site-packages/airflow/example_dags/example_kubernetes_executor.py                                                       1           0  0.17s           2026-03-14T23:04:47
/home/airflow/.local/lib/python3.12/site-packages/airflow/example_dags/example_branch_operator_decorator.py                                                 1           0  0.17s           2026-03-14T23:04:28
/home/airflow/.local/lib/python3.12/site-packages/airflow/example_dags/example_branch_operator.py                                    285  0.01s             1           0  0.17s           2026-03-14T23:04:27
/home/airflow/.local/lib/python3.12/site-packages/airflow/example_dags/example_python_decorator.py                                                          1           0  0.17s           2026-03-14T23:04:46
/home/airflow/.local/lib/python3.12/site-packages/airflow/example_dags/example_branch_datetime_operator.py                                                  3           0  0.17s           2026-03-14T23:04:46
/home/airflow/.local/lib/python3.12/site-packages/airflow/example_dags/example_xcom.py                                                                      1           0  0.17s           2026-03-14T23:04:43
/home/airflow/.local/lib/python3.12/site-packages/airflow/example_dags/example_dynamic_task_mapping_with_no_taskflow_operators.py                           1           0  0.17s           2026-03-14T23:04:46
/home/airflow/.local/lib/python3.12/site-packages/airflow/example_dags/example_branch_python_dop_operator_3.py                                              1           0  0.17s           2026-03-14T23:04:42
/home/airflow/.local/lib/python3.12/site-packages/airflow/example_dags/tutorial.py                                                                          1           0  0.16s           2026-03-14T23:04:31
/home/airflow/.local/lib/python3.12/site-packages/airflow/example_dags/example_bash_operator.py                                                             1           0  0.16s           2026-03-14T23:04:46
/home/airflow/.local/lib/python3.12/site-packages/airflow/example_dags/example_task_group.py                                                                1           0  0.16s           2026-03-14T23:04:43
/home/airflow/.local/lib/python3.12/site-packages/airflow/example_dags/example_nested_branch_dag.py                                                         1           0  0.16s           2026-03-14T23:04:31
/home/airflow/.local/lib/python3.12/site-packages/airflow/example_dags/example_display_name.py                                                              1           0  0.16s           2026-03-14T23:04:29
/home/airflow/.local/lib/python3.12/site-packages/airflow/example_dags/example_local_kubernetes_executor.py                                                 1           0  0.15s           2026-03-14T23:04:48
/home/airflow/.local/lib/python3.12/site-packages/airflow/example_dags/example_branch_labels.py                                                             1           0  0.15s           2026-03-14T23:04:47
/home/airflow/.local/lib/python3.12/site-packages/airflow/example_dags/example_time_delta_sensor_async.py                                                   1           0  0.15s           2026-03-14T23:04:46
/home/airflow/.local/lib/python3.12/site-packages/airflow/example_dags/example_bash_decorator.py                                                            1           0  0.15s           2026-03-14T23:04:46
/home/airflow/.local/lib/python3.12/site-packages/airflow/example_dags/example_skip_dag.py                                                                  1           0  0.15s           2026-03-14T23:04:47
/home/airflow/.local/lib/python3.12/site-packages/airflow/example_dags/example_sensors.py                                                                   1           0  0.15s           2026-03-14T23:04:31
/home/airflow/.local/lib/python3.12/site-packages/airflow/example_dags/example_setup_teardown_taskflow.py                                                   1           0  0.15s           2026-03-14T23:04:47
/home/airflow/.local/lib/python3.12/site-packages/airflow/example_dags/example_latest_only.py                                                               1           0  0.15s           2026-03-14T23:04:47
/home/airflow/.local/lib/python3.12/site-packages/airflow/example_dags/example_task_group_decorator.py                                                      1           0  0.15s           2026-03-14T23:04:53
/home/airflow/.local/lib/python3.12/site-packages/airflow/example_dags/example_external_task_marker_dag.py                                                  2           0  0.15s           2026-03-14T23:04:47
/home/airflow/.local/lib/python3.12/site-packages/airflow/example_dags/example_short_circuit_operator.py                                                    1           0  0.14s           2026-03-14T23:04:51
/home/airflow/.local/lib/python3.12/site-packages/airflow/example_dags/tutorial_dag.py                                                                      1           0  0.14s           2026-03-14T23:04:43
/home/airflow/.local/lib/python3.12/site-packages/airflow/example_dags/example_complex.py                                                                   1           0  0.14s           2026-03-14T23:04:49
/home/airflow/.local/lib/python3.12/site-packages/airflow/example_dags/example_sensor_decorator.py                                                          1           0  0.14s           2026-03-14T23:04:46
/home/airflow/.local/lib/python3.12/site-packages/airflow/example_dags/tutorial_taskflow_api.py                                                             1           0  0.14s           2026-03-14T23:04:44
/home/airflow/.local/lib/python3.12/site-packages/airflow/example_dags/tutorial_taskflow_api_virtualenv.py                                                  1           0  0.13s           2026-03-14T23:04:55
/home/airflow/.local/lib/python3.12/site-packages/airflow/example_dags/plugins/decreasing_priority_weight_strategy.py                                       0           0  0.08s           2026-03-14T23:04:32
/home/airflow/.local/lib/python3.12/site-packages/airflow/example_dags/subdags/subdag.py                                                                    0           0  0.07s           2026-03-14T23:04:32
/home/airflow/.local/lib/python3.12/site-packages/airflow/example_dags/plugins/event_listener.py                                                            0           0  0.07s           2026-03-14T23:04:32
/home/airflow/.local/lib/python3.12/site-packages/airflow/example_dags/plugins/listener_plugin.py                                                           0           0  0.07s           2026-03-14T23:04:32
================================================================================
[2026-03-14T23:05:28.533+0000] {manager.py:878} INFO - 
================================================================================
DAG File Processing Stats

File Path                                                                                                                            PID  Runtime      # DAGs    # Errors  Last Runtime    Last Run
---------------------------------------------------------------------------------------------------------------------------------  -----  ---------  --------  ----------  --------------  -------------------
/home/airflow/.local/lib/python3.12/site-packages/airflow/example_dags/plugins/workday.py                                                                   0           0  0.72s           2026-03-14T23:05:17
/home/airflow/.local/lib/python3.12/site-packages/airflow/example_dags/example_dag_decorator.py                                      342  0.03s             1           0  0.44s           2026-03-14T23:04:58
/home/airflow/.local/lib/python3.12/site-packages/airflow/example_dags/example_datasets.py                                                                 10           0  0.26s           2026-03-14T23:05:16
/home/airflow/.local/lib/python3.12/site-packages/airflow/example_dags/example_xcomargs.py                                                                  2           0  0.22s           2026-03-14T23:05:10
/home/airflow/.local/lib/python3.12/site-packages/airflow/example_dags/example_branch_operator.py                                    343  0.01s             1           0  0.20s           2026-03-14T23:04:58
/home/airflow/.local/lib/python3.12/site-packages/airflow/example_dags/example_subdag_operator.py                                                           3           0  0.20s           2026-03-14T23:05:13
/home/airflow/.local/lib/python3.12/site-packages/airflow/example_dags/example_branch_datetime_operator.py                                                  3           0  0.19s           2026-03-14T23:05:17
/home/airflow/.local/lib/python3.12/site-packages/airflow/example_dags/example_branch_day_of_week_operator.py                                               1           0  0.19s           2026-03-14T23:05:12
/home/airflow/.local/lib/python3.12/site-packages/airflow/example_dags/tutorial_dag.py                                                                      1           0  0.18s           2026-03-14T23:05:13
/home/airflow/.local/lib/python3.12/site-packages/airflow/example_dags/example_xcom.py                                                                      1           0  0.18s           2026-03-14T23:05:13
/home/airflow/.local/lib/python3.12/site-packages/airflow/example_dags/example_branch_python_dop_operator_3.py                                              1           0  0.18s           2026-03-14T23:05:13
/home/airflow/.local/lib/python3.12/site-packages/airflow/example_dags/example_task_group_decorator.py                                                      1           0  0.18s           2026-03-14T23:05:24
/home/airflow/.local/lib/python3.12/site-packages/airflow/example_dags/example_params_ui_tutorial.py                                                        1           0  0.18s           2026-03-14T23:05:14
/home/airflow/.local/lib/python3.12/site-packages/airflow/example_dags/example_task_group.py                                                                1           0  0.17s           2026-03-14T23:05:13
/home/airflow/.local/lib/python3.12/site-packages/airflow/example_dags/example_bash_operator.py                                                             1           0  0.17s           2026-03-14T23:05:17
/home/airflow/.local/lib/python3.12/site-packages/airflow/example_dags/example_latest_only_with_trigger.py                                                  1           0  0.17s           2026-03-14T23:05:14
/home/airflow/.local/lib/python3.12/site-packages/airflow/example_dags/example_params_trigger_ui.py                                                         1           0  0.17s           2026-03-14T23:05:17
/home/airflow/.local/lib/python3.12/site-packages/airflow/example_dags/example_short_circuit_operator.py                                                    1           0  0.16s           2026-03-14T23:05:22
/home/airflow/.local/lib/python3.12/site-packages/airflow/example_dags/example_short_circuit_decorator.py                                                   1           0  0.16s           2026-03-14T23:05:14
/home/airflow/.local/lib/python3.12/site-packages/airflow/example_dags/example_complex.py                                                                   1           0  0.16s           2026-03-14T23:05:20
/home/airflow/.local/lib/python3.12/site-packages/airflow/example_dags/example_sensors.py                                                                   1           0  0.16s           2026-03-14T23:05:01
/home/airflow/.local/lib/python3.12/site-packages/airflow/example_dags/example_branch_operator_decorator.py                                                 1           0  0.16s           2026-03-14T23:04:58
/home/airflow/.local/lib/python3.12/site-packages/airflow/example_dags/example_kubernetes_executor.py                                                       1           0  0.16s           2026-03-14T23:05:17
/home/airflow/.local/lib/python3.12/site-packages/airflow/example_dags/example_passing_params_via_test_command.py                                           1           0  0.16s           2026-03-14T23:05:14
/home/airflow/.local/lib/python3.12/site-packages/airflow/example_dags/example_skip_dag.py                                                                  1           0  0.15s           2026-03-14T23:05:17
/home/airflow/.local/lib/python3.12/site-packages/airflow/example_dags/example_bash_decorator.py                                                            1           0  0.15s           2026-03-14T23:05:17
/home/airflow/.local/lib/python3.12/site-packages/airflow/example_dags/example_local_kubernetes_executor.py                                                 1           0  0.15s           2026-03-14T23:05:19
/home/airflow/.local/lib/python3.12/site-packages/airflow/example_dags/example_branch_labels.py                                                             1           0  0.15s           2026-03-14T23:05:18
/home/airflow/.local/lib/python3.12/site-packages/airflow/example_dags/example_setup_teardown_taskflow.py                                                   1           0  0.15s           2026-03-14T23:05:17
/home/airflow/.local/lib/python3.12/site-packages/airflow/example_dags/tutorial.py                                                                          1           0  0.15s           2026-03-14T23:05:01
/home/airflow/.local/lib/python3.12/site-packages/airflow/example_dags/example_nested_branch_dag.py                                                         1           0  0.15s           2026-03-14T23:05:01
/home/airflow/.local/lib/python3.12/site-packages/airflow/example_dags/tutorial_taskflow_api.py                                                             1           0  0.15s           2026-03-14T23:05:15
/home/airflow/.local/lib/python3.12/site-packages/airflow/example_dags/tutorial_taskflow_api_virtualenv.py                                                  1           0  0.15s           2026-03-14T23:05:26
/home/airflow/.local/lib/python3.12/site-packages/airflow/example_dags/tutorial_objectstorage.py                                                            1           0  0.15s           2026-03-14T23:05:09
/home/airflow/.local/lib/python3.12/site-packages/airflow/example_dags/example_external_task_marker_dag.py                                                  2           0  0.15s           2026-03-14T23:05:17
/home/airflow/.local/lib/python3.12/site-packages/airflow/example_dags/example_trigger_controller_dag.py                                                    1           0  0.15s           2026-03-14T23:05:04
/home/airflow/.local/lib/python3.12/site-packages/airflow/example_dags/example_sensor_decorator.py                                                          1           0  0.14s           2026-03-14T23:05:16
/home/airflow/.local/lib/python3.12/site-packages/airflow/example_dags/example_python_operator.py                                                           1           0  0.14s           2026-03-14T23:05:04
/home/airflow/.local/lib/python3.12/site-packages/airflow/example_dags/example_setup_teardown.py                                                            1           0  0.14s           2026-03-14T23:05:16
/home/airflow/.local/lib/python3.12/site-packages/airflow/example_dags/example_sla_dag.py                                                                   1           0  0.14s           2026-03-14T23:05:06
/home/airflow/.local/lib/python3.12/site-packages/airflow/example_dags/example_latest_only.py                                                               1           0  0.14s           2026-03-14T23:05:17
/home/airflow/.local/lib/python3.12/site-packages/airflow/example_dags/example_trigger_target_dag.py                                                        1           0  0.14s           2026-03-14T23:05:10
/home/airflow/.local/lib/python3.12/site-packages/airflow/example_dags/example_dynamic_task_mapping_with_no_taskflow_operators.py                           1           0  0.14s           2026-03-14T23:05:16
/home/airflow/.local/lib/python3.12/site-packages/airflow/example_dags/example_python_decorator.py                                                          1           0  0.14s           2026-03-14T23:05:16
/home/airflow/.local/lib/python3.12/site-packages/airflow/example_dags/example_display_name.py                                                              1           0  0.14s           2026-03-14T23:04:59
/home/airflow/.local/lib/python3.12/site-packages/airflow/example_dags/example_dynamic_task_mapping.py                                                      1           0  0.13s           2026-03-14T23:05:14
/home/airflow/.local/lib/python3.12/site-packages/airflow/example_dags/example_time_delta_sensor_async.py                                                   1           0  0.12s           2026-03-14T23:05:16
/home/airflow/.local/lib/python3.12/site-packages/airflow/example_dags/plugins/decreasing_priority_weight_strategy.py                                       0           0  0.07s           2026-03-14T23:05:02
/home/airflow/.local/lib/python3.12/site-packages/airflow/example_dags/subdags/subdag.py                                                                    0           0  0.07s           2026-03-14T23:05:02
/home/airflow/.local/lib/python3.12/site-packages/airflow/example_dags/plugins/event_listener.py                                                            0           0  0.07s           2026-03-14T23:05:02
/home/airflow/.local/lib/python3.12/site-packages/airflow/example_dags/plugins/listener_plugin.py                                                           0           0  0.07s           2026-03-14T23:05:02
================================================================================
[2026-03-14T23:05:59.480+0000] {manager.py:878} INFO - 
================================================================================
DAG File Processing Stats

File Path                                                                                                                            PID  Runtime      # DAGs    # Errors  Last Runtime    Last Run
---------------------------------------------------------------------------------------------------------------------------------  -----  ---------  --------  ----------  --------------  -------------------
/home/airflow/.local/lib/python3.12/site-packages/airflow/example_dags/plugins/workday.py                                                                   0           0  1.00s           2026-03-14T23:05:48
/home/airflow/.local/lib/python3.12/site-packages/airflow/example_dags/example_skip_dag.py                                                                  1           0  0.63s           2026-03-14T23:05:48
/home/airflow/.local/lib/python3.12/site-packages/airflow/example_dags/example_dag_decorator.py                                      400  0.02s             1           0  0.37s           2026-03-14T23:05:28
/home/airflow/.local/lib/python3.12/site-packages/airflow/example_dags/example_datasets.py                                                                 10           0  0.29s           2026-03-14T23:05:46
/home/airflow/.local/lib/python3.12/site-packages/airflow/example_dags/example_params_ui_tutorial.py                                                        1           0  0.23s           2026-03-14T23:05:45
/home/airflow/.local/lib/python3.12/site-packages/airflow/example_dags/example_bash_operator.py                                                             1           0  0.20s           2026-03-14T23:05:47
/home/airflow/.local/lib/python3.12/site-packages/airflow/example_dags/example_subdag_operator.py                                                           3           0  0.20s           2026-03-14T23:05:43
/home/airflow/.local/lib/python3.12/site-packages/airflow/example_dags/example_xcom.py                                                                      1           0  0.19s           2026-03-14T23:05:43
/home/airflow/.local/lib/python3.12/site-packages/airflow/example_dags/example_setup_teardown_taskflow.py                                                   1           0  0.19s           2026-03-14T23:05:48
/home/airflow/.local/lib/python3.12/site-packages/airflow/example_dags/example_latest_only_with_trigger.py                                                  1           0  0.19s           2026-03-14T23:05:44
/home/airflow/.local/lib/python3.12/site-packages/airflow/example_dags/example_kubernetes_executor.py                                                       1           0  0.19s           2026-03-14T23:05:48
/home/airflow/.local/lib/python3.12/site-packages/airflow/example_dags/example_params_trigger_ui.py                                                         1           0  0.19s           2026-03-14T23:05:48
/home/airflow/.local/lib/python3.12/site-packages/airflow/example_dags/example_short_circuit_decorator.py                                                   1           0  0.18s           2026-03-14T23:05:44
/home/airflow/.local/lib/python3.12/site-packages/airflow/example_dags/example_dynamic_task_mapping.py                                                      1           0  0.18s           2026-03-14T23:05:45
/home/airflow/.local/lib/python3.12/site-packages/airflow/example_dags/example_passing_params_via_test_command.py                                           1           0  0.18s           2026-03-14T23:05:45
/home/airflow/.local/lib/python3.12/site-packages/airflow/example_dags/tutorial.py                                                                          1           0  0.18s           2026-03-14T23:05:32
/home/airflow/.local/lib/python3.12/site-packages/airflow/example_dags/example_branch_datetime_operator.py                                                  3           0  0.18s           2026-03-14T23:05:47
/home/airflow/.local/lib/python3.12/site-packages/airflow/example_dags/example_local_kubernetes_executor.py                                                 1           0  0.17s           2026-03-14T23:05:50
/home/airflow/.local/lib/python3.12/site-packages/airflow/example_dags/example_branch_operator.py                                    401  0.01s             1           0  0.17s           2026-03-14T23:05:28
/home/airflow/.local/lib/python3.12/site-packages/airflow/example_dags/example_branch_python_dop_operator_3.py                                              1           0  0.17s           2026-03-14T23:05:43
/home/airflow/.local/lib/python3.12/site-packages/airflow/example_dags/example_sla_dag.py                                                                   1           0  0.16s           2026-03-14T23:05:36
/home/airflow/.local/lib/python3.12/site-packages/airflow/example_dags/example_branch_operator_decorator.py                                                 1           0  0.16s           2026-03-14T23:05:28
/home/airflow/.local/lib/python3.12/site-packages/airflow/example_dags/example_branch_day_of_week_operator.py                                               1           0  0.16s           2026-03-14T23:05:43
/home/airflow/.local/lib/python3.12/site-packages/airflow/example_dags/example_task_group_decorator.py                                                      1           0  0.16s           2026-03-14T23:05:55
/home/airflow/.local/lib/python3.12/site-packages/airflow/example_dags/tutorial_dag.py                                                                      1           0  0.16s           2026-03-14T23:05:43
/home/airflow/.local/lib/python3.12/site-packages/airflow/example_dags/tutorial_taskflow_api.py                                                             1           0  0.16s           2026-03-14T23:05:45
/home/airflow/.local/lib/python3.12/site-packages/airflow/example_dags/example_python_decorator.py                                                          1           0  0.16s           2026-03-14T23:05:46
/home/airflow/.local/lib/python3.12/site-packages/airflow/example_dags/example_sensors.py                                                                   1           0  0.16s           2026-03-14T23:05:32
/home/airflow/.local/lib/python3.12/site-packages/airflow/example_dags/example_short_circuit_operator.py                                                    1           0  0.15s           2026-03-14T23:05:53
/home/airflow/.local/lib/python3.12/site-packages/airflow/example_dags/example_task_group.py                                                                1           0  0.15s           2026-03-14T23:05:43
/home/airflow/.local/lib/python3.12/site-packages/airflow/example_dags/example_latest_only.py                                                               1           0  0.15s           2026-03-14T23:05:47
/home/airflow/.local/lib/python3.12/site-packages/airflow/example_dags/example_dynamic_task_mapping_with_no_taskflow_operators.py                           1           0  0.15s           2026-03-14T23:05:47
/home/airflow/.local/lib/python3.12/site-packages/airflow/example_dags/example_nested_branch_dag.py                                                         1           0  0.15s           2026-03-14T23:05:32
/home/airflow/.local/lib/python3.12/site-packages/airflow/example_dags/example_sensor_decorator.py                                                          1           0  0.15s           2026-03-14T23:05:46
/home/airflow/.local/lib/python3.12/site-packages/airflow/example_dags/example_branch_labels.py                                                             1           0  0.15s           2026-03-14T23:05:49
/home/airflow/.local/lib/python3.12/site-packages/airflow/example_dags/example_setup_teardown.py                                                            1           0  0.15s           2026-03-14T23:05:46
/home/airflow/.local/lib/python3.12/site-packages/airflow/example_dags/example_xcomargs.py                                                                  2           0  0.14s           2026-03-14T23:05:40
/home/airflow/.local/lib/python3.12/site-packages/airflow/example_dags/example_complex.py                                                                   1           0  0.14s           2026-03-14T23:05:51
/home/airflow/.local/lib/python3.12/site-packages/airflow/example_dags/example_display_name.py                                                              1           0  0.14s           2026-03-14T23:05:30
/home/airflow/.local/lib/python3.12/site-packages/airflow/example_dags/tutorial_taskflow_api_virtualenv.py                                                  1           0  0.14s           2026-03-14T23:05:57
/home/airflow/.local/lib/python3.12/site-packages/airflow/example_dags/example_trigger_controller_dag.py                                                    1           0  0.14s           2026-03-14T23:05:34
/home/airflow/.local/lib/python3.12/site-packages/airflow/example_dags/example_python_operator.py                                                           1           0  0.14s           2026-03-14T23:05:34
/home/airflow/.local/lib/python3.12/site-packages/airflow/example_dags/example_bash_decorator.py                                                            1           0  0.13s           2026-03-14T23:05:47
/home/airflow/.local/lib/python3.12/site-packages/airflow/example_dags/example_external_task_marker_dag.py                                                  2           0  0.13s           2026-03-14T23:05:49
/home/airflow/.local/lib/python3.12/site-packages/airflow/example_dags/example_trigger_target_dag.py                                                        1           0  0.13s           2026-03-14T23:05:41
/home/airflow/.local/lib/python3.12/site-packages/airflow/example_dags/example_time_delta_sensor_async.py                                                   1           0  0.13s           2026-03-14T23:05:47
/home/airflow/.local/lib/python3.12/site-packages/airflow/example_dags/tutorial_objectstorage.py                                                            1           0  0.13s           2026-03-14T23:05:39
/home/airflow/.local/lib/python3.12/site-packages/airflow/example_dags/plugins/decreasing_priority_weight_strategy.py                                       0           0  0.07s           2026-03-14T23:05:33
/home/airflow/.local/lib/python3.12/site-packages/airflow/example_dags/plugins/event_listener.py                                                            0           0  0.06s           2026-03-14T23:05:33
/home/airflow/.local/lib/python3.12/site-packages/airflow/example_dags/subdags/subdag.py                                                                    0           0  0.06s           2026-03-14T23:05:33
/home/airflow/.local/lib/python3.12/site-packages/airflow/example_dags/plugins/listener_plugin.py                                                           0           0  0.06s           2026-03-14T23:05:33
================================================================================
[2026-03-14T23:06:30.373+0000] {manager.py:878} INFO - 
================================================================================
DAG File Processing Stats

File Path                                                                                                                            PID  Runtime      # DAGs    # Errors  Last Runtime    Last Run
---------------------------------------------------------------------------------------------------------------------------------  -----  ---------  --------  ----------  --------------  -------------------
/home/airflow/.local/lib/python3.12/site-packages/airflow/example_dags/plugins/workday.py                                                                   0           0  1.56s           2026-03-14T23:06:20
/home/airflow/.local/lib/python3.12/site-packages/airflow/example_dags/example_params_trigger_ui.py                                                         1           0  0.45s           2026-03-14T23:06:20
/home/airflow/.local/lib/python3.12/site-packages/airflow/example_dags/example_dag_decorator.py                                      458  0.05s             1           0  0.35s           2026-03-14T23:05:59
/home/airflow/.local/lib/python3.12/site-packages/airflow/example_dags/example_datasets.py                                                                 10           0  0.27s           2026-03-14T23:06:17
/home/airflow/.local/lib/python3.12/site-packages/airflow/example_dags/example_complex.py                                                                   1           0  0.21s           2026-03-14T23:06:22
/home/airflow/.local/lib/python3.12/site-packages/airflow/example_dags/example_skip_dag.py                                                                  1           0  0.20s           2026-03-14T23:06:19
/home/airflow/.local/lib/python3.12/site-packages/airflow/example_dags/example_setup_teardown_taskflow.py                                                   1           0  0.20s           2026-03-14T23:06:19
/home/airflow/.local/lib/python3.12/site-packages/airflow/example_dags/example_kubernetes_executor.py                                                       1           0  0.19s           2026-03-14T23:06:19
/home/airflow/.local/lib/python3.12/site-packages/airflow/example_dags/example_local_kubernetes_executor.py                                                 1           0  0.18s           2026-03-14T23:06:21
/home/airflow/.local/lib/python3.12/site-packages/airflow/example_dags/example_subdag_operator.py                                                           3           0  0.17s           2026-03-14T23:06:14
/home/airflow/.local/lib/python3.12/site-packages/airflow/example_dags/example_branch_datetime_operator.py                                                  3           0  0.17s           2026-03-14T23:06:17
/home/airflow/.local/lib/python3.12/site-packages/airflow/example_dags/example_params_ui_tutorial.py                                                        1           0  0.17s           2026-03-14T23:06:15
/home/airflow/.local/lib/python3.12/site-packages/airflow/example_dags/example_branch_operator.py                                    459  0.02s             1           0  0.16s           2026-03-14T23:05:59
/home/airflow/.local/lib/python3.12/site-packages/airflow/example_dags/example_external_task_marker_dag.py                                                  2           0  0.16s           2026-03-14T23:06:20
/home/airflow/.local/lib/python3.12/site-packages/airflow/example_dags/example_task_group_decorator.py                                                      1           0  0.16s           2026-03-14T23:06:26
/home/airflow/.local/lib/python3.12/site-packages/airflow/example_dags/example_branch_operator_decorator.py                                                 1           0  0.16s           2026-03-14T23:05:59
/home/airflow/.local/lib/python3.12/site-packages/airflow/example_dags/example_branch_labels.py                                                             1           0  0.16s           2026-03-14T23:06:20
/home/airflow/.local/lib/python3.12/site-packages/airflow/example_dags/example_trigger_controller_dag.py                                                    1           0  0.16s           2026-03-14T23:06:05
/home/airflow/.local/lib/python3.12/site-packages/airflow/example_dags/example_xcom.py                                                                      1           0  0.16s           2026-03-14T23:06:14
/home/airflow/.local/lib/python3.12/site-packages/airflow/example_dags/example_python_operator.py                                                           1           0  0.16s           2026-03-14T23:06:05
/home/airflow/.local/lib/python3.12/site-packages/airflow/example_dags/example_latest_only_with_trigger.py                                                  1           0  0.16s           2026-03-14T23:06:15
/home/airflow/.local/lib/python3.12/site-packages/airflow/example_dags/example_nested_branch_dag.py                                                         1           0  0.16s           2026-03-14T23:06:03
/home/airflow/.local/lib/python3.12/site-packages/airflow/example_dags/example_short_circuit_decorator.py                                                   1           0  0.15s           2026-03-14T23:06:15
/home/airflow/.local/lib/python3.12/site-packages/airflow/example_dags/example_setup_teardown.py                                                            1           0  0.15s           2026-03-14T23:06:17
/home/airflow/.local/lib/python3.12/site-packages/airflow/example_dags/example_bash_operator.py                                                             1           0  0.15s           2026-03-14T23:06:17
/home/airflow/.local/lib/python3.12/site-packages/airflow/example_dags/tutorial.py                                                                          1           0  0.15s           2026-03-14T23:06:02
/home/airflow/.local/lib/python3.12/site-packages/airflow/example_dags/example_passing_params_via_test_command.py                                           1           0  0.15s           2026-03-14T23:06:15
/home/airflow/.local/lib/python3.12/site-packages/airflow/example_dags/example_dynamic_task_mapping_with_no_taskflow_operators.py                           1           0  0.15s           2026-03-14T23:06:17
/home/airflow/.local/lib/python3.12/site-packages/airflow/example_dags/example_task_group.py                                                                1           0  0.15s           2026-03-14T23:06:14
/home/airflow/.local/lib/python3.12/site-packages/airflow/example_dags/example_python_decorator.py                                                          1           0  0.15s           2026-03-14T23:06:17
/home/airflow/.local/lib/python3.12/site-packages/airflow/example_dags/example_xcomargs.py                                                                  2           0  0.15s           2026-03-14T23:06:11
/home/airflow/.local/lib/python3.12/site-packages/airflow/example_dags/example_short_circuit_operator.py                                                    1           0  0.15s           2026-03-14T23:06:24
/home/airflow/.local/lib/python3.12/site-packages/airflow/example_dags/tutorial_taskflow_api_virtualenv.py                                                  1           0  0.14s           2026-03-14T23:06:28
/home/airflow/.local/lib/python3.12/site-packages/airflow/example_dags/example_branch_day_of_week_operator.py                                               1           0  0.14s           2026-03-14T23:06:13
/home/airflow/.local/lib/python3.12/site-packages/airflow/example_dags/example_bash_decorator.py                                                            1           0  0.14s           2026-03-14T23:06:17
/home/airflow/.local/lib/python3.12/site-packages/airflow/example_dags/example_sensors.py                                                                   1           0  0.14s           2026-03-14T23:06:02
/home/airflow/.local/lib/python3.12/site-packages/airflow/example_dags/example_time_delta_sensor_async.py                                                   1           0  0.14s           2026-03-14T23:06:17
/home/airflow/.local/lib/python3.12/site-packages/airflow/example_dags/example_sla_dag.py                                                                   1           0  0.14s           2026-03-14T23:06:07
/home/airflow/.local/lib/python3.12/site-packages/airflow/example_dags/example_branch_python_dop_operator_3.py                                              1           0  0.14s           2026-03-14T23:06:13
/home/airflow/.local/lib/python3.12/site-packages/airflow/example_dags/example_latest_only.py                                                               1           0  0.14s           2026-03-14T23:06:18
/home/airflow/.local/lib/python3.12/site-packages/airflow/example_dags/example_dynamic_task_mapping.py                                                      1           0  0.13s           2026-03-14T23:06:15
/home/airflow/.local/lib/python3.12/site-packages/airflow/example_dags/tutorial_taskflow_api.py                                                             1           0  0.13s           2026-03-14T23:06:15
/home/airflow/.local/lib/python3.12/site-packages/airflow/example_dags/example_sensor_decorator.py                                                          1           0  0.13s           2026-03-14T23:06:16
/home/airflow/.local/lib/python3.12/site-packages/airflow/example_dags/example_trigger_target_dag.py                                                        1           0  0.13s           2026-03-14T23:06:11
/home/airflow/.local/lib/python3.12/site-packages/airflow/example_dags/tutorial_dag.py                                                                      1           0  0.13s           2026-03-14T23:06:14
/home/airflow/.local/lib/python3.12/site-packages/airflow/example_dags/example_display_name.py                                                              1           0  0.13s           2026-03-14T23:06:00
/home/airflow/.local/lib/python3.12/site-packages/airflow/example_dags/tutorial_objectstorage.py                                                            1           0  0.12s           2026-03-14T23:06:10
/home/airflow/.local/lib/python3.12/site-packages/airflow/example_dags/plugins/listener_plugin.py                                                           0           0  0.09s           2026-03-14T23:06:04
/home/airflow/.local/lib/python3.12/site-packages/airflow/example_dags/plugins/decreasing_priority_weight_strategy.py                                       0           0  0.08s           2026-03-14T23:06:04
/home/airflow/.local/lib/python3.12/site-packages/airflow/example_dags/plugins/event_listener.py                                                            0           0  0.07s           2026-03-14T23:06:04
/home/airflow/.local/lib/python3.12/site-packages/airflow/example_dags/subdags/subdag.py                                                                    0           0  0.07s           2026-03-14T23:06:04
================================================================================
[2026-03-14T23:07:00.841+0000] {manager.py:878} INFO - 
================================================================================
DAG File Processing Stats

File Path                                                                                                                            PID  Runtime      # DAGs    # Errors  Last Runtime    Last Run
---------------------------------------------------------------------------------------------------------------------------------  -----  ---------  --------  ----------  --------------  -------------------
/home/airflow/.local/lib/python3.12/site-packages/airflow/example_dags/plugins/workday.py                                                                   0           0  0.91s           2026-03-14T23:06:52
/home/airflow/.local/lib/python3.12/site-packages/airflow/example_dags/example_dag_decorator.py                                      516  0.02s             1           0  0.47s           2026-03-14T23:06:30
/home/airflow/.local/lib/python3.12/site-packages/airflow/example_dags/example_datasets.py                                                                 10           0  0.25s           2026-03-14T23:06:47
/home/airflow/.local/lib/python3.12/site-packages/airflow/example_dags/example_branch_operator.py                                    517  0.01s             1           0  0.22s           2026-03-14T23:06:30
/home/airflow/.local/lib/python3.12/site-packages/airflow/example_dags/example_trigger_controller_dag.py                                                    1           0  0.20s           2026-03-14T23:06:36
/home/airflow/.local/lib/python3.12/site-packages/airflow/example_dags/example_kubernetes_executor.py                                                       1           0  0.20s           2026-03-14T23:06:50
/home/airflow/.local/lib/python3.12/site-packages/airflow/example_dags/example_python_operator.py                                                           1           0  0.19s           2026-03-14T23:06:36
/home/airflow/.local/lib/python3.12/site-packages/airflow/example_dags/example_local_kubernetes_executor.py                                                 1           0  0.19s           2026-03-14T23:06:51
/home/airflow/.local/lib/python3.12/site-packages/airflow/example_dags/example_params_trigger_ui.py                                                         1           0  0.18s           2026-03-14T23:06:51
/home/airflow/.local/lib/python3.12/site-packages/airflow/example_dags/example_subdag_operator.py                                                           3           0  0.18s           2026-03-14T23:06:44
/home/airflow/.local/lib/python3.12/site-packages/airflow/example_dags/example_branch_operator_decorator.py                                                 1           0  0.17s           2026-03-14T23:06:30
/home/airflow/.local/lib/python3.12/site-packages/airflow/example_dags/example_params_ui_tutorial.py                                                        1           0  0.17s           2026-03-14T23:06:46
/home/airflow/.local/lib/python3.12/site-packages/airflow/example_dags/example_complex.py                                                                   1           0  0.16s           2026-03-14T23:06:52
/home/airflow/.local/lib/python3.12/site-packages/airflow/example_dags/example_branch_day_of_week_operator.py                                               1           0  0.16s           2026-03-14T23:06:44
/home/airflow/.local/lib/python3.12/site-packages/airflow/example_dags/example_branch_python_dop_operator_3.py                                              1           0  0.16s           2026-03-14T23:06:44
/home/airflow/.local/lib/python3.12/site-packages/airflow/example_dags/example_task_group_decorator.py                                                      1           0  0.16s           2026-03-14T23:06:56
/home/airflow/.local/lib/python3.12/site-packages/airflow/example_dags/example_xcomargs.py                                                                  2           0  0.16s           2026-03-14T23:06:42
/home/airflow/.local/lib/python3.12/site-packages/airflow/example_dags/example_skip_dag.py                                                                  1           0  0.16s           2026-03-14T23:06:49
/home/airflow/.local/lib/python3.12/site-packages/airflow/example_dags/example_external_task_marker_dag.py                                                  2           0  0.16s           2026-03-14T23:06:51
/home/airflow/.local/lib/python3.12/site-packages/airflow/example_dags/example_sla_dag.py                                                                   1           0  0.16s           2026-03-14T23:06:38
/home/airflow/.local/lib/python3.12/site-packages/airflow/example_dags/example_branch_datetime_operator.py                                                  3           0  0.16s           2026-03-14T23:06:47
/home/airflow/.local/lib/python3.12/site-packages/airflow/example_dags/example_setup_teardown_taskflow.py                                                   1           0  0.16s           2026-03-14T23:06:49
/home/airflow/.local/lib/python3.12/site-packages/airflow/example_dags/example_xcom.py                                                                      1           0  0.15s           2026-03-14T23:06:44
/home/airflow/.local/lib/python3.12/site-packages/airflow/example_dags/example_bash_decorator.py                                                            1           0  0.15s           2026-03-14T23:06:47
/home/airflow/.local/lib/python3.12/site-packages/airflow/example_dags/example_latest_only_with_trigger.py                                                  1           0  0.15s           2026-03-14T23:06:45
/home/airflow/.local/lib/python3.12/site-packages/airflow/example_dags/example_bash_operator.py                                                             1           0  0.15s           2026-03-14T23:06:48
/home/airflow/.local/lib/python3.12/site-packages/airflow/example_dags/example_short_circuit_decorator.py                                                   1           0  0.15s           2026-03-14T23:06:45
/home/airflow/.local/lib/python3.12/site-packages/airflow/example_dags/example_short_circuit_operator.py                                                    1           0  0.15s           2026-03-14T23:06:54
/home/airflow/.local/lib/python3.12/site-packages/airflow/example_dags/example_branch_labels.py                                                             1           0  0.14s           2026-03-14T23:06:51
/home/airflow/.local/lib/python3.12/site-packages/airflow/example_dags/example_task_group.py                                                                1           0  0.14s           2026-03-14T23:06:44
/home/airflow/.local/lib/python3.12/site-packages/airflow/example_dags/tutorial_taskflow_api.py                                                             1           0  0.14s           2026-03-14T23:06:45
/home/airflow/.local/lib/python3.12/site-packages/airflow/example_dags/example_nested_branch_dag.py                                                         1           0  0.14s           2026-03-14T23:06:34
/home/airflow/.local/lib/python3.12/site-packages/airflow/example_dags/example_trigger_target_dag.py                                                        1           0  0.14s           2026-03-14T23:06:42
/home/airflow/.local/lib/python3.12/site-packages/airflow/example_dags/example_setup_teardown.py                                                            1           0  0.14s           2026-03-14T23:06:47
/home/airflow/.local/lib/python3.12/site-packages/airflow/example_dags/example_dynamic_task_mapping_with_no_taskflow_operators.py                           1           0  0.14s           2026-03-14T23:06:47
/home/airflow/.local/lib/python3.12/site-packages/airflow/example_dags/example_python_decorator.py                                                          1           0  0.14s           2026-03-14T23:06:47
/home/airflow/.local/lib/python3.12/site-packages/airflow/example_dags/example_dynamic_task_mapping.py                                                      1           0  0.14s           2026-03-14T23:06:45
/home/airflow/.local/lib/python3.12/site-packages/airflow/example_dags/example_passing_params_via_test_command.py                                           1           0  0.14s           2026-03-14T23:06:45
/home/airflow/.local/lib/python3.12/site-packages/airflow/example_dags/tutorial.py                                                                          1           0  0.14s           2026-03-14T23:06:33
/home/airflow/.local/lib/python3.12/site-packages/airflow/example_dags/example_latest_only.py                                                               1           0  0.13s           2026-03-14T23:06:48
/home/airflow/.local/lib/python3.12/site-packages/airflow/example_dags/tutorial_taskflow_api_virtualenv.py                                                  1           0  0.13s           2026-03-14T23:06:58
/home/airflow/.local/lib/python3.12/site-packages/airflow/example_dags/example_sensors.py                                                                   1           0  0.13s           2026-03-14T23:06:33
/home/airflow/.local/lib/python3.12/site-packages/airflow/example_dags/tutorial_dag.py                                                                      1           0  0.13s           2026-03-14T23:06:44
/home/airflow/.local/lib/python3.12/site-packages/airflow/example_dags/tutorial_objectstorage.py                                                            1           0  0.13s           2026-03-14T23:06:40
/home/airflow/.local/lib/python3.12/site-packages/airflow/example_dags/example_sensor_decorator.py                                                          1           0  0.13s           2026-03-14T23:06:47
/home/airflow/.local/lib/python3.12/site-packages/airflow/example_dags/example_time_delta_sensor_async.py                                                   1           0  0.12s           2026-03-14T23:06:47
/home/airflow/.local/lib/python3.12/site-packages/airflow/example_dags/example_display_name.py                                                              1           0  0.12s           2026-03-14T23:06:31
/home/airflow/.local/lib/python3.12/site-packages/airflow/example_dags/plugins/listener_plugin.py                                                           0           0  0.06s           2026-03-14T23:06:34
/home/airflow/.local/lib/python3.12/site-packages/airflow/example_dags/subdags/subdag.py                                                                    0           0  0.06s           2026-03-14T23:06:34
/home/airflow/.local/lib/python3.12/site-packages/airflow/example_dags/plugins/decreasing_priority_weight_strategy.py                                       0           0  0.06s           2026-03-14T23:06:34
/home/airflow/.local/lib/python3.12/site-packages/airflow/example_dags/plugins/event_listener.py                                                            0           0  0.06s           2026-03-14T23:06:34
================================================================================
[2026-03-14T23:07:31.471+0000] {manager.py:878} INFO - 
================================================================================
DAG File Processing Stats

File Path                                                                                                                            PID  Runtime      # DAGs    # Errors  Last Runtime    Last Run
---------------------------------------------------------------------------------------------------------------------------------  -----  ---------  --------  ----------  --------------  -------------------
/home/airflow/.local/lib/python3.12/site-packages/airflow/example_dags/plugins/workday.py                                                                   0           0  0.63s           2026-03-14T23:07:23
/home/airflow/.local/lib/python3.12/site-packages/airflow/example_dags/example_dag_decorator.py                                      574  0.02s             1           0  0.39s           2026-03-14T23:07:01
/home/airflow/.local/lib/python3.12/site-packages/airflow/example_dags/example_datasets.py                                                                 10           0  0.26s           2026-03-14T23:07:18
/home/airflow/.local/lib/python3.12/site-packages/airflow/example_dags/example_params_trigger_ui.py                                                         1           0  0.21s           2026-03-14T23:07:22
/home/airflow/.local/lib/python3.12/site-packages/airflow/example_dags/example_task_group_decorator.py                                                      1           0  0.20s           2026-03-14T23:07:27
/home/airflow/.local/lib/python3.12/site-packages/airflow/example_dags/example_branch_labels.py                                                             1           0  0.20s           2026-03-14T23:07:22
/home/airflow/.local/lib/python3.12/site-packages/airflow/example_dags/example_branch_operator_decorator.py                                                 1           0  0.19s           2026-03-14T23:07:01
/home/airflow/.local/lib/python3.12/site-packages/airflow/example_dags/example_setup_teardown_taskflow.py                                                   1           0  0.19s           2026-03-14T23:07:20
/home/airflow/.local/lib/python3.12/site-packages/airflow/example_dags/example_kubernetes_executor.py                                                       1           0  0.19s           2026-03-14T23:07:21
/home/airflow/.local/lib/python3.12/site-packages/airflow/example_dags/example_local_kubernetes_executor.py                                                 1           0  0.18s           2026-03-14T23:07:22
/home/airflow/.local/lib/python3.12/site-packages/airflow/example_dags/example_params_ui_tutorial.py                                                        1           0  0.18s           2026-03-14T23:07:16
/home/airflow/.local/lib/python3.12/site-packages/airflow/example_dags/example_skip_dag.py                                                                  1           0  0.18s           2026-03-14T23:07:20
/home/airflow/.local/lib/python3.12/site-packages/airflow/example_dags/example_subdag_operator.py                                                           3           0  0.18s           2026-03-14T23:07:14
/home/airflow/.local/lib/python3.12/site-packages/airflow/example_dags/example_external_task_marker_dag.py                                                  2           0  0.18s           2026-03-14T23:07:22
/home/airflow/.local/lib/python3.12/site-packages/airflow/example_dags/example_branch_datetime_operator.py                                                  3           0  0.17s           2026-03-14T23:07:18
/home/airflow/.local/lib/python3.12/site-packages/airflow/example_dags/example_short_circuit_decorator.py                                                   1           0  0.17s           2026-03-14T23:07:15
/home/airflow/.local/lib/python3.12/site-packages/airflow/example_dags/example_branch_operator.py                                    575  0.01s             1           0  0.17s           2026-03-14T23:07:00
/home/airflow/.local/lib/python3.12/site-packages/airflow/example_dags/example_dynamic_task_mapping.py                                                      1           0  0.16s           2026-03-14T23:07:16
/home/airflow/.local/lib/python3.12/site-packages/airflow/example_dags/example_bash_operator.py                                                             1           0  0.16s           2026-03-14T23:07:18
/home/airflow/.local/lib/python3.12/site-packages/airflow/example_dags/example_xcom.py                                                                      1           0  0.16s           2026-03-14T23:07:14
/home/airflow/.local/lib/python3.12/site-packages/airflow/example_dags/example_xcomargs.py                                                                  2           0  0.16s           2026-03-14T23:07:12
/home/airflow/.local/lib/python3.12/site-packages/airflow/example_dags/tutorial.py                                                                          1           0  0.16s           2026-03-14T23:07:04
/home/airflow/.local/lib/python3.12/site-packages/airflow/example_dags/example_branch_python_dop_operator_3.py                                              1           0  0.16s           2026-03-14T23:07:14
/home/airflow/.local/lib/python3.12/site-packages/airflow/example_dags/example_setup_teardown.py                                                            1           0  0.16s           2026-03-14T23:07:18
/home/airflow/.local/lib/python3.12/site-packages/airflow/example_dags/example_trigger_controller_dag.py                                                    1           0  0.16s           2026-03-14T23:07:06
/home/airflow/.local/lib/python3.12/site-packages/airflow/example_dags/example_sensors.py                                                                   1           0  0.15s           2026-03-14T23:07:04
/home/airflow/.local/lib/python3.12/site-packages/airflow/example_dags/example_dynamic_task_mapping_with_no_taskflow_operators.py                           1           0  0.15s           2026-03-14T23:07:18
/home/airflow/.local/lib/python3.12/site-packages/airflow/example_dags/example_sla_dag.py                                                                   1           0  0.15s           2026-03-14T23:07:08
/home/airflow/.local/lib/python3.12/site-packages/airflow/example_dags/example_python_decorator.py                                                          1           0  0.15s           2026-03-14T23:07:18
/home/airflow/.local/lib/python3.12/site-packages/airflow/example_dags/example_trigger_target_dag.py                                                        1           0  0.15s           2026-03-14T23:07:12
/home/airflow/.local/lib/python3.12/site-packages/airflow/example_dags/example_nested_branch_dag.py                                                         1           0  0.15s           2026-03-14T23:07:04
/home/airflow/.local/lib/python3.12/site-packages/airflow/example_dags/example_branch_day_of_week_operator.py                                               1           0  0.15s           2026-03-14T23:07:14
/home/airflow/.local/lib/python3.12/site-packages/airflow/example_dags/example_python_operator.py                                                           1           0  0.15s           2026-03-14T23:07:06
/home/airflow/.local/lib/python3.12/site-packages/airflow/example_dags/example_short_circuit_operator.py                                                    1           0  0.15s           2026-03-14T23:07:25
/home/airflow/.local/lib/python3.12/site-packages/airflow/example_dags/example_passing_params_via_test_command.py                                           1           0  0.15s           2026-03-14T23:07:16
/home/airflow/.local/lib/python3.12/site-packages/airflow/example_dags/example_latest_only_with_trigger.py                                                  1           0  0.15s           2026-03-14T23:07:15
/home/airflow/.local/lib/python3.12/site-packages/airflow/example_dags/tutorial_objectstorage.py                                                            1           0  0.15s           2026-03-14T23:07:11
/home/airflow/.local/lib/python3.12/site-packages/airflow/example_dags/example_latest_only.py                                                               1           0  0.15s           2026-03-14T23:07:19
/home/airflow/.local/lib/python3.12/site-packages/airflow/example_dags/tutorial_taskflow_api_virtualenv.py                                                  1           0  0.14s           2026-03-14T23:07:29
/home/airflow/.local/lib/python3.12/site-packages/airflow/example_dags/example_complex.py                                                                   1           0  0.14s           2026-03-14T23:07:23
/home/airflow/.local/lib/python3.12/site-packages/airflow/example_dags/example_bash_decorator.py                                                            1           0  0.14s           2026-03-14T23:07:18
/home/airflow/.local/lib/python3.12/site-packages/airflow/example_dags/example_sensor_decorator.py                                                          1           0  0.13s           2026-03-14T23:07:17
/home/airflow/.local/lib/python3.12/site-packages/airflow/example_dags/tutorial_taskflow_api.py                                                             1           0  0.13s           2026-03-14T23:07:16
/home/airflow/.local/lib/python3.12/site-packages/airflow/example_dags/example_display_name.py                                                              1           0  0.13s           2026-03-14T23:07:02
/home/airflow/.local/lib/python3.12/site-packages/airflow/example_dags/tutorial_dag.py                                                                      1           0  0.13s           2026-03-14T23:07:14
/home/airflow/.local/lib/python3.12/site-packages/airflow/example_dags/example_task_group.py                                                                1           0  0.13s           2026-03-14T23:07:14
/home/airflow/.local/lib/python3.12/site-packages/airflow/example_dags/example_time_delta_sensor_async.py                                                   1           0  0.13s           2026-03-14T23:07:18
/home/airflow/.local/lib/python3.12/site-packages/airflow/example_dags/plugins/event_listener.py                                                            0           0  0.07s           2026-03-14T23:07:04
/home/airflow/.local/lib/python3.12/site-packages/airflow/example_dags/plugins/decreasing_priority_weight_strategy.py                                       0           0  0.06s           2026-03-14T23:07:04
/home/airflow/.local/lib/python3.12/site-packages/airflow/example_dags/subdags/subdag.py                                                                    0           0  0.06s           2026-03-14T23:07:04
/home/airflow/.local/lib/python3.12/site-packages/airflow/example_dags/plugins/listener_plugin.py                                                           0           0  0.06s           2026-03-14T23:07:04
================================================================================
[2026-03-14T23:07:54.712+0000] {manager.py:737} INFO - Searching for files in /opt/airflow/dags
[2026-03-14T23:07:54.739+0000] {manager.py:740} INFO - There are 51 files in /opt/airflow/dags
[2026-03-14T23:08:02.057+0000] {manager.py:878} INFO - 
================================================================================
DAG File Processing Stats

File Path                                                                                                                            PID  Runtime      # DAGs    # Errors  Last Runtime    Last Run
---------------------------------------------------------------------------------------------------------------------------------  -----  ---------  --------  ----------  --------------  -------------------
/home/airflow/.local/lib/python3.12/site-packages/airflow/example_dags/plugins/workday.py                                                                   0           0  0.63s           2026-03-14T23:07:54
/home/airflow/.local/lib/python3.12/site-packages/airflow/example_dags/example_dag_decorator.py                                      632  0.02s             1           0  0.37s           2026-03-14T23:07:31
/home/airflow/.local/lib/python3.12/site-packages/airflow/example_dags/tutorial_taskflow_api_virtualenv.py                                                  1           0  0.33s           2026-03-14T23:08:00
/home/airflow/.local/lib/python3.12/site-packages/airflow/example_dags/example_sla_dag.py                                                                   1           0  0.30s           2026-03-14T23:07:39
/home/airflow/.local/lib/python3.12/site-packages/airflow/example_dags/example_datasets.py                                                                 10           0  0.26s           2026-03-14T23:07:49
/home/airflow/.local/lib/python3.12/site-packages/airflow/example_dags/example_skip_dag.py                                                                  1           0  0.20s           2026-03-14T23:07:50
/home/airflow/.local/lib/python3.12/site-packages/airflow/example_dags/example_params_ui_tutorial.py                                                        1           0  0.19s           2026-03-14T23:07:46
/home/airflow/.local/lib/python3.12/site-packages/airflow/example_dags/example_setup_teardown_taskflow.py                                                   1           0  0.18s           2026-03-14T23:07:50
/home/airflow/.local/lib/python3.12/site-packages/airflow/example_dags/example_branch_operator_decorator.py                                                 1           0  0.18s           2026-03-14T23:07:31
/home/airflow/.local/lib/python3.12/site-packages/airflow/example_dags/example_bash_operator.py                                                             1           0  0.18s           2026-03-14T23:07:49
/home/airflow/.local/lib/python3.12/site-packages/airflow/example_dags/example_branch_datetime_operator.py                                                  3           0  0.18s           2026-03-14T23:07:49
/home/airflow/.local/lib/python3.12/site-packages/airflow/example_dags/example_passing_params_via_test_command.py                                           1           0  0.17s           2026-03-14T23:07:46
/home/airflow/.local/lib/python3.12/site-packages/airflow/example_dags/example_subdag_operator.py                                                           3           0  0.17s           2026-03-14T23:07:44
/home/airflow/.local/lib/python3.12/site-packages/airflow/example_dags/example_kubernetes_executor.py                                                       1           0  0.17s           2026-03-14T23:07:51
/home/airflow/.local/lib/python3.12/site-packages/airflow/example_dags/example_setup_teardown.py                                                            1           0  0.17s           2026-03-14T23:07:49
/home/airflow/.local/lib/python3.12/site-packages/airflow/example_dags/example_branch_operator.py                                    633  0.01s             1           0  0.16s           2026-03-14T23:07:31
/home/airflow/.local/lib/python3.12/site-packages/airflow/example_dags/example_dynamic_task_mapping.py                                                      1           0  0.16s           2026-03-14T23:07:46
/home/airflow/.local/lib/python3.12/site-packages/airflow/example_dags/example_local_kubernetes_executor.py                                                 1           0  0.16s           2026-03-14T23:07:53
/home/airflow/.local/lib/python3.12/site-packages/airflow/example_dags/example_short_circuit_decorator.py                                                   1           0  0.16s           2026-03-14T23:07:46
/home/airflow/.local/lib/python3.12/site-packages/airflow/example_dags/example_branch_day_of_week_operator.py                                               1           0  0.16s           2026-03-14T23:07:44
/home/airflow/.local/lib/python3.12/site-packages/airflow/example_dags/example_branch_python_dop_operator_3.py                                              1           0  0.16s           2026-03-14T23:07:44
/home/airflow/.local/lib/python3.12/site-packages/airflow/example_dags/example_task_group_decorator.py                                                      1           0  0.16s           2026-03-14T23:07:57
/home/airflow/.local/lib/python3.12/site-packages/airflow/example_dags/example_params_trigger_ui.py                                                         1           0  0.15s           2026-03-14T23:07:52
/home/airflow/.local/lib/python3.12/site-packages/airflow/example_dags/example_xcom.py                                                                      1           0  0.15s           2026-03-14T23:07:45
/home/airflow/.local/lib/python3.12/site-packages/airflow/example_dags/example_xcomargs.py                                                                  2           0  0.15s           2026-03-14T23:07:42
/home/airflow/.local/lib/python3.12/site-packages/airflow/example_dags/example_latest_only.py                                                               1           0  0.15s           2026-03-14T23:07:49
/home/airflow/.local/lib/python3.12/site-packages/airflow/example_dags/example_short_circuit_operator.py                                                    1           0  0.15s           2026-03-14T23:07:55
/home/airflow/.local/lib/python3.12/site-packages/airflow/example_dags/example_task_group.py                                                                1           0  0.15s           2026-03-14T23:07:45
/home/airflow/.local/lib/python3.12/site-packages/airflow/example_dags/example_trigger_controller_dag.py                                                    1           0  0.15s           2026-03-14T23:07:37
/home/airflow/.local/lib/python3.12/site-packages/airflow/example_dags/example_trigger_target_dag.py                                                        1           0  0.15s           2026-03-14T23:07:42
/home/airflow/.local/lib/python3.12/site-packages/airflow/example_dags/example_branch_labels.py                                                             1           0  0.15s           2026-03-14T23:07:53
/home/airflow/.local/lib/python3.12/site-packages/airflow/example_dags/example_bash_decorator.py                                                            1           0  0.15s           2026-03-14T23:07:49
/home/airflow/.local/lib/python3.12/site-packages/airflow/example_dags/tutorial.py                                                                          1           0  0.14s           2026-03-14T23:07:34
/home/airflow/.local/lib/python3.12/site-packages/airflow/example_dags/example_nested_branch_dag.py                                                         1           0  0.14s           2026-03-14T23:07:34
/home/airflow/.local/lib/python3.12/site-packages/airflow/example_dags/tutorial_objectstorage.py                                                            1           0  0.14s           2026-03-14T23:07:41
/home/airflow/.local/lib/python3.12/site-packages/airflow/example_dags/example_dynamic_task_mapping_with_no_taskflow_operators.py                           1           0  0.14s           2026-03-14T23:07:49
/home/airflow/.local/lib/python3.12/site-packages/airflow/example_dags/example_latest_only_with_trigger.py                                                  1           0  0.14s           2026-03-14T23:07:46
/home/airflow/.local/lib/python3.12/site-packages/airflow/example_dags/example_python_operator.py                                                           1           0  0.14s           2026-03-14T23:07:37
/home/airflow/.local/lib/python3.12/site-packages/airflow/example_dags/example_sensors.py                                                                   1           0  0.14s           2026-03-14T23:07:34
/home/airflow/.local/lib/python3.12/site-packages/airflow/example_dags/example_complex.py                                                                   1           0  0.14s           2026-03-14T23:07:54
/home/airflow/.local/lib/python3.12/site-packages/airflow/example_dags/example_python_decorator.py                                                          1           0  0.14s           2026-03-14T23:07:48
/home/airflow/.local/lib/python3.12/site-packages/airflow/example_dags/example_time_delta_sensor_async.py                                                   1           0  0.14s           2026-03-14T23:07:49
/home/airflow/.local/lib/python3.12/site-packages/airflow/example_dags/example_display_name.py                                                              1           0  0.14s           2026-03-14T23:07:32
/home/airflow/.local/lib/python3.12/site-packages/airflow/example_dags/tutorial_taskflow_api.py                                                             1           0  0.13s           2026-03-14T23:07:46
/home/airflow/.local/lib/python3.12/site-packages/airflow/example_dags/tutorial_dag.py                                                                      1           0  0.13s           2026-03-14T23:07:45
/home/airflow/.local/lib/python3.12/site-packages/airflow/example_dags/example_external_task_marker_dag.py                                                  2           0  0.13s           2026-03-14T23:07:52
/home/airflow/.local/lib/python3.12/site-packages/airflow/example_dags/example_sensor_decorator.py                                                          1           0  0.13s           2026-03-14T23:07:47
/home/airflow/.local/lib/python3.12/site-packages/airflow/example_dags/plugins/decreasing_priority_weight_strategy.py                                       0           0  0.07s           2026-03-14T23:07:35
/home/airflow/.local/lib/python3.12/site-packages/airflow/example_dags/plugins/event_listener.py                                                            0           0  0.06s           2026-03-14T23:07:35
/home/airflow/.local/lib/python3.12/site-packages/airflow/example_dags/plugins/listener_plugin.py                                                           0           0  0.06s           2026-03-14T23:07:35
/home/airflow/.local/lib/python3.12/site-packages/airflow/example_dags/subdags/subdag.py                                                                    0           0  0.06s           2026-03-14T23:07:35
================================================================================
[2026-03-14T23:08:32.546+0000] {manager.py:878} INFO - 
================================================================================
DAG File Processing Stats

File Path                                                                                                                            PID  Runtime      # DAGs    # Errors  Last Runtime    Last Run
---------------------------------------------------------------------------------------------------------------------------------  -----  ---------  --------  ----------  --------------  -------------------
/home/airflow/.local/lib/python3.12/site-packages/airflow/example_dags/plugins/workday.py                                                                   0           0  0.63s           2026-03-14T23:08:25
/home/airflow/.local/lib/python3.12/site-packages/airflow/example_dags/example_dag_decorator.py                                      690  0.02s             1           0  0.45s           2026-03-14T23:08:02
/home/airflow/.local/lib/python3.12/site-packages/airflow/example_dags/example_datasets.py                                                                 10           0  0.27s           2026-03-14T23:08:19
/home/airflow/.local/lib/python3.12/site-packages/airflow/example_dags/example_branch_operator_decorator.py                                                 1           0  0.24s           2026-03-14T23:08:02
/home/airflow/.local/lib/python3.12/site-packages/airflow/example_dags/example_params_ui_tutorial.py                                                        1           0  0.19s           2026-03-14T23:08:17
/home/airflow/.local/lib/python3.12/site-packages/airflow/example_dags/example_branch_operator.py                                    691  0.01s             1           0  0.19s           2026-03-14T23:08:02
/home/airflow/.local/lib/python3.12/site-packages/airflow/example_dags/example_branch_datetime_operator.py                                                  3           0  0.19s           2026-03-14T23:08:20
/home/airflow/.local/lib/python3.12/site-packages/airflow/example_dags/example_subdag_operator.py                                                           3           0  0.18s           2026-03-14T23:08:15
/home/airflow/.local/lib/python3.12/site-packages/airflow/example_dags/example_params_trigger_ui.py                                                         1           0  0.18s           2026-03-14T23:08:23
/home/airflow/.local/lib/python3.12/site-packages/airflow/example_dags/example_bash_operator.py                                                             1           0  0.18s           2026-03-14T23:08:20
/home/airflow/.local/lib/python3.12/site-packages/airflow/example_dags/example_short_circuit_operator.py                                                    1           0  0.17s           2026-03-14T23:08:26
/home/airflow/.local/lib/python3.12/site-packages/airflow/example_dags/example_kubernetes_executor.py                                                       1           0  0.17s           2026-03-14T23:08:22
/home/airflow/.local/lib/python3.12/site-packages/airflow/example_dags/example_xcom.py                                                                      1           0  0.16s           2026-03-14T23:08:15
/home/airflow/.local/lib/python3.12/site-packages/airflow/example_dags/example_trigger_controller_dag.py                                                    1           0  0.16s           2026-03-14T23:08:07
/home/airflow/.local/lib/python3.12/site-packages/airflow/example_dags/example_latest_only.py                                                               1           0  0.16s           2026-03-14T23:08:20
/home/airflow/.local/lib/python3.12/site-packages/airflow/example_dags/tutorial.py                                                                          1           0  0.16s           2026-03-14T23:08:05
/home/airflow/.local/lib/python3.12/site-packages/airflow/example_dags/example_python_operator.py                                                           1           0  0.16s           2026-03-14T23:08:07
/home/airflow/.local/lib/python3.12/site-packages/airflow/example_dags/example_sensors.py                                                                   1           0  0.16s           2026-03-14T23:08:05
/home/airflow/.local/lib/python3.12/site-packages/airflow/example_dags/example_branch_python_dop_operator_3.py                                              1           0  0.16s           2026-03-14T23:08:15
/home/airflow/.local/lib/python3.12/site-packages/airflow/example_dags/tutorial_objectstorage.py                                                            1           0  0.16s           2026-03-14T23:08:12
/home/airflow/.local/lib/python3.12/site-packages/airflow/example_dags/example_external_task_marker_dag.py                                                  2           0  0.15s           2026-03-14T23:08:23
/home/airflow/.local/lib/python3.12/site-packages/airflow/example_dags/example_branch_day_of_week_operator.py                                               1           0  0.15s           2026-03-14T23:08:15
/home/airflow/.local/lib/python3.12/site-packages/airflow/example_dags/example_nested_branch_dag.py                                                         1           0  0.15s           2026-03-14T23:08:05
/home/airflow/.local/lib/python3.12/site-packages/airflow/example_dags/example_local_kubernetes_executor.py                                                 1           0  0.15s           2026-03-14T23:08:23
/home/airflow/.local/lib/python3.12/site-packages/airflow/example_dags/example_setup_teardown.py                                                            1           0  0.15s           2026-03-14T23:08:19
/home/airflow/.local/lib/python3.12/site-packages/airflow/example_dags/example_setup_teardown_taskflow.py                                                   1           0  0.15s           2026-03-14T23:08:21
/home/airflow/.local/lib/python3.12/site-packages/airflow/example_dags/example_latest_only_with_trigger.py                                                  1           0  0.15s           2026-03-14T23:08:16
/home/airflow/.local/lib/python3.12/site-packages/airflow/example_dags/example_sla_dag.py                                                                   1           0  0.15s           2026-03-14T23:08:10
/home/airflow/.local/lib/python3.12/site-packages/airflow/example_dags/example_task_group_decorator.py                                                      1           0  0.15s           2026-03-14T23:08:28
/home/airflow/.local/lib/python3.12/site-packages/airflow/example_dags/example_short_circuit_decorator.py                                                   1           0  0.15s           2026-03-14T23:08:16
/home/airflow/.local/lib/python3.12/site-packages/airflow/example_dags/example_display_name.py                                                              1           0  0.15s           2026-03-14T23:08:03
/home/airflow/.local/lib/python3.12/site-packages/airflow/example_dags/example_branch_labels.py                                                             1           0  0.15s           2026-03-14T23:08:23
/home/airflow/.local/lib/python3.12/site-packages/airflow/example_dags/example_passing_params_via_test_command.py                                           1           0  0.14s           2026-03-14T23:08:17
/home/airflow/.local/lib/python3.12/site-packages/airflow/example_dags/example_skip_dag.py                                                                  1           0  0.14s           2026-03-14T23:08:21
/home/airflow/.local/lib/python3.12/site-packages/airflow/example_dags/example_bash_decorator.py                                                            1           0  0.14s           2026-03-14T23:08:19
/home/airflow/.local/lib/python3.12/site-packages/airflow/example_dags/example_xcomargs.py                                                                  2           0  0.14s           2026-03-14T23:08:13
/home/airflow/.local/lib/python3.12/site-packages/airflow/example_dags/example_complex.py                                                                   1           0  0.14s           2026-03-14T23:08:24
/home/airflow/.local/lib/python3.12/site-packages/airflow/example_dags/tutorial_taskflow_api_virtualenv.py                                                  1           0  0.14s           2026-03-14T23:08:30
/home/airflow/.local/lib/python3.12/site-packages/airflow/example_dags/example_python_decorator.py                                                          1           0  0.14s           2026-03-14T23:08:19
/home/airflow/.local/lib/python3.12/site-packages/airflow/example_dags/example_task_group.py                                                                1           0  0.14s           2026-03-14T23:08:15
/home/airflow/.local/lib/python3.12/site-packages/airflow/example_dags/example_sensor_decorator.py                                                          1           0  0.14s           2026-03-14T23:08:18
/home/airflow/.local/lib/python3.12/site-packages/airflow/example_dags/tutorial_dag.py                                                                      1           0  0.14s           2026-03-14T23:08:15
/home/airflow/.local/lib/python3.12/site-packages/airflow/example_dags/example_dynamic_task_mapping_with_no_taskflow_operators.py                           1           0  0.14s           2026-03-14T23:08:19
/home/airflow/.local/lib/python3.12/site-packages/airflow/example_dags/example_dynamic_task_mapping.py                                                      1           0  0.13s           2026-03-14T23:08:17
/home/airflow/.local/lib/python3.12/site-packages/airflow/example_dags/tutorial_taskflow_api.py                                                             1           0  0.13s           2026-03-14T23:08:17
/home/airflow/.local/lib/python3.12/site-packages/airflow/example_dags/example_trigger_target_dag.py                                                        1           0  0.13s           2026-03-14T23:08:13
/home/airflow/.local/lib/python3.12/site-packages/airflow/example_dags/example_time_delta_sensor_async.py                                                   1           0  0.12s           2026-03-14T23:08:19
/home/airflow/.local/lib/python3.12/site-packages/airflow/example_dags/plugins/event_listener.py                                                            0           0  0.07s           2026-03-14T23:08:05
/home/airflow/.local/lib/python3.12/site-packages/airflow/example_dags/plugins/decreasing_priority_weight_strategy.py                                       0           0  0.06s           2026-03-14T23:08:05
/home/airflow/.local/lib/python3.12/site-packages/airflow/example_dags/subdags/subdag.py                                                                    0           0  0.06s           2026-03-14T23:08:05
/home/airflow/.local/lib/python3.12/site-packages/airflow/example_dags/plugins/listener_plugin.py                                                           0           0  0.06s           2026-03-14T23:08:05
================================================================================
[2026-03-14T23:09:03.073+0000] {manager.py:878} INFO - 
================================================================================
DAG File Processing Stats

File Path                                                                                                                            PID  Runtime      # DAGs    # Errors  Last Runtime    Last Run
---------------------------------------------------------------------------------------------------------------------------------  -----  ---------  --------  ----------  --------------  -------------------
/home/airflow/.local/lib/python3.12/site-packages/airflow/example_dags/example_datasets.py                                                                 10           0  0.66s           2026-03-14T23:08:50
/home/airflow/.local/lib/python3.12/site-packages/airflow/example_dags/plugins/workday.py                                                                   0           0  0.63s           2026-03-14T23:08:56
/home/airflow/.local/lib/python3.12/site-packages/airflow/example_dags/example_dag_decorator.py                                      748  0.02s             1           0  0.39s           2026-03-14T23:08:32
/home/airflow/.local/lib/python3.12/site-packages/airflow/example_dags/example_python_decorator.py                                                          1           0  0.37s           2026-03-14T23:08:50
/home/airflow/.local/lib/python3.12/site-packages/airflow/example_dags/example_setup_teardown.py                                                            1           0  0.30s           2026-03-14T23:08:50
/home/airflow/.local/lib/python3.12/site-packages/airflow/example_dags/example_xcomargs.py                                                                  2           0  0.27s           2026-03-14T23:08:44
/home/airflow/.local/lib/python3.12/site-packages/airflow/example_dags/example_params_trigger_ui.py                                                         1           0  0.20s           2026-03-14T23:08:53
/home/airflow/.local/lib/python3.12/site-packages/airflow/example_dags/example_branch_datetime_operator.py                                                  3           0  0.20s           2026-03-14T23:08:51
/home/airflow/.local/lib/python3.12/site-packages/airflow/example_dags/example_branch_operator_decorator.py                                                 1           0  0.20s           2026-03-14T23:08:32
/home/airflow/.local/lib/python3.12/site-packages/airflow/example_dags/example_bash_operator.py                                                             1           0  0.19s           2026-03-14T23:08:51
/home/airflow/.local/lib/python3.12/site-packages/airflow/example_dags/example_params_ui_tutorial.py                                                        1           0  0.18s           2026-03-14T23:08:48
/home/airflow/.local/lib/python3.12/site-packages/airflow/example_dags/example_branch_labels.py                                                             1           0  0.18s           2026-03-14T23:08:54
/home/airflow/.local/lib/python3.12/site-packages/airflow/example_dags/example_trigger_target_dag.py                                                        1           0  0.18s           2026-03-14T23:08:43
/home/airflow/.local/lib/python3.12/site-packages/airflow/example_dags/example_local_kubernetes_executor.py                                                 1           0  0.18s           2026-03-14T23:08:54
/home/airflow/.local/lib/python3.12/site-packages/airflow/example_dags/example_subdag_operator.py                                                           3           0  0.18s           2026-03-14T23:08:46
/home/airflow/.local/lib/python3.12/site-packages/airflow/example_dags/example_branch_operator.py                                    749  0.01s             1           0  0.17s           2026-03-14T23:08:32
/home/airflow/.local/lib/python3.12/site-packages/airflow/example_dags/example_setup_teardown_taskflow.py                                                   1           0  0.17s           2026-03-14T23:08:51
/home/airflow/.local/lib/python3.12/site-packages/airflow/example_dags/example_time_delta_sensor_async.py                                                   1           0  0.17s           2026-03-14T23:08:51
/home/airflow/.local/lib/python3.12/site-packages/airflow/example_dags/example_branch_python_dop_operator_3.py                                              1           0  0.17s           2026-03-14T23:08:46
/home/airflow/.local/lib/python3.12/site-packages/airflow/example_dags/example_branch_day_of_week_operator.py                                               1           0  0.17s           2026-03-14T23:08:46
/home/airflow/.local/lib/python3.12/site-packages/airflow/example_dags/example_sla_dag.py                                                                   1           0  0.17s           2026-03-14T23:08:40
/home/airflow/.local/lib/python3.12/site-packages/airflow/example_dags/example_passing_params_via_test_command.py                                           1           0  0.17s           2026-03-14T23:08:47
/home/airflow/.local/lib/python3.12/site-packages/airflow/example_dags/example_task_group_decorator.py                                                      1           0  0.17s           2026-03-14T23:08:59
/home/airflow/.local/lib/python3.12/site-packages/airflow/example_dags/example_nested_branch_dag.py                                                         1           0  0.16s           2026-03-14T23:08:36
/home/airflow/.local/lib/python3.12/site-packages/airflow/example_dags/example_trigger_controller_dag.py                                                    1           0  0.16s           2026-03-14T23:08:38
/home/airflow/.local/lib/python3.12/site-packages/airflow/example_dags/example_external_task_marker_dag.py                                                  2           0  0.16s           2026-03-14T23:08:53
/home/airflow/.local/lib/python3.12/site-packages/airflow/example_dags/example_sensors.py                                                                   1           0  0.16s           2026-03-14T23:08:35
/home/airflow/.local/lib/python3.12/site-packages/airflow/example_dags/tutorial.py                                                                          1           0  0.16s           2026-03-14T23:08:35
/home/airflow/.local/lib/python3.12/site-packages/airflow/example_dags/example_sensor_decorator.py                                                          1           0  0.16s           2026-03-14T23:08:49
/home/airflow/.local/lib/python3.12/site-packages/airflow/example_dags/example_short_circuit_operator.py                                                    1           0  0.16s           2026-03-14T23:08:56
/home/airflow/.local/lib/python3.12/site-packages/airflow/example_dags/example_bash_decorator.py                                                            1           0  0.16s           2026-03-14T23:08:51
/home/airflow/.local/lib/python3.12/site-packages/airflow/example_dags/example_latest_only.py                                                               1           0  0.16s           2026-03-14T23:08:51
/home/airflow/.local/lib/python3.12/site-packages/airflow/example_dags/example_kubernetes_executor.py                                                       1           0  0.16s           2026-03-14T23:08:52
/home/airflow/.local/lib/python3.12/site-packages/airflow/example_dags/example_skip_dag.py                                                                  1           0  0.16s           2026-03-14T23:08:51
/home/airflow/.local/lib/python3.12/site-packages/airflow/example_dags/example_complex.py                                                                   1           0  0.15s           2026-03-14T23:08:55
/home/airflow/.local/lib/python3.12/site-packages/airflow/example_dags/tutorial_taskflow_api.py                                                             1           0  0.15s           2026-03-14T23:08:48
/home/airflow/.local/lib/python3.12/site-packages/airflow/example_dags/example_python_operator.py                                                           1           0  0.15s           2026-03-14T23:08:38
/home/airflow/.local/lib/python3.12/site-packages/airflow/example_dags/example_short_circuit_decorator.py                                                   1           0  0.15s           2026-03-14T23:08:47
/home/airflow/.local/lib/python3.12/site-packages/airflow/example_dags/tutorial_taskflow_api_virtualenv.py                                                  1           0  0.15s           2026-03-14T23:09:01
/home/airflow/.local/lib/python3.12/site-packages/airflow/example_dags/example_dynamic_task_mapping_with_no_taskflow_operators.py                           1           0  0.15s           2026-03-14T23:08:51
/home/airflow/.local/lib/python3.12/site-packages/airflow/example_dags/example_xcom.py                                                                      1           0  0.14s           2026-03-14T23:08:46
/home/airflow/.local/lib/python3.12/site-packages/airflow/example_dags/tutorial_dag.py                                                                      1           0  0.14s           2026-03-14T23:08:46
/home/airflow/.local/lib/python3.12/site-packages/airflow/example_dags/example_dynamic_task_mapping.py                                                      1           0  0.14s           2026-03-14T23:08:47
/home/airflow/.local/lib/python3.12/site-packages/airflow/example_dags/tutorial_objectstorage.py                                                            1           0  0.14s           2026-03-14T23:08:42
/home/airflow/.local/lib/python3.12/site-packages/airflow/example_dags/example_latest_only_with_trigger.py                                                  1           0  0.14s           2026-03-14T23:08:47
/home/airflow/.local/lib/python3.12/site-packages/airflow/example_dags/example_task_group.py                                                                1           0  0.14s           2026-03-14T23:08:46
/home/airflow/.local/lib/python3.12/site-packages/airflow/example_dags/example_display_name.py                                                              1           0  0.14s           2026-03-14T23:08:33
/home/airflow/.local/lib/python3.12/site-packages/airflow/example_dags/plugins/event_listener.py                                                            0           0  0.12s           2026-03-14T23:08:36
/home/airflow/.local/lib/python3.12/site-packages/airflow/example_dags/plugins/decreasing_priority_weight_strategy.py                                       0           0  0.07s           2026-03-14T23:08:36
/home/airflow/.local/lib/python3.12/site-packages/airflow/example_dags/subdags/subdag.py                                                                    0           0  0.07s           2026-03-14T23:08:36
/home/airflow/.local/lib/python3.12/site-packages/airflow/example_dags/plugins/listener_plugin.py                                                           0           0  0.07s           2026-03-14T23:08:36
================================================================================
[2026-03-14T23:09:27.013+0000] {manager.py:452} INFO - Exiting gracefully upon receiving signal 15
[2026-03-14T23:09:27.070+0000] {manager.py:452} INFO - Exiting gracefully upon receiving signal 15
[2026-03-14T23:11:08.645+0000] {manager.py:470} INFO - Processing files using up to 2 processes at a time 
[2026-03-14T23:11:08.651+0000] {manager.py:471} INFO - Process each file at most once every 30 seconds
[2026-03-14T23:11:08.652+0000] {manager.py:472} INFO - Checking for new files in /opt/airflow/dags every 300 seconds
[2026-03-14T23:11:08.652+0000] {manager.py:737} INFO - Searching for files in /opt/airflow/dags
[2026-03-14T23:11:08.653+0000] {manager.py:740} INFO - There are 0 files in /opt/airflow/dags
[2026-03-14T23:13:50.685+0000] {manager.py:470} INFO - Processing files using up to 2 processes at a time 
[2026-03-14T23:13:50.699+0000] {manager.py:471} INFO - Process each file at most once every 30 seconds
[2026-03-14T23:13:50.699+0000] {manager.py:472} INFO - Checking for new files in /opt/airflow/dags every 300 seconds
[2026-03-14T23:13:50.700+0000] {manager.py:737} INFO - Searching for files in /opt/airflow/dags
[2026-03-14T23:13:50.726+0000] {manager.py:740} INFO - There are 0 files in /opt/airflow/dags
[2026-03-14T23:18:51.024+0000] {manager.py:737} INFO - Searching for files in /opt/airflow/dags
[2026-03-14T23:18:54.317+0000] {manager.py:740} INFO - There are 0 files in /opt/airflow/dags
[2026-03-14T23:23:51.205+0000] {manager.py:737} INFO - Searching for files in /opt/airflow/dags
[2026-03-14T23:23:51.293+0000] {manager.py:740} INFO - There are 0 files in /opt/airflow/dags
[2026-03-14T23:26:15.824+0000] {manager.py:470} INFO - Processing files using up to 2 processes at a time 
[2026-03-14T23:26:15.835+0000] {manager.py:471} INFO - Process each file at most once every 30 seconds
[2026-03-14T23:26:15.835+0000] {manager.py:472} INFO - Checking for new files in /opt/airflow/dags every 300 seconds
[2026-03-14T23:26:15.836+0000] {manager.py:737} INFO - Searching for files in /opt/airflow/dags
[2026-03-14T23:26:15.844+0000] {manager.py:740} INFO - There are 0 files in /opt/airflow/dags
[2026-03-14T23:31:15.907+0000] {manager.py:737} INFO - Searching for files in /opt/airflow/dags
[2026-03-14T23:31:15.995+0000] {manager.py:740} INFO - There are 0 files in /opt/airflow/dags
[2026-03-14T23:36:16.263+0000] {manager.py:737} INFO - Searching for files in /opt/airflow/dags
[2026-03-14T23:36:16.315+0000] {manager.py:740} INFO - There are 0 files in /opt/airflow/dags
[2026-03-14T23:47:15.984+0000] {manager.py:470} INFO - Processing files using up to 2 processes at a time 
[2026-03-14T23:47:15.989+0000] {manager.py:471} INFO - Process each file at most once every 30 seconds
[2026-03-14T23:47:15.989+0000] {manager.py:472} INFO - Checking for new files in /opt/airflow/dags every 300 seconds
[2026-03-14T23:47:15.989+0000] {manager.py:737} INFO - Searching for files in /opt/airflow/dags
[2026-03-14T23:47:16.009+0000] {manager.py:740} INFO - There are 0 files in /opt/airflow/dags
[2026-03-14T23:52:16.288+0000] {manager.py:737} INFO - Searching for files in /opt/airflow/dags
[2026-03-14T23:52:16.328+0000] {manager.py:740} INFO - There are 0 files in /opt/airflow/dags
[2026-03-14T23:57:17.245+0000] {manager.py:737} INFO - Searching for files in /opt/airflow/dags
[2026-03-14T23:57:17.268+0000] {manager.py:740} INFO - There are 0 files in /opt/airflow/dags
[2026-03-15T00:02:17.614+0000] {manager.py:737} INFO - Searching for files in /opt/airflow/dags
[2026-03-15T00:02:17.630+0000] {manager.py:740} INFO - There are 0 files in /opt/airflow/dags
[2026-03-15T00:07:18.195+0000] {manager.py:737} INFO - Searching for files in /opt/airflow/dags
[2026-03-15T00:07:18.224+0000] {manager.py:740} INFO - There are 0 files in /opt/airflow/dags
[2026-03-15T00:12:18.918+0000] {manager.py:737} INFO - Searching for files in /opt/airflow/dags
[2026-03-15T00:12:18.941+0000] {manager.py:740} INFO - There are 0 files in /opt/airflow/dags
[2026-03-21T18:34:05.536+0000] {manager.py:470} INFO - Processing files using up to 2 processes at a time 
[2026-03-21T18:34:05.539+0000] {manager.py:471} INFO - Process each file at most once every 30 seconds
[2026-03-21T18:34:05.540+0000] {manager.py:472} INFO - Checking for new files in /opt/airflow/dags every 300 seconds
[2026-03-21T18:34:05.540+0000] {manager.py:737} INFO - Searching for files in /opt/airflow/dags
[2026-03-21T18:34:05.541+0000] {manager.py:740} INFO - There are 0 files in /opt/airflow/dags
[2026-03-21T18:39:05.938+0000] {manager.py:737} INFO - Searching for files in /opt/airflow/dags
[2026-03-21T18:39:06.052+0000] {manager.py:740} INFO - There are 1 files in /opt/airflow/dags
[2026-03-21T18:39:07.910+0000] {manager.py:878} INFO - 
================================================================================
DAG File Processing Stats

File Path                          PID    Runtime      # DAGs    # Errors  Last Runtime    Last Run
---------------------------------  -----  ---------  --------  ----------  --------------  -------------------
/opt/airflow/dags/extract_data.py                           0           1  0.61s           2026-03-21T18:39:07
================================================================================
[2026-03-21T18:39:38.643+0000] {manager.py:878} INFO - 
================================================================================
DAG File Processing Stats

File Path                            PID  Runtime      # DAGs    # Errors  Last Runtime    Last Run
---------------------------------  -----  ---------  --------  ----------  --------------  -------------------
/opt/airflow/dags/extract_data.py    146  0.01s             0           1  0.11s           2026-03-21T18:39:37
================================================================================
[2026-03-21T18:40:08.994+0000] {manager.py:878} INFO - 
================================================================================
DAG File Processing Stats

File Path                          PID    Runtime      # DAGs    # Errors  Last Runtime    Last Run
---------------------------------  -----  ---------  --------  ----------  --------------  -------------------
/opt/airflow/dags/extract_data.py                           0           1  0.13s           2026-03-21T18:39:42
================================================================================
[2026-03-21T18:40:39.267+0000] {manager.py:878} INFO - 
================================================================================
DAG File Processing Stats

File Path                          PID    Runtime      # DAGs    # Errors  Last Runtime    Last Run
---------------------------------  -----  ---------  --------  ----------  --------------  -------------------
/opt/airflow/dags/extract_data.py                           0           1  0.08s           2026-03-21T18:40:13
================================================================================
[2026-03-21T18:41:09.528+0000] {manager.py:878} INFO - 
================================================================================
DAG File Processing Stats

File Path                          PID    Runtime      # DAGs    # Errors  Last Runtime    Last Run
---------------------------------  -----  ---------  --------  ----------  --------------  -------------------
/opt/airflow/dags/extract_data.py                           0           1  0.08s           2026-03-21T18:40:43
================================================================================
[2026-03-21T18:41:39.776+0000] {manager.py:878} INFO - 
================================================================================
DAG File Processing Stats

File Path                          PID    Runtime      # DAGs    # Errors  Last Runtime    Last Run
---------------------------------  -----  ---------  --------  ----------  --------------  -------------------
/opt/airflow/dags/extract_data.py                           0           1  0.08s           2026-03-21T18:41:13
================================================================================
[2026-03-21T18:42:10.015+0000] {manager.py:878} INFO - 
================================================================================
DAG File Processing Stats

File Path                          PID    Runtime      # DAGs    # Errors  Last Runtime    Last Run
---------------------------------  -----  ---------  --------  ----------  --------------  -------------------
/opt/airflow/dags/extract_data.py                           0           1  0.07s           2026-03-21T18:41:43
================================================================================
[2026-03-21T18:42:40.276+0000] {manager.py:878} INFO - 
================================================================================
DAG File Processing Stats

File Path                          PID    Runtime      # DAGs    # Errors  Last Runtime    Last Run
---------------------------------  -----  ---------  --------  ----------  --------------  -------------------
/opt/airflow/dags/extract_data.py                           0           1  0.08s           2026-03-21T18:42:14
================================================================================
[2026-03-21T18:43:10.544+0000] {manager.py:878} INFO - 
================================================================================
DAG File Processing Stats

File Path                          PID    Runtime      # DAGs    # Errors  Last Runtime    Last Run
---------------------------------  -----  ---------  --------  ----------  --------------  -------------------
/opt/airflow/dags/extract_data.py                           0           1  0.07s           2026-03-21T18:42:44
================================================================================
[2026-03-21T18:43:40.780+0000] {manager.py:878} INFO - 
================================================================================
DAG File Processing Stats

File Path                          PID    Runtime      # DAGs    # Errors  Last Runtime    Last Run
---------------------------------  -----  ---------  --------  ----------  --------------  -------------------
/opt/airflow/dags/extract_data.py                           0           1  0.08s           2026-03-21T18:43:14
================================================================================
[2026-03-21T18:44:06.016+0000] {manager.py:737} INFO - Searching for files in /opt/airflow/dags
[2026-03-21T18:44:06.039+0000] {manager.py:740} INFO - There are 1 files in /opt/airflow/dags
[2026-03-21T18:44:11.115+0000] {manager.py:878} INFO - 
================================================================================
DAG File Processing Stats

File Path                          PID    Runtime      # DAGs    # Errors  Last Runtime    Last Run
---------------------------------  -----  ---------  --------  ----------  --------------  -------------------
/opt/airflow/dags/extract_data.py                           0           1  0.09s           2026-03-21T18:43:44
================================================================================
[2026-03-21T18:44:41.353+0000] {manager.py:878} INFO - 
================================================================================
DAG File Processing Stats

File Path                          PID    Runtime      # DAGs    # Errors  Last Runtime    Last Run
---------------------------------  -----  ---------  --------  ----------  --------------  -------------------
/opt/airflow/dags/extract_data.py                           0           1  0.08s           2026-03-21T18:44:15
================================================================================
[2026-03-21T18:45:11.624+0000] {manager.py:878} INFO - 
================================================================================
DAG File Processing Stats

File Path                          PID    Runtime      # DAGs    # Errors  Last Runtime    Last Run
---------------------------------  -----  ---------  --------  ----------  --------------  -------------------
/opt/airflow/dags/extract_data.py                           0           1  0.09s           2026-03-21T18:44:45
================================================================================
[2026-03-21T18:45:41.904+0000] {manager.py:878} INFO - 
================================================================================
DAG File Processing Stats

File Path                          PID    Runtime      # DAGs    # Errors  Last Runtime    Last Run
---------------------------------  -----  ---------  --------  ----------  --------------  -------------------
/opt/airflow/dags/extract_data.py                           0           1  0.07s           2026-03-21T18:45:15
================================================================================
[2026-03-21T18:46:33.024+0000] {manager.py:470} INFO - Processing files using up to 2 processes at a time 
[2026-03-21T18:46:33.027+0000] {manager.py:471} INFO - Process each file at most once every 30 seconds
[2026-03-21T18:46:33.029+0000] {manager.py:472} INFO - Checking for new files in /opt/airflow/dags every 300 seconds
[2026-03-21T18:46:33.031+0000] {manager.py:737} INFO - Searching for files in /opt/airflow/dags
[2026-03-21T18:46:33.034+0000] {manager.py:740} INFO - There are 1 files in /opt/airflow/dags
[2026-03-21T18:46:33.339+0000] {manager.py:878} INFO - 
================================================================================
DAG File Processing Stats

File Path                            PID  Runtime      # DAGs    # Errors  Last Runtime    Last Run
---------------------------------  -----  ---------  --------  ----------  --------------  ----------
/opt/airflow/dags/extract_data.py     65  0.10s             0           0
================================================================================
[2026-03-21T18:47:03.845+0000] {manager.py:878} INFO - 
================================================================================
DAG File Processing Stats

File Path                          PID    Runtime      # DAGs    # Errors  Last Runtime    Last Run
---------------------------------  -----  ---------  --------  ----------  --------------  -------------------
/opt/airflow/dags/extract_data.py                           0           1  0.16s           2026-03-21T18:46:55
================================================================================
[2026-03-21T18:47:34.157+0000] {manager.py:878} INFO - 
================================================================================
DAG File Processing Stats

File Path                          PID    Runtime      # DAGs    # Errors  Last Runtime    Last Run
---------------------------------  -----  ---------  --------  ----------  --------------  -------------------
/opt/airflow/dags/extract_data.py                           0           1  0.08s           2026-03-21T18:47:13
================================================================================
[2026-03-21T18:48:04.446+0000] {manager.py:878} INFO - 
================================================================================
DAG File Processing Stats

File Path                            PID  Runtime      # DAGs    # Errors  Last Runtime    Last Run
---------------------------------  -----  ---------  --------  ----------  --------------  -------------------
/opt/airflow/dags/extract_data.py    119  0.01s             0           1  0.13s           2026-03-21T18:47:34
================================================================================
[2026-03-21T18:48:34.763+0000] {manager.py:878} INFO - 
================================================================================
DAG File Processing Stats

File Path                            PID  Runtime      # DAGs    # Errors  Last Runtime    Last Run
---------------------------------  -----  ---------  --------  ----------  --------------  -------------------
/opt/airflow/dags/extract_data.py    130  0.01s             0           1  0.08s           2026-03-21T18:48:04
================================================================================
[2026-03-21T18:49:34.024+0000] {manager.py:470} INFO - Processing files using up to 2 processes at a time 
[2026-03-21T18:49:34.034+0000] {manager.py:471} INFO - Process each file at most once every 30 seconds
[2026-03-21T18:49:34.035+0000] {manager.py:472} INFO - Checking for new files in /opt/airflow/dags every 300 seconds
[2026-03-21T18:49:34.036+0000] {manager.py:737} INFO - Searching for files in /opt/airflow/dags
[2026-03-21T18:49:34.049+0000] {manager.py:740} INFO - There are 1 files in /opt/airflow/dags
[2026-03-21T18:49:34.470+0000] {manager.py:878} INFO - 
================================================================================
DAG File Processing Stats

File Path                            PID  Runtime      # DAGs    # Errors  Last Runtime    Last Run
---------------------------------  -----  ---------  --------  ----------  --------------  ----------
/opt/airflow/dags/extract_data.py     66  0.12s             0           0
================================================================================
[2026-03-21T18:50:04.925+0000] {manager.py:878} INFO - 
================================================================================
DAG File Processing Stats

File Path                          PID    Runtime      # DAGs    # Errors  Last Runtime    Last Run
---------------------------------  -----  ---------  --------  ----------  --------------  -------------------
/opt/airflow/dags/extract_data.py                           1           0  0.18s           2026-03-21T18:49:50
================================================================================
[2026-03-21T18:50:35.187+0000] {manager.py:878} INFO - 
================================================================================
DAG File Processing Stats

File Path                          PID    Runtime      # DAGs    # Errors  Last Runtime    Last Run
---------------------------------  -----  ---------  --------  ----------  --------------  -------------------
/opt/airflow/dags/extract_data.py                           1           0  0.41s           2026-03-21T18:50:06
================================================================================
[2026-03-21T18:51:05.777+0000] {manager.py:878} INFO - 
================================================================================
DAG File Processing Stats

File Path                          PID    Runtime      # DAGs    # Errors  Last Runtime    Last Run
---------------------------------  -----  ---------  --------  ----------  --------------  -------------------
/opt/airflow/dags/extract_data.py                           1           0  0.15s           2026-03-21T18:50:36
================================================================================
[2026-03-21T18:51:36.129+0000] {manager.py:878} INFO - 
================================================================================
DAG File Processing Stats

File Path                          PID    Runtime      # DAGs    # Errors  Last Runtime    Last Run
---------------------------------  -----  ---------  --------  ----------  --------------  -------------------
/opt/airflow/dags/extract_data.py                           1           0  0.15s           2026-03-21T18:51:06
================================================================================
[2026-03-21T18:52:06.375+0000] {manager.py:878} INFO - 
================================================================================
DAG File Processing Stats

File Path                          PID    Runtime      # DAGs    # Errors  Last Runtime    Last Run
---------------------------------  -----  ---------  --------  ----------  --------------  -------------------
/opt/airflow/dags/extract_data.py                           1           0  0.14s           2026-03-21T18:51:37
================================================================================
[2026-03-21T18:52:36.779+0000] {manager.py:878} INFO - 
================================================================================
DAG File Processing Stats

File Path                          PID    Runtime      # DAGs    # Errors  Last Runtime    Last Run
---------------------------------  -----  ---------  --------  ----------  --------------  -------------------
/opt/airflow/dags/extract_data.py                           1           0  0.26s           2026-03-21T18:52:07
================================================================================
[2026-03-21T18:53:07.184+0000] {manager.py:878} INFO - 
================================================================================
DAG File Processing Stats

File Path                          PID    Runtime      # DAGs    # Errors  Last Runtime    Last Run
---------------------------------  -----  ---------  --------  ----------  --------------  -------------------
/opt/airflow/dags/extract_data.py                           1           0  0.24s           2026-03-21T18:52:38
================================================================================
[2026-03-21T18:53:37.520+0000] {manager.py:878} INFO - 
================================================================================
DAG File Processing Stats

File Path                          PID    Runtime      # DAGs    # Errors  Last Runtime    Last Run
---------------------------------  -----  ---------  --------  ----------  --------------  -------------------
/opt/airflow/dags/extract_data.py                           1           0  0.20s           2026-03-21T18:53:08
================================================================================
[2026-03-21T18:54:07.856+0000] {manager.py:878} INFO - 
================================================================================
DAG File Processing Stats

File Path                          PID    Runtime      # DAGs    # Errors  Last Runtime    Last Run
---------------------------------  -----  ---------  --------  ----------  --------------  -------------------
/opt/airflow/dags/extract_data.py                           1           0  0.25s           2026-03-21T18:53:38
================================================================================
[2026-03-21T18:54:34.199+0000] {manager.py:737} INFO - Searching for files in /opt/airflow/dags
[2026-03-21T18:54:34.203+0000] {manager.py:740} INFO - There are 1 files in /opt/airflow/dags
[2026-03-21T18:54:38.284+0000] {manager.py:878} INFO - 
================================================================================
DAG File Processing Stats

File Path                          PID    Runtime      # DAGs    # Errors  Last Runtime    Last Run
---------------------------------  -----  ---------  --------  ----------  --------------  -------------------
/opt/airflow/dags/extract_data.py                           1           0  0.20s           2026-03-21T18:54:09
================================================================================
[2026-03-21T18:55:08.512+0000] {manager.py:878} INFO - 
================================================================================
DAG File Processing Stats

File Path                          PID    Runtime      # DAGs    # Errors  Last Runtime    Last Run
---------------------------------  -----  ---------  --------  ----------  --------------  -------------------
/opt/airflow/dags/extract_data.py                           1           0  0.22s           2026-03-21T18:54:39
================================================================================
[2026-03-21T18:55:38.768+0000] {manager.py:878} INFO - 
================================================================================
DAG File Processing Stats

File Path                          PID    Runtime      # DAGs    # Errors  Last Runtime    Last Run
---------------------------------  -----  ---------  --------  ----------  --------------  -------------------
/opt/airflow/dags/extract_data.py                           1           0  0.15s           2026-03-21T18:55:09
================================================================================
[2026-03-21T18:56:09.170+0000] {manager.py:878} INFO - 
================================================================================
DAG File Processing Stats

File Path                          PID    Runtime      # DAGs    # Errors  Last Runtime    Last Run
---------------------------------  -----  ---------  --------  ----------  --------------  -------------------
/opt/airflow/dags/extract_data.py                           1           0  0.17s           2026-03-21T18:55:39
================================================================================
[2026-03-21T18:56:39.438+0000] {manager.py:878} INFO - 
================================================================================
DAG File Processing Stats

File Path                          PID    Runtime      # DAGs    # Errors  Last Runtime    Last Run
---------------------------------  -----  ---------  --------  ----------  --------------  -------------------
/opt/airflow/dags/extract_data.py                           1           0  0.20s           2026-03-21T18:56:10
================================================================================
[2026-03-21T18:57:09.834+0000] {manager.py:878} INFO - 
================================================================================
DAG File Processing Stats

File Path                          PID    Runtime      # DAGs    # Errors  Last Runtime    Last Run
---------------------------------  -----  ---------  --------  ----------  --------------  -------------------
/opt/airflow/dags/extract_data.py                           1           0  0.16s           2026-03-21T18:56:40
================================================================================
[2026-03-21T18:57:39.965+0000] {manager.py:878} INFO - 
================================================================================
DAG File Processing Stats

File Path                          PID    Runtime      # DAGs    # Errors  Last Runtime    Last Run
---------------------------------  -----  ---------  --------  ----------  --------------  -------------------
/opt/airflow/dags/extract_data.py                           1           0  0.16s           2026-03-21T18:57:11
================================================================================
[2026-03-21T18:58:10.333+0000] {manager.py:878} INFO - 
================================================================================
DAG File Processing Stats

File Path                          PID    Runtime      # DAGs    # Errors  Last Runtime    Last Run
---------------------------------  -----  ---------  --------  ----------  --------------  -------------------
/opt/airflow/dags/extract_data.py                           1           0  0.16s           2026-03-21T18:57:41
================================================================================
[2026-03-21T18:58:40.710+0000] {manager.py:878} INFO - 
================================================================================
DAG File Processing Stats

File Path                          PID    Runtime      # DAGs    # Errors  Last Runtime    Last Run
---------------------------------  -----  ---------  --------  ----------  --------------  -------------------
/opt/airflow/dags/extract_data.py                           1           0  0.16s           2026-03-21T18:58:11
================================================================================
[2026-03-21T18:59:10.972+0000] {manager.py:878} INFO - 
================================================================================
DAG File Processing Stats

File Path                          PID    Runtime      # DAGs    # Errors  Last Runtime    Last Run
---------------------------------  -----  ---------  --------  ----------  --------------  -------------------
/opt/airflow/dags/extract_data.py                           1           0  0.17s           2026-03-21T18:58:41
================================================================================
[2026-03-21T18:59:34.304+0000] {manager.py:737} INFO - Searching for files in /opt/airflow/dags
[2026-03-21T18:59:34.307+0000] {manager.py:740} INFO - There are 1 files in /opt/airflow/dags
[2026-03-21T18:59:41.431+0000] {manager.py:878} INFO - 
================================================================================
DAG File Processing Stats

File Path                          PID    Runtime      # DAGs    # Errors  Last Runtime    Last Run
---------------------------------  -----  ---------  --------  ----------  --------------  -------------------
/opt/airflow/dags/extract_data.py                           1           0  0.18s           2026-03-21T18:59:12
================================================================================
[2026-03-21T19:00:11.784+0000] {manager.py:878} INFO - 
================================================================================
DAG File Processing Stats

File Path                          PID    Runtime      # DAGs    # Errors  Last Runtime    Last Run
---------------------------------  -----  ---------  --------  ----------  --------------  -------------------
/opt/airflow/dags/extract_data.py                           1           0  0.43s           2026-03-21T18:59:50
================================================================================
[2026-03-21T19:00:42.265+0000] {manager.py:878} INFO - 
================================================================================
DAG File Processing Stats

File Path                          PID    Runtime      # DAGs    # Errors  Last Runtime    Last Run
---------------------------------  -----  ---------  --------  ----------  --------------  -------------------
/opt/airflow/dags/extract_data.py                           1           0  0.14s           2026-03-21T19:00:32
================================================================================
[2026-03-21T19:01:12.455+0000] {manager.py:878} INFO - 
================================================================================
DAG File Processing Stats

File Path                          PID    Runtime      # DAGs    # Errors  Last Runtime    Last Run
---------------------------------  -----  ---------  --------  ----------  --------------  -------------------
/opt/airflow/dags/extract_data.py                           1           0  0.61s           2026-03-21T19:01:12
================================================================================
[2026-03-21T19:01:43.193+0000] {manager.py:878} INFO - 
================================================================================
DAG File Processing Stats

File Path                          PID    Runtime      # DAGs    # Errors  Last Runtime    Last Run
---------------------------------  -----  ---------  --------  ----------  --------------  -------------------
/opt/airflow/dags/extract_data.py                           1           0  0.21s           2026-03-21T19:01:34
================================================================================
[2026-03-21T19:02:13.691+0000] {manager.py:878} INFO - 
================================================================================
DAG File Processing Stats

File Path                          PID    Runtime      # DAGs    # Errors  Last Runtime    Last Run
---------------------------------  -----  ---------  --------  ----------  --------------  -------------------
/opt/airflow/dags/extract_data.py                           1           0  0.24s           2026-03-21T19:02:05
================================================================================
[2026-03-21T19:02:44.129+0000] {manager.py:878} INFO - 
================================================================================
DAG File Processing Stats

File Path                          PID    Runtime      # DAGs    # Errors  Last Runtime    Last Run
---------------------------------  -----  ---------  --------  ----------  --------------  -------------------
/opt/airflow/dags/extract_data.py                           1           0  1.17s           2026-03-21T19:02:37
================================================================================
[2026-03-21T19:03:14.403+0000] {manager.py:878} INFO - 
================================================================================
DAG File Processing Stats

File Path                          PID    Runtime      # DAGs    # Errors  Last Runtime    Last Run
---------------------------------  -----  ---------  --------  ----------  --------------  -------------------
/opt/airflow/dags/extract_data.py                           1           0  0.12s           2026-03-21T19:03:01
================================================================================
[2026-03-21T19:03:44.728+0000] {manager.py:878} INFO - 
================================================================================
DAG File Processing Stats

File Path                          PID    Runtime      # DAGs    # Errors  Last Runtime    Last Run
---------------------------------  -----  ---------  --------  ----------  --------------  -------------------
/opt/airflow/dags/extract_data.py                           1           0  0.26s           2026-03-21T19:03:31
================================================================================
[2026-03-21T19:04:14.996+0000] {manager.py:878} INFO - 
================================================================================
DAG File Processing Stats

File Path                          PID    Runtime      # DAGs    # Errors  Last Runtime    Last Run
---------------------------------  -----  ---------  --------  ----------  --------------  -------------------
/opt/airflow/dags/extract_data.py                           1           0  0.15s           2026-03-21T19:03:46
================================================================================
[2026-03-21T19:04:34.408+0000] {manager.py:737} INFO - Searching for files in /opt/airflow/dags
[2026-03-21T19:04:34.412+0000] {manager.py:740} INFO - There are 1 files in /opt/airflow/dags
[2026-03-21T19:04:45.348+0000] {manager.py:878} INFO - 
================================================================================
DAG File Processing Stats

File Path                          PID    Runtime      # DAGs    # Errors  Last Runtime    Last Run
---------------------------------  -----  ---------  --------  ----------  --------------  -------------------
/opt/airflow/dags/extract_data.py                           1           0  0.25s           2026-03-21T19:04:17
================================================================================
[2026-03-21T19:05:15.617+0000] {manager.py:878} INFO - 
================================================================================
DAG File Processing Stats

File Path                          PID    Runtime      # DAGs    # Errors  Last Runtime    Last Run
---------------------------------  -----  ---------  --------  ----------  --------------  -------------------
/opt/airflow/dags/extract_data.py                           1           0  0.14s           2026-03-21T19:04:47
================================================================================
[2026-03-21T19:05:46.101+0000] {manager.py:878} INFO - 
================================================================================
DAG File Processing Stats

File Path                          PID    Runtime      # DAGs    # Errors  Last Runtime    Last Run
---------------------------------  -----  ---------  --------  ----------  --------------  -------------------
/opt/airflow/dags/extract_data.py                           1           0  0.16s           2026-03-21T19:05:22
================================================================================
[2026-03-21T19:06:16.633+0000] {manager.py:878} INFO - 
================================================================================
DAG File Processing Stats

File Path                          PID    Runtime      # DAGs    # Errors  Last Runtime    Last Run
---------------------------------  -----  ---------  --------  ----------  --------------  -------------------
/opt/airflow/dags/extract_data.py                           0           1  0.11s           2026-03-21T19:06:15
================================================================================
[2026-03-21T19:06:47.037+0000] {manager.py:878} INFO - 
================================================================================
DAG File Processing Stats

File Path                          PID    Runtime      # DAGs    # Errors  Last Runtime    Last Run
---------------------------------  -----  ---------  --------  ----------  --------------  -------------------
/opt/airflow/dags/extract_data.py                           0           1  0.14s           2026-03-21T19:06:43
================================================================================
[2026-03-21T19:07:17.387+0000] {manager.py:878} INFO - 
================================================================================
DAG File Processing Stats

File Path                          PID    Runtime      # DAGs    # Errors  Last Runtime    Last Run
---------------------------------  -----  ---------  --------  ----------  --------------  -------------------
/opt/airflow/dags/extract_data.py                           0           1  0.09s           2026-03-21T19:06:52
================================================================================
[2026-03-21T19:07:47.860+0000] {manager.py:878} INFO - 
================================================================================
DAG File Processing Stats

File Path                          PID    Runtime      # DAGs    # Errors  Last Runtime    Last Run
---------------------------------  -----  ---------  --------  ----------  --------------  -------------------
/opt/airflow/dags/extract_data.py                           0           1  0.09s           2026-03-21T19:07:39
================================================================================
[2026-03-21T19:08:18.549+0000] {manager.py:878} INFO - 
================================================================================
DAG File Processing Stats

File Path                          PID    Runtime      # DAGs    # Errors  Last Runtime    Last Run
---------------------------------  -----  ---------  --------  ----------  --------------  -------------------
/opt/airflow/dags/extract_data.py                           0           1  0.58s           2026-03-21T19:08:17
================================================================================
[2026-03-21T19:08:49.059+0000] {manager.py:878} INFO - 
================================================================================
DAG File Processing Stats

File Path                          PID    Runtime      # DAGs    # Errors  Last Runtime    Last Run
---------------------------------  -----  ---------  --------  ----------  --------------  -------------------
/opt/airflow/dags/extract_data.py                           0           1  0.35s           2026-03-21T19:08:27
================================================================================
[2026-03-21T19:09:19.515+0000] {manager.py:878} INFO - 
================================================================================
DAG File Processing Stats

File Path                          PID    Runtime      # DAGs    # Errors  Last Runtime    Last Run
---------------------------------  -----  ---------  --------  ----------  --------------  -------------------
/opt/airflow/dags/extract_data.py                           1           0  0.13s           2026-03-21T19:09:08
================================================================================
[2026-03-21T19:09:34.652+0000] {manager.py:737} INFO - Searching for files in /opt/airflow/dags
[2026-03-21T19:09:34.655+0000] {manager.py:740} INFO - There are 1 files in /opt/airflow/dags
[2026-03-21T19:09:49.840+0000] {manager.py:878} INFO - 
================================================================================
DAG File Processing Stats

File Path                          PID    Runtime      # DAGs    # Errors  Last Runtime    Last Run
---------------------------------  -----  ---------  --------  ----------  --------------  -------------------
/opt/airflow/dags/extract_data.py                           1           0  0.32s           2026-03-21T19:09:39
================================================================================
[2026-03-21T19:10:20.319+0000] {manager.py:878} INFO - 
================================================================================
DAG File Processing Stats

File Path                          PID    Runtime      # DAGs    # Errors  Last Runtime    Last Run
---------------------------------  -----  ---------  --------  ----------  --------------  -------------------
/opt/airflow/dags/extract_data.py                           1           0  0.15s           2026-03-21T19:10:09
================================================================================
[2026-03-21T19:10:50.675+0000] {manager.py:878} INFO - 
================================================================================
DAG File Processing Stats

File Path                          PID    Runtime      # DAGs    # Errors  Last Runtime    Last Run
---------------------------------  -----  ---------  --------  ----------  --------------  -------------------
/opt/airflow/dags/extract_data.py                           1           0  0.14s           2026-03-21T19:10:39
================================================================================
[2026-03-21T19:11:20.952+0000] {manager.py:878} INFO - 
================================================================================
DAG File Processing Stats

File Path                          PID    Runtime      # DAGs    # Errors  Last Runtime    Last Run
---------------------------------  -----  ---------  --------  ----------  --------------  -------------------
/opt/airflow/dags/extract_data.py                           1           0  0.15s           2026-03-21T19:11:09
================================================================================
[2026-03-21T19:11:51.299+0000] {manager.py:878} INFO - 
================================================================================
DAG File Processing Stats

File Path                          PID    Runtime      # DAGs    # Errors  Last Runtime    Last Run
---------------------------------  -----  ---------  --------  ----------  --------------  -------------------
/opt/airflow/dags/extract_data.py                           1           0  0.16s           2026-03-21T19:11:40
================================================================================
[2026-03-21T19:12:21.563+0000] {manager.py:878} INFO - 
================================================================================
DAG File Processing Stats

File Path                          PID    Runtime      # DAGs    # Errors  Last Runtime    Last Run
---------------------------------  -----  ---------  --------  ----------  --------------  -------------------
/opt/airflow/dags/extract_data.py                           1           0  0.17s           2026-03-21T19:12:10
================================================================================
[2026-03-21T19:12:51.900+0000] {manager.py:878} INFO - 
================================================================================
DAG File Processing Stats

File Path                          PID    Runtime      # DAGs    # Errors  Last Runtime    Last Run
---------------------------------  -----  ---------  --------  ----------  --------------  -------------------
/opt/airflow/dags/extract_data.py                           1           0  0.14s           2026-03-21T19:12:40
================================================================================
[2026-03-21T19:13:22.163+0000] {manager.py:878} INFO - 
================================================================================
DAG File Processing Stats

File Path                          PID    Runtime      # DAGs    # Errors  Last Runtime    Last Run
---------------------------------  -----  ---------  --------  ----------  --------------  -------------------
/opt/airflow/dags/extract_data.py                           1           0  0.15s           2026-03-21T19:13:11
================================================================================
[2026-03-21T19:13:52.528+0000] {manager.py:878} INFO - 
================================================================================
DAG File Processing Stats

File Path                          PID    Runtime      # DAGs    # Errors  Last Runtime    Last Run
---------------------------------  -----  ---------  --------  ----------  --------------  -------------------
/opt/airflow/dags/extract_data.py                           1           0  0.14s           2026-03-21T19:13:41
================================================================================
[2026-03-21T19:14:22.791+0000] {manager.py:878} INFO - 
================================================================================
DAG File Processing Stats

File Path                          PID    Runtime      # DAGs    # Errors  Last Runtime    Last Run
---------------------------------  -----  ---------  --------  ----------  --------------  -------------------
/opt/airflow/dags/extract_data.py                           1           0  0.15s           2026-03-21T19:14:11
================================================================================
[2026-03-21T19:14:34.949+0000] {manager.py:737} INFO - Searching for files in /opt/airflow/dags
[2026-03-21T19:14:34.953+0000] {manager.py:740} INFO - There are 1 files in /opt/airflow/dags
[2026-03-21T19:14:53.148+0000] {manager.py:878} INFO - 
================================================================================
DAG File Processing Stats

File Path                          PID    Runtime      # DAGs    # Errors  Last Runtime    Last Run
---------------------------------  -----  ---------  --------  ----------  --------------  -------------------
/opt/airflow/dags/extract_data.py                           1           0  0.14s           2026-03-21T19:14:42
================================================================================
[2026-03-21T19:15:23.429+0000] {manager.py:878} INFO - 
================================================================================
DAG File Processing Stats

File Path                          PID    Runtime      # DAGs    # Errors  Last Runtime    Last Run
---------------------------------  -----  ---------  --------  ----------  --------------  -------------------
/opt/airflow/dags/extract_data.py                           1           0  0.16s           2026-03-21T19:15:12
================================================================================
[2026-03-21T19:15:53.768+0000] {manager.py:878} INFO - 
================================================================================
DAG File Processing Stats

File Path                          PID    Runtime      # DAGs    # Errors  Last Runtime    Last Run
---------------------------------  -----  ---------  --------  ----------  --------------  -------------------
/opt/airflow/dags/extract_data.py                           1           0  0.15s           2026-03-21T19:15:42
================================================================================
[2026-03-21T19:16:24.023+0000] {manager.py:878} INFO - 
================================================================================
DAG File Processing Stats

File Path                          PID    Runtime      # DAGs    # Errors  Last Runtime    Last Run
---------------------------------  -----  ---------  --------  ----------  --------------  -------------------
/opt/airflow/dags/extract_data.py                           1           0  0.15s           2026-03-21T19:16:13
================================================================================
[2026-03-21T19:16:54.396+0000] {manager.py:878} INFO - 
================================================================================
DAG File Processing Stats

File Path                          PID    Runtime      # DAGs    # Errors  Last Runtime    Last Run
---------------------------------  -----  ---------  --------  ----------  --------------  -------------------
/opt/airflow/dags/extract_data.py                           1           0  0.14s           2026-03-21T19:16:43
================================================================================
[2026-03-21T19:17:24.784+0000] {manager.py:878} INFO - 
================================================================================
DAG File Processing Stats

File Path                          PID    Runtime      # DAGs    # Errors  Last Runtime    Last Run
---------------------------------  -----  ---------  --------  ----------  --------------  -------------------
/opt/airflow/dags/extract_data.py                           1           0  0.19s           2026-03-21T19:17:19
================================================================================
[2026-03-21T19:17:55.058+0000] {manager.py:878} INFO - 
================================================================================
DAG File Processing Stats

File Path                          PID    Runtime      # DAGs    # Errors  Last Runtime    Last Run
---------------------------------  -----  ---------  --------  ----------  --------------  -------------------
/opt/airflow/dags/extract_data.py                           1           0  0.14s           2026-03-21T19:17:50
================================================================================
[2026-03-21T19:18:25.496+0000] {manager.py:878} INFO - 
================================================================================
DAG File Processing Stats

File Path                          PID    Runtime      # DAGs    # Errors  Last Runtime    Last Run
---------------------------------  -----  ---------  --------  ----------  --------------  -------------------
/opt/airflow/dags/extract_data.py                           1           0  0.16s           2026-03-21T19:18:22
================================================================================
[2026-03-21T19:18:55.778+0000] {manager.py:878} INFO - 
================================================================================
DAG File Processing Stats

File Path                          PID    Runtime      # DAGs    # Errors  Last Runtime    Last Run
---------------------------------  -----  ---------  --------  ----------  --------------  -------------------
/opt/airflow/dags/extract_data.py                           1           0  0.15s           2026-03-21T19:18:52
================================================================================
[2026-03-21T19:19:26.122+0000] {manager.py:878} INFO - 
================================================================================
DAG File Processing Stats

File Path                          PID    Runtime      # DAGs    # Errors  Last Runtime    Last Run
---------------------------------  -----  ---------  --------  ----------  --------------  -------------------
/opt/airflow/dags/extract_data.py                           1           0  0.14s           2026-03-21T19:19:23
================================================================================
[2026-03-21T19:19:35.259+0000] {manager.py:737} INFO - Searching for files in /opt/airflow/dags
[2026-03-21T19:19:35.262+0000] {manager.py:740} INFO - There are 1 files in /opt/airflow/dags
[2026-03-21T19:19:56.532+0000] {manager.py:878} INFO - 
================================================================================
DAG File Processing Stats

File Path                          PID    Runtime      # DAGs    # Errors  Last Runtime    Last Run
---------------------------------  -----  ---------  --------  ----------  --------------  -------------------
/opt/airflow/dags/extract_data.py                           1           0  0.18s           2026-03-21T19:19:53
================================================================================
[2026-03-21T19:20:26.931+0000] {manager.py:878} INFO - 
================================================================================
DAG File Processing Stats

File Path                          PID    Runtime      # DAGs    # Errors  Last Runtime    Last Run
---------------------------------  -----  ---------  --------  ----------  --------------  -------------------
/opt/airflow/dags/extract_data.py                           0           1  0.17s           2026-03-21T19:19:59
================================================================================
[2026-03-21T19:20:57.194+0000] {manager.py:878} INFO - 
================================================================================
DAG File Processing Stats

File Path                          PID    Runtime      # DAGs    # Errors  Last Runtime    Last Run
---------------------------------  -----  ---------  --------  ----------  --------------  -------------------
/opt/airflow/dags/extract_data.py                           0           1  0.08s           2026-03-21T19:20:30
================================================================================
[2026-03-21T19:21:27.499+0000] {manager.py:878} INFO - 
================================================================================
DAG File Processing Stats

File Path                          PID    Runtime      # DAGs    # Errors  Last Runtime    Last Run
---------------------------------  -----  ---------  --------  ----------  --------------  -------------------
/opt/airflow/dags/extract_data.py                           0           1  0.08s           2026-03-21T19:21:00
================================================================================
[2026-03-21T19:21:57.782+0000] {manager.py:878} INFO - 
================================================================================
DAG File Processing Stats

File Path                          PID    Runtime      # DAGs    # Errors  Last Runtime    Last Run
---------------------------------  -----  ---------  --------  ----------  --------------  -------------------
/opt/airflow/dags/extract_data.py                           0           1  0.07s           2026-03-21T19:21:30
================================================================================
[2026-03-21T19:22:28.135+0000] {manager.py:878} INFO - 
================================================================================
DAG File Processing Stats

File Path                          PID    Runtime      # DAGs    # Errors  Last Runtime    Last Run
---------------------------------  -----  ---------  --------  ----------  --------------  -------------------
/opt/airflow/dags/extract_data.py                           0           1  0.10s           2026-03-21T19:22:08
================================================================================
[2026-03-21T19:22:58.468+0000] {manager.py:878} INFO - 
================================================================================
DAG File Processing Stats

File Path                          PID    Runtime      # DAGs    # Errors  Last Runtime    Last Run
---------------------------------  -----  ---------  --------  ----------  --------------  -------------------
/opt/airflow/dags/extract_data.py                           0           1  0.07s           2026-03-21T19:22:38
================================================================================
[2026-03-21T19:23:28.740+0000] {manager.py:878} INFO - 
================================================================================
DAG File Processing Stats

File Path                          PID    Runtime      # DAGs    # Errors  Last Runtime    Last Run
---------------------------------  -----  ---------  --------  ----------  --------------  -------------------
/opt/airflow/dags/extract_data.py                           0           1  0.08s           2026-03-21T19:23:08
================================================================================
[2026-03-21T19:23:59.021+0000] {manager.py:878} INFO - 
================================================================================
DAG File Processing Stats

File Path                          PID    Runtime      # DAGs    # Errors  Last Runtime    Last Run
---------------------------------  -----  ---------  --------  ----------  --------------  -------------------
/opt/airflow/dags/extract_data.py                           0           1  0.07s           2026-03-21T19:23:38
================================================================================
[2026-03-21T19:24:29.311+0000] {manager.py:878} INFO - 
================================================================================
DAG File Processing Stats

File Path                          PID    Runtime      # DAGs    # Errors  Last Runtime    Last Run
---------------------------------  -----  ---------  --------  ----------  --------------  -------------------
/opt/airflow/dags/extract_data.py                           0           1  0.07s           2026-03-21T19:24:09
================================================================================
[2026-03-21T19:24:35.349+0000] {manager.py:737} INFO - Searching for files in /opt/airflow/dags
[2026-03-21T19:24:35.367+0000] {manager.py:740} INFO - There are 1 files in /opt/airflow/dags
[2026-03-21T19:24:59.679+0000] {manager.py:878} INFO - 
================================================================================
DAG File Processing Stats

File Path                          PID    Runtime      # DAGs    # Errors  Last Runtime    Last Run
---------------------------------  -----  ---------  --------  ----------  --------------  -------------------
/opt/airflow/dags/extract_data.py                           0           1  0.09s           2026-03-21T19:24:39
================================================================================
[2026-03-21T19:25:29.973+0000] {manager.py:878} INFO - 
================================================================================
DAG File Processing Stats

File Path                          PID    Runtime      # DAGs    # Errors  Last Runtime    Last Run
---------------------------------  -----  ---------  --------  ----------  --------------  -------------------
/opt/airflow/dags/extract_data.py                           0           1  0.14s           2026-03-21T19:25:09
================================================================================
[2026-03-21T19:26:00.317+0000] {manager.py:878} INFO - 
================================================================================
DAG File Processing Stats

File Path                          PID    Runtime      # DAGs    # Errors  Last Runtime    Last Run
---------------------------------  -----  ---------  --------  ----------  --------------  -------------------
/opt/airflow/dags/extract_data.py                           0           1  0.11s           2026-03-21T19:25:40
================================================================================
[2026-03-21T19:26:30.633+0000] {manager.py:878} INFO - 
================================================================================
DAG File Processing Stats

File Path                          PID    Runtime      # DAGs    # Errors  Last Runtime    Last Run
---------------------------------  -----  ---------  --------  ----------  --------------  -------------------
/opt/airflow/dags/extract_data.py                           0           1  0.10s           2026-03-21T19:26:10
================================================================================
[2026-03-21T19:27:00.997+0000] {manager.py:878} INFO - 
================================================================================
DAG File Processing Stats

File Path                          PID    Runtime      # DAGs    # Errors  Last Runtime    Last Run
---------------------------------  -----  ---------  --------  ----------  --------------  -------------------
/opt/airflow/dags/extract_data.py                           0           1  0.07s           2026-03-21T19:26:40
================================================================================
[2026-03-21T19:27:31.258+0000] {manager.py:878} INFO - 
================================================================================
DAG File Processing Stats

File Path                          PID    Runtime      # DAGs    # Errors  Last Runtime    Last Run
---------------------------------  -----  ---------  --------  ----------  --------------  -------------------
/opt/airflow/dags/extract_data.py                           0           1  0.08s           2026-03-21T19:27:11
================================================================================
[2026-03-21T19:28:01.568+0000] {manager.py:878} INFO - 
================================================================================
DAG File Processing Stats

File Path                          PID    Runtime      # DAGs    # Errors  Last Runtime    Last Run
---------------------------------  -----  ---------  --------  ----------  --------------  -------------------
/opt/airflow/dags/extract_data.py                           0           1  0.10s           2026-03-21T19:27:41
================================================================================
[2026-03-21T19:28:31.854+0000] {manager.py:878} INFO - 
================================================================================
DAG File Processing Stats

File Path                          PID    Runtime      # DAGs    # Errors  Last Runtime    Last Run
---------------------------------  -----  ---------  --------  ----------  --------------  -------------------
/opt/airflow/dags/extract_data.py                           0           1  0.07s           2026-03-21T19:28:11
================================================================================
[2026-03-21T19:29:02.139+0000] {manager.py:878} INFO - 
================================================================================
DAG File Processing Stats

File Path                          PID    Runtime      # DAGs    # Errors  Last Runtime    Last Run
---------------------------------  -----  ---------  --------  ----------  --------------  -------------------
/opt/airflow/dags/extract_data.py                           0           1  0.10s           2026-03-21T19:28:42
================================================================================
[2026-03-21T19:29:32.474+0000] {manager.py:878} INFO - 
================================================================================
DAG File Processing Stats

File Path                          PID    Runtime      # DAGs    # Errors  Last Runtime    Last Run
---------------------------------  -----  ---------  --------  ----------  --------------  -------------------
/opt/airflow/dags/extract_data.py                           0           1  0.17s           2026-03-21T19:29:12
================================================================================
[2026-03-21T19:29:35.488+0000] {manager.py:737} INFO - Searching for files in /opt/airflow/dags
[2026-03-21T19:29:35.496+0000] {manager.py:740} INFO - There are 1 files in /opt/airflow/dags
[2026-03-21T19:30:02.831+0000] {manager.py:878} INFO - 
================================================================================
DAG File Processing Stats

File Path                          PID    Runtime      # DAGs    # Errors  Last Runtime    Last Run
---------------------------------  -----  ---------  --------  ----------  --------------  -------------------
/opt/airflow/dags/extract_data.py                           0           1  0.09s           2026-03-21T19:29:42
================================================================================
[2026-03-21T19:30:33.106+0000] {manager.py:878} INFO - 
================================================================================
DAG File Processing Stats

File Path                          PID    Runtime      # DAGs    # Errors  Last Runtime    Last Run
---------------------------------  -----  ---------  --------  ----------  --------------  -------------------
/opt/airflow/dags/extract_data.py                           0           1  0.07s           2026-03-21T19:30:13
================================================================================
[2026-03-21T19:31:03.353+0000] {manager.py:878} INFO - 
================================================================================
DAG File Processing Stats

File Path                          PID    Runtime      # DAGs    # Errors  Last Runtime    Last Run
---------------------------------  -----  ---------  --------  ----------  --------------  -------------------
/opt/airflow/dags/extract_data.py                           0           1  0.09s           2026-03-21T19:30:43
================================================================================
[2026-03-21T19:31:33.688+0000] {manager.py:878} INFO - 
================================================================================
DAG File Processing Stats

File Path                          PID    Runtime      # DAGs    # Errors  Last Runtime    Last Run
---------------------------------  -----  ---------  --------  ----------  --------------  -------------------
/opt/airflow/dags/extract_data.py                           0           1  0.14s           2026-03-21T19:31:17
================================================================================
[2026-03-21T19:32:03.941+0000] {manager.py:878} INFO - 
================================================================================
DAG File Processing Stats

File Path                          PID    Runtime      # DAGs    # Errors  Last Runtime    Last Run
---------------------------------  -----  ---------  --------  ----------  --------------  -------------------
/opt/airflow/dags/extract_data.py                           0           1  0.12s           2026-03-21T19:31:47
================================================================================
[2026-03-21T19:32:34.279+0000] {manager.py:878} INFO - 
================================================================================
DAG File Processing Stats

File Path                          PID    Runtime      # DAGs    # Errors  Last Runtime    Last Run
---------------------------------  -----  ---------  --------  ----------  --------------  -------------------
/opt/airflow/dags/extract_data.py                           0           1  0.16s           2026-03-21T19:32:18
================================================================================
[2026-03-21T19:33:04.606+0000] {manager.py:878} INFO - 
================================================================================
DAG File Processing Stats

File Path                          PID    Runtime      # DAGs    # Errors  Last Runtime    Last Run
---------------------------------  -----  ---------  --------  ----------  --------------  -------------------
/opt/airflow/dags/extract_data.py                           0           1  0.09s           2026-03-21T19:32:48
================================================================================
[2026-03-21T19:33:34.868+0000] {manager.py:878} INFO - 
================================================================================
DAG File Processing Stats

File Path                          PID    Runtime      # DAGs    # Errors  Last Runtime    Last Run
---------------------------------  -----  ---------  --------  ----------  --------------  -------------------
/opt/airflow/dags/extract_data.py                           0           1  0.07s           2026-03-21T19:33:18
================================================================================
[2026-03-21T19:34:05.177+0000] {manager.py:878} INFO - 
================================================================================
DAG File Processing Stats

File Path                          PID    Runtime      # DAGs    # Errors  Last Runtime    Last Run
---------------------------------  -----  ---------  --------  ----------  --------------  -------------------
/opt/airflow/dags/extract_data.py                           0           1  0.10s           2026-03-21T19:33:49
================================================================================
[2026-03-21T19:34:35.486+0000] {manager.py:878} INFO - 
================================================================================
DAG File Processing Stats

File Path                          PID    Runtime      # DAGs    # Errors  Last Runtime    Last Run
---------------------------------  -----  ---------  --------  ----------  --------------  -------------------
/opt/airflow/dags/extract_data.py                           0           1  0.09s           2026-03-21T19:34:19
================================================================================
[2026-03-21T19:34:35.507+0000] {manager.py:737} INFO - Searching for files in /opt/airflow/dags
[2026-03-21T19:34:35.529+0000] {manager.py:740} INFO - There are 1 files in /opt/airflow/dags
[2026-03-21T19:35:05.801+0000] {manager.py:878} INFO - 
================================================================================
DAG File Processing Stats

File Path                          PID    Runtime      # DAGs    # Errors  Last Runtime    Last Run
---------------------------------  -----  ---------  --------  ----------  --------------  -------------------
/opt/airflow/dags/extract_data.py                           0           1  0.08s           2026-03-21T19:34:49
================================================================================
[2026-03-21T19:35:36.109+0000] {manager.py:878} INFO - 
================================================================================
DAG File Processing Stats

File Path                          PID    Runtime      # DAGs    # Errors  Last Runtime    Last Run
---------------------------------  -----  ---------  --------  ----------  --------------  -------------------
/opt/airflow/dags/extract_data.py                           0           1  0.09s           2026-03-21T19:35:20
================================================================================
[2026-03-21T19:36:06.429+0000] {manager.py:878} INFO - 
================================================================================
DAG File Processing Stats

File Path                          PID    Runtime      # DAGs    # Errors  Last Runtime    Last Run
---------------------------------  -----  ---------  --------  ----------  --------------  -------------------
/opt/airflow/dags/extract_data.py                           0           1  0.08s           2026-03-21T19:35:50
================================================================================
[2026-03-21T19:36:36.732+0000] {manager.py:878} INFO - 
================================================================================
DAG File Processing Stats

File Path                          PID    Runtime      # DAGs    # Errors  Last Runtime    Last Run
---------------------------------  -----  ---------  --------  ----------  --------------  -------------------
/opt/airflow/dags/extract_data.py                           0           1  0.07s           2026-03-21T19:36:20
================================================================================
[2026-03-21T19:37:06.998+0000] {manager.py:878} INFO - 
================================================================================
DAG File Processing Stats

File Path                          PID    Runtime      # DAGs    # Errors  Last Runtime    Last Run
---------------------------------  -----  ---------  --------  ----------  --------------  -------------------
/opt/airflow/dags/extract_data.py                           0           1  0.08s           2026-03-21T19:36:50
================================================================================
[2026-03-21T19:37:37.328+0000] {manager.py:878} INFO - 
================================================================================
DAG File Processing Stats

File Path                          PID    Runtime      # DAGs    # Errors  Last Runtime    Last Run
---------------------------------  -----  ---------  --------  ----------  --------------  -------------------
/opt/airflow/dags/extract_data.py                           0           1  0.07s           2026-03-21T19:37:21
================================================================================
[2026-03-21T19:38:08.225+0000] {manager.py:878} INFO - 
================================================================================
DAG File Processing Stats

File Path                          PID    Runtime      # DAGs    # Errors  Last Runtime    Last Run
---------------------------------  -----  ---------  --------  ----------  --------------  -------------------
/opt/airflow/dags/extract_data.py                           0           1  0.12s           2026-03-21T19:38:06
================================================================================
[2026-03-21T19:38:38.339+0000] {manager.py:878} INFO - 
================================================================================
DAG File Processing Stats

File Path                          PID    Runtime      # DAGs    # Errors  Last Runtime    Last Run
---------------------------------  -----  ---------  --------  ----------  --------------  -------------------
/opt/airflow/dags/extract_data.py                           0           1  0.09s           2026-03-21T19:38:13
================================================================================
[2026-03-21T19:39:08.626+0000] {manager.py:878} INFO - 
================================================================================
DAG File Processing Stats

File Path                          PID    Runtime      # DAGs    # Errors  Last Runtime    Last Run
---------------------------------  -----  ---------  --------  ----------  --------------  -------------------
/opt/airflow/dags/extract_data.py                           0           1  0.09s           2026-03-21T19:38:43
================================================================================
[2026-03-21T19:39:35.899+0000] {manager.py:737} INFO - Searching for files in /opt/airflow/dags
[2026-03-21T19:39:35.905+0000] {manager.py:740} INFO - There are 1 files in /opt/airflow/dags
[2026-03-21T19:39:38.970+0000] {manager.py:878} INFO - 
================================================================================
DAG File Processing Stats

File Path                          PID    Runtime      # DAGs    # Errors  Last Runtime    Last Run
---------------------------------  -----  ---------  --------  ----------  --------------  -------------------
/opt/airflow/dags/extract_data.py                           0           1  0.08s           2026-03-21T19:39:13
================================================================================
[2026-03-21T19:40:09.357+0000] {manager.py:878} INFO - 
================================================================================
DAG File Processing Stats

File Path                          PID    Runtime      # DAGs    # Errors  Last Runtime    Last Run
---------------------------------  -----  ---------  --------  ----------  --------------  -------------------
/opt/airflow/dags/extract_data.py                           0           1  0.07s           2026-03-21T19:39:44
================================================================================
[2026-03-21T19:40:39.636+0000] {manager.py:878} INFO - 
================================================================================
DAG File Processing Stats

File Path                          PID    Runtime      # DAGs    # Errors  Last Runtime    Last Run
---------------------------------  -----  ---------  --------  ----------  --------------  -------------------
/opt/airflow/dags/extract_data.py                           0           1  0.07s           2026-03-21T19:40:14
================================================================================
[2026-03-21T19:41:09.913+0000] {manager.py:878} INFO - 
================================================================================
DAG File Processing Stats

File Path                          PID    Runtime      # DAGs    # Errors  Last Runtime    Last Run
---------------------------------  -----  ---------  --------  ----------  --------------  -------------------
/opt/airflow/dags/extract_data.py                           0           1  0.07s           2026-03-21T19:40:44
================================================================================
[2026-03-21T19:41:40.187+0000] {manager.py:878} INFO - 
================================================================================
DAG File Processing Stats

File Path                          PID    Runtime      # DAGs    # Errors  Last Runtime    Last Run
---------------------------------  -----  ---------  --------  ----------  --------------  -------------------
/opt/airflow/dags/extract_data.py                           0           1  0.08s           2026-03-21T19:41:15
================================================================================
[2026-03-21T19:42:10.478+0000] {manager.py:878} INFO - 
================================================================================
DAG File Processing Stats

File Path                          PID    Runtime      # DAGs    # Errors  Last Runtime    Last Run
---------------------------------  -----  ---------  --------  ----------  --------------  -------------------
/opt/airflow/dags/extract_data.py                           0           1  0.08s           2026-03-21T19:41:45
================================================================================
[2026-03-21T19:42:40.771+0000] {manager.py:878} INFO - 
================================================================================
DAG File Processing Stats

File Path                          PID    Runtime      # DAGs    # Errors  Last Runtime    Last Run
---------------------------------  -----  ---------  --------  ----------  --------------  -------------------
/opt/airflow/dags/extract_data.py                           0           1  0.11s           2026-03-21T19:42:15
================================================================================
[2026-03-21T19:43:11.073+0000] {manager.py:878} INFO - 
================================================================================
DAG File Processing Stats

File Path                          PID    Runtime      # DAGs    # Errors  Last Runtime    Last Run
---------------------------------  -----  ---------  --------  ----------  --------------  -------------------
/opt/airflow/dags/extract_data.py                           0           1  0.11s           2026-03-21T19:42:45
================================================================================
[2026-03-21T19:43:41.383+0000] {manager.py:878} INFO - 
================================================================================
DAG File Processing Stats

File Path                          PID    Runtime      # DAGs    # Errors  Last Runtime    Last Run
---------------------------------  -----  ---------  --------  ----------  --------------  -------------------
/opt/airflow/dags/extract_data.py                           0           1  0.07s           2026-03-21T19:43:16
================================================================================
[2026-03-21T19:44:11.673+0000] {manager.py:878} INFO - 
================================================================================
DAG File Processing Stats

File Path                          PID    Runtime      # DAGs    # Errors  Last Runtime    Last Run
---------------------------------  -----  ---------  --------  ----------  --------------  -------------------
/opt/airflow/dags/extract_data.py                           0           1  0.07s           2026-03-21T19:43:46
================================================================================
[2026-03-21T19:44:36.832+0000] {manager.py:737} INFO - Searching for files in /opt/airflow/dags
[2026-03-21T19:44:36.846+0000] {manager.py:740} INFO - There are 1 files in /opt/airflow/dags
[2026-03-21T19:44:42.056+0000] {manager.py:878} INFO - 
================================================================================
DAG File Processing Stats

File Path                          PID    Runtime      # DAGs    # Errors  Last Runtime    Last Run
---------------------------------  -----  ---------  --------  ----------  --------------  -------------------
/opt/airflow/dags/extract_data.py                           0           1  0.07s           2026-03-21T19:44:16
================================================================================
[2026-03-21T19:45:12.310+0000] {manager.py:878} INFO - 
================================================================================
DAG File Processing Stats

File Path                          PID    Runtime      # DAGs    # Errors  Last Runtime    Last Run
---------------------------------  -----  ---------  --------  ----------  --------------  -------------------
/opt/airflow/dags/extract_data.py                           0           1  0.10s           2026-03-21T19:44:47
================================================================================
[2026-03-21T19:45:42.588+0000] {manager.py:878} INFO - 
================================================================================
DAG File Processing Stats

File Path                          PID    Runtime      # DAGs    # Errors  Last Runtime    Last Run
---------------------------------  -----  ---------  --------  ----------  --------------  -------------------
/opt/airflow/dags/extract_data.py                           0           1  0.08s           2026-03-21T19:45:17
================================================================================
[2026-03-21T19:46:12.912+0000] {manager.py:878} INFO - 
================================================================================
DAG File Processing Stats

File Path                          PID    Runtime      # DAGs    # Errors  Last Runtime    Last Run
---------------------------------  -----  ---------  --------  ----------  --------------  -------------------
/opt/airflow/dags/extract_data.py                           0           1  0.09s           2026-03-21T19:45:47
================================================================================
[2026-03-21T19:46:43.183+0000] {manager.py:878} INFO - 
================================================================================
DAG File Processing Stats

File Path                          PID    Runtime      # DAGs    # Errors  Last Runtime    Last Run
---------------------------------  -----  ---------  --------  ----------  --------------  -------------------
/opt/airflow/dags/extract_data.py                           0           1  0.07s           2026-03-21T19:46:18
================================================================================
[2026-03-21T19:47:13.421+0000] {manager.py:878} INFO - 
================================================================================
DAG File Processing Stats

File Path                          PID    Runtime      # DAGs    # Errors  Last Runtime    Last Run
---------------------------------  -----  ---------  --------  ----------  --------------  -------------------
/opt/airflow/dags/extract_data.py                           0           1  0.11s           2026-03-21T19:47:06
================================================================================
[2026-03-21T19:47:43.703+0000] {manager.py:878} INFO - 
================================================================================
DAG File Processing Stats

File Path                          PID    Runtime      # DAGs    # Errors  Last Runtime    Last Run
---------------------------------  -----  ---------  --------  ----------  --------------  -------------------
/opt/airflow/dags/extract_data.py                           0           1  0.08s           2026-03-21T19:47:36
================================================================================
[2026-03-21T19:48:14.004+0000] {manager.py:878} INFO - 
================================================================================
DAG File Processing Stats

File Path                          PID    Runtime      # DAGs    # Errors  Last Runtime    Last Run
---------------------------------  -----  ---------  --------  ----------  --------------  -------------------
/opt/airflow/dags/extract_data.py                           0           1  0.08s           2026-03-21T19:48:06
================================================================================
[2026-03-21T19:48:44.312+0000] {manager.py:878} INFO - 
================================================================================
DAG File Processing Stats

File Path                          PID    Runtime      # DAGs    # Errors  Last Runtime    Last Run
---------------------------------  -----  ---------  --------  ----------  --------------  -------------------
/opt/airflow/dags/extract_data.py                           0           1  0.11s           2026-03-21T19:48:35
================================================================================
[2026-03-21T19:49:14.674+0000] {manager.py:878} INFO - 
================================================================================
DAG File Processing Stats

File Path                          PID    Runtime      # DAGs    # Errors  Last Runtime    Last Run
---------------------------------  -----  ---------  --------  ----------  --------------  -------------------
/opt/airflow/dags/extract_data.py                           1           0  0.13s           2026-03-21T19:49:13
================================================================================
[2026-03-21T19:49:36.958+0000] {manager.py:737} INFO - Searching for files in /opt/airflow/dags
[2026-03-21T19:49:36.961+0000] {manager.py:740} INFO - There are 1 files in /opt/airflow/dags
[2026-03-21T19:49:45.156+0000] {manager.py:878} INFO - 
================================================================================
DAG File Processing Stats

File Path                          PID    Runtime      # DAGs    # Errors  Last Runtime    Last Run
---------------------------------  -----  ---------  --------  ----------  --------------  -------------------
/opt/airflow/dags/extract_data.py                           1           0  0.25s           2026-03-21T19:49:19
================================================================================
[2026-03-21T19:50:15.569+0000] {manager.py:878} INFO - 
================================================================================
DAG File Processing Stats

File Path                          PID    Runtime      # DAGs    # Errors  Last Runtime    Last Run
---------------------------------  -----  ---------  --------  ----------  --------------  -------------------
/opt/airflow/dags/extract_data.py                           1           0  0.31s           2026-03-21T19:49:49
================================================================================
[2026-03-21T19:50:45.974+0000] {manager.py:878} INFO - 
================================================================================
DAG File Processing Stats

File Path                          PID    Runtime      # DAGs    # Errors  Last Runtime    Last Run
---------------------------------  -----  ---------  --------  ----------  --------------  -------------------
/opt/airflow/dags/extract_data.py                           1           0  0.21s           2026-03-21T19:50:19
================================================================================
[2026-03-21T19:51:16.258+0000] {manager.py:878} INFO - 
================================================================================
DAG File Processing Stats

File Path                          PID    Runtime      # DAGs    # Errors  Last Runtime    Last Run
---------------------------------  -----  ---------  --------  ----------  --------------  -------------------
/opt/airflow/dags/extract_data.py                           1           0  0.13s           2026-03-21T19:50:50
================================================================================
[2026-03-21T19:51:46.612+0000] {manager.py:878} INFO - 
================================================================================
DAG File Processing Stats

File Path                          PID    Runtime      # DAGs    # Errors  Last Runtime    Last Run
---------------------------------  -----  ---------  --------  ----------  --------------  -------------------
/opt/airflow/dags/extract_data.py                           1           0  0.25s           2026-03-21T19:51:20
================================================================================
[2026-03-21T19:53:05.242+0000] {manager.py:470} INFO - Processing files using up to 2 processes at a time 
[2026-03-21T19:53:05.243+0000] {manager.py:471} INFO - Process each file at most once every 30 seconds
[2026-03-21T19:53:05.243+0000] {manager.py:472} INFO - Checking for new files in /opt/airflow/dags every 300 seconds
[2026-03-21T19:53:05.243+0000] {manager.py:737} INFO - Searching for files in /opt/airflow/dags
[2026-03-21T19:53:05.248+0000] {manager.py:740} INFO - There are 1 files in /opt/airflow/dags
[2026-03-21T19:53:05.384+0000] {manager.py:878} INFO - 
================================================================================
DAG File Processing Stats

File Path                            PID  Runtime      # DAGs    # Errors  Last Runtime    Last Run
---------------------------------  -----  ---------  --------  ----------  --------------  ----------
/opt/airflow/dags/extract_data.py     67  0.05s             0           0
================================================================================
[2026-03-21T19:53:35.636+0000] {manager.py:878} INFO - 
================================================================================
DAG File Processing Stats

File Path                          PID    Runtime      # DAGs    # Errors  Last Runtime    Last Run
---------------------------------  -----  ---------  --------  ----------  --------------  -------------------
/opt/airflow/dags/extract_data.py                           1           0  0.37s           2026-03-21T19:53:05
================================================================================
[2026-03-21T19:54:06.300+0000] {manager.py:878} INFO - 
================================================================================
DAG File Processing Stats

File Path                            PID  Runtime      # DAGs    # Errors  Last Runtime    Last Run
---------------------------------  -----  ---------  --------  ----------  --------------  -------------------
/opt/airflow/dags/extract_data.py     94  0.01s             1           0  0.15s           2026-03-21T19:53:36
================================================================================
[2026-03-21T19:54:36.658+0000] {manager.py:878} INFO - 
================================================================================
DAG File Processing Stats

File Path                            PID  Runtime      # DAGs    # Errors  Last Runtime    Last Run
---------------------------------  -----  ---------  --------  ----------  --------------  -------------------
/opt/airflow/dags/extract_data.py    105  0.01s             1           0  0.16s           2026-03-21T19:54:06
================================================================================
[2026-03-21T19:55:06.955+0000] {manager.py:878} INFO - 
================================================================================
DAG File Processing Stats

File Path                            PID  Runtime      # DAGs    # Errors  Last Runtime    Last Run
---------------------------------  -----  ---------  --------  ----------  --------------  -------------------
/opt/airflow/dags/extract_data.py    115  0.01s             1           0  0.15s           2026-03-21T19:54:36
================================================================================
[2026-03-21T19:55:37.317+0000] {manager.py:878} INFO - 
================================================================================
DAG File Processing Stats

File Path                            PID  Runtime      # DAGs    # Errors  Last Runtime    Last Run
---------------------------------  -----  ---------  --------  ----------  --------------  -------------------
/opt/airflow/dags/extract_data.py    126  0.01s             1           0  0.15s           2026-03-21T19:55:07
================================================================================
[2026-03-21T19:56:08.111+0000] {manager.py:878} INFO - 
================================================================================
DAG File Processing Stats

File Path                            PID  Runtime      # DAGs    # Errors  Last Runtime    Last Run
---------------------------------  -----  ---------  --------  ----------  --------------  -------------------
/opt/airflow/dags/extract_data.py    137  0.16s             1           0  0.21s           2026-03-21T19:55:37
================================================================================
[2026-03-21T19:56:38.409+0000] {manager.py:878} INFO - 
================================================================================
DAG File Processing Stats

File Path                          PID    Runtime      # DAGs    # Errors  Last Runtime    Last Run
---------------------------------  -----  ---------  --------  ----------  --------------  -------------------
/opt/airflow/dags/extract_data.py                           1           0  1.33s           2026-03-21T19:56:09
================================================================================
[2026-03-21T19:57:08.817+0000] {manager.py:878} INFO - 
================================================================================
DAG File Processing Stats

File Path                          PID    Runtime      # DAGs    # Errors  Last Runtime    Last Run
---------------------------------  -----  ---------  --------  ----------  --------------  -------------------
/opt/airflow/dags/extract_data.py                           1           0  0.42s           2026-03-21T19:56:39
================================================================================
[2026-03-21T19:57:39.396+0000] {manager.py:878} INFO - 
================================================================================
DAG File Processing Stats

File Path                          PID    Runtime      # DAGs    # Errors  Last Runtime    Last Run
---------------------------------  -----  ---------  --------  ----------  --------------  -------------------
/opt/airflow/dags/extract_data.py                           1           0  0.26s           2026-03-21T19:57:10
================================================================================
[2026-03-21T19:58:05.882+0000] {manager.py:737} INFO - Searching for files in /opt/airflow/dags
[2026-03-21T19:58:05.892+0000] {manager.py:740} INFO - There are 1 files in /opt/airflow/dags
[2026-03-21T19:58:09.964+0000] {manager.py:878} INFO - 
================================================================================
DAG File Processing Stats

File Path                          PID    Runtime      # DAGs    # Errors  Last Runtime    Last Run
---------------------------------  -----  ---------  --------  ----------  --------------  -------------------
/opt/airflow/dags/extract_data.py                           1           0  0.24s           2026-03-21T19:57:40
================================================================================
[2026-03-21T19:58:40.223+0000] {manager.py:878} INFO - 
================================================================================
DAG File Processing Stats

File Path                          PID    Runtime      # DAGs    # Errors  Last Runtime    Last Run
---------------------------------  -----  ---------  --------  ----------  --------------  -------------------
/opt/airflow/dags/extract_data.py                           1           0  0.13s           2026-03-21T19:58:11
================================================================================
[2026-03-21T19:59:10.607+0000] {manager.py:878} INFO - 
================================================================================
DAG File Processing Stats

File Path                          PID    Runtime      # DAGs    # Errors  Last Runtime    Last Run
---------------------------------  -----  ---------  --------  ----------  --------------  -------------------
/opt/airflow/dags/extract_data.py                           1           0  0.20s           2026-03-21T19:58:41
================================================================================
[2026-03-21T19:59:40.976+0000] {manager.py:878} INFO - 
================================================================================
DAG File Processing Stats

File Path                          PID    Runtime      # DAGs    # Errors  Last Runtime    Last Run
---------------------------------  -----  ---------  --------  ----------  --------------  -------------------
/opt/airflow/dags/extract_data.py                           1           0  0.17s           2026-03-21T19:59:11
================================================================================
[2026-03-21T20:00:11.309+0000] {manager.py:878} INFO - 
================================================================================
DAG File Processing Stats

File Path                          PID    Runtime      # DAGs    # Errors  Last Runtime    Last Run
---------------------------------  -----  ---------  --------  ----------  --------------  -------------------
/opt/airflow/dags/extract_data.py                           1           0  0.15s           2026-03-21T19:59:42
================================================================================
[2026-03-21T20:00:41.649+0000] {manager.py:878} INFO - 
================================================================================
DAG File Processing Stats

File Path                          PID    Runtime      # DAGs    # Errors  Last Runtime    Last Run
---------------------------------  -----  ---------  --------  ----------  --------------  -------------------
/opt/airflow/dags/extract_data.py                           1           0  0.14s           2026-03-21T20:00:12
================================================================================
[2026-03-21T20:01:11.976+0000] {manager.py:878} INFO - 
================================================================================
DAG File Processing Stats

File Path                          PID    Runtime      # DAGs    # Errors  Last Runtime    Last Run
---------------------------------  -----  ---------  --------  ----------  --------------  -------------------
/opt/airflow/dags/extract_data.py                           1           0  0.19s           2026-03-21T20:00:42
================================================================================
[2026-03-21T20:01:42.429+0000] {manager.py:878} INFO - 
================================================================================
DAG File Processing Stats

File Path                          PID    Runtime      # DAGs    # Errors  Last Runtime    Last Run
---------------------------------  -----  ---------  --------  ----------  --------------  -------------------
/opt/airflow/dags/extract_data.py                           1           0  0.14s           2026-03-21T20:01:13
================================================================================
[2026-03-21T20:02:12.892+0000] {manager.py:878} INFO - 
================================================================================
DAG File Processing Stats

File Path                          PID    Runtime      # DAGs    # Errors  Last Runtime    Last Run
---------------------------------  -----  ---------  --------  ----------  --------------  -------------------
/opt/airflow/dags/extract_data.py                           1           0  0.55s           2026-03-21T20:01:43
================================================================================
[2026-03-21T20:02:43.499+0000] {manager.py:878} INFO - 
================================================================================
DAG File Processing Stats

File Path                          PID    Runtime      # DAGs    # Errors  Last Runtime    Last Run
---------------------------------  -----  ---------  --------  ----------  --------------  -------------------
/opt/airflow/dags/extract_data.py                           1           0  2.09s           2026-03-21T20:02:16
================================================================================
[2026-03-21T20:03:06.118+0000] {manager.py:737} INFO - Searching for files in /opt/airflow/dags
[2026-03-21T20:03:06.127+0000] {manager.py:740} INFO - There are 1 files in /opt/airflow/dags
[2026-03-21T20:03:13.871+0000] {manager.py:878} INFO - 
================================================================================
DAG File Processing Stats

File Path                          PID    Runtime      # DAGs    # Errors  Last Runtime    Last Run
---------------------------------  -----  ---------  --------  ----------  --------------  -------------------
/opt/airflow/dags/extract_data.py                           1           0  0.28s           2026-03-21T20:02:46
================================================================================
[2026-03-21T21:00:47.934+0000] {manager.py:470} INFO - Processing files using up to 2 processes at a time 
[2026-03-21T21:00:47.935+0000] {manager.py:471} INFO - Process each file at most once every 30 seconds
[2026-03-21T21:00:47.935+0000] {manager.py:472} INFO - Checking for new files in /opt/airflow/dags every 300 seconds
[2026-03-21T21:00:47.936+0000] {manager.py:737} INFO - Searching for files in /opt/airflow/dags
[2026-03-21T21:00:47.943+0000] {manager.py:740} INFO - There are 1 files in /opt/airflow/dags
[2026-03-21T21:00:48.096+0000] {manager.py:878} INFO - 
================================================================================
DAG File Processing Stats

File Path                            PID  Runtime      # DAGs    # Errors  Last Runtime    Last Run
---------------------------------  -----  ---------  --------  ----------  --------------  ----------
/opt/airflow/dags/extract_data.py    160  0.07s             0           0
================================================================================
[2026-03-21T21:01:18.355+0000] {manager.py:878} INFO - 
================================================================================
DAG File Processing Stats

File Path                          PID    Runtime      # DAGs    # Errors  Last Runtime    Last Run
---------------------------------  -----  ---------  --------  ----------  --------------  -------------------
/opt/airflow/dags/extract_data.py                           1           0  0.74s           2026-03-21T21:00:48
================================================================================
[2026-03-21T21:01:48.546+0000] {manager.py:878} INFO - 
================================================================================
DAG File Processing Stats

File Path                          PID    Runtime      # DAGs    # Errors  Last Runtime    Last Run
---------------------------------  -----  ---------  --------  ----------  --------------  -------------------
/opt/airflow/dags/extract_data.py                           1           0  0.27s           2026-03-21T21:01:19
================================================================================
[2026-03-21T21:02:18.840+0000] {manager.py:878} INFO - 
================================================================================
DAG File Processing Stats

File Path                          PID    Runtime      # DAGs    # Errors  Last Runtime    Last Run
---------------------------------  -----  ---------  --------  ----------  --------------  -------------------
/opt/airflow/dags/extract_data.py                           1           0  0.31s           2026-03-21T21:01:49
================================================================================
[2026-03-21T21:02:49.227+0000] {manager.py:878} INFO - 
================================================================================
DAG File Processing Stats

File Path                          PID    Runtime      # DAGs    # Errors  Last Runtime    Last Run
---------------------------------  -----  ---------  --------  ----------  --------------  -------------------
/opt/airflow/dags/extract_data.py                           1           0  0.24s           2026-03-21T21:02:20
================================================================================
[2026-03-21T21:03:19.694+0000] {manager.py:878} INFO - 
================================================================================
DAG File Processing Stats

File Path                          PID    Runtime      # DAGs    # Errors  Last Runtime    Last Run
---------------------------------  -----  ---------  --------  ----------  --------------  -------------------
/opt/airflow/dags/extract_data.py                           1           0  0.18s           2026-03-21T21:02:50
================================================================================
[2026-03-21T21:03:50.028+0000] {manager.py:878} INFO - 
================================================================================
DAG File Processing Stats

File Path                          PID    Runtime      # DAGs    # Errors  Last Runtime    Last Run
---------------------------------  -----  ---------  --------  ----------  --------------  -------------------
/opt/airflow/dags/extract_data.py                           1           0  0.17s           2026-03-21T21:03:20
================================================================================
[2026-03-21T21:04:20.424+0000] {manager.py:878} INFO - 
================================================================================
DAG File Processing Stats

File Path                          PID    Runtime      # DAGs    # Errors  Last Runtime    Last Run
---------------------------------  -----  ---------  --------  ----------  --------------  -------------------
/opt/airflow/dags/extract_data.py                           1           0  0.16s           2026-03-21T21:03:51
================================================================================
[2026-03-21T21:04:50.805+0000] {manager.py:878} INFO - 
================================================================================
DAG File Processing Stats

File Path                          PID    Runtime      # DAGs    # Errors  Last Runtime    Last Run
---------------------------------  -----  ---------  --------  ----------  --------------  -------------------
/opt/airflow/dags/extract_data.py                           1           0  0.21s           2026-03-21T21:04:21
================================================================================
[2026-03-21T21:05:21.105+0000] {manager.py:878} INFO - 
================================================================================
DAG File Processing Stats

File Path                          PID    Runtime      # DAGs    # Errors  Last Runtime    Last Run
---------------------------------  -----  ---------  --------  ----------  --------------  -------------------
/opt/airflow/dags/extract_data.py                           1           0  0.15s           2026-03-21T21:04:51
================================================================================
[2026-03-21T21:05:48.490+0000] {manager.py:737} INFO - Searching for files in /opt/airflow/dags
[2026-03-21T21:05:48.497+0000] {manager.py:740} INFO - There are 1 files in /opt/airflow/dags
[2026-03-21T21:05:51.534+0000] {manager.py:878} INFO - 
================================================================================
DAG File Processing Stats

File Path                          PID    Runtime      # DAGs    # Errors  Last Runtime    Last Run
---------------------------------  -----  ---------  --------  ----------  --------------  -------------------
/opt/airflow/dags/extract_data.py                           1           0  0.20s           2026-03-21T21:05:22
================================================================================
[2026-03-21T21:06:21.880+0000] {manager.py:878} INFO - 
================================================================================
DAG File Processing Stats

File Path                          PID    Runtime      # DAGs    # Errors  Last Runtime    Last Run
---------------------------------  -----  ---------  --------  ----------  --------------  -------------------
/opt/airflow/dags/extract_data.py                           1           0  0.14s           2026-03-21T21:05:52
================================================================================
[2026-03-21T21:06:52.245+0000] {manager.py:878} INFO - 
================================================================================
DAG File Processing Stats

File Path                          PID    Runtime      # DAGs    # Errors  Last Runtime    Last Run
---------------------------------  -----  ---------  --------  ----------  --------------  -------------------
/opt/airflow/dags/extract_data.py                           1           0  0.14s           2026-03-21T21:06:23
================================================================================
[2026-03-21T21:07:22.702+0000] {manager.py:878} INFO - 
================================================================================
DAG File Processing Stats

File Path                          PID    Runtime      # DAGs    # Errors  Last Runtime    Last Run
---------------------------------  -----  ---------  --------  ----------  --------------  -------------------
/opt/airflow/dags/extract_data.py                           1           0  0.14s           2026-03-21T21:06:53
================================================================================
[2026-03-21T21:07:53.358+0000] {manager.py:878} INFO - 
================================================================================
DAG File Processing Stats

File Path                          PID    Runtime      # DAGs    # Errors  Last Runtime    Last Run
---------------------------------  -----  ---------  --------  ----------  --------------  -------------------
/opt/airflow/dags/extract_data.py                           1           0  1.55s           2026-03-21T21:07:25
================================================================================
[2026-03-21T21:08:23.662+0000] {manager.py:878} INFO - 
================================================================================
DAG File Processing Stats

File Path                          PID    Runtime      # DAGs    # Errors  Last Runtime    Last Run
---------------------------------  -----  ---------  --------  ----------  --------------  -------------------
/opt/airflow/dags/extract_data.py                           1           0  0.21s           2026-03-21T21:07:55
================================================================================
[2026-03-21T21:08:53.958+0000] {manager.py:878} INFO - 
================================================================================
DAG File Processing Stats

File Path                          PID    Runtime      # DAGs    # Errors  Last Runtime    Last Run
---------------------------------  -----  ---------  --------  ----------  --------------  -------------------
/opt/airflow/dags/extract_data.py                           1           0  0.16s           2026-03-21T21:08:25
================================================================================
[2026-03-21T21:09:24.382+0000] {manager.py:878} INFO - 
================================================================================
DAG File Processing Stats

File Path                          PID    Runtime      # DAGs    # Errors  Last Runtime    Last Run
---------------------------------  -----  ---------  --------  ----------  --------------  -------------------
/opt/airflow/dags/extract_data.py                           1           0  0.15s           2026-03-21T21:08:56
================================================================================
[2026-03-21T21:09:54.702+0000] {manager.py:878} INFO - 
================================================================================
DAG File Processing Stats

File Path                          PID    Runtime      # DAGs    # Errors  Last Runtime    Last Run
---------------------------------  -----  ---------  --------  ----------  --------------  -------------------
/opt/airflow/dags/extract_data.py                           1           0  0.14s           2026-03-21T21:09:26
================================================================================
[2026-03-21T21:10:25.096+0000] {manager.py:878} INFO - 
================================================================================
DAG File Processing Stats

File Path                          PID    Runtime      # DAGs    # Errors  Last Runtime    Last Run
---------------------------------  -----  ---------  --------  ----------  --------------  -------------------
/opt/airflow/dags/extract_data.py                           1           0  0.17s           2026-03-21T21:09:56
================================================================================
[2026-03-21T21:10:48.653+0000] {manager.py:737} INFO - Searching for files in /opt/airflow/dags
[2026-03-21T21:10:48.665+0000] {manager.py:740} INFO - There are 1 files in /opt/airflow/dags
[2026-03-21T21:10:55.456+0000] {manager.py:878} INFO - 
================================================================================
DAG File Processing Stats

File Path                          PID    Runtime      # DAGs    # Errors  Last Runtime    Last Run
---------------------------------  -----  ---------  --------  ----------  --------------  -------------------
/opt/airflow/dags/extract_data.py                           1           0  0.32s           2026-03-21T21:10:27
================================================================================
[2026-03-21T21:11:25.759+0000] {manager.py:878} INFO - 
================================================================================
DAG File Processing Stats

File Path                          PID    Runtime      # DAGs    # Errors  Last Runtime    Last Run
---------------------------------  -----  ---------  --------  ----------  --------------  -------------------
/opt/airflow/dags/extract_data.py                           1           0  0.19s           2026-03-21T21:10:57
================================================================================
[2026-03-21T21:11:56.241+0000] {manager.py:878} INFO - 
================================================================================
DAG File Processing Stats

File Path                          PID    Runtime      # DAGs    # Errors  Last Runtime    Last Run
---------------------------------  -----  ---------  --------  ----------  --------------  -------------------
/opt/airflow/dags/extract_data.py                           1           0  0.17s           2026-03-21T21:11:27
================================================================================
[2026-03-21T21:12:26.572+0000] {manager.py:878} INFO - 
================================================================================
DAG File Processing Stats

File Path                          PID    Runtime      # DAGs    # Errors  Last Runtime    Last Run
---------------------------------  -----  ---------  --------  ----------  --------------  -------------------
/opt/airflow/dags/extract_data.py                           1           0  0.20s           2026-03-21T21:11:58
================================================================================
[2026-03-21T21:12:57.033+0000] {manager.py:878} INFO - 
================================================================================
DAG File Processing Stats

File Path                          PID    Runtime      # DAGs    # Errors  Last Runtime    Last Run
---------------------------------  -----  ---------  --------  ----------  --------------  -------------------
/opt/airflow/dags/extract_data.py                           1           0  0.30s           2026-03-21T21:12:28
================================================================================
[2026-03-21T21:13:27.447+0000] {manager.py:878} INFO - 
================================================================================
DAG File Processing Stats

File Path                          PID    Runtime      # DAGs    # Errors  Last Runtime    Last Run
---------------------------------  -----  ---------  --------  ----------  --------------  -------------------
/opt/airflow/dags/extract_data.py                           1           0  0.21s           2026-03-21T21:12:59
================================================================================
[2026-03-21T21:13:57.817+0000] {manager.py:878} INFO - 
================================================================================
DAG File Processing Stats

File Path                          PID    Runtime      # DAGs    # Errors  Last Runtime    Last Run
---------------------------------  -----  ---------  --------  ----------  --------------  -------------------
/opt/airflow/dags/extract_data.py                           1           0  0.17s           2026-03-21T21:13:29
================================================================================
[2026-03-21T21:14:28.402+0000] {manager.py:878} INFO - 
================================================================================
DAG File Processing Stats

File Path                          PID    Runtime      # DAGs    # Errors  Last Runtime    Last Run
---------------------------------  -----  ---------  --------  ----------  --------------  -------------------
/opt/airflow/dags/extract_data.py                           1           0  0.46s           2026-03-21T21:14:24
================================================================================
[2026-03-21T21:14:59.014+0000] {manager.py:878} INFO - 
================================================================================
DAG File Processing Stats

File Path                          PID    Runtime      # DAGs    # Errors  Last Runtime    Last Run
---------------------------------  -----  ---------  --------  ----------  --------------  -------------------
/opt/airflow/dags/extract_data.py                           1           0  0.17s           2026-03-21T21:14:55
================================================================================
[2026-03-21T21:15:29.654+0000] {manager.py:878} INFO - 
================================================================================
DAG File Processing Stats

File Path                          PID    Runtime      # DAGs    # Errors  Last Runtime    Last Run
---------------------------------  -----  ---------  --------  ----------  --------------  -------------------
/opt/airflow/dags/extract_data.py                           1           0  0.47s           2026-03-21T21:15:26
================================================================================
[2026-03-21T21:15:48.895+0000] {manager.py:737} INFO - Searching for files in /opt/airflow/dags
[2026-03-21T21:15:48.899+0000] {manager.py:740} INFO - There are 1 files in /opt/airflow/dags
[2026-03-21T21:15:59.987+0000] {manager.py:878} INFO - 
================================================================================
DAG File Processing Stats

File Path                          PID    Runtime      # DAGs    # Errors  Last Runtime    Last Run
---------------------------------  -----  ---------  --------  ----------  --------------  -------------------
/opt/airflow/dags/extract_data.py                           1           0  0.21s           2026-03-21T21:15:57
================================================================================
[2026-03-21T21:16:30.303+0000] {manager.py:878} INFO - 
================================================================================
DAG File Processing Stats

File Path                          PID    Runtime      # DAGs    # Errors  Last Runtime    Last Run
---------------------------------  -----  ---------  --------  ----------  --------------  -------------------
/opt/airflow/dags/extract_data.py                           0           1  0.11s           2026-03-21T21:16:28
================================================================================
[2026-03-21T21:17:01.057+0000] {manager.py:878} INFO - 
================================================================================
DAG File Processing Stats

File Path                          PID    Runtime      # DAGs    # Errors  Last Runtime    Last Run
---------------------------------  -----  ---------  --------  ----------  --------------  -------------------
/opt/airflow/dags/extract_data.py                           0           1  0.33s           2026-03-21T21:16:48
================================================================================
[2026-03-21T21:17:31.446+0000] {manager.py:878} INFO - 
================================================================================
DAG File Processing Stats

File Path                          PID    Runtime      # DAGs    # Errors  Last Runtime    Last Run
---------------------------------  -----  ---------  --------  ----------  --------------  -------------------
/opt/airflow/dags/extract_data.py                           1           0  0.32s           2026-03-21T21:17:20
================================================================================
[2026-03-21T21:18:02.020+0000] {manager.py:878} INFO - 
================================================================================
DAG File Processing Stats

File Path                          PID    Runtime      # DAGs    # Errors  Last Runtime    Last Run
---------------------------------  -----  ---------  --------  ----------  --------------  -------------------
/opt/airflow/dags/extract_data.py                           1           0  0.20s           2026-03-21T21:17:51
================================================================================
[2026-03-21T21:18:32.501+0000] {manager.py:878} INFO - 
================================================================================
DAG File Processing Stats

File Path                          PID    Runtime      # DAGs    # Errors  Last Runtime    Last Run
---------------------------------  -----  ---------  --------  ----------  --------------  -------------------
/opt/airflow/dags/extract_data.py                           1           0  0.21s           2026-03-21T21:18:21
================================================================================
[2026-03-21T21:19:02.831+0000] {manager.py:878} INFO - 
================================================================================
DAG File Processing Stats

File Path                          PID    Runtime      # DAGs    # Errors  Last Runtime    Last Run
---------------------------------  -----  ---------  --------  ----------  --------------  -------------------
/opt/airflow/dags/extract_data.py                           1           0  0.14s           2026-03-21T21:18:51
================================================================================
[2026-03-21T21:19:33.238+0000] {manager.py:878} INFO - 
================================================================================
DAG File Processing Stats

File Path                          PID    Runtime      # DAGs    # Errors  Last Runtime    Last Run
---------------------------------  -----  ---------  --------  ----------  --------------  -------------------
/opt/airflow/dags/extract_data.py                           1           0  0.16s           2026-03-21T21:19:22
================================================================================
[2026-03-21T21:20:03.561+0000] {manager.py:878} INFO - 
================================================================================
DAG File Processing Stats

File Path                          PID    Runtime      # DAGs    # Errors  Last Runtime    Last Run
---------------------------------  -----  ---------  --------  ----------  --------------  -------------------
/opt/airflow/dags/extract_data.py                           1           0  0.16s           2026-03-21T21:19:52
================================================================================
[2026-03-21T21:20:33.995+0000] {manager.py:878} INFO - 
================================================================================
DAG File Processing Stats

File Path                          PID    Runtime      # DAGs    # Errors  Last Runtime    Last Run
---------------------------------  -----  ---------  --------  ----------  --------------  -------------------
/opt/airflow/dags/extract_data.py                           1           0  0.15s           2026-03-21T21:20:22
================================================================================
[2026-03-21T21:20:49.226+0000] {manager.py:737} INFO - Searching for files in /opt/airflow/dags
[2026-03-21T21:20:49.229+0000] {manager.py:740} INFO - There are 1 files in /opt/airflow/dags
[2026-03-21T21:21:04.552+0000] {manager.py:878} INFO - 
================================================================================
DAG File Processing Stats

File Path                          PID    Runtime      # DAGs    # Errors  Last Runtime    Last Run
---------------------------------  -----  ---------  --------  ----------  --------------  -------------------
/opt/airflow/dags/extract_data.py                           1           0  0.19s           2026-03-21T21:20:53
================================================================================
[2026-03-21T21:21:34.956+0000] {manager.py:878} INFO - 
================================================================================
DAG File Processing Stats

File Path                          PID    Runtime      # DAGs    # Errors  Last Runtime    Last Run
---------------------------------  -----  ---------  --------  ----------  --------------  -------------------
/opt/airflow/dags/extract_data.py                           1           0  0.14s           2026-03-21T21:21:23
================================================================================
[2026-03-21T21:22:05.279+0000] {manager.py:878} INFO - 
================================================================================
DAG File Processing Stats

File Path                          PID    Runtime      # DAGs    # Errors  Last Runtime    Last Run
---------------------------------  -----  ---------  --------  ----------  --------------  -------------------
/opt/airflow/dags/extract_data.py                           1           0  0.15s           2026-03-21T21:21:54
================================================================================
[2026-03-21T21:22:35.699+0000] {manager.py:878} INFO - 
================================================================================
DAG File Processing Stats

File Path                          PID    Runtime      # DAGs    # Errors  Last Runtime    Last Run
---------------------------------  -----  ---------  --------  ----------  --------------  -------------------
/opt/airflow/dags/extract_data.py                           1           0  0.47s           2026-03-21T21:22:24
================================================================================
[2026-03-21T21:23:05.974+0000] {manager.py:878} INFO - 
================================================================================
DAG File Processing Stats

File Path                          PID    Runtime      # DAGs    # Errors  Last Runtime    Last Run
---------------------------------  -----  ---------  --------  ----------  --------------  -------------------
/opt/airflow/dags/extract_data.py                           1           0  0.16s           2026-03-21T21:23:05
================================================================================
[2026-03-21T21:23:36.413+0000] {manager.py:878} INFO - 
================================================================================
DAG File Processing Stats

File Path                          PID    Runtime      # DAGs    # Errors  Last Runtime    Last Run
---------------------------------  -----  ---------  --------  ----------  --------------  -------------------
/opt/airflow/dags/extract_data.py                           1           0  0.15s           2026-03-21T21:23:35
================================================================================
[2026-03-21T21:24:06.726+0000] {manager.py:878} INFO - 
================================================================================
DAG File Processing Stats

File Path                          PID    Runtime      # DAGs    # Errors  Last Runtime    Last Run
---------------------------------  -----  ---------  --------  ----------  --------------  -------------------
/opt/airflow/dags/extract_data.py                           1           0  0.20s           2026-03-21T21:24:05
================================================================================
[2026-03-21T21:24:37.046+0000] {manager.py:878} INFO - 
================================================================================
DAG File Processing Stats

File Path                          PID    Runtime      # DAGs    # Errors  Last Runtime    Last Run
---------------------------------  -----  ---------  --------  ----------  --------------  -------------------
/opt/airflow/dags/extract_data.py                           1           0  0.16s           2026-03-21T21:24:33
================================================================================
[2026-03-21T21:25:07.520+0000] {manager.py:878} INFO - 
================================================================================
DAG File Processing Stats

File Path                          PID    Runtime      # DAGs    # Errors  Last Runtime    Last Run
---------------------------------  -----  ---------  --------  ----------  --------------  -------------------
/opt/airflow/dags/extract_data.py                           1           0  0.17s           2026-03-21T21:25:03
================================================================================
[2026-03-21T21:25:37.836+0000] {manager.py:878} INFO - 
================================================================================
DAG File Processing Stats

File Path                          PID    Runtime      # DAGs    # Errors  Last Runtime    Last Run
---------------------------------  -----  ---------  --------  ----------  --------------  -------------------
/opt/airflow/dags/extract_data.py                           1           0  0.14s           2026-03-21T21:25:33
================================================================================
[2026-03-21T21:25:49.898+0000] {manager.py:737} INFO - Searching for files in /opt/airflow/dags
[2026-03-21T21:25:49.902+0000] {manager.py:740} INFO - There are 1 files in /opt/airflow/dags
[2026-03-21T21:26:08.233+0000] {manager.py:878} INFO - 
================================================================================
DAG File Processing Stats

File Path                          PID    Runtime      # DAGs    # Errors  Last Runtime    Last Run
---------------------------------  -----  ---------  --------  ----------  --------------  -------------------
/opt/airflow/dags/extract_data.py                           1           0  0.15s           2026-03-21T21:26:04
================================================================================
[2026-03-21T21:26:38.603+0000] {manager.py:878} INFO - 
================================================================================
DAG File Processing Stats

File Path                          PID    Runtime      # DAGs    # Errors  Last Runtime    Last Run
---------------------------------  -----  ---------  --------  ----------  --------------  -------------------
/opt/airflow/dags/extract_data.py                           1           0  0.23s           2026-03-21T21:26:34
================================================================================
[2026-03-21T21:27:09.037+0000] {manager.py:878} INFO - 
================================================================================
DAG File Processing Stats

File Path                          PID    Runtime      # DAGs    # Errors  Last Runtime    Last Run
---------------------------------  -----  ---------  --------  ----------  --------------  -------------------
/opt/airflow/dags/extract_data.py                           1           0  0.15s           2026-03-21T21:27:04
================================================================================
[2026-03-21T21:27:39.351+0000] {manager.py:878} INFO - 
================================================================================
DAG File Processing Stats

File Path                          PID    Runtime      # DAGs    # Errors  Last Runtime    Last Run
---------------------------------  -----  ---------  --------  ----------  --------------  -------------------
/opt/airflow/dags/extract_data.py                           1           0  0.14s           2026-03-21T21:27:35
================================================================================
[2026-03-21T21:28:09.761+0000] {manager.py:878} INFO - 
================================================================================
DAG File Processing Stats

File Path                          PID    Runtime      # DAGs    # Errors  Last Runtime    Last Run
---------------------------------  -----  ---------  --------  ----------  --------------  -------------------
/opt/airflow/dags/extract_data.py                           1           0  0.17s           2026-03-21T21:28:05
================================================================================
[2026-03-21T21:28:40.123+0000] {manager.py:878} INFO - 
================================================================================
DAG File Processing Stats

File Path                          PID    Runtime      # DAGs    # Errors  Last Runtime    Last Run
---------------------------------  -----  ---------  --------  ----------  --------------  -------------------
/opt/airflow/dags/extract_data.py                           1           0  0.15s           2026-03-21T21:28:36
================================================================================
[2026-03-21T21:29:10.538+0000] {manager.py:878} INFO - 
================================================================================
DAG File Processing Stats

File Path                          PID    Runtime      # DAGs    # Errors  Last Runtime    Last Run
---------------------------------  -----  ---------  --------  ----------  --------------  -------------------
/opt/airflow/dags/extract_data.py                           1           0  0.26s           2026-03-21T21:29:06
================================================================================
[2026-03-21T21:29:40.998+0000] {manager.py:878} INFO - 
================================================================================
DAG File Processing Stats

File Path                          PID    Runtime      # DAGs    # Errors  Last Runtime    Last Run
---------------------------------  -----  ---------  --------  ----------  --------------  -------------------
/opt/airflow/dags/extract_data.py                           1           0  0.33s           2026-03-21T21:29:36
================================================================================
[2026-03-21T21:30:11.318+0000] {manager.py:878} INFO - 
================================================================================
DAG File Processing Stats

File Path                          PID    Runtime      # DAGs    # Errors  Last Runtime    Last Run
---------------------------------  -----  ---------  --------  ----------  --------------  -------------------
/opt/airflow/dags/extract_data.py                           1           0  0.19s           2026-03-21T21:30:07
================================================================================
[2026-03-21T21:30:41.800+0000] {manager.py:878} INFO - 
================================================================================
DAG File Processing Stats

File Path                          PID    Runtime      # DAGs    # Errors  Last Runtime    Last Run
---------------------------------  -----  ---------  --------  ----------  --------------  -------------------
/opt/airflow/dags/extract_data.py                           1           0  0.21s           2026-03-21T21:30:37
================================================================================
[2026-03-21T21:30:50.865+0000] {manager.py:737} INFO - Searching for files in /opt/airflow/dags
[2026-03-21T21:30:50.870+0000] {manager.py:740} INFO - There are 1 files in /opt/airflow/dags
[2026-03-21T21:31:12.239+0000] {manager.py:878} INFO - 
================================================================================
DAG File Processing Stats

File Path                          PID    Runtime      # DAGs    # Errors  Last Runtime    Last Run
---------------------------------  -----  ---------  --------  ----------  --------------  -------------------
/opt/airflow/dags/extract_data.py                           1           0  1.06s           2026-03-21T21:31:09
================================================================================
[2026-03-21T21:31:42.610+0000] {manager.py:878} INFO - 
================================================================================
DAG File Processing Stats

File Path                          PID    Runtime      # DAGs    # Errors  Last Runtime    Last Run
---------------------------------  -----  ---------  --------  ----------  --------------  -------------------
/opt/airflow/dags/extract_data.py                           1           0  0.17s           2026-03-21T21:31:39
================================================================================
[2026-03-21T21:32:13.052+0000] {manager.py:878} INFO - 
================================================================================
DAG File Processing Stats

File Path                          PID    Runtime      # DAGs    # Errors  Last Runtime    Last Run
---------------------------------  -----  ---------  --------  ----------  --------------  -------------------
/opt/airflow/dags/extract_data.py                           1           0  0.16s           2026-03-21T21:32:10
================================================================================
[2026-03-21T21:32:43.382+0000] {manager.py:878} INFO - 
================================================================================
DAG File Processing Stats

File Path                          PID    Runtime      # DAGs    # Errors  Last Runtime    Last Run
---------------------------------  -----  ---------  --------  ----------  --------------  -------------------
/opt/airflow/dags/extract_data.py                           1           0  0.16s           2026-03-21T21:32:40
================================================================================
[2026-03-21T21:33:13.804+0000] {manager.py:878} INFO - 
================================================================================
DAG File Processing Stats

File Path                          PID    Runtime      # DAGs    # Errors  Last Runtime    Last Run
---------------------------------  -----  ---------  --------  ----------  --------------  -------------------
/opt/airflow/dags/extract_data.py                           1           0  0.15s           2026-03-21T21:33:10
================================================================================
[2026-03-21T21:33:44.126+0000] {manager.py:878} INFO - 
================================================================================
DAG File Processing Stats

File Path                          PID    Runtime      # DAGs    # Errors  Last Runtime    Last Run
---------------------------------  -----  ---------  --------  ----------  --------------  -------------------
/opt/airflow/dags/extract_data.py                           1           0  0.16s           2026-03-21T21:33:41
================================================================================
[2026-03-21T21:34:14.555+0000] {manager.py:878} INFO - 
================================================================================
DAG File Processing Stats

File Path                          PID    Runtime      # DAGs    # Errors  Last Runtime    Last Run
---------------------------------  -----  ---------  --------  ----------  --------------  -------------------
/opt/airflow/dags/extract_data.py                           1           0  0.16s           2026-03-21T21:34:11
================================================================================
[2026-03-21T21:34:44.890+0000] {manager.py:878} INFO - 
================================================================================
DAG File Processing Stats

File Path                          PID    Runtime      # DAGs    # Errors  Last Runtime    Last Run
---------------------------------  -----  ---------  --------  ----------  --------------  -------------------
/opt/airflow/dags/extract_data.py                           1           0  0.16s           2026-03-21T21:34:42
================================================================================
[2026-03-21T21:35:15.313+0000] {manager.py:878} INFO - 
================================================================================
DAG File Processing Stats

File Path                          PID    Runtime      # DAGs    # Errors  Last Runtime    Last Run
---------------------------------  -----  ---------  --------  ----------  --------------  -------------------
/opt/airflow/dags/extract_data.py                           1           0  0.15s           2026-03-21T21:35:12
================================================================================
[2026-03-21T21:35:45.681+0000] {manager.py:878} INFO - 
================================================================================
DAG File Processing Stats

File Path                          PID    Runtime      # DAGs    # Errors  Last Runtime    Last Run
---------------------------------  -----  ---------  --------  ----------  --------------  -------------------
/opt/airflow/dags/extract_data.py                           1           0  0.22s           2026-03-21T21:35:42
================================================================================
[2026-03-21T21:35:50.939+0000] {manager.py:737} INFO - Searching for files in /opt/airflow/dags
[2026-03-21T21:35:50.944+0000] {manager.py:740} INFO - There are 1 files in /opt/airflow/dags
[2026-03-21T21:36:16.206+0000] {manager.py:878} INFO - 
================================================================================
DAG File Processing Stats

File Path                            PID  Runtime      # DAGs    # Errors  Last Runtime    Last Run
---------------------------------  -----  ---------  --------  ----------  --------------  -------------------
/opt/airflow/dags/extract_data.py    626  0.01s             0           1  0.09s           2026-03-21T21:36:14
================================================================================
[2026-03-21T21:36:46.946+0000] {manager.py:878} INFO - 
================================================================================
DAG File Processing Stats

File Path                            PID  Runtime      # DAGs    # Errors  Last Runtime    Last Run
---------------------------------  -----  ---------  --------  ----------  --------------  -------------------
/opt/airflow/dags/extract_data.py    631  0.03s             0           1  0.07s           2026-03-21T21:36:16
================================================================================
[2026-03-21T21:37:17.380+0000] {manager.py:878} INFO - 
================================================================================
DAG File Processing Stats

File Path                            PID  Runtime      # DAGs    # Errors  Last Runtime    Last Run
---------------------------------  -----  ---------  --------  ----------  --------------  -------------------
/opt/airflow/dags/extract_data.py    636  0.04s             0           1  0.21s           2026-03-21T21:36:47
================================================================================
[2026-03-21T21:37:47.804+0000] {manager.py:878} INFO - 
================================================================================
DAG File Processing Stats

File Path                          PID    Runtime      # DAGs    # Errors  Last Runtime    Last Run
---------------------------------  -----  ---------  --------  ----------  --------------  -------------------
/opt/airflow/dags/extract_data.py                           1           0  1.38s           2026-03-21T21:37:18
================================================================================
[2026-03-21T21:38:18.312+0000] {manager.py:878} INFO - 
================================================================================
DAG File Processing Stats

File Path                          PID    Runtime      # DAGs    # Errors  Last Runtime    Last Run
---------------------------------  -----  ---------  --------  ----------  --------------  -------------------
/opt/airflow/dags/extract_data.py                           1           0  0.35s           2026-03-21T21:37:49
================================================================================
[2026-03-21T21:38:49.183+0000] {manager.py:878} INFO - 
================================================================================
DAG File Processing Stats

File Path                          PID    Runtime      # DAGs    # Errors  Last Runtime    Last Run
---------------------------------  -----  ---------  --------  ----------  --------------  -------------------
/opt/airflow/dags/extract_data.py                           1           0  0.16s           2026-03-21T21:38:19
================================================================================
[2026-03-21T21:39:19.469+0000] {manager.py:878} INFO - 
================================================================================
DAG File Processing Stats

File Path                          PID    Runtime      # DAGs    # Errors  Last Runtime    Last Run
---------------------------------  -----  ---------  --------  ----------  --------------  -------------------
/opt/airflow/dags/extract_data.py                           1           0  0.16s           2026-03-21T21:38:50
================================================================================
[2026-03-21T21:39:49.909+0000] {manager.py:878} INFO - 
================================================================================
DAG File Processing Stats

File Path                          PID    Runtime      # DAGs    # Errors  Last Runtime    Last Run
---------------------------------  -----  ---------  --------  ----------  --------------  -------------------
/opt/airflow/dags/extract_data.py                           1           0  0.27s           2026-03-21T21:39:20
================================================================================
[2026-03-21T21:41:08.259+0000] {manager.py:470} INFO - Processing files using up to 2 processes at a time 
[2026-03-21T21:41:08.260+0000] {manager.py:471} INFO - Process each file at most once every 30 seconds
[2026-03-21T21:41:08.260+0000] {manager.py:472} INFO - Checking for new files in /opt/airflow/dags every 300 seconds
[2026-03-21T21:41:08.261+0000] {manager.py:737} INFO - Searching for files in /opt/airflow/dags
[2026-03-21T21:41:08.264+0000] {manager.py:740} INFO - There are 1 files in /opt/airflow/dags
[2026-03-21T21:41:08.753+0000] {manager.py:878} INFO - 
================================================================================
DAG File Processing Stats

File Path                            PID  Runtime      # DAGs    # Errors  Last Runtime    Last Run
---------------------------------  -----  ---------  --------  ----------  --------------  ----------
/opt/airflow/dags/extract_data.py    161  0.40s             0           0
================================================================================
[2026-03-21T21:41:39.073+0000] {manager.py:878} INFO - 
================================================================================
DAG File Processing Stats

File Path                          PID    Runtime      # DAGs    # Errors  Last Runtime    Last Run
---------------------------------  -----  ---------  --------  ----------  --------------  -------------------
/opt/airflow/dags/extract_data.py                           1           0  1.52s           2026-03-21T21:41:09
================================================================================
[2026-03-21T21:42:09.603+0000] {manager.py:878} INFO - 
================================================================================
DAG File Processing Stats

File Path                          PID    Runtime      # DAGs    # Errors  Last Runtime    Last Run
---------------------------------  -----  ---------  --------  ----------  --------------  -------------------
/opt/airflow/dags/extract_data.py                           1           0  0.63s           2026-03-21T21:41:40
================================================================================
[2026-03-21T21:42:40.305+0000] {manager.py:878} INFO - 
================================================================================
DAG File Processing Stats

File Path                          PID    Runtime      # DAGs    # Errors  Last Runtime    Last Run
---------------------------------  -----  ---------  --------  ----------  --------------  -------------------
/opt/airflow/dags/extract_data.py                           1           0  0.45s           2026-03-21T21:42:11
================================================================================
[2026-03-21T21:43:11.509+0000] {manager.py:878} INFO - 
================================================================================
DAG File Processing Stats

File Path                          PID    Runtime      # DAGs    # Errors  Last Runtime    Last Run
---------------------------------  -----  ---------  --------  ----------  --------------  -------------------
/opt/airflow/dags/extract_data.py                           1           0  0.71s           2026-03-21T21:42:42
================================================================================
[2026-03-21T21:43:42.101+0000] {manager.py:878} INFO - 
================================================================================
DAG File Processing Stats

File Path                          PID    Runtime      # DAGs    # Errors  Last Runtime    Last Run
---------------------------------  -----  ---------  --------  ----------  --------------  -------------------
/opt/airflow/dags/extract_data.py                           1           0  0.42s           2026-03-21T21:43:13
================================================================================
[2026-03-21T21:44:12.900+0000] {manager.py:878} INFO - 
================================================================================
DAG File Processing Stats

File Path                          PID    Runtime      # DAGs    # Errors  Last Runtime    Last Run
---------------------------------  -----  ---------  --------  ----------  --------------  -------------------
/opt/airflow/dags/extract_data.py                           1           0  0.18s           2026-03-21T21:43:43
================================================================================
[2026-03-21T21:44:43.554+0000] {manager.py:878} INFO - 
================================================================================
DAG File Processing Stats

File Path                          PID    Runtime      # DAGs    # Errors  Last Runtime    Last Run
---------------------------------  -----  ---------  --------  ----------  --------------  -------------------
/opt/airflow/dags/extract_data.py                           1           0  0.18s           2026-03-21T21:44:14
================================================================================
[2026-03-21T21:45:14.358+0000] {manager.py:878} INFO - 
================================================================================
DAG File Processing Stats

File Path                          PID    Runtime      # DAGs    # Errors  Last Runtime    Last Run
---------------------------------  -----  ---------  --------  ----------  --------------  -------------------
/opt/airflow/dags/extract_data.py                           1           0  0.17s           2026-03-21T21:44:45
================================================================================
[2026-03-21T21:45:44.765+0000] {manager.py:878} INFO - 
================================================================================
DAG File Processing Stats

File Path                          PID    Runtime      # DAGs    # Errors  Last Runtime    Last Run
---------------------------------  -----  ---------  --------  ----------  --------------  -------------------
/opt/airflow/dags/extract_data.py                           1           0  0.24s           2026-03-21T21:45:15
================================================================================
[2026-03-21T21:46:09.050+0000] {manager.py:737} INFO - Searching for files in /opt/airflow/dags
[2026-03-21T21:46:09.056+0000] {manager.py:740} INFO - There are 1 files in /opt/airflow/dags
[2026-03-21T21:46:15.302+0000] {manager.py:878} INFO - 
================================================================================
DAG File Processing Stats

File Path                          PID    Runtime      # DAGs    # Errors  Last Runtime    Last Run
---------------------------------  -----  ---------  --------  ----------  --------------  -------------------
/opt/airflow/dags/extract_data.py                           1           0  0.18s           2026-03-21T21:45:45
================================================================================
[2026-03-21T21:46:46.047+0000] {manager.py:878} INFO - 
================================================================================
DAG File Processing Stats

File Path                          PID    Runtime      # DAGs    # Errors  Last Runtime    Last Run
---------------------------------  -----  ---------  --------  ----------  --------------  -------------------
/opt/airflow/dags/extract_data.py                           1           0  0.17s           2026-03-21T21:46:16
================================================================================
[2026-03-21T21:47:16.933+0000] {manager.py:878} INFO - 
================================================================================
DAG File Processing Stats

File Path                          PID    Runtime      # DAGs    # Errors  Last Runtime    Last Run
---------------------------------  -----  ---------  --------  ----------  --------------  -------------------
/opt/airflow/dags/extract_data.py                           1           0  0.16s           2026-03-21T21:46:47
================================================================================
[2026-03-21T21:47:47.665+0000] {manager.py:878} INFO - 
================================================================================
DAG File Processing Stats

File Path                          PID    Runtime      # DAGs    # Errors  Last Runtime    Last Run
---------------------------------  -----  ---------  --------  ----------  --------------  -------------------
/opt/airflow/dags/extract_data.py                           1           0  0.25s           2026-03-21T21:47:18
================================================================================
[2026-03-21T21:48:17.998+0000] {manager.py:878} INFO - 
================================================================================
DAG File Processing Stats

File Path                          PID    Runtime      # DAGs    # Errors  Last Runtime    Last Run
---------------------------------  -----  ---------  --------  ----------  --------------  -------------------
/opt/airflow/dags/extract_data.py                           1           0  0.18s           2026-03-21T21:47:48
================================================================================
[2026-03-21T21:48:48.748+0000] {manager.py:878} INFO - 
================================================================================
DAG File Processing Stats

File Path                          PID    Runtime      # DAGs    # Errors  Last Runtime    Last Run
---------------------------------  -----  ---------  --------  ----------  --------------  -------------------
/opt/airflow/dags/extract_data.py                           1           0  0.16s           2026-03-21T21:48:19
================================================================================
[2026-03-21T21:49:19.208+0000] {manager.py:878} INFO - 
================================================================================
DAG File Processing Stats

File Path                          PID    Runtime      # DAGs    # Errors  Last Runtime    Last Run
---------------------------------  -----  ---------  --------  ----------  --------------  -------------------
/opt/airflow/dags/extract_data.py                           1           0  0.15s           2026-03-21T21:48:49
================================================================================
[2026-03-21T21:49:49.577+0000] {manager.py:878} INFO - 
================================================================================
DAG File Processing Stats

File Path                          PID    Runtime      # DAGs    # Errors  Last Runtime    Last Run
---------------------------------  -----  ---------  --------  ----------  --------------  -------------------
/opt/airflow/dags/extract_data.py                           1           0  0.15s           2026-03-21T21:49:20
================================================================================
[2026-03-21T21:50:20.006+0000] {manager.py:878} INFO - 
================================================================================
DAG File Processing Stats

File Path                          PID    Runtime      # DAGs    # Errors  Last Runtime    Last Run
---------------------------------  -----  ---------  --------  ----------  --------------  -------------------
/opt/airflow/dags/extract_data.py                           1           0  0.14s           2026-03-21T21:49:50
================================================================================
[2026-03-21T21:50:50.775+0000] {manager.py:878} INFO - 
================================================================================
DAG File Processing Stats

File Path                          PID    Runtime      # DAGs    # Errors  Last Runtime    Last Run
---------------------------------  -----  ---------  --------  ----------  --------------  -------------------
/opt/airflow/dags/extract_data.py                           1           0  0.16s           2026-03-21T21:50:21
================================================================================
[2026-03-21T21:51:09.995+0000] {manager.py:737} INFO - Searching for files in /opt/airflow/dags
[2026-03-21T21:51:09.999+0000] {manager.py:740} INFO - There are 1 files in /opt/airflow/dags
[2026-03-21T21:51:21.250+0000] {manager.py:878} INFO - 
================================================================================
DAG File Processing Stats

File Path                          PID    Runtime      # DAGs    # Errors  Last Runtime    Last Run
---------------------------------  -----  ---------  --------  ----------  --------------  -------------------
/opt/airflow/dags/extract_data.py                           1           0  0.16s           2026-03-21T21:50:51
================================================================================
[2026-03-21T21:51:51.784+0000] {manager.py:878} INFO - 
================================================================================
DAG File Processing Stats

File Path                          PID    Runtime      # DAGs    # Errors  Last Runtime    Last Run
---------------------------------  -----  ---------  --------  ----------  --------------  -------------------
/opt/airflow/dags/extract_data.py                           1           0  0.21s           2026-03-21T21:51:22
================================================================================
[2026-03-21T21:52:22.553+0000] {manager.py:878} INFO - 
================================================================================
DAG File Processing Stats

File Path                          PID    Runtime      # DAGs    # Errors  Last Runtime    Last Run
---------------------------------  -----  ---------  --------  ----------  --------------  -------------------
/opt/airflow/dags/extract_data.py                           1           0  0.17s           2026-03-21T21:51:52
================================================================================
[2026-03-21T21:52:53.428+0000] {manager.py:878} INFO - 
================================================================================
DAG File Processing Stats

File Path                          PID    Runtime      # DAGs    # Errors  Last Runtime    Last Run
---------------------------------  -----  ---------  --------  ----------  --------------  -------------------
/opt/airflow/dags/extract_data.py                           1           0  0.16s           2026-03-21T21:52:23
================================================================================
[2026-03-21T21:53:24.162+0000] {manager.py:878} INFO - 
================================================================================
DAG File Processing Stats

File Path                          PID    Runtime      # DAGs    # Errors  Last Runtime    Last Run
---------------------------------  -----  ---------  --------  ----------  --------------  -------------------
/opt/airflow/dags/extract_data.py                           1           0  0.17s           2026-03-21T21:52:54
================================================================================
[2026-03-21T21:53:55.054+0000] {manager.py:878} INFO - 
================================================================================
DAG File Processing Stats

File Path                          PID    Runtime      # DAGs    # Errors  Last Runtime    Last Run
---------------------------------  -----  ---------  --------  ----------  --------------  -------------------
/opt/airflow/dags/extract_data.py                           1           0  0.14s           2026-03-21T21:53:25
================================================================================
[2026-03-21T21:54:44.477+0000] {manager.py:470} INFO - Processing files using up to 2 processes at a time 
[2026-03-21T21:54:44.479+0000] {manager.py:471} INFO - Process each file at most once every 30 seconds
[2026-03-21T21:54:44.479+0000] {manager.py:472} INFO - Checking for new files in /opt/airflow/dags every 300 seconds
[2026-03-21T21:54:44.480+0000] {manager.py:737} INFO - Searching for files in /opt/airflow/dags
[2026-03-21T21:54:44.491+0000] {manager.py:740} INFO - There are 1 files in /opt/airflow/dags
[2026-03-21T21:54:45.042+0000] {manager.py:878} INFO - 
================================================================================
DAG File Processing Stats

File Path                            PID  Runtime      # DAGs    # Errors  Last Runtime    Last Run
---------------------------------  -----  ---------  --------  ----------  --------------  ----------
/opt/airflow/dags/extract_data.py    161  0.24s             0           0
================================================================================
[2026-03-21T21:55:16.563+0000] {manager.py:878} INFO - 
================================================================================
DAG File Processing Stats

File Path                            PID  Runtime      # DAGs    # Errors  Last Runtime    Last Run
---------------------------------  -----  ---------  --------  ----------  --------------  -------------------
/opt/airflow/dags/extract_data.py    166  0.02s             1           0  1.04s           2026-03-21T21:54:45
================================================================================
[2026-03-21T21:55:47.327+0000] {manager.py:878} INFO - 
================================================================================
DAG File Processing Stats

File Path                            PID  Runtime      # DAGs    # Errors  Last Runtime    Last Run
---------------------------------  -----  ---------  --------  ----------  --------------  -------------------
/opt/airflow/dags/extract_data.py    171  0.01s             1           0  0.32s           2026-03-21T21:55:16
================================================================================
[2026-03-21T21:56:18.342+0000] {manager.py:878} INFO - 
================================================================================
DAG File Processing Stats

File Path                            PID  Runtime      # DAGs    # Errors  Last Runtime    Last Run
---------------------------------  -----  ---------  --------  ----------  --------------  -------------------
/opt/airflow/dags/extract_data.py    185  0.01s             1           0  0.24s           2026-03-21T21:55:47
================================================================================
[2026-03-21T21:56:49.211+0000] {manager.py:878} INFO - 
================================================================================
DAG File Processing Stats

File Path                            PID  Runtime      # DAGs    # Errors  Last Runtime    Last Run
---------------------------------  -----  ---------  --------  ----------  --------------  -------------------
/opt/airflow/dags/extract_data.py    196  0.01s             1           0  0.18s           2026-03-21T21:56:18
================================================================================
[2026-03-21T21:57:20.085+0000] {manager.py:878} INFO - 
================================================================================
DAG File Processing Stats

File Path                            PID  Runtime      # DAGs    # Errors  Last Runtime    Last Run
---------------------------------  -----  ---------  --------  ----------  --------------  -------------------
/opt/airflow/dags/extract_data.py    201  0.01s             1           0  0.19s           2026-03-21T21:56:49
================================================================================
[2026-03-21T21:57:50.882+0000] {manager.py:878} INFO - 
================================================================================
DAG File Processing Stats

File Path                            PID  Runtime      # DAGs    # Errors  Last Runtime    Last Run
---------------------------------  -----  ---------  --------  ----------  --------------  -------------------
/opt/airflow/dags/extract_data.py    206  0.01s             1           0  0.14s           2026-03-21T21:57:20
================================================================================
[2026-03-21T21:58:21.840+0000] {manager.py:878} INFO - 
================================================================================
DAG File Processing Stats

File Path                            PID  Runtime      # DAGs    # Errors  Last Runtime    Last Run
---------------------------------  -----  ---------  --------  ----------  --------------  -------------------
/opt/airflow/dags/extract_data.py    211  0.01s             1           0  0.18s           2026-03-21T21:57:51
================================================================================
[2026-03-21T21:58:52.749+0000] {manager.py:878} INFO - 
================================================================================
DAG File Processing Stats

File Path                            PID  Runtime      # DAGs    # Errors  Last Runtime    Last Run
---------------------------------  -----  ---------  --------  ----------  --------------  -------------------
/opt/airflow/dags/extract_data.py    222  0.01s             1           0  0.16s           2026-03-21T21:58:21
================================================================================
[2026-03-21T21:59:23.714+0000] {manager.py:452} INFO - Exiting gracefully upon receiving signal 15
[2026-03-21T22:00:16.196+0000] {manager.py:470} INFO - Processing files using up to 2 processes at a time 
[2026-03-21T22:00:16.198+0000] {manager.py:471} INFO - Process each file at most once every 30 seconds
[2026-03-21T22:00:16.199+0000] {manager.py:472} INFO - Checking for new files in /opt/airflow/dags every 300 seconds
[2026-03-21T22:00:16.200+0000] {manager.py:737} INFO - Searching for files in /opt/airflow/dags
[2026-03-21T22:00:16.210+0000] {manager.py:740} INFO - There are 1 files in /opt/airflow/dags
[2026-03-21T22:00:16.776+0000] {manager.py:878} INFO - 
================================================================================
DAG File Processing Stats

File Path                            PID  Runtime      # DAGs    # Errors  Last Runtime    Last Run
---------------------------------  -----  ---------  --------  ----------  --------------  ----------
/opt/airflow/dags/extract_data.py    160  0.27s             0           0
================================================================================
[2026-03-21T22:00:47.531+0000] {manager.py:878} INFO - 
================================================================================
DAG File Processing Stats

File Path                          PID    Runtime      # DAGs    # Errors  Last Runtime    Last Run
---------------------------------  -----  ---------  --------  ----------  --------------  -------------------
/opt/airflow/dags/extract_data.py                           1           0  1.25s           2026-03-21T22:00:17
================================================================================
[2026-03-21T22:01:18.288+0000] {manager.py:878} INFO - 
================================================================================
DAG File Processing Stats

File Path                          PID    Runtime      # DAGs    # Errors  Last Runtime    Last Run
---------------------------------  -----  ---------  --------  ----------  --------------  -------------------
/opt/airflow/dags/extract_data.py                           1           0  0.18s           2026-03-21T22:00:48
================================================================================
[2026-03-21T22:01:49.104+0000] {manager.py:878} INFO - 
================================================================================
DAG File Processing Stats

File Path                          PID    Runtime      # DAGs    # Errors  Last Runtime    Last Run
---------------------------------  -----  ---------  --------  ----------  --------------  -------------------
/opt/airflow/dags/extract_data.py                           1           0  0.22s           2026-03-21T22:01:19
================================================================================
[2026-03-21T22:02:19.991+0000] {manager.py:878} INFO - 
================================================================================
DAG File Processing Stats

File Path                          PID    Runtime      # DAGs    # Errors  Last Runtime    Last Run
---------------------------------  -----  ---------  --------  ----------  --------------  -------------------
/opt/airflow/dags/extract_data.py                           1           0  0.24s           2026-03-21T22:01:50
================================================================================
[2026-03-21T22:02:50.544+0000] {manager.py:878} INFO - 
================================================================================
DAG File Processing Stats

File Path                          PID    Runtime      # DAGs    # Errors  Last Runtime    Last Run
---------------------------------  -----  ---------  --------  ----------  --------------  -------------------
/opt/airflow/dags/extract_data.py                           1           0  0.16s           2026-03-21T22:02:21
================================================================================
[2026-03-21T22:03:21.474+0000] {manager.py:878} INFO - 
================================================================================
DAG File Processing Stats

File Path                          PID    Runtime      # DAGs    # Errors  Last Runtime    Last Run
---------------------------------  -----  ---------  --------  ----------  --------------  -------------------
/opt/airflow/dags/extract_data.py                           1           0  0.71s           2026-03-21T22:02:52
================================================================================
[2026-03-21T22:03:52.276+0000] {manager.py:878} INFO - 
================================================================================
DAG File Processing Stats

File Path                          PID    Runtime      # DAGs    # Errors  Last Runtime    Last Run
---------------------------------  -----  ---------  --------  ----------  --------------  -------------------
/opt/airflow/dags/extract_data.py                           1           0  0.19s           2026-03-21T22:03:22
================================================================================
[2026-03-21T22:04:23.226+0000] {manager.py:878} INFO - 
================================================================================
DAG File Processing Stats

File Path                          PID    Runtime      # DAGs    # Errors  Last Runtime    Last Run
---------------------------------  -----  ---------  --------  ----------  --------------  -------------------
/opt/airflow/dags/extract_data.py                           1           0  0.30s           2026-03-21T22:03:53
================================================================================
[2026-03-21T22:04:54.147+0000] {manager.py:878} INFO - 
================================================================================
DAG File Processing Stats

File Path                          PID    Runtime      # DAGs    # Errors  Last Runtime    Last Run
---------------------------------  -----  ---------  --------  ----------  --------------  -------------------
/opt/airflow/dags/extract_data.py                           1           0  0.20s           2026-03-21T22:04:24
================================================================================
[2026-03-21T22:05:16.982+0000] {manager.py:737} INFO - Searching for files in /opt/airflow/dags
[2026-03-21T22:05:17.019+0000] {manager.py:740} INFO - There are 1 files in /opt/airflow/dags
[2026-03-21T22:05:25.090+0000] {manager.py:878} INFO - 
================================================================================
DAG File Processing Stats

File Path                          PID    Runtime      # DAGs    # Errors  Last Runtime    Last Run
---------------------------------  -----  ---------  --------  ----------  --------------  -------------------
/opt/airflow/dags/extract_data.py                           1           0  0.14s           2026-03-21T22:04:55
================================================================================
[2026-03-21T22:05:55.884+0000] {manager.py:878} INFO - 
================================================================================
DAG File Processing Stats

File Path                          PID    Runtime      # DAGs    # Errors  Last Runtime    Last Run
---------------------------------  -----  ---------  --------  ----------  --------------  -------------------
/opt/airflow/dags/extract_data.py                           1           0  0.21s           2026-03-21T22:05:26
================================================================================
[2026-03-21T22:06:26.900+0000] {manager.py:878} INFO - 
================================================================================
DAG File Processing Stats

File Path                          PID    Runtime      # DAGs    # Errors  Last Runtime    Last Run
---------------------------------  -----  ---------  --------  ----------  --------------  -------------------
/opt/airflow/dags/extract_data.py                           1           0  0.19s           2026-03-21T22:05:57
================================================================================
[2026-03-21T22:06:57.764+0000] {manager.py:878} INFO - 
================================================================================
DAG File Processing Stats

File Path                          PID    Runtime      # DAGs    # Errors  Last Runtime    Last Run
---------------------------------  -----  ---------  --------  ----------  --------------  -------------------
/opt/airflow/dags/extract_data.py                           1           0  0.25s           2026-03-21T22:06:28
================================================================================
[2026-03-21T22:07:28.878+0000] {manager.py:878} INFO - 
================================================================================
DAG File Processing Stats

File Path                          PID    Runtime      # DAGs    # Errors  Last Runtime    Last Run
---------------------------------  -----  ---------  --------  ----------  --------------  -------------------
/opt/airflow/dags/extract_data.py                           1           0  0.39s           2026-03-21T22:06:59
================================================================================
[2026-03-21T22:07:59.819+0000] {manager.py:878} INFO - 
================================================================================
DAG File Processing Stats

File Path                          PID    Runtime      # DAGs    # Errors  Last Runtime    Last Run
---------------------------------  -----  ---------  --------  ----------  --------------  -------------------
/opt/airflow/dags/extract_data.py                           1           0  1.08s           2026-03-21T22:07:30
================================================================================
[2026-03-21T22:08:30.755+0000] {manager.py:878} INFO - 
================================================================================
DAG File Processing Stats

File Path                          PID    Runtime      # DAGs    # Errors  Last Runtime    Last Run
---------------------------------  -----  ---------  --------  ----------  --------------  -------------------
/opt/airflow/dags/extract_data.py                           1           0  1.23s           2026-03-21T22:08:03
================================================================================
[2026-03-21T22:09:01.681+0000] {manager.py:878} INFO - 
================================================================================
DAG File Processing Stats

File Path                          PID    Runtime      # DAGs    # Errors  Last Runtime    Last Run
---------------------------------  -----  ---------  --------  ----------  --------------  -------------------
/opt/airflow/dags/extract_data.py                           1           0  0.17s           2026-03-21T22:08:33
================================================================================
[2026-03-21T22:09:32.559+0000] {manager.py:878} INFO - 
================================================================================
DAG File Processing Stats

File Path                          PID    Runtime      # DAGs    # Errors  Last Runtime    Last Run
---------------------------------  -----  ---------  --------  ----------  --------------  -------------------
/opt/airflow/dags/extract_data.py                           1           0  0.16s           2026-03-21T22:09:04
================================================================================
[2026-03-21T22:10:03.501+0000] {manager.py:878} INFO - 
================================================================================
DAG File Processing Stats

File Path                          PID    Runtime      # DAGs    # Errors  Last Runtime    Last Run
---------------------------------  -----  ---------  --------  ----------  --------------  -------------------
/opt/airflow/dags/extract_data.py                           1           0  0.14s           2026-03-21T22:09:35
================================================================================
[2026-03-21T22:10:17.310+0000] {manager.py:737} INFO - Searching for files in /opt/airflow/dags
[2026-03-21T22:10:17.318+0000] {manager.py:740} INFO - There are 2 files in /opt/airflow/dags
[2026-03-21T22:10:34.459+0000] {manager.py:878} INFO - 
================================================================================
DAG File Processing Stats

File Path                          PID    Runtime      # DAGs    # Errors  Last Runtime    Last Run
---------------------------------  -----  ---------  --------  ----------  --------------  -------------------
/opt/airflow/dags/extract_data.py                           1           0  0.17s           2026-03-21T22:10:06
/opt/airflow/dags/config.py                                 0           0  0.07s           2026-03-21T22:10:17
================================================================================
[2026-03-21T22:11:05.357+0000] {manager.py:878} INFO - 
================================================================================
DAG File Processing Stats

File Path                          PID    Runtime      # DAGs    # Errors  Last Runtime    Last Run
---------------------------------  -----  ---------  --------  ----------  --------------  -------------------
/opt/airflow/dags/extract_data.py                           1           0  0.16s           2026-03-21T22:10:37
/opt/airflow/dags/config.py                                 0           0  0.10s           2026-03-21T22:10:48
================================================================================
[2026-03-21T22:11:36.348+0000] {manager.py:878} INFO - 
================================================================================
DAG File Processing Stats

File Path                          PID    Runtime      # DAGs    # Errors  Last Runtime    Last Run
---------------------------------  -----  ---------  --------  ----------  --------------  -------------------
/opt/airflow/dags/extract_data.py                           1           0  0.17s           2026-03-21T22:11:08
/opt/airflow/dags/config.py                                 0           0  0.09s           2026-03-21T22:11:19
================================================================================
[2026-03-21T22:12:07.406+0000] {manager.py:878} INFO - 
================================================================================
DAG File Processing Stats

File Path                          PID    Runtime      # DAGs    # Errors  Last Runtime    Last Run
---------------------------------  -----  ---------  --------  ----------  --------------  -------------------
/opt/airflow/dags/extract_data.py                           1           0  0.15s           2026-03-21T22:11:39
/opt/airflow/dags/config.py                                 0           0  0.09s           2026-03-21T22:11:49
================================================================================
[2026-03-21T22:12:38.602+0000] {manager.py:878} INFO - 
================================================================================
DAG File Processing Stats

File Path                          PID    Runtime      # DAGs    # Errors  Last Runtime    Last Run
---------------------------------  -----  ---------  --------  ----------  --------------  -------------------
/opt/airflow/dags/extract_data.py                           1           0  0.30s           2026-03-21T22:12:10
/opt/airflow/dags/config.py                                 0           0  0.06s           2026-03-21T22:12:19
================================================================================
[2026-03-21T22:13:09.505+0000] {manager.py:878} INFO - 
================================================================================
DAG File Processing Stats

File Path                          PID    Runtime      # DAGs    # Errors  Last Runtime    Last Run
---------------------------------  -----  ---------  --------  ----------  --------------  -------------------
/opt/airflow/dags/extract_data.py                           1           0  0.21s           2026-03-21T22:12:41
/opt/airflow/dags/config.py                                 0           0  0.11s           2026-03-21T22:12:50
================================================================================
[2026-03-21T22:13:40.457+0000] {manager.py:878} INFO - 
================================================================================
DAG File Processing Stats

File Path                          PID    Runtime      # DAGs    # Errors  Last Runtime    Last Run
---------------------------------  -----  ---------  --------  ----------  --------------  -------------------
/opt/airflow/dags/extract_data.py                           1           0  0.21s           2026-03-21T22:13:12
/opt/airflow/dags/config.py                                 0           0  0.10s           2026-03-21T22:13:21
================================================================================
[2026-03-21T22:14:11.412+0000] {manager.py:878} INFO - 
================================================================================
DAG File Processing Stats

File Path                          PID    Runtime      # DAGs    # Errors  Last Runtime    Last Run
---------------------------------  -----  ---------  --------  ----------  --------------  -------------------
/opt/airflow/dags/extract_data.py                           1           0  0.18s           2026-03-21T22:13:43
/opt/airflow/dags/config.py                                 0           0  0.06s           2026-03-21T22:13:52
================================================================================
[2026-03-21T22:14:42.343+0000] {manager.py:878} INFO - 
================================================================================
DAG File Processing Stats

File Path                          PID    Runtime      # DAGs    # Errors  Last Runtime    Last Run
---------------------------------  -----  ---------  --------  ----------  --------------  -------------------
/opt/airflow/dags/extract_data.py                           1           0  0.13s           2026-03-21T22:14:14
/opt/airflow/dags/config.py                                 0           0  0.07s           2026-03-21T22:14:23
================================================================================
[2026-03-21T22:15:13.227+0000] {manager.py:878} INFO - 
================================================================================
DAG File Processing Stats

File Path                          PID    Runtime      # DAGs    # Errors  Last Runtime    Last Run
---------------------------------  -----  ---------  --------  ----------  --------------  -------------------
/opt/airflow/dags/extract_data.py                           1           0  0.14s           2026-03-21T22:14:45
/opt/airflow/dags/config.py                                 0           0  0.08s           2026-03-21T22:14:54
================================================================================
[2026-03-21T22:15:17.400+0000] {manager.py:737} INFO - Searching for files in /opt/airflow/dags
[2026-03-21T22:15:17.422+0000] {manager.py:740} INFO - There are 2 files in /opt/airflow/dags
[2026-03-21T22:15:44.147+0000] {manager.py:878} INFO - 
================================================================================
DAG File Processing Stats

File Path                          PID    Runtime      # DAGs    # Errors  Last Runtime    Last Run
---------------------------------  -----  ---------  --------  ----------  --------------  -------------------
/opt/airflow/dags/extract_data.py                           1           0  0.15s           2026-03-21T22:15:16
/opt/airflow/dags/config.py                                 0           0  0.07s           2026-03-21T22:15:25
================================================================================
[2026-03-21T22:16:15.066+0000] {manager.py:878} INFO - 
================================================================================
DAG File Processing Stats

File Path                          PID    Runtime      # DAGs    # Errors  Last Runtime    Last Run
---------------------------------  -----  ---------  --------  ----------  --------------  -------------------
/opt/airflow/dags/extract_data.py                           1           0  0.18s           2026-03-21T22:15:47
/opt/airflow/dags/config.py                                 0           0  0.10s           2026-03-21T22:15:56
================================================================================
[2026-03-21T22:16:46.106+0000] {manager.py:878} INFO - 
================================================================================
DAG File Processing Stats

File Path                          PID    Runtime      # DAGs    # Errors  Last Runtime    Last Run
---------------------------------  -----  ---------  --------  ----------  --------------  -------------------
/opt/airflow/dags/extract_data.py                           1           0  0.18s           2026-03-21T22:16:18
/opt/airflow/dags/config.py                                 0           0  0.08s           2026-03-21T22:16:26
================================================================================
[2026-03-21T22:17:17.155+0000] {manager.py:878} INFO - 
================================================================================
DAG File Processing Stats

File Path                          PID    Runtime      # DAGs    # Errors  Last Runtime    Last Run
---------------------------------  -----  ---------  --------  ----------  --------------  -------------------
/opt/airflow/dags/extract_data.py                           1           0  0.18s           2026-03-21T22:16:49
/opt/airflow/dags/config.py                                 0           0  0.07s           2026-03-21T22:16:57
================================================================================
[2026-03-21T22:17:48.083+0000] {manager.py:878} INFO - 
================================================================================
DAG File Processing Stats

File Path                          PID    Runtime      # DAGs    # Errors  Last Runtime    Last Run
---------------------------------  -----  ---------  --------  ----------  --------------  -------------------
/opt/airflow/dags/extract_data.py                           1           0  0.15s           2026-03-21T22:17:20
/opt/airflow/dags/config.py                                 0           0  0.07s           2026-03-21T22:17:28
================================================================================
[2026-03-21T22:18:19.348+0000] {manager.py:878} INFO - 
================================================================================
DAG File Processing Stats

File Path                          PID    Runtime      # DAGs    # Errors  Last Runtime    Last Run
---------------------------------  -----  ---------  --------  ----------  --------------  -------------------
/opt/airflow/dags/extract_data.py                           1           0  0.16s           2026-03-21T22:17:51
/opt/airflow/dags/config.py                                 0           0  0.07s           2026-03-21T22:17:58
================================================================================
[2026-03-21T22:18:49.920+0000] {manager.py:878} INFO - 
================================================================================
DAG File Processing Stats

File Path                          PID    Runtime      # DAGs    # Errors  Last Runtime    Last Run
---------------------------------  -----  ---------  --------  ----------  --------------  -------------------
/opt/airflow/dags/extract_data.py                           1           0  0.28s           2026-03-21T22:18:21
/opt/airflow/dags/config.py                                 0           0  0.07s           2026-03-21T22:18:28
================================================================================
[2026-03-21T22:19:20.822+0000] {manager.py:878} INFO - 
================================================================================
DAG File Processing Stats

File Path                          PID    Runtime      # DAGs    # Errors  Last Runtime    Last Run
---------------------------------  -----  ---------  --------  ----------  --------------  -------------------
/opt/airflow/dags/extract_data.py                           1           0  0.16s           2026-03-21T22:18:52
/opt/airflow/dags/config.py                                 0           0  0.07s           2026-03-21T22:18:59
================================================================================
[2026-03-21T22:19:51.924+0000] {manager.py:878} INFO - 
================================================================================
DAG File Processing Stats

File Path                          PID    Runtime      # DAGs    # Errors  Last Runtime    Last Run
---------------------------------  -----  ---------  --------  ----------  --------------  -------------------
/opt/airflow/dags/extract_data.py                           1           0  0.24s           2026-03-21T22:19:23
/opt/airflow/dags/config.py                                 0           0  0.07s           2026-03-21T22:19:29
================================================================================
[2026-03-22T15:49:17.520+0000] {manager.py:470} INFO - Processing files using up to 2 processes at a time 
[2026-03-22T15:49:17.521+0000] {manager.py:471} INFO - Process each file at most once every 30 seconds
[2026-03-22T15:49:17.522+0000] {manager.py:472} INFO - Checking for new files in /opt/airflow/dags every 300 seconds
[2026-03-22T15:49:17.522+0000] {manager.py:737} INFO - Searching for files in /opt/airflow/dags
[2026-03-22T15:49:17.537+0000] {manager.py:740} INFO - There are 2 files in /opt/airflow/dags
[2026-03-22T15:49:17.669+0000] {manager.py:878} INFO - 
================================================================================
DAG File Processing Stats

File Path                                     PID  Runtime      # DAGs    # Errors  Last Runtime    Last Run
------------------------------------------  -----  ---------  --------  ----------  --------------  ----------
/opt/airflow/dags/config.py                   164  0.05s             0           0
/opt/airflow/dags/extract_data_git_repo.py    161  0.06s             0           0
================================================================================
[2026-03-24T19:02:37.117+0000] {manager.py:470} INFO - Processing files using up to 2 processes at a time 
[2026-03-24T19:02:37.118+0000] {manager.py:471} INFO - Process each file at most once every 30 seconds
[2026-03-24T19:02:37.118+0000] {manager.py:472} INFO - Checking for new files in /opt/airflow/dags every 300 seconds
[2026-03-24T19:02:37.119+0000] {manager.py:737} INFO - Searching for files in /opt/airflow/dags
[2026-03-24T19:02:37.130+0000] {manager.py:740} INFO - There are 2 files in /opt/airflow/dags
[2026-03-24T19:02:37.303+0000] {manager.py:878} INFO - 
================================================================================
DAG File Processing Stats

File Path                                     PID  Runtime      # DAGs    # Errors  Last Runtime    Last Run
------------------------------------------  -----  ---------  --------  ----------  --------------  ----------
/opt/airflow/dags/config.py                   163  0.10s             0           0
/opt/airflow/dags/extract_data_git_repo.py    159  0.11s             0           0
================================================================================
[2026-03-24T19:03:07.503+0000] {manager.py:878} INFO - 
================================================================================
DAG File Processing Stats

File Path                                     PID  Runtime      # DAGs    # Errors  Last Runtime    Last Run
------------------------------------------  -----  ---------  --------  ----------  --------------  -------------------
/opt/airflow/dags/extract_data_git_repo.py    170  0.02s             1           0  0.20s           2026-03-24T19:02:37
/opt/airflow/dags/config.py                   173  0.01s             0           0  0.11s           2026-03-24T19:02:37
================================================================================
[2026-03-24T19:03:19.062+0000] {manager.py:452} INFO - Exiting gracefully upon receiving signal 15
[2026-03-28T18:01:34.446+0000] {manager.py:470} INFO - Processing files using up to 2 processes at a time 
[2026-03-28T18:01:34.453+0000] {manager.py:471} INFO - Process each file at most once every 30 seconds
[2026-03-28T18:01:34.454+0000] {manager.py:472} INFO - Checking for new files in /opt/airflow/dags every 300 seconds
[2026-03-28T18:01:34.455+0000] {manager.py:737} INFO - Searching for files in /opt/airflow/dags
[2026-03-28T18:01:34.479+0000] {manager.py:740} INFO - There are 2 files in /opt/airflow/dags
[2026-03-28T18:01:35.332+0000] {manager.py:878} INFO - 
================================================================================
DAG File Processing Stats

File Path                                     PID  Runtime      # DAGs    # Errors  Last Runtime    Last Run
------------------------------------------  -----  ---------  --------  ----------  --------------  ----------
/opt/airflow/dags/config.py                   162  0.40s             0           0
/opt/airflow/dags/extract_data_git_repo.py    160  0.53s             0           0
================================================================================
[2026-03-28T18:02:05.610+0000] {manager.py:878} INFO - 
================================================================================
DAG File Processing Stats

File Path                                     PID  Runtime      # DAGs    # Errors  Last Runtime    Last Run
------------------------------------------  -----  ---------  --------  ----------  --------------  -------------------
/opt/airflow/dags/extract_data_git_repo.py                           1           0  1.54s           2026-03-28T18:01:36
/opt/airflow/dags/config.py                   170  0.01s             0           0  0.46s           2026-03-28T18:01:35
================================================================================
[2026-03-28T18:02:36.332+0000] {manager.py:878} INFO - 
================================================================================
DAG File Processing Stats

File Path                                     PID  Runtime      # DAGs    # Errors  Last Runtime    Last Run
------------------------------------------  -----  ---------  --------  ----------  --------------  -------------------
/opt/airflow/dags/config.py                   180  0.01s             0           0  0.37s           2026-03-28T18:02:05
/opt/airflow/dags/extract_data_git_repo.py                           1           0  0.37s           2026-03-28T18:02:07
================================================================================
[2026-03-28T18:03:06.844+0000] {manager.py:878} INFO - 
================================================================================
DAG File Processing Stats

File Path                                     PID  Runtime      # DAGs    # Errors  Last Runtime    Last Run
------------------------------------------  -----  ---------  --------  ----------  --------------  -------------------
/opt/airflow/dags/extract_data_git_repo.py                           1           0  0.31s           2026-03-28T18:02:37
/opt/airflow/dags/config.py                   190  0.03s             0           0  0.18s           2026-03-28T18:02:36
================================================================================
[2026-03-28T18:03:37.490+0000] {manager.py:878} INFO - 
================================================================================
DAG File Processing Stats

File Path                                     PID  Runtime      # DAGs    # Errors  Last Runtime    Last Run
------------------------------------------  -----  ---------  --------  ----------  --------------  -------------------
/opt/airflow/dags/extract_data_git_repo.py    200  0.15s             1           0  0.44s           2026-03-28T18:03:08
/opt/airflow/dags/config.py                   202  0.03s             0           0  0.17s           2026-03-28T18:03:06
================================================================================
[2026-03-28T18:04:08.123+0000] {manager.py:878} INFO - 
================================================================================
DAG File Processing Stats

File Path                                   PID    Runtime      # DAGs    # Errors  Last Runtime    Last Run
------------------------------------------  -----  ---------  --------  ----------  --------------  -------------------
/opt/airflow/dags/extract_data_git_repo.py                           1           0  1.72s           2026-03-28T18:03:39
/opt/airflow/dags/config.py                                          0           0  1.10s           2026-03-28T18:03:38
================================================================================
[2026-03-28T18:04:38.791+0000] {manager.py:878} INFO - 
================================================================================
DAG File Processing Stats

File Path                                   PID    Runtime      # DAGs    # Errors  Last Runtime    Last Run
------------------------------------------  -----  ---------  --------  ----------  --------------  -------------------
/opt/airflow/dags/extract_data_git_repo.py                           1           0  0.44s           2026-03-28T18:04:09
/opt/airflow/dags/config.py                                          0           0  0.34s           2026-03-28T18:04:09
================================================================================
[2026-03-28T18:05:09.342+0000] {manager.py:878} INFO - 
================================================================================
DAG File Processing Stats

File Path                                   PID    Runtime      # DAGs    # Errors  Last Runtime    Last Run
------------------------------------------  -----  ---------  --------  ----------  --------------  -------------------
/opt/airflow/dags/extract_data_git_repo.py                           1           0  0.37s           2026-03-28T18:04:40
/opt/airflow/dags/config.py                                          0           0  0.24s           2026-03-28T18:04:40
================================================================================
[2026-03-28T18:05:39.814+0000] {manager.py:878} INFO - 
================================================================================
DAG File Processing Stats

File Path                                   PID    Runtime      # DAGs    # Errors  Last Runtime    Last Run
------------------------------------------  -----  ---------  --------  ----------  --------------  -------------------
/opt/airflow/dags/extract_data_git_repo.py                           1           0  0.19s           2026-03-28T18:05:10
/opt/airflow/dags/config.py                                          0           0  0.11s           2026-03-28T18:05:10
================================================================================
[2026-03-28T18:06:10.053+0000] {manager.py:878} INFO - 
================================================================================
DAG File Processing Stats

File Path                                   PID    Runtime      # DAGs    # Errors  Last Runtime    Last Run
------------------------------------------  -----  ---------  --------  ----------  --------------  -------------------
/opt/airflow/dags/extract_data_git_repo.py                           1           0  0.94s           2026-03-28T18:05:41
/opt/airflow/dags/config.py                                          0           0  0.57s           2026-03-28T18:05:41
================================================================================
[2026-03-28T18:06:35.205+0000] {manager.py:737} INFO - Searching for files in /opt/airflow/dags
[2026-03-28T18:06:35.215+0000] {manager.py:740} INFO - There are 2 files in /opt/airflow/dags
[2026-03-28T18:06:40.293+0000] {manager.py:878} INFO - 
================================================================================
DAG File Processing Stats

File Path                                   PID    Runtime      # DAGs    # Errors  Last Runtime    Last Run
------------------------------------------  -----  ---------  --------  ----------  --------------  -------------------
/opt/airflow/dags/extract_data_git_repo.py                           1           0  0.19s           2026-03-28T18:06:12
/opt/airflow/dags/config.py                                          0           0  0.10s           2026-03-28T18:06:11
================================================================================
[2026-03-28T18:07:10.817+0000] {manager.py:878} INFO - 
================================================================================
DAG File Processing Stats

File Path                                   PID    Runtime      # DAGs    # Errors  Last Runtime    Last Run
------------------------------------------  -----  ---------  --------  ----------  --------------  -------------------
/opt/airflow/dags/extract_data_git_repo.py                           1           0  0.34s           2026-03-28T18:06:42
/opt/airflow/dags/config.py                                          0           0  0.19s           2026-03-28T18:06:42
================================================================================
[2026-03-28T18:07:41.282+0000] {manager.py:878} INFO - 
================================================================================
DAG File Processing Stats

File Path                                   PID    Runtime      # DAGs    # Errors  Last Runtime    Last Run
------------------------------------------  -----  ---------  --------  ----------  --------------  -------------------
/opt/airflow/dags/extract_data_git_repo.py                           1           0  0.24s           2026-03-28T18:07:13
/opt/airflow/dags/config.py                                          0           0  0.16s           2026-03-28T18:07:12
================================================================================
[2026-03-28T18:08:11.684+0000] {manager.py:878} INFO - 
================================================================================
DAG File Processing Stats

File Path                                   PID    Runtime      # DAGs    # Errors  Last Runtime    Last Run
------------------------------------------  -----  ---------  --------  ----------  --------------  -------------------
/opt/airflow/dags/extract_data_git_repo.py                           1           0  0.18s           2026-03-28T18:07:43
/opt/airflow/dags/config.py                                          0           0  0.10s           2026-03-28T18:07:43
================================================================================
[2026-03-28T18:08:42.153+0000] {manager.py:878} INFO - 
================================================================================
DAG File Processing Stats

File Path                                   PID    Runtime      # DAGs    # Errors  Last Runtime    Last Run
------------------------------------------  -----  ---------  --------  ----------  --------------  -------------------
/opt/airflow/dags/extract_data_git_repo.py                           1           0  0.31s           2026-03-28T18:08:14
/opt/airflow/dags/config.py                                          0           0  0.17s           2026-03-28T18:08:13
================================================================================
[2026-03-28T18:09:12.874+0000] {manager.py:878} INFO - 
================================================================================
DAG File Processing Stats

File Path                                   PID    Runtime      # DAGs    # Errors  Last Runtime    Last Run
------------------------------------------  -----  ---------  --------  ----------  --------------  -------------------
/opt/airflow/dags/extract_data_git_repo.py                           1           0  0.74s           2026-03-28T18:08:44
/opt/airflow/dags/config.py                                          0           0  0.41s           2026-03-28T18:08:44
================================================================================
[2026-03-28T18:09:43.587+0000] {manager.py:878} INFO - 
================================================================================
DAG File Processing Stats

File Path                                   PID    Runtime      # DAGs    # Errors  Last Runtime    Last Run
------------------------------------------  -----  ---------  --------  ----------  --------------  -------------------
/opt/airflow/dags/extract_data_git_repo.py                           1           0  0.48s           2026-03-28T18:09:15
/opt/airflow/dags/config.py                                          0           0  0.38s           2026-03-28T18:09:15
================================================================================
[2026-03-28T18:10:14.018+0000] {manager.py:878} INFO - 
================================================================================
DAG File Processing Stats

File Path                                   PID    Runtime      # DAGs    # Errors  Last Runtime    Last Run
------------------------------------------  -----  ---------  --------  ----------  --------------  -------------------
/opt/airflow/dags/extract_data_git_repo.py                           1           0  0.18s           2026-03-28T18:09:45
/opt/airflow/dags/config.py                                          0           0  0.09s           2026-03-28T18:09:45
================================================================================
[2026-03-28T18:10:44.667+0000] {manager.py:878} INFO - 
================================================================================
DAG File Processing Stats

File Path                                   PID    Runtime      # DAGs    # Errors  Last Runtime    Last Run
------------------------------------------  -----  ---------  --------  ----------  --------------  -------------------
/opt/airflow/dags/extract_data_git_repo.py                           1           0  0.47s           2026-03-28T18:10:16
/opt/airflow/dags/config.py                                          0           0  0.20s           2026-03-28T18:10:16
================================================================================
[2026-03-28T18:11:15.048+0000] {manager.py:878} INFO - 
================================================================================
DAG File Processing Stats

File Path                                   PID    Runtime      # DAGs    # Errors  Last Runtime    Last Run
------------------------------------------  -----  ---------  --------  ----------  --------------  -------------------
/opt/airflow/dags/extract_data_git_repo.py                           1           0  0.16s           2026-03-28T18:10:46
/opt/airflow/dags/config.py                                          0           0  0.08s           2026-03-28T18:10:46
================================================================================
[2026-03-28T18:11:35.364+0000] {manager.py:737} INFO - Searching for files in /opt/airflow/dags
[2026-03-28T18:11:35.374+0000] {manager.py:740} INFO - There are 3 files in /opt/airflow/dags
[2026-03-28T18:11:45.538+0000] {manager.py:878} INFO - 
================================================================================
DAG File Processing Stats

File Path                                   PID    Runtime      # DAGs    # Errors  Last Runtime    Last Run
------------------------------------------  -----  ---------  --------  ----------  --------------  -------------------
/opt/airflow/dags/filter_questions.py                                0           1  0.29s           2026-03-28T18:11:35
/opt/airflow/dags/extract_data_git_repo.py                           1           0  0.16s           2026-03-28T18:11:17
/opt/airflow/dags/config.py                                          0           0  0.07s           2026-03-28T18:11:17
================================================================================
[2026-03-28T18:12:16.121+0000] {manager.py:878} INFO - 
================================================================================
DAG File Processing Stats

File Path                                   PID    Runtime      # DAGs    # Errors  Last Runtime    Last Run
------------------------------------------  -----  ---------  --------  ----------  --------------  -------------------
/opt/airflow/dags/extract_data_git_repo.py                           1           0  0.30s           2026-03-28T18:11:47
/opt/airflow/dags/config.py                                          0           0  0.23s           2026-03-28T18:11:47
/opt/airflow/dags/filter_questions.py                                0           1  0.12s           2026-03-28T18:11:58
================================================================================
[2026-03-28T18:12:46.586+0000] {manager.py:878} INFO - 
================================================================================
DAG File Processing Stats

File Path                                   PID    Runtime      # DAGs    # Errors  Last Runtime    Last Run
------------------------------------------  -----  ---------  --------  ----------  --------------  -------------------
/opt/airflow/dags/extract_data_git_repo.py                           1           0  0.18s           2026-03-28T18:12:18
/opt/airflow/dags/config.py                                          0           0  0.10s           2026-03-28T18:12:18
/opt/airflow/dags/filter_questions.py                                0           1  0.08s           2026-03-28T18:12:28
================================================================================
[2026-03-28T18:13:17.011+0000] {manager.py:878} INFO - 
================================================================================
DAG File Processing Stats

File Path                                   PID    Runtime      # DAGs    # Errors  Last Runtime    Last Run
------------------------------------------  -----  ---------  --------  ----------  --------------  -------------------
/opt/airflow/dags/extract_data_git_repo.py                           1           0  0.15s           2026-03-28T18:12:48
/opt/airflow/dags/filter_questions.py                                0           1  0.08s           2026-03-28T18:12:58
/opt/airflow/dags/config.py                                          0           0  0.07s           2026-03-28T18:12:48
================================================================================
[2026-03-28T18:13:47.434+0000] {manager.py:878} INFO - 
================================================================================
DAG File Processing Stats

File Path                                   PID    Runtime      # DAGs    # Errors  Last Runtime    Last Run
------------------------------------------  -----  ---------  --------  ----------  --------------  -------------------
/opt/airflow/dags/extract_data_git_repo.py                           1           0  0.14s           2026-03-28T18:13:19
/opt/airflow/dags/filter_questions.py                                0           1  0.09s           2026-03-28T18:13:29
/opt/airflow/dags/config.py                                          0           0  0.07s           2026-03-28T18:13:19
================================================================================
[2026-03-28T18:14:17.878+0000] {manager.py:878} INFO - 
================================================================================
DAG File Processing Stats

File Path                                   PID    Runtime      # DAGs    # Errors  Last Runtime    Last Run
------------------------------------------  -----  ---------  --------  ----------  --------------  -------------------
/opt/airflow/dags/extract_data_git_repo.py                           1           0  0.16s           2026-03-28T18:13:49
/opt/airflow/dags/filter_questions.py                                0           1  0.08s           2026-03-28T18:13:59
/opt/airflow/dags/config.py                                          0           0  0.08s           2026-03-28T18:13:49
================================================================================
[2026-03-28T18:14:48.376+0000] {manager.py:878} INFO - 
================================================================================
DAG File Processing Stats

File Path                                   PID    Runtime      # DAGs    # Errors  Last Runtime    Last Run
------------------------------------------  -----  ---------  --------  ----------  --------------  -------------------
/opt/airflow/dags/extract_data_git_repo.py                           1           0  0.17s           2026-03-28T18:14:20
/opt/airflow/dags/filter_questions.py                                0           1  0.09s           2026-03-28T18:14:30
/opt/airflow/dags/config.py                                          0           0  0.08s           2026-03-28T18:14:19
================================================================================
[2026-03-28T18:15:18.912+0000] {manager.py:878} INFO - 
================================================================================
DAG File Processing Stats

File Path                                   PID    Runtime      # DAGs    # Errors  Last Runtime    Last Run
------------------------------------------  -----  ---------  --------  ----------  --------------  -------------------
/opt/airflow/dags/extract_data_git_repo.py                           1           0  0.21s           2026-03-28T18:14:50
/opt/airflow/dags/config.py                                          0           0  0.14s           2026-03-28T18:14:50
/opt/airflow/dags/filter_questions.py                                0           1  0.08s           2026-03-28T18:15:00
================================================================================
[2026-03-28T18:15:49.275+0000] {manager.py:878} INFO - 
================================================================================
DAG File Processing Stats

File Path                                   PID    Runtime      # DAGs    # Errors  Last Runtime    Last Run
------------------------------------------  -----  ---------  --------  ----------  --------------  -------------------
/opt/airflow/dags/filter_questions.py                                1           0  0.31s           2026-03-28T18:15:49
/opt/airflow/dags/extract_data_git_repo.py                           1           0  0.15s           2026-03-28T18:15:21
/opt/airflow/dags/config.py                                          0           0  0.07s           2026-03-28T18:15:21
================================================================================
[2026-03-28T18:16:19.513+0000] {manager.py:878} INFO - 
================================================================================
DAG File Processing Stats

File Path                                   PID    Runtime      # DAGs    # Errors  Last Runtime    Last Run
------------------------------------------  -----  ---------  --------  ----------  --------------  -------------------
/opt/airflow/dags/extract_data_git_repo.py                           1           0  0.26s           2026-03-28T18:15:51
/opt/airflow/dags/filter_questions.py                                0           1  0.21s           2026-03-28T18:16:05
/opt/airflow/dags/config.py                                          0           0  0.08s           2026-03-28T18:15:51
================================================================================
[2026-03-28T18:16:35.820+0000] {manager.py:737} INFO - Searching for files in /opt/airflow/dags
[2026-03-28T18:16:35.825+0000] {manager.py:740} INFO - There are 3 files in /opt/airflow/dags
[2026-03-28T18:16:49.988+0000] {manager.py:878} INFO - 
================================================================================
DAG File Processing Stats

File Path                                   PID    Runtime      # DAGs    # Errors  Last Runtime    Last Run
------------------------------------------  -----  ---------  --------  ----------  --------------  -------------------
/opt/airflow/dags/extract_data_git_repo.py                           1           0  0.15s           2026-03-28T18:16:21
/opt/airflow/dags/filter_questions.py                                0           1  0.09s           2026-03-28T18:16:35
/opt/airflow/dags/config.py                                          0           0  0.07s           2026-03-28T18:16:21
================================================================================
[2026-03-28T18:17:20.654+0000] {manager.py:878} INFO - 
================================================================================
DAG File Processing Stats

File Path                                   PID    Runtime      # DAGs    # Errors  Last Runtime    Last Run
------------------------------------------  -----  ---------  --------  ----------  --------------  -------------------
/opt/airflow/dags/filter_questions.py                                0           1  0.37s           2026-03-28T18:17:06
/opt/airflow/dags/extract_data_git_repo.py                           1           0  0.21s           2026-03-28T18:16:52
/opt/airflow/dags/config.py                                          0           0  0.07s           2026-03-28T18:16:52
================================================================================
[2026-03-28T18:17:50.862+0000] {manager.py:878} INFO - 
================================================================================
DAG File Processing Stats

File Path                                   PID    Runtime      # DAGs    # Errors  Last Runtime    Last Run
------------------------------------------  -----  ---------  --------  ----------  --------------  -------------------
/opt/airflow/dags/extract_data_git_repo.py                           1           0  0.92s           2026-03-28T18:17:23
/opt/airflow/dags/config.py                                          0           0  0.71s           2026-03-28T18:17:23
/opt/airflow/dags/filter_questions.py                                0           1  0.16s           2026-03-28T18:17:36
================================================================================
[2026-03-28T18:18:21.302+0000] {manager.py:878} INFO - 
================================================================================
DAG File Processing Stats

File Path                                   PID    Runtime      # DAGs    # Errors  Last Runtime    Last Run
------------------------------------------  -----  ---------  --------  ----------  --------------  -------------------
/opt/airflow/dags/extract_data_git_repo.py                           1           0  0.42s           2026-03-28T18:17:54
/opt/airflow/dags/config.py                                          0           0  0.12s           2026-03-28T18:17:54
/opt/airflow/dags/filter_questions.py                                0           1  0.08s           2026-03-28T18:18:07
================================================================================
[2026-03-28T18:18:51.820+0000] {manager.py:878} INFO - 
================================================================================
DAG File Processing Stats

File Path                                   PID    Runtime      # DAGs    # Errors  Last Runtime    Last Run
------------------------------------------  -----  ---------  --------  ----------  --------------  -------------------
/opt/airflow/dags/extract_data_git_repo.py                           1           0  0.22s           2026-03-28T18:18:24
/opt/airflow/dags/config.py                                          0           0  0.12s           2026-03-28T18:18:24
/opt/airflow/dags/filter_questions.py                                0           1  0.10s           2026-03-28T18:18:37
================================================================================
[2026-03-28T18:19:22.277+0000] {manager.py:878} INFO - 
================================================================================
DAG File Processing Stats

File Path                                   PID    Runtime      # DAGs    # Errors  Last Runtime    Last Run
------------------------------------------  -----  ---------  --------  ----------  --------------  -------------------
/opt/airflow/dags/extract_data_git_repo.py                           1           0  0.18s           2026-03-28T18:18:55
/opt/airflow/dags/filter_questions.py                                0           1  0.09s           2026-03-28T18:19:08
/opt/airflow/dags/config.py                                          0           0  0.08s           2026-03-28T18:18:55
================================================================================
[2026-03-28T18:19:52.697+0000] {manager.py:878} INFO - 
================================================================================
DAG File Processing Stats

File Path                                   PID    Runtime      # DAGs    # Errors  Last Runtime    Last Run
------------------------------------------  -----  ---------  --------  ----------  --------------  -------------------
/opt/airflow/dags/extract_data_git_repo.py                           1           0  0.21s           2026-03-28T18:19:25
/opt/airflow/dags/config.py                                          0           0  0.11s           2026-03-28T18:19:25
/opt/airflow/dags/filter_questions.py                                0           1  0.08s           2026-03-28T18:19:38
================================================================================
[2026-03-28T18:20:23.139+0000] {manager.py:878} INFO - 
================================================================================
DAG File Processing Stats

File Path                                   PID    Runtime      # DAGs    # Errors  Last Runtime    Last Run
------------------------------------------  -----  ---------  --------  ----------  --------------  -------------------
/opt/airflow/dags/extract_data_git_repo.py                           1           0  0.17s           2026-03-28T18:19:56
/opt/airflow/dags/config.py                                          0           0  0.09s           2026-03-28T18:19:55
/opt/airflow/dags/filter_questions.py                                0           1  0.08s           2026-03-28T18:20:09
================================================================================
[2026-03-28T18:20:53.605+0000] {manager.py:878} INFO - 
================================================================================
DAG File Processing Stats

File Path                                   PID    Runtime      # DAGs    # Errors  Last Runtime    Last Run
------------------------------------------  -----  ---------  --------  ----------  --------------  -------------------
/opt/airflow/dags/extract_data_git_repo.py                           1           0  0.16s           2026-03-28T18:20:26
/opt/airflow/dags/filter_questions.py                                0           1  0.09s           2026-03-28T18:20:39
/opt/airflow/dags/config.py                                          0           0  0.08s           2026-03-28T18:20:26
================================================================================
[2026-03-28T18:21:24.075+0000] {manager.py:878} INFO - 
================================================================================
DAG File Processing Stats

File Path                                   PID    Runtime      # DAGs    # Errors  Last Runtime    Last Run
------------------------------------------  -----  ---------  --------  ----------  --------------  -------------------
/opt/airflow/dags/extract_data_git_repo.py                           1           0  0.17s           2026-03-28T18:20:56
/opt/airflow/dags/config.py                                          0           0  0.10s           2026-03-28T18:20:56
/opt/airflow/dags/filter_questions.py                                0           1  0.07s           2026-03-28T18:21:10
================================================================================
[2026-03-28T18:21:36.371+0000] {manager.py:737} INFO - Searching for files in /opt/airflow/dags
[2026-03-28T18:21:36.381+0000] {manager.py:740} INFO - There are 3 files in /opt/airflow/dags
[2026-03-28T18:21:54.551+0000] {manager.py:878} INFO - 
================================================================================
DAG File Processing Stats

File Path                                   PID    Runtime      # DAGs    # Errors  Last Runtime    Last Run
------------------------------------------  -----  ---------  --------  ----------  --------------  -------------------
/opt/airflow/dags/extract_data_git_repo.py                           1           0  0.21s           2026-03-28T18:21:27
/opt/airflow/dags/config.py                                          0           0  0.09s           2026-03-28T18:21:27
/opt/airflow/dags/filter_questions.py                                0           1  0.07s           2026-03-28T18:21:40
================================================================================
[2026-03-28T18:22:24.977+0000] {manager.py:878} INFO - 
================================================================================
DAG File Processing Stats

File Path                                   PID    Runtime      # DAGs    # Errors  Last Runtime    Last Run
------------------------------------------  -----  ---------  --------  ----------  --------------  -------------------
/opt/airflow/dags/extract_data_git_repo.py                           1           0  0.15s           2026-03-28T18:21:57
/opt/airflow/dags/filter_questions.py                                0           1  0.08s           2026-03-28T18:22:10
/opt/airflow/dags/config.py                                          0           0  0.07s           2026-03-28T18:21:57
================================================================================
[2026-03-28T18:22:55.438+0000] {manager.py:878} INFO - 
================================================================================
DAG File Processing Stats

File Path                                   PID    Runtime      # DAGs    # Errors  Last Runtime    Last Run
------------------------------------------  -----  ---------  --------  ----------  --------------  -------------------
/opt/airflow/dags/extract_data_git_repo.py                           1           0  0.18s           2026-03-28T18:22:28
/opt/airflow/dags/filter_questions.py                                0           1  0.09s           2026-03-28T18:22:41
/opt/airflow/dags/config.py                                          0           0  0.07s           2026-03-28T18:22:28
================================================================================
[2026-03-28T18:23:26.017+0000] {manager.py:878} INFO - 
================================================================================
DAG File Processing Stats

File Path                                   PID    Runtime      # DAGs    # Errors  Last Runtime    Last Run
------------------------------------------  -----  ---------  --------  ----------  --------------  -------------------
/opt/airflow/dags/extract_data_git_repo.py                           1           0  0.17s           2026-03-28T18:22:58
/opt/airflow/dags/filter_questions.py                                0           1  0.09s           2026-03-28T18:23:11
/opt/airflow/dags/config.py                                          0           0  0.08s           2026-03-28T18:22:58
================================================================================
[2026-03-28T18:23:56.527+0000] {manager.py:878} INFO - 
================================================================================
DAG File Processing Stats

File Path                                   PID    Runtime      # DAGs    # Errors  Last Runtime    Last Run
------------------------------------------  -----  ---------  --------  ----------  --------------  -------------------
/opt/airflow/dags/extract_data_git_repo.py                           1           0  0.21s           2026-03-28T18:23:29
/opt/airflow/dags/filter_questions.py                                0           1  0.09s           2026-03-28T18:23:42
/opt/airflow/dags/config.py                                          0           0  0.09s           2026-03-28T18:23:29
================================================================================
[2026-03-28T18:24:26.979+0000] {manager.py:878} INFO - 
================================================================================
DAG File Processing Stats

File Path                                   PID    Runtime      # DAGs    # Errors  Last Runtime    Last Run
------------------------------------------  -----  ---------  --------  ----------  --------------  -------------------
/opt/airflow/dags/extract_data_git_repo.py                           1           0  0.15s           2026-03-28T18:23:59
/opt/airflow/dags/filter_questions.py                                0           1  0.10s           2026-03-28T18:24:12
/opt/airflow/dags/config.py                                          0           0  0.08s           2026-03-28T18:23:59
================================================================================
[2026-03-28T18:24:57.453+0000] {manager.py:878} INFO - 
================================================================================
DAG File Processing Stats

File Path                                   PID    Runtime      # DAGs    # Errors  Last Runtime    Last Run
------------------------------------------  -----  ---------  --------  ----------  --------------  -------------------
/opt/airflow/dags/extract_data_git_repo.py                           1           0  0.18s           2026-03-28T18:24:30
/opt/airflow/dags/filter_questions.py                                0           1  0.10s           2026-03-28T18:24:43
/opt/airflow/dags/config.py                                          0           0  0.07s           2026-03-28T18:24:30
================================================================================
[2026-03-28T18:25:27.888+0000] {manager.py:878} INFO - 
================================================================================
DAG File Processing Stats

File Path                                   PID    Runtime      # DAGs    # Errors  Last Runtime    Last Run
------------------------------------------  -----  ---------  --------  ----------  --------------  -------------------
/opt/airflow/dags/extract_data_git_repo.py                           1           0  0.15s           2026-03-28T18:25:00
/opt/airflow/dags/filter_questions.py                                0           1  0.10s           2026-03-28T18:25:13
/opt/airflow/dags/config.py                                          0           0  0.07s           2026-03-28T18:25:00
================================================================================
[2026-03-28T18:25:58.297+0000] {manager.py:878} INFO - 
================================================================================
DAG File Processing Stats

File Path                                   PID    Runtime      # DAGs    # Errors  Last Runtime    Last Run
------------------------------------------  -----  ---------  --------  ----------  --------------  -------------------
/opt/airflow/dags/extract_data_git_repo.py                           1           0  0.20s           2026-03-28T18:25:31
/opt/airflow/dags/config.py                                          0           0  0.10s           2026-03-28T18:25:31
/opt/airflow/dags/filter_questions.py                                0           1  0.08s           2026-03-28T18:25:44
================================================================================
[2026-03-28T18:26:28.722+0000] {manager.py:878} INFO - 
================================================================================
DAG File Processing Stats

File Path                                   PID    Runtime      # DAGs    # Errors  Last Runtime    Last Run
------------------------------------------  -----  ---------  --------  ----------  --------------  -------------------
/opt/airflow/dags/extract_data_git_repo.py                           1           0  0.14s           2026-03-28T18:26:01
/opt/airflow/dags/filter_questions.py                                0           1  0.07s           2026-03-28T18:26:14
/opt/airflow/dags/config.py                                          0           0  0.06s           2026-03-28T18:26:01
================================================================================
[2026-03-28T18:26:36.854+0000] {manager.py:737} INFO - Searching for files in /opt/airflow/dags
[2026-03-28T18:26:36.864+0000] {manager.py:740} INFO - There are 3 files in /opt/airflow/dags
[2026-03-28T18:26:59.126+0000] {manager.py:878} INFO - 
================================================================================
DAG File Processing Stats

File Path                                   PID    Runtime      # DAGs    # Errors  Last Runtime    Last Run
------------------------------------------  -----  ---------  --------  ----------  --------------  -------------------
/opt/airflow/dags/extract_data_git_repo.py                           1           0  0.14s           2026-03-28T18:26:31
/opt/airflow/dags/filter_questions.py                                0           1  0.08s           2026-03-28T18:26:44
/opt/airflow/dags/config.py                                          0           0  0.07s           2026-03-28T18:26:31
================================================================================
[2026-03-28T18:27:29.554+0000] {manager.py:878} INFO - 
================================================================================
DAG File Processing Stats

File Path                                   PID    Runtime      # DAGs    # Errors  Last Runtime    Last Run
------------------------------------------  -----  ---------  --------  ----------  --------------  -------------------
/opt/airflow/dags/extract_data_git_repo.py                           1           0  0.14s           2026-03-28T18:27:02
/opt/airflow/dags/filter_questions.py                                0           1  0.08s           2026-03-28T18:27:15
/opt/airflow/dags/config.py                                          0           0  0.06s           2026-03-28T18:27:02
================================================================================
[2026-03-28T18:27:59.991+0000] {manager.py:878} INFO - 
================================================================================
DAG File Processing Stats

File Path                                   PID    Runtime      # DAGs    # Errors  Last Runtime    Last Run
------------------------------------------  -----  ---------  --------  ----------  --------------  -------------------
/opt/airflow/dags/extract_data_git_repo.py                           1           0  0.16s           2026-03-28T18:27:32
/opt/airflow/dags/filter_questions.py                                0           1  0.09s           2026-03-28T18:27:45
/opt/airflow/dags/config.py                                          0           0  0.07s           2026-03-28T18:27:32
================================================================================
[2026-03-28T18:28:30.433+0000] {manager.py:878} INFO - 
================================================================================
DAG File Processing Stats

File Path                                   PID    Runtime      # DAGs    # Errors  Last Runtime    Last Run
------------------------------------------  -----  ---------  --------  ----------  --------------  -------------------
/opt/airflow/dags/extract_data_git_repo.py                           1           0  0.15s           2026-03-28T18:28:03
/opt/airflow/dags/filter_questions.py                                0           1  0.09s           2026-03-28T18:28:16
/opt/airflow/dags/config.py                                          0           0  0.07s           2026-03-28T18:28:03
================================================================================
[2026-03-28T18:29:00.879+0000] {manager.py:878} INFO - 
================================================================================
DAG File Processing Stats

File Path                                   PID    Runtime      # DAGs    # Errors  Last Runtime    Last Run
------------------------------------------  -----  ---------  --------  ----------  --------------  -------------------
/opt/airflow/dags/extract_data_git_repo.py                           1           0  0.16s           2026-03-28T18:28:33
/opt/airflow/dags/config.py                                          0           0  0.10s           2026-03-28T18:28:33
/opt/airflow/dags/filter_questions.py                                0           1  0.07s           2026-03-28T18:28:46
================================================================================
[2026-03-28T18:29:31.298+0000] {manager.py:878} INFO - 
================================================================================
DAG File Processing Stats

File Path                                   PID    Runtime      # DAGs    # Errors  Last Runtime    Last Run
------------------------------------------  -----  ---------  --------  ----------  --------------  -------------------
/opt/airflow/dags/extract_data_git_repo.py                           1           0  0.14s           2026-03-28T18:29:04
/opt/airflow/dags/filter_questions.py                                0           1  0.08s           2026-03-28T18:29:17
/opt/airflow/dags/config.py                                          0           0  0.07s           2026-03-28T18:29:03
================================================================================
[2026-03-28T18:30:01.708+0000] {manager.py:878} INFO - 
================================================================================
DAG File Processing Stats

File Path                                   PID    Runtime      # DAGs    # Errors  Last Runtime    Last Run
------------------------------------------  -----  ---------  --------  ----------  --------------  -------------------
/opt/airflow/dags/extract_data_git_repo.py                           1           0  0.13s           2026-03-28T18:29:34
/opt/airflow/dags/filter_questions.py                                0           1  0.07s           2026-03-28T18:29:47
/opt/airflow/dags/config.py                                          0           0  0.06s           2026-03-28T18:29:34
================================================================================
[2026-03-28T18:30:32.137+0000] {manager.py:878} INFO - 
================================================================================
DAG File Processing Stats

File Path                                   PID    Runtime      # DAGs    # Errors  Last Runtime    Last Run
------------------------------------------  -----  ---------  --------  ----------  --------------  -------------------
/opt/airflow/dags/extract_data_git_repo.py                           1           0  0.14s           2026-03-28T18:30:04
/opt/airflow/dags/filter_questions.py                                0           1  0.08s           2026-03-28T18:30:17
/opt/airflow/dags/config.py                                          0           0  0.07s           2026-03-28T18:30:04
================================================================================
[2026-03-28T18:31:02.565+0000] {manager.py:878} INFO - 
================================================================================
DAG File Processing Stats

File Path                                   PID    Runtime      # DAGs    # Errors  Last Runtime    Last Run
------------------------------------------  -----  ---------  --------  ----------  --------------  -------------------
/opt/airflow/dags/extract_data_git_repo.py                           1           0  0.14s           2026-03-28T18:30:35
/opt/airflow/dags/filter_questions.py                                0           1  0.08s           2026-03-28T18:30:48
/opt/airflow/dags/config.py                                          0           0  0.07s           2026-03-28T18:30:35
================================================================================
[2026-03-28T18:31:32.964+0000] {manager.py:878} INFO - 
================================================================================
DAG File Processing Stats

File Path                                   PID    Runtime      # DAGs    # Errors  Last Runtime    Last Run
------------------------------------------  -----  ---------  --------  ----------  --------------  -------------------
/opt/airflow/dags/extract_data_git_repo.py                           1           0  0.25s           2026-03-28T18:31:05
/opt/airflow/dags/config.py                                          0           0  0.11s           2026-03-28T18:31:05
/opt/airflow/dags/filter_questions.py                                0           1  0.08s           2026-03-28T18:31:18
================================================================================
[2026-03-28T18:31:37.097+0000] {manager.py:737} INFO - Searching for files in /opt/airflow/dags
[2026-03-28T18:31:37.102+0000] {manager.py:740} INFO - There are 3 files in /opt/airflow/dags
[2026-03-28T18:32:03.472+0000] {manager.py:878} INFO - 
================================================================================
DAG File Processing Stats

File Path                                   PID    Runtime      # DAGs    # Errors  Last Runtime    Last Run
------------------------------------------  -----  ---------  --------  ----------  --------------  -------------------
/opt/airflow/dags/filter_questions.py                                0           1  0.64s           2026-03-28T18:31:49
/opt/airflow/dags/extract_data_git_repo.py                           1           0  0.15s           2026-03-28T18:31:36
/opt/airflow/dags/config.py                                          0           0  0.07s           2026-03-28T18:31:36
================================================================================
[2026-03-28T18:32:34.024+0000] {manager.py:878} INFO - 
================================================================================
DAG File Processing Stats

File Path                                   PID    Runtime      # DAGs    # Errors  Last Runtime    Last Run
------------------------------------------  -----  ---------  --------  ----------  --------------  -------------------
/opt/airflow/dags/extract_data_git_repo.py                           1           0  0.19s           2026-03-28T18:32:06
/opt/airflow/dags/config.py                                          0           0  0.12s           2026-03-28T18:32:06
/opt/airflow/dags/filter_questions.py                                0           1  0.08s           2026-03-28T18:32:21
================================================================================
[2026-03-28T18:33:04.951+0000] {manager.py:878} INFO - 
================================================================================
DAG File Processing Stats

File Path                                     PID  Runtime      # DAGs    # Errors  Last Runtime    Last Run
------------------------------------------  -----  ---------  --------  ----------  --------------  -------------------
/opt/airflow/dags/extract_data_git_repo.py                           1           0  0.31s           2026-03-28T18:32:37
/opt/airflow/dags/filter_questions.py        1030  0.01s             0           1  0.16s           2026-03-28T18:33:04
/opt/airflow/dags/config.py                                          0           0  0.12s           2026-03-28T18:32:37
================================================================================
[2026-03-28T18:33:35.419+0000] {manager.py:878} INFO - 
================================================================================
DAG File Processing Stats

File Path                                   PID    Runtime      # DAGs    # Errors  Last Runtime    Last Run
------------------------------------------  -----  ---------  --------  ----------  --------------  -------------------
/opt/airflow/dags/extract_data_git_repo.py                           1           0  0.29s           2026-03-28T18:33:08
/opt/airflow/dags/config.py                                          0           0  0.16s           2026-03-28T18:33:08
/opt/airflow/dags/filter_questions.py                                0           1  0.08s           2026-03-28T18:33:28
================================================================================
[2026-03-28T18:34:05.901+0000] {manager.py:878} INFO - 
================================================================================
DAG File Processing Stats

File Path                                   PID    Runtime      # DAGs    # Errors  Last Runtime    Last Run
------------------------------------------  -----  ---------  --------  ----------  --------------  -------------------
/opt/airflow/dags/extract_data_git_repo.py                           1           0  0.16s           2026-03-28T18:33:38
/opt/airflow/dags/filter_questions.py                                0           1  0.09s           2026-03-28T18:34:00
/opt/airflow/dags/config.py                                          0           0  0.08s           2026-03-28T18:33:38
================================================================================
[2026-03-28T18:34:36.339+0000] {manager.py:878} INFO - 
================================================================================
DAG File Processing Stats

File Path                                   PID    Runtime      # DAGs    # Errors  Last Runtime    Last Run
------------------------------------------  -----  ---------  --------  ----------  --------------  -------------------
/opt/airflow/dags/extract_data_git_repo.py                           1           0  0.16s           2026-03-28T18:34:09
/opt/airflow/dags/config.py                                          0           0  0.08s           2026-03-28T18:34:09
/opt/airflow/dags/filter_questions.py                                0           1  0.07s           2026-03-28T18:34:17
================================================================================
[2026-03-28T18:35:06.762+0000] {manager.py:878} INFO - 
================================================================================
DAG File Processing Stats

File Path                                   PID    Runtime      # DAGs    # Errors  Last Runtime    Last Run
------------------------------------------  -----  ---------  --------  ----------  --------------  -------------------
/opt/airflow/dags/extract_data_git_repo.py                           1           0  0.13s           2026-03-28T18:34:39
/opt/airflow/dags/filter_questions.py                                0           1  0.08s           2026-03-28T18:34:47
/opt/airflow/dags/config.py                                          0           0  0.06s           2026-03-28T18:34:39
================================================================================
[2026-03-28T18:35:37.193+0000] {manager.py:878} INFO - 
================================================================================
DAG File Processing Stats

File Path                                   PID    Runtime      # DAGs    # Errors  Last Runtime    Last Run
------------------------------------------  -----  ---------  --------  ----------  --------------  -------------------
/opt/airflow/dags/extract_data_git_repo.py                           1           0  0.18s           2026-03-28T18:35:09
/opt/airflow/dags/filter_questions.py                                0           1  0.09s           2026-03-28T18:35:35
/opt/airflow/dags/config.py                                          0           0  0.07s           2026-03-28T18:35:09
================================================================================
[2026-03-28T18:36:07.706+0000] {manager.py:878} INFO - 
================================================================================
DAG File Processing Stats

File Path                                   PID    Runtime      # DAGs    # Errors  Last Runtime    Last Run
------------------------------------------  -----  ---------  --------  ----------  --------------  -------------------
/opt/airflow/dags/extract_data_git_repo.py                           1           0  0.29s           2026-03-28T18:35:40
/opt/airflow/dags/filter_questions.py                                0           1  0.12s           2026-03-28T18:35:40
/opt/airflow/dags/config.py                                          0           0  0.11s           2026-03-28T18:35:40
================================================================================
[2026-03-28T18:36:37.703+0000] {manager.py:737} INFO - Searching for files in /opt/airflow/dags
[2026-03-28T18:36:37.718+0000] {manager.py:740} INFO - There are 3 files in /opt/airflow/dags
[2026-03-28T18:36:38.751+0000] {manager.py:878} INFO - 
================================================================================
DAG File Processing Stats

File Path                                   PID    Runtime      # DAGs    # Errors  Last Runtime    Last Run
------------------------------------------  -----  ---------  --------  ----------  --------------  -------------------
/opt/airflow/dags/extract_data_git_repo.py                           1           0  0.58s           2026-03-28T18:36:11
/opt/airflow/dags/config.py                                          0           0  0.17s           2026-03-28T18:36:11
/opt/airflow/dags/filter_questions.py                                0           1  0.12s           2026-03-28T18:36:14
================================================================================
[2026-03-28T18:37:09.270+0000] {manager.py:878} INFO - 
================================================================================
DAG File Processing Stats

File Path                                   PID    Runtime      # DAGs    # Errors  Last Runtime    Last Run
------------------------------------------  -----  ---------  --------  ----------  --------------  -------------------
/opt/airflow/dags/extract_data_git_repo.py                           1           0  0.21s           2026-03-28T18:36:41
/opt/airflow/dags/config.py                                          0           0  0.10s           2026-03-28T18:36:41
/opt/airflow/dags/filter_questions.py                                0           1  0.09s           2026-03-28T18:36:45
================================================================================
[2026-03-28T18:37:39.988+0000] {manager.py:878} INFO - 
================================================================================
DAG File Processing Stats

File Path                                   PID    Runtime      # DAGs    # Errors  Last Runtime    Last Run
------------------------------------------  -----  ---------  --------  ----------  --------------  -------------------
/opt/airflow/dags/extract_data_git_repo.py                           1           0  0.17s           2026-03-28T18:37:12
/opt/airflow/dags/filter_questions.py                                0           1  0.11s           2026-03-28T18:37:37
/opt/airflow/dags/config.py                                          0           0  0.08s           2026-03-28T18:37:12
================================================================================
[2026-03-28T18:38:10.492+0000] {manager.py:878} INFO - 
================================================================================
DAG File Processing Stats

File Path                                   PID    Runtime      # DAGs    # Errors  Last Runtime    Last Run
------------------------------------------  -----  ---------  --------  ----------  --------------  -------------------
/opt/airflow/dags/extract_data_git_repo.py                           1           0  0.21s           2026-03-28T18:37:43
/opt/airflow/dags/config.py                                          0           0  0.12s           2026-03-28T18:37:43
/opt/airflow/dags/filter_questions.py                                0           1  0.08s           2026-03-28T18:37:54
================================================================================
[2026-03-28T18:38:41.031+0000] {manager.py:878} INFO - 
================================================================================
DAG File Processing Stats

File Path                                   PID    Runtime      # DAGs    # Errors  Last Runtime    Last Run
------------------------------------------  -----  ---------  --------  ----------  --------------  -------------------
/opt/airflow/dags/extract_data_git_repo.py                           1           0  0.37s           2026-03-28T18:38:13
/opt/airflow/dags/config.py                                          0           0  0.21s           2026-03-28T18:38:13
/opt/airflow/dags/filter_questions.py                                0           1  0.10s           2026-03-28T18:38:18
================================================================================
[2026-03-28T18:39:11.715+0000] {manager.py:878} INFO - 
================================================================================
DAG File Processing Stats

File Path                                   PID    Runtime      # DAGs    # Errors  Last Runtime    Last Run
------------------------------------------  -----  ---------  --------  ----------  --------------  -------------------
/opt/airflow/dags/extract_data_git_repo.py                           1           0  0.14s           2026-03-28T18:38:44
/opt/airflow/dags/config.py                                          0           0  0.10s           2026-03-28T18:38:44
/opt/airflow/dags/filter_questions.py                                0           1  0.10s           2026-03-28T18:38:59
================================================================================
[2026-03-28T18:39:42.180+0000] {manager.py:878} INFO - 
================================================================================
DAG File Processing Stats

File Path                                   PID    Runtime      # DAGs    # Errors  Last Runtime    Last Run
------------------------------------------  -----  ---------  --------  ----------  --------------  -------------------
/opt/airflow/dags/extract_data_git_repo.py                           1           0  0.18s           2026-03-28T18:39:14
/opt/airflow/dags/config.py                                          0           0  0.09s           2026-03-28T18:39:14
/opt/airflow/dags/filter_questions.py                                0           1  0.07s           2026-03-28T18:39:19
================================================================================
[2026-03-28T18:40:12.700+0000] {manager.py:878} INFO - 
================================================================================
DAG File Processing Stats

File Path                                   PID    Runtime      # DAGs    # Errors  Last Runtime    Last Run
------------------------------------------  -----  ---------  --------  ----------  --------------  -------------------
/opt/airflow/dags/extract_data_git_repo.py                           1           0  0.17s           2026-03-28T18:39:45
/opt/airflow/dags/config.py                                          0           0  0.08s           2026-03-28T18:39:45
/opt/airflow/dags/filter_questions.py                                0           1  0.07s           2026-03-28T18:39:54
================================================================================
[2026-03-28T18:40:43.166+0000] {manager.py:878} INFO - 
================================================================================
DAG File Processing Stats

File Path                                   PID    Runtime      # DAGs    # Errors  Last Runtime    Last Run
------------------------------------------  -----  ---------  --------  ----------  --------------  -------------------
/opt/airflow/dags/extract_data_git_repo.py                           1           0  0.17s           2026-03-28T18:40:15
/opt/airflow/dags/filter_questions.py                                0           1  0.08s           2026-03-28T18:40:24
/opt/airflow/dags/config.py                                          0           0  0.07s           2026-03-28T18:40:15
================================================================================
[2026-03-28T18:41:13.665+0000] {manager.py:878} INFO - 
================================================================================
DAG File Processing Stats

File Path                                   PID    Runtime      # DAGs    # Errors  Last Runtime    Last Run
------------------------------------------  -----  ---------  --------  ----------  --------------  -------------------
/opt/airflow/dags/filter_questions.py                                1           0  0.56s           2026-03-28T18:41:08
/opt/airflow/dags/extract_data_git_repo.py                           1           0  0.21s           2026-03-28T18:40:46
/opt/airflow/dags/config.py                                          0           0  0.10s           2026-03-28T18:40:46
================================================================================
[2026-03-28T18:41:38.027+0000] {manager.py:737} INFO - Searching for files in /opt/airflow/dags
[2026-03-28T18:41:38.037+0000] {manager.py:740} INFO - There are 3 files in /opt/airflow/dags
[2026-03-28T18:41:44.155+0000] {manager.py:878} INFO - 
================================================================================
DAG File Processing Stats

File Path                                   PID    Runtime      # DAGs    # Errors  Last Runtime    Last Run
------------------------------------------  -----  ---------  --------  ----------  --------------  -------------------
/opt/airflow/dags/filter_questions.py                                1           0  0.20s           2026-03-28T18:41:39
/opt/airflow/dags/extract_data_git_repo.py                           1           0  0.18s           2026-03-28T18:41:16
/opt/airflow/dags/config.py                                          0           0  0.10s           2026-03-28T18:41:16
================================================================================
[2026-03-28T18:42:14.559+0000] {manager.py:878} INFO - 
================================================================================
DAG File Processing Stats

File Path                                   PID    Runtime      # DAGs    # Errors  Last Runtime    Last Run
------------------------------------------  -----  ---------  --------  ----------  --------------  -------------------
/opt/airflow/dags/filter_questions.py                                1           0  0.16s           2026-03-28T18:42:09
/opt/airflow/dags/extract_data_git_repo.py                           1           0  0.15s           2026-03-28T18:41:47
/opt/airflow/dags/config.py                                          0           0  0.07s           2026-03-28T18:41:47
================================================================================
[2026-03-28T18:42:45.007+0000] {manager.py:878} INFO - 
================================================================================
DAG File Processing Stats

File Path                                   PID    Runtime      # DAGs    # Errors  Last Runtime    Last Run
------------------------------------------  -----  ---------  --------  ----------  --------------  -------------------
/opt/airflow/dags/filter_questions.py                                1           0  0.17s           2026-03-28T18:42:40
/opt/airflow/dags/extract_data_git_repo.py                           1           0  0.16s           2026-03-28T18:42:17
/opt/airflow/dags/config.py                                          0           0  0.08s           2026-03-28T18:42:17
================================================================================
[2026-03-28T18:43:15.497+0000] {manager.py:878} INFO - 
================================================================================
DAG File Processing Stats

File Path                                   PID    Runtime      # DAGs    # Errors  Last Runtime    Last Run
------------------------------------------  -----  ---------  --------  ----------  --------------  -------------------
/opt/airflow/dags/extract_data_git_repo.py                           1           0  0.23s           2026-03-28T18:42:48
/opt/airflow/dags/filter_questions.py                                1           0  0.16s           2026-03-28T18:43:10
/opt/airflow/dags/config.py                                          0           0  0.12s           2026-03-28T18:42:48
================================================================================
[2026-03-28T18:43:45.918+0000] {manager.py:878} INFO - 
================================================================================
DAG File Processing Stats

File Path                                   PID    Runtime      # DAGs    # Errors  Last Runtime    Last Run
------------------------------------------  -----  ---------  --------  ----------  --------------  -------------------
/opt/airflow/dags/filter_questions.py                                1           0  0.15s           2026-03-28T18:43:40
/opt/airflow/dags/extract_data_git_repo.py                           1           0  0.14s           2026-03-28T18:43:18
/opt/airflow/dags/config.py                                          0           0  0.07s           2026-03-28T18:43:18
================================================================================
[2026-03-28T18:44:16.334+0000] {manager.py:878} INFO - 
================================================================================
DAG File Processing Stats

File Path                                   PID    Runtime      # DAGs    # Errors  Last Runtime    Last Run
------------------------------------------  -----  ---------  --------  ----------  --------------  -------------------
/opt/airflow/dags/filter_questions.py                                1           0  0.17s           2026-03-28T18:44:11
/opt/airflow/dags/extract_data_git_repo.py                           1           0  0.15s           2026-03-28T18:43:49
/opt/airflow/dags/config.py                                          0           0  0.07s           2026-03-28T18:43:49
================================================================================
[2026-03-28T18:44:47.014+0000] {manager.py:878} INFO - 
================================================================================
DAG File Processing Stats

File Path                                   PID    Runtime      # DAGs    # Errors  Last Runtime    Last Run
------------------------------------------  -----  ---------  --------  ----------  --------------  -------------------
/opt/airflow/dags/extract_data_git_repo.py                           1           0  0.20s           2026-03-28T18:44:19
/opt/airflow/dags/config.py                                          0           0  0.14s           2026-03-28T18:44:19
/opt/airflow/dags/filter_questions.py                                0           1  0.10s           2026-03-28T18:44:39
================================================================================
[2026-03-28T18:45:17.282+0000] {manager.py:878} INFO - 
================================================================================
DAG File Processing Stats

File Path                                   PID    Runtime      # DAGs    # Errors  Last Runtime    Last Run
------------------------------------------  -----  ---------  --------  ----------  --------------  -------------------
/opt/airflow/dags/filter_questions.py                                1           0  0.68s           2026-03-28T18:45:15
/opt/airflow/dags/extract_data_git_repo.py                           1           0  0.28s           2026-03-28T18:44:50
/opt/airflow/dags/config.py                                          0           0  0.17s           2026-03-28T18:44:50
================================================================================
[2026-03-28T18:45:47.781+0000] {manager.py:878} INFO - 
================================================================================
DAG File Processing Stats

File Path                                   PID    Runtime      # DAGs    # Errors  Last Runtime    Last Run
------------------------------------------  -----  ---------  --------  ----------  --------------  -------------------
/opt/airflow/dags/filter_questions.py                                1           0  0.20s           2026-03-28T18:45:45
/opt/airflow/dags/extract_data_git_repo.py                           1           0  0.15s           2026-03-28T18:45:20
/opt/airflow/dags/config.py                                          0           0  0.08s           2026-03-28T18:45:20
================================================================================
[2026-03-28T18:46:18.201+0000] {manager.py:878} INFO - 
================================================================================
DAG File Processing Stats

File Path                                   PID    Runtime      # DAGs    # Errors  Last Runtime    Last Run
------------------------------------------  -----  ---------  --------  ----------  --------------  -------------------
/opt/airflow/dags/filter_questions.py                                1           0  0.22s           2026-03-28T18:46:16
/opt/airflow/dags/extract_data_git_repo.py                           1           0  0.15s           2026-03-28T18:45:50
/opt/airflow/dags/config.py                                          0           0  0.07s           2026-03-28T18:45:50
================================================================================
[2026-03-28T18:46:38.533+0000] {manager.py:737} INFO - Searching for files in /opt/airflow/dags
[2026-03-28T18:46:38.540+0000] {manager.py:740} INFO - There are 3 files in /opt/airflow/dags
[2026-03-28T18:46:48.651+0000] {manager.py:878} INFO - 
================================================================================
DAG File Processing Stats

File Path                                   PID    Runtime      # DAGs    # Errors  Last Runtime    Last Run
------------------------------------------  -----  ---------  --------  ----------  --------------  -------------------
/opt/airflow/dags/filter_questions.py                                1           0  0.34s           2026-03-28T18:46:46
/opt/airflow/dags/extract_data_git_repo.py                           1           0  0.15s           2026-03-28T18:46:21
/opt/airflow/dags/config.py                                          0           0  0.07s           2026-03-28T18:46:21
================================================================================
[2026-03-28T18:47:19.192+0000] {manager.py:878} INFO - 
================================================================================
DAG File Processing Stats

File Path                                   PID    Runtime      # DAGs    # Errors  Last Runtime    Last Run
------------------------------------------  -----  ---------  --------  ----------  --------------  -------------------
/opt/airflow/dags/extract_data_git_repo.py                           1           0  0.23s           2026-03-28T18:46:51
/opt/airflow/dags/filter_questions.py                                1           0  0.16s           2026-03-28T18:46:58
/opt/airflow/dags/config.py                                          0           0  0.13s           2026-03-28T18:46:51
================================================================================
[2026-03-28T18:47:49.658+0000] {manager.py:878} INFO - 
================================================================================
DAG File Processing Stats

File Path                                   PID    Runtime      # DAGs    # Errors  Last Runtime    Last Run
------------------------------------------  -----  ---------  --------  ----------  --------------  -------------------
/opt/airflow/dags/filter_questions.py                                1           0  0.23s           2026-03-28T18:47:28
/opt/airflow/dags/extract_data_git_repo.py                           1           0  0.19s           2026-03-28T18:47:22
/opt/airflow/dags/config.py                                          0           0  0.11s           2026-03-28T18:47:22
================================================================================
[2026-03-28T18:48:20.200+0000] {manager.py:878} INFO - 
================================================================================
DAG File Processing Stats

File Path                                   PID    Runtime      # DAGs    # Errors  Last Runtime    Last Run
------------------------------------------  -----  ---------  --------  ----------  --------------  -------------------
/opt/airflow/dags/extract_data_git_repo.py                           1           0  0.27s           2026-03-28T18:47:52
/opt/airflow/dags/config.py                                          0           0  0.20s           2026-03-28T18:47:52
/opt/airflow/dags/filter_questions.py                                1           0  0.13s           2026-03-28T18:47:59
================================================================================
[2026-03-28T18:48:50.655+0000] {manager.py:878} INFO - 
================================================================================
DAG File Processing Stats

File Path                                   PID    Runtime      # DAGs    # Errors  Last Runtime    Last Run
------------------------------------------  -----  ---------  --------  ----------  --------------  -------------------
/opt/airflow/dags/filter_questions.py                                1           0  0.17s           2026-03-28T18:48:29
/opt/airflow/dags/extract_data_git_repo.py                           1           0  0.17s           2026-03-28T18:48:23
/opt/airflow/dags/config.py                                          0           0  0.08s           2026-03-28T18:48:23
================================================================================
[2026-03-28T20:25:01.332+0000] {manager.py:470} INFO - Processing files using up to 2 processes at a time 
[2026-03-28T20:25:01.334+0000] {manager.py:471} INFO - Process each file at most once every 30 seconds
[2026-03-28T20:25:01.334+0000] {manager.py:472} INFO - Checking for new files in /opt/airflow/dags every 300 seconds
[2026-03-28T20:25:01.335+0000] {manager.py:737} INFO - Searching for files in /opt/airflow/dags
[2026-03-28T20:25:01.348+0000] {manager.py:740} INFO - There are 3 files in /opt/airflow/dags
[2026-03-28T20:25:01.639+0000] {manager.py:878} INFO - 
================================================================================
DAG File Processing Stats

File Path                                     PID  Runtime      # DAGs    # Errors  Last Runtime    Last Run
------------------------------------------  -----  ---------  --------  ----------  --------------  ----------
/opt/airflow/dags/filter_questions.py        2392  0.07s             0           0
/opt/airflow/dags/config.py                                          0           0
/opt/airflow/dags/extract_data_git_repo.py   2395  0.04s             0           0
================================================================================
[2026-03-28T20:25:32.175+0000] {manager.py:878} INFO - 
================================================================================
DAG File Processing Stats

File Path                                     PID  Runtime      # DAGs    # Errors  Last Runtime    Last Run
------------------------------------------  -----  ---------  --------  ----------  --------------  -------------------
/opt/airflow/dags/filter_questions.py        2407  0.02s             1           0  0.41s           2026-03-28T20:25:01
/opt/airflow/dags/extract_data_git_repo.py   2410  0.01s             1           0  0.35s           2026-03-28T20:25:01
/opt/airflow/dags/config.py                                          0           0  0.08s           2026-03-28T20:25:02
================================================================================
[2026-03-28T20:26:02.554+0000] {manager.py:878} INFO - 
================================================================================
DAG File Processing Stats

File Path                                     PID  Runtime      # DAGs    # Errors  Last Runtime    Last Run
------------------------------------------  -----  ---------  --------  ----------  --------------  -------------------
/opt/airflow/dags/filter_questions.py        2422  0.02s             1           0  0.16s           2026-03-28T20:25:32
/opt/airflow/dags/extract_data_git_repo.py   2425  0.01s             1           0  0.15s           2026-03-28T20:25:32
/opt/airflow/dags/config.py                                          0           0  0.07s           2026-03-28T20:25:32
================================================================================
[2026-03-28T20:26:32.945+0000] {manager.py:878} INFO - 
================================================================================
DAG File Processing Stats

File Path                                     PID  Runtime      # DAGs    # Errors  Last Runtime    Last Run
------------------------------------------  -----  ---------  --------  ----------  --------------  -------------------
/opt/airflow/dags/extract_data_git_repo.py   2440  0.01s             1           0  0.17s           2026-03-28T20:26:02
/opt/airflow/dags/filter_questions.py        2437  0.02s             1           0  0.16s           2026-03-28T20:26:02
/opt/airflow/dags/config.py                                          0           0  0.07s           2026-03-28T20:26:02
================================================================================
[2026-03-28T20:27:03.385+0000] {manager.py:878} INFO - 
================================================================================
DAG File Processing Stats

File Path                                     PID  Runtime      # DAGs    # Errors  Last Runtime    Last Run
------------------------------------------  -----  ---------  --------  ----------  --------------  -------------------
/opt/airflow/dags/filter_questions.py        2452  0.02s             1           0  0.15s           2026-03-28T20:26:33
/opt/airflow/dags/extract_data_git_repo.py   2455  0.01s             1           0  0.15s           2026-03-28T20:26:33
/opt/airflow/dags/config.py                                          0           0  0.06s           2026-03-28T20:26:33
================================================================================
[2026-03-28T20:27:33.872+0000] {manager.py:878} INFO - 
================================================================================
DAG File Processing Stats

File Path                                     PID  Runtime      # DAGs    # Errors  Last Runtime    Last Run
------------------------------------------  -----  ---------  --------  ----------  --------------  -------------------
/opt/airflow/dags/extract_data_git_repo.py   2470  0.01s             1           0  0.20s           2026-03-28T20:27:03
/opt/airflow/dags/filter_questions.py        2467  0.02s             1           0  0.18s           2026-03-28T20:27:03
/opt/airflow/dags/config.py                                          0           0  0.07s           2026-03-28T20:27:03
================================================================================
[2026-03-28T20:28:04.379+0000] {manager.py:878} INFO - 
================================================================================
DAG File Processing Stats

File Path                                     PID  Runtime      # DAGs    # Errors  Last Runtime    Last Run
------------------------------------------  -----  ---------  --------  ----------  --------------  -------------------
/opt/airflow/dags/extract_data_git_repo.py   2485  0.01s             1           0  0.18s           2026-03-28T20:27:34
/opt/airflow/dags/filter_questions.py        2482  0.02s             1           0  0.18s           2026-03-28T20:27:34
/opt/airflow/dags/config.py                                          0           0  0.07s           2026-03-28T20:27:34
================================================================================
[2026-03-28T20:28:34.923+0000] {manager.py:878} INFO - 
================================================================================
DAG File Processing Stats

File Path                                     PID  Runtime      # DAGs    # Errors  Last Runtime    Last Run
------------------------------------------  -----  ---------  --------  ----------  --------------  -------------------
/opt/airflow/dags/extract_data_git_repo.py   2500  0.01s             1           0  0.21s           2026-03-28T20:28:04
/opt/airflow/dags/filter_questions.py        2497  0.02s             1           0  0.20s           2026-03-28T20:28:04
/opt/airflow/dags/config.py                                          0           0  0.08s           2026-03-28T20:28:04
================================================================================
[2026-03-28T20:29:05.616+0000] {manager.py:878} INFO - 
================================================================================
DAG File Processing Stats

File Path                                     PID  Runtime      # DAGs    # Errors  Last Runtime    Last Run
------------------------------------------  -----  ---------  --------  ----------  --------------  -------------------
/opt/airflow/dags/filter_questions.py        2512  0.18s             1           0  0.20s           2026-03-28T20:28:35
/opt/airflow/dags/extract_data_git_repo.py   2514  0.02s             1           0  0.18s           2026-03-28T20:28:35
/opt/airflow/dags/config.py                                          0           0  0.11s           2026-03-28T20:28:35
================================================================================
[2026-03-28T20:29:36.396+0000] {manager.py:878} INFO - 
================================================================================
DAG File Processing Stats

File Path                                     PID  Runtime      # DAGs    # Errors  Last Runtime    Last Run
------------------------------------------  -----  ---------  --------  ----------  --------------  -------------------
/opt/airflow/dags/filter_questions.py        2527  0.02s             1           0  0.65s           2026-03-28T20:29:06
/opt/airflow/dags/extract_data_git_repo.py   2530  0.01s             1           0  0.48s           2026-03-28T20:29:06
/opt/airflow/dags/config.py                                          0           0  0.13s           2026-03-28T20:29:06
================================================================================
[2026-03-28T20:30:01.677+0000] {manager.py:737} INFO - Searching for files in /opt/airflow/dags
[2026-03-28T20:30:01.693+0000] {manager.py:740} INFO - There are 3 files in /opt/airflow/dags
[2026-03-28T20:30:06.909+0000] {manager.py:878} INFO - 
================================================================================
DAG File Processing Stats

File Path                                     PID  Runtime      # DAGs    # Errors  Last Runtime    Last Run
------------------------------------------  -----  ---------  --------  ----------  --------------  -------------------
/opt/airflow/dags/filter_questions.py        2542  0.02s             1           0  0.17s           2026-03-28T20:29:36
/opt/airflow/dags/extract_data_git_repo.py   2545  0.01s             1           0  0.15s           2026-03-28T20:29:36
/opt/airflow/dags/config.py                                          0           0  0.07s           2026-03-28T20:29:36
================================================================================
[2026-03-28T20:30:37.444+0000] {manager.py:878} INFO - 
================================================================================
DAG File Processing Stats

File Path                                     PID  Runtime      # DAGs    # Errors  Last Runtime    Last Run
------------------------------------------  -----  ---------  --------  ----------  --------------  -------------------
/opt/airflow/dags/extract_data_git_repo.py   2560  0.01s             1           0  0.16s           2026-03-28T20:30:07
/opt/airflow/dags/filter_questions.py        2557  0.02s             1           0  0.16s           2026-03-28T20:30:07
/opt/airflow/dags/config.py                                          0           0  0.06s           2026-03-28T20:30:07
================================================================================
[2026-03-28T20:31:08.013+0000] {manager.py:878} INFO - 
================================================================================
DAG File Processing Stats

File Path                                     PID  Runtime      # DAGs    # Errors  Last Runtime    Last Run
------------------------------------------  -----  ---------  --------  ----------  --------------  -------------------
/opt/airflow/dags/extract_data_git_repo.py   2575  0.01s             1           0  0.27s           2026-03-28T20:30:37
/opt/airflow/dags/filter_questions.py        2572  0.02s             1           0  0.26s           2026-03-28T20:30:37
/opt/airflow/dags/config.py                                          0           0  0.14s           2026-03-28T20:30:37
================================================================================
[2026-03-28T20:31:38.593+0000] {manager.py:878} INFO - 
================================================================================
DAG File Processing Stats

File Path                                     PID  Runtime      # DAGs    # Errors  Last Runtime    Last Run
------------------------------------------  -----  ---------  --------  ----------  --------------  -------------------
/opt/airflow/dags/extract_data_git_repo.py   2590  0.02s             1           0  0.14s           2026-03-28T20:31:08
/opt/airflow/dags/filter_questions.py        2587  0.09s             1           0  0.13s           2026-03-28T20:31:08
/opt/airflow/dags/config.py                                          0           0  0.06s           2026-03-28T20:31:08
================================================================================
[2026-03-28T20:32:09.190+0000] {manager.py:878} INFO - 
================================================================================
DAG File Processing Stats

File Path                                     PID  Runtime      # DAGs    # Errors  Last Runtime    Last Run
------------------------------------------  -----  ---------  --------  ----------  --------------  -------------------
/opt/airflow/dags/extract_data_git_repo.py   2607  0.02s             1           0  0.24s           2026-03-28T20:31:38
/opt/airflow/dags/filter_questions.py                                0           1  0.11s           2026-03-28T20:31:40
/opt/airflow/dags/config.py                  2610  0.01s             0           0  0.10s           2026-03-28T20:31:38
================================================================================
[2026-03-28T20:32:39.645+0000] {manager.py:878} INFO - 
================================================================================
DAG File Processing Stats

File Path                                     PID  Runtime      # DAGs    # Errors  Last Runtime    Last Run
------------------------------------------  -----  ---------  --------  ----------  --------------  -------------------
/opt/airflow/dags/extract_data_git_repo.py   2622  0.02s             1           0  0.13s           2026-03-28T20:32:09
/opt/airflow/dags/filter_questions.py                                0           1  0.08s           2026-03-28T20:32:11
/opt/airflow/dags/config.py                  2623  0.01s             0           0  0.07s           2026-03-28T20:32:09
================================================================================
[2026-03-28T20:33:10.090+0000] {manager.py:878} INFO - 
================================================================================
DAG File Processing Stats

File Path                                     PID  Runtime      # DAGs    # Errors  Last Runtime    Last Run
------------------------------------------  -----  ---------  --------  ----------  --------------  -------------------
/opt/airflow/dags/extract_data_git_repo.py   2637  0.02s             1           0  0.23s           2026-03-28T20:32:39
/opt/airflow/dags/config.py                  2640  0.01s             0           0  0.10s           2026-03-28T20:32:39
/opt/airflow/dags/filter_questions.py                                0           1  0.09s           2026-03-28T20:32:41
================================================================================
[2026-03-28T20:33:40.570+0000] {manager.py:878} INFO - 
================================================================================
DAG File Processing Stats

File Path                                     PID  Runtime      # DAGs    # Errors  Last Runtime    Last Run
------------------------------------------  -----  ---------  --------  ----------  --------------  -------------------
/opt/airflow/dags/extract_data_git_repo.py   2652  0.02s             1           0  0.17s           2026-03-28T20:33:10
/opt/airflow/dags/config.py                  2655  0.01s             0           0  0.09s           2026-03-28T20:33:10
/opt/airflow/dags/filter_questions.py                                0           1  0.08s           2026-03-28T20:33:12
================================================================================
[2026-03-28T20:34:11.023+0000] {manager.py:878} INFO - 
================================================================================
DAG File Processing Stats

File Path                                     PID  Runtime      # DAGs    # Errors  Last Runtime    Last Run
------------------------------------------  -----  ---------  --------  ----------  --------------  -------------------
/opt/airflow/dags/extract_data_git_repo.py   2667  0.02s             1           0  0.14s           2026-03-28T20:33:40
/opt/airflow/dags/filter_questions.py                                0           1  0.08s           2026-03-28T20:33:42
/opt/airflow/dags/config.py                  2670  0.01s             0           0  0.07s           2026-03-28T20:33:40
================================================================================
[2026-03-28T20:34:41.469+0000] {manager.py:878} INFO - 
================================================================================
DAG File Processing Stats

File Path                                     PID  Runtime      # DAGs    # Errors  Last Runtime    Last Run
------------------------------------------  -----  ---------  --------  ----------  --------------  -------------------
/opt/airflow/dags/extract_data_git_repo.py   2682  0.02s             1           0  0.13s           2026-03-28T20:34:11
/opt/airflow/dags/filter_questions.py                                0           1  0.07s           2026-03-28T20:34:13
/opt/airflow/dags/config.py                  2684  0.01s             0           0  0.06s           2026-03-28T20:34:11
================================================================================
[2026-03-28T20:35:01.695+0000] {manager.py:737} INFO - Searching for files in /opt/airflow/dags
[2026-03-28T20:35:01.711+0000] {manager.py:740} INFO - There are 3 files in /opt/airflow/dags
[2026-03-28T20:35:11.961+0000] {manager.py:878} INFO - 
================================================================================
DAG File Processing Stats

File Path                                     PID  Runtime      # DAGs    # Errors  Last Runtime    Last Run
------------------------------------------  -----  ---------  --------  ----------  --------------  -------------------
/opt/airflow/dags/extract_data_git_repo.py   2697  0.02s             1           0  0.28s           2026-03-28T20:34:41
/opt/airflow/dags/config.py                  2700  0.01s             0           0  0.12s           2026-03-28T20:34:41
/opt/airflow/dags/filter_questions.py                                0           1  0.12s           2026-03-28T20:34:43
================================================================================
[2026-03-28T20:35:42.391+0000] {manager.py:878} INFO - 
================================================================================
DAG File Processing Stats

File Path                                     PID  Runtime      # DAGs    # Errors  Last Runtime    Last Run
------------------------------------------  -----  ---------  --------  ----------  --------------  -------------------
/opt/airflow/dags/extract_data_git_repo.py   2712  0.01s             1           0  0.14s           2026-03-28T20:35:12
/opt/airflow/dags/filter_questions.py                                0           1  0.08s           2026-03-28T20:35:14
/opt/airflow/dags/config.py                  2715  0.01s             0           0  0.07s           2026-03-28T20:35:12
================================================================================
[2026-03-28T20:36:12.827+0000] {manager.py:878} INFO - 
================================================================================
DAG File Processing Stats

File Path                                     PID  Runtime      # DAGs    # Errors  Last Runtime    Last Run
------------------------------------------  -----  ---------  --------  ----------  --------------  -------------------
/opt/airflow/dags/extract_data_git_repo.py   2727  0.02s             1           0  0.13s           2026-03-28T20:35:42
/opt/airflow/dags/config.py                  2730  0.01s             0           0  0.07s           2026-03-28T20:35:42
/opt/airflow/dags/filter_questions.py                                0           1  0.07s           2026-03-28T20:35:44
================================================================================
[2026-03-28T20:36:43.275+0000] {manager.py:878} INFO - 
================================================================================
DAG File Processing Stats

File Path                                     PID  Runtime      # DAGs    # Errors  Last Runtime    Last Run
------------------------------------------  -----  ---------  --------  ----------  --------------  -------------------
/opt/airflow/dags/extract_data_git_repo.py   2742  0.02s             1           0  0.13s           2026-03-28T20:36:12
/opt/airflow/dags/filter_questions.py                                0           1  0.07s           2026-03-28T20:36:14
/opt/airflow/dags/config.py                  2745  0.01s             0           0  0.06s           2026-03-28T20:36:12
================================================================================
[2026-03-28T20:37:13.731+0000] {manager.py:878} INFO - 
================================================================================
DAG File Processing Stats

File Path                                     PID  Runtime      # DAGs    # Errors  Last Runtime    Last Run
------------------------------------------  -----  ---------  --------  ----------  --------------  -------------------
/opt/airflow/dags/extract_data_git_repo.py   2757  0.02s             1           0  0.15s           2026-03-28T20:36:43
/opt/airflow/dags/filter_questions.py                                0           1  0.08s           2026-03-28T20:36:45
/opt/airflow/dags/config.py                  2760  0.01s             0           0  0.07s           2026-03-28T20:36:43
================================================================================
[2026-03-28T20:37:44.186+0000] {manager.py:878} INFO - 
================================================================================
DAG File Processing Stats

File Path                                     PID  Runtime      # DAGs    # Errors  Last Runtime    Last Run
------------------------------------------  -----  ---------  --------  ----------  --------------  -------------------
/opt/airflow/dags/extract_data_git_repo.py   2772  0.02s             1           0  0.13s           2026-03-28T20:37:13
/opt/airflow/dags/filter_questions.py                                0           1  0.08s           2026-03-28T20:37:15
/opt/airflow/dags/config.py                  2775  0.01s             0           0  0.06s           2026-03-28T20:37:13
================================================================================
[2026-03-28T20:38:54.332+0000] {manager.py:470} INFO - Processing files using up to 2 processes at a time 
[2026-03-28T20:38:54.336+0000] {manager.py:471} INFO - Process each file at most once every 30 seconds
[2026-03-28T20:38:54.336+0000] {manager.py:472} INFO - Checking for new files in /opt/airflow/dags every 300 seconds
[2026-03-28T20:38:54.337+0000] {manager.py:737} INFO - Searching for files in /opt/airflow/dags
[2026-03-28T20:38:54.366+0000] {manager.py:740} INFO - There are 3 files in /opt/airflow/dags
[2026-03-28T20:38:55.250+0000] {manager.py:878} INFO - 
================================================================================
DAG File Processing Stats

File Path                                     PID  Runtime      # DAGs    # Errors  Last Runtime    Last Run
------------------------------------------  -----  ---------  --------  ----------  --------------  ----------
/opt/airflow/dags/filter_questions.py         159  0.53s             0           0
/opt/airflow/dags/config.py                                          0           0
/opt/airflow/dags/extract_data_git_repo.py    163  0.31s             0           0
================================================================================
[2026-03-28T20:39:26.534+0000] {manager.py:878} INFO - 
================================================================================
DAG File Processing Stats

File Path                                     PID  Runtime      # DAGs    # Errors  Last Runtime    Last Run
------------------------------------------  -----  ---------  --------  ----------  --------------  -------------------
/opt/airflow/dags/extract_data_git_repo.py    178  0.29s             1           0  0.67s           2026-03-28T20:38:55
/opt/airflow/dags/filter_questions.py         175  0.60s             0           1  0.54s           2026-03-28T20:38:55
/opt/airflow/dags/config.py                                          0           0  0.13s           2026-03-28T20:38:55
================================================================================
[2026-03-28T20:39:57.158+0000] {manager.py:878} INFO - 
================================================================================
DAG File Processing Stats

File Path                                   PID    Runtime      # DAGs    # Errors  Last Runtime    Last Run
------------------------------------------  -----  ---------  --------  ----------  --------------  -------------------
/opt/airflow/dags/extract_data_git_repo.py                           1           0  6.01s           2026-03-28T20:39:32
/opt/airflow/dags/filter_questions.py                                0           1  2.86s           2026-03-28T20:39:28
/opt/airflow/dags/config.py                                          0           0  2.54s           2026-03-28T20:39:31
================================================================================
[2026-03-28T20:40:27.566+0000] {manager.py:878} INFO - 
================================================================================
DAG File Processing Stats

File Path                                   PID    Runtime      # DAGs    # Errors  Last Runtime    Last Run
------------------------------------------  -----  ---------  --------  ----------  --------------  -------------------
/opt/airflow/dags/extract_data_git_repo.py                           1           0  0.18s           2026-03-28T20:40:02
/opt/airflow/dags/filter_questions.py                                0           1  0.10s           2026-03-28T20:39:59
/opt/airflow/dags/config.py                                          0           0  0.07s           2026-03-28T20:40:01
================================================================================
[2026-03-28T20:40:58.210+0000] {manager.py:878} INFO - 
================================================================================
DAG File Processing Stats

File Path                                   PID    Runtime      # DAGs    # Errors  Last Runtime    Last Run
------------------------------------------  -----  ---------  --------  ----------  --------------  -------------------
/opt/airflow/dags/filter_questions.py                                0           1  0.44s           2026-03-28T20:40:30
/opt/airflow/dags/extract_data_git_repo.py                           1           0  0.26s           2026-03-28T20:40:32
/opt/airflow/dags/config.py                                          0           0  0.10s           2026-03-28T20:40:31
================================================================================
[2026-03-28T20:41:28.624+0000] {manager.py:878} INFO - 
================================================================================
DAG File Processing Stats

File Path                                   PID    Runtime      # DAGs    # Errors  Last Runtime    Last Run
------------------------------------------  -----  ---------  --------  ----------  --------------  -------------------
/opt/airflow/dags/extract_data_git_repo.py                           1           0  0.16s           2026-03-28T20:41:03
/opt/airflow/dags/config.py                                          0           0  0.08s           2026-03-28T20:41:02
/opt/airflow/dags/filter_questions.py                                0           1  0.07s           2026-03-28T20:41:00
================================================================================
[2026-03-28T20:41:59.025+0000] {manager.py:878} INFO - 
================================================================================
DAG File Processing Stats

File Path                                   PID    Runtime      # DAGs    # Errors  Last Runtime    Last Run
------------------------------------------  -----  ---------  --------  ----------  --------------  -------------------
/opt/airflow/dags/extract_data_git_repo.py                           1           0  0.17s           2026-03-28T20:41:33
/opt/airflow/dags/filter_questions.py                                0           1  0.08s           2026-03-28T20:41:30
/opt/airflow/dags/config.py                                          0           0  0.06s           2026-03-28T20:41:32
================================================================================
[2026-03-28T20:42:29.547+0000] {manager.py:878} INFO - 
================================================================================
DAG File Processing Stats

File Path                                     PID  Runtime      # DAGs    # Errors  Last Runtime    Last Run
------------------------------------------  -----  ---------  --------  ----------  --------------  -------------------
/opt/airflow/dags/extract_data_git_repo.py                           1           0  0.37s           2026-03-28T20:42:04
/opt/airflow/dags/filter_questions.py         265  0.01s             0           1  0.14s           2026-03-28T20:42:01
/opt/airflow/dags/config.py                                          0           0  0.06s           2026-03-28T20:42:03
================================================================================
[2026-03-28T20:43:00.005+0000] {manager.py:878} INFO - 
================================================================================
DAG File Processing Stats

File Path                                     PID  Runtime      # DAGs    # Errors  Last Runtime    Last Run
------------------------------------------  -----  ---------  --------  ----------  --------------  -------------------
/opt/airflow/dags/extract_data_git_repo.py                           1           0  0.28s           2026-03-28T20:42:34
/opt/airflow/dags/filter_questions.py         280  0.04s             0           1  0.18s           2026-03-28T20:42:29
/opt/airflow/dags/config.py                                          0           0  0.08s           2026-03-28T20:42:33
================================================================================
[2026-03-28T20:43:30.447+0000] {manager.py:878} INFO - 
================================================================================
DAG File Processing Stats

File Path                                     PID  Runtime      # DAGs    # Errors  Last Runtime    Last Run
------------------------------------------  -----  ---------  --------  ----------  --------------  -------------------
/opt/airflow/dags/extract_data_git_repo.py                           1           0  0.28s           2026-03-28T20:43:05
/opt/airflow/dags/filter_questions.py         295  0.01s             0           1  0.15s           2026-03-28T20:43:00
/opt/airflow/dags/config.py                                          0           0  0.09s           2026-03-28T20:43:04
================================================================================
[2026-03-28T20:43:54.876+0000] {manager.py:737} INFO - Searching for files in /opt/airflow/dags
[2026-03-28T20:43:54.894+0000] {manager.py:740} INFO - There are 3 files in /opt/airflow/dags
[2026-03-28T20:44:00.979+0000] {manager.py:878} INFO - 
================================================================================
DAG File Processing Stats

File Path                                     PID  Runtime      # DAGs    # Errors  Last Runtime    Last Run
------------------------------------------  -----  ---------  --------  ----------  --------------  -------------------
/opt/airflow/dags/extract_data_git_repo.py                           1           0  0.23s           2026-03-28T20:43:35
/opt/airflow/dags/config.py                                          0           0  0.11s           2026-03-28T20:43:34
/opt/airflow/dags/filter_questions.py         310  0.01s             0           1  0.11s           2026-03-28T20:43:30
================================================================================
[2026-03-28T20:44:31.526+0000] {manager.py:878} INFO - 
================================================================================
DAG File Processing Stats

File Path                                     PID  Runtime      # DAGs    # Errors  Last Runtime    Last Run
------------------------------------------  -----  ---------  --------  ----------  --------------  -------------------
/opt/airflow/dags/extract_data_git_repo.py                           1           0  0.21s           2026-03-28T20:44:06
/opt/airflow/dags/filter_questions.py         325  0.07s             0           1  0.11s           2026-03-28T20:44:01
/opt/airflow/dags/config.py                                          0           0  0.09s           2026-03-28T20:44:05
================================================================================
[2026-03-28T20:45:02.524+0000] {manager.py:878} INFO - 
================================================================================
DAG File Processing Stats

File Path                                   PID    Runtime      # DAGs    # Errors  Last Runtime    Last Run
------------------------------------------  -----  ---------  --------  ----------  --------------  -------------------
/opt/airflow/dags/extract_data_git_repo.py                           1           0  1.08s           2026-03-28T20:44:37
/opt/airflow/dags/config.py                                          0           0  0.45s           2026-03-28T20:44:36
/opt/airflow/dags/filter_questions.py                                0           1  0.08s           2026-03-28T20:44:49
================================================================================
[2026-03-28T20:45:33.370+0000] {manager.py:878} INFO - 
================================================================================
DAG File Processing Stats

File Path                                   PID    Runtime      # DAGs    # Errors  Last Runtime    Last Run
------------------------------------------  -----  ---------  --------  ----------  --------------  -------------------
/opt/airflow/dags/filter_questions.py                                0           1  0.38s           2026-03-28T20:45:20
/opt/airflow/dags/extract_data_git_repo.py                           1           0  0.34s           2026-03-28T20:45:08
/opt/airflow/dags/config.py                                          0           0  0.19s           2026-03-28T20:45:06
================================================================================
[2026-03-28T20:46:03.787+0000] {manager.py:878} INFO - 
================================================================================
DAG File Processing Stats

File Path                                   PID    Runtime      # DAGs    # Errors  Last Runtime    Last Run
------------------------------------------  -----  ---------  --------  ----------  --------------  -------------------
/opt/airflow/dags/extract_data_git_repo.py                           1           0  0.29s           2026-03-28T20:45:38
/opt/airflow/dags/filter_questions.py                                0           1  0.08s           2026-03-28T20:45:50
/opt/airflow/dags/config.py                                          0           0  0.08s           2026-03-28T20:45:37
================================================================================
[2026-03-28T20:46:34.207+0000] {manager.py:878} INFO - 
================================================================================
DAG File Processing Stats

File Path                                   PID    Runtime      # DAGs    # Errors  Last Runtime    Last Run
------------------------------------------  -----  ---------  --------  ----------  --------------  -------------------
/opt/airflow/dags/extract_data_git_repo.py                           1           0  0.16s           2026-03-28T20:46:09
/opt/airflow/dags/filter_questions.py                                0           1  0.09s           2026-03-28T20:46:21
/opt/airflow/dags/config.py                                          0           0  0.08s           2026-03-28T20:46:08
================================================================================
[2026-03-28T20:47:04.624+0000] {manager.py:878} INFO - 
================================================================================
DAG File Processing Stats

File Path                                   PID    Runtime      # DAGs    # Errors  Last Runtime    Last Run
------------------------------------------  -----  ---------  --------  ----------  --------------  -------------------
/opt/airflow/dags/extract_data_git_repo.py                           1           0  0.16s           2026-03-28T20:46:39
/opt/airflow/dags/filter_questions.py                                0           1  0.09s           2026-03-28T20:46:51
/opt/airflow/dags/config.py                                          0           0  0.08s           2026-03-28T20:46:38
================================================================================
[2026-03-28T20:47:35.054+0000] {manager.py:878} INFO - 
================================================================================
DAG File Processing Stats

File Path                                   PID    Runtime      # DAGs    # Errors  Last Runtime    Last Run
------------------------------------------  -----  ---------  --------  ----------  --------------  -------------------
/opt/airflow/dags/extract_data_git_repo.py                           1           0  0.14s           2026-03-28T20:47:10
/opt/airflow/dags/config.py                                          0           0  0.09s           2026-03-28T20:47:08
/opt/airflow/dags/filter_questions.py                                0           1  0.07s           2026-03-28T20:47:22
================================================================================
[2026-03-28T20:48:05.654+0000] {manager.py:878} INFO - 
================================================================================
DAG File Processing Stats

File Path                                   PID    Runtime      # DAGs    # Errors  Last Runtime    Last Run
------------------------------------------  -----  ---------  --------  ----------  --------------  -------------------
/opt/airflow/dags/extract_data_git_repo.py                           1           0  0.24s           2026-03-28T20:47:40
/opt/airflow/dags/config.py                                          0           0  0.13s           2026-03-28T20:47:39
/opt/airflow/dags/filter_questions.py                                0           1  0.11s           2026-03-28T20:47:58
================================================================================
[2026-03-28T20:48:36.194+0000] {manager.py:878} INFO - 
================================================================================
DAG File Processing Stats

File Path                                   PID    Runtime      # DAGs    # Errors  Last Runtime    Last Run
------------------------------------------  -----  ---------  --------  ----------  --------------  -------------------
/opt/airflow/dags/extract_data_git_repo.py                           1           0  0.37s           2026-03-28T20:48:11
/opt/airflow/dags/config.py                                          0           0  0.19s           2026-03-28T20:48:10
/opt/airflow/dags/filter_questions.py                                0           1  0.08s           2026-03-28T20:48:19
================================================================================
[2026-03-28T20:48:55.649+0000] {manager.py:737} INFO - Searching for files in /opt/airflow/dags
[2026-03-28T20:48:55.657+0000] {manager.py:740} INFO - There are 3 files in /opt/airflow/dags
[2026-03-28T20:49:06.784+0000] {manager.py:878} INFO - 
================================================================================
DAG File Processing Stats

File Path                                   PID    Runtime      # DAGs    # Errors  Last Runtime    Last Run
------------------------------------------  -----  ---------  --------  ----------  --------------  -------------------
/opt/airflow/dags/extract_data_git_repo.py                           1           0  0.29s           2026-03-28T20:48:41
/opt/airflow/dags/filter_questions.py                                0           1  0.11s           2026-03-28T20:48:55
/opt/airflow/dags/config.py                                          0           0  0.09s           2026-03-28T20:48:40
================================================================================
[2026-03-28T20:49:37.657+0000] {manager.py:878} INFO - 
================================================================================
DAG File Processing Stats

File Path                                     PID  Runtime      # DAGs    # Errors  Last Runtime    Last Run
------------------------------------------  -----  ---------  --------  ----------  --------------  -------------------
/opt/airflow/dags/extract_data_git_repo.py                           1           0  0.33s           2026-03-28T20:49:12
/opt/airflow/dags/config.py                                          0           0  0.10s           2026-03-28T20:49:11
/opt/airflow/dags/filter_questions.py         520  0.01s             0           1  0.08s           2026-03-28T20:49:21
================================================================================
[2026-03-28T20:50:08.119+0000] {manager.py:878} INFO - 
================================================================================
DAG File Processing Stats

File Path                                   PID    Runtime      # DAGs    # Errors  Last Runtime    Last Run
------------------------------------------  -----  ---------  --------  ----------  --------------  -------------------
/opt/airflow/dags/extract_data_git_repo.py                           1           0  0.57s           2026-03-28T20:49:43
/opt/airflow/dags/filter_questions.py                                0           1  0.09s           2026-03-28T20:49:38
/opt/airflow/dags/config.py                                          0           0  0.06s           2026-03-28T20:49:41
================================================================================
[2026-03-28T20:50:38.553+0000] {manager.py:878} INFO - 
================================================================================
DAG File Processing Stats

File Path                                   PID    Runtime      # DAGs    # Errors  Last Runtime    Last Run
------------------------------------------  -----  ---------  --------  ----------  --------------  -------------------
/opt/airflow/dags/extract_data_git_repo.py                           1           0  0.17s           2026-03-28T20:50:14
/opt/airflow/dags/config.py                                          0           0  0.10s           2026-03-28T20:50:12
/opt/airflow/dags/filter_questions.py                                0           1  0.08s           2026-03-28T20:50:09
================================================================================
[2026-03-28T20:51:09.380+0000] {manager.py:878} INFO - 
================================================================================
DAG File Processing Stats

File Path                                   PID    Runtime      # DAGs    # Errors  Last Runtime    Last Run
------------------------------------------  -----  ---------  --------  ----------  --------------  -------------------
/opt/airflow/dags/extract_data_git_repo.py                           1           0  0.30s           2026-03-28T20:50:45
/opt/airflow/dags/filter_questions.py                                0           1  0.12s           2026-03-28T20:51:06
/opt/airflow/dags/config.py                                          0           0  0.10s           2026-03-28T20:50:42
================================================================================
[2026-03-28T20:51:39.909+0000] {manager.py:878} INFO - 
================================================================================
DAG File Processing Stats

File Path                                   PID    Runtime      # DAGs    # Errors  Last Runtime    Last Run
------------------------------------------  -----  ---------  --------  ----------  --------------  -------------------
/opt/airflow/dags/extract_data_git_repo.py                           1           0  0.15s           2026-03-28T20:51:15
/opt/airflow/dags/filter_questions.py                                0           1  0.09s           2026-03-28T20:51:16
/opt/airflow/dags/config.py                                          0           0  0.08s           2026-03-28T20:51:13
================================================================================
[2026-03-28T20:52:10.453+0000] {manager.py:878} INFO - 
================================================================================
DAG File Processing Stats

File Path                                   PID    Runtime      # DAGs    # Errors  Last Runtime    Last Run
------------------------------------------  -----  ---------  --------  ----------  --------------  -------------------
/opt/airflow/dags/extract_data_git_repo.py                           1           0  0.15s           2026-03-28T20:51:46
/opt/airflow/dags/filter_questions.py                                0           1  0.13s           2026-03-28T20:52:02
/opt/airflow/dags/config.py                                          0           0  0.11s           2026-03-28T20:51:44
================================================================================
[2026-03-28T20:52:40.940+0000] {manager.py:878} INFO - 
================================================================================
DAG File Processing Stats

File Path                                   PID    Runtime      # DAGs    # Errors  Last Runtime    Last Run
------------------------------------------  -----  ---------  --------  ----------  --------------  -------------------
/opt/airflow/dags/extract_data_git_repo.py                           1           0  0.24s           2026-03-28T20:52:16
/opt/airflow/dags/filter_questions.py                                0           1  0.14s           2026-03-28T20:52:32
/opt/airflow/dags/config.py                                          0           0  0.11s           2026-03-28T20:52:14
================================================================================
[2026-03-28T20:53:11.475+0000] {manager.py:878} INFO - 
================================================================================
DAG File Processing Stats

File Path                                   PID    Runtime      # DAGs    # Errors  Last Runtime    Last Run
------------------------------------------  -----  ---------  --------  ----------  --------------  -------------------
/opt/airflow/dags/extract_data_git_repo.py                           1           0  0.20s           2026-03-28T20:52:47
/opt/airflow/dags/config.py                                          0           0  0.10s           2026-03-28T20:52:45
/opt/airflow/dags/filter_questions.py                                0           1  0.09s           2026-03-28T20:53:03
================================================================================
[2026-03-28T20:53:42.004+0000] {manager.py:878} INFO - 
================================================================================
DAG File Processing Stats

File Path                                   PID    Runtime      # DAGs    # Errors  Last Runtime    Last Run
------------------------------------------  -----  ---------  --------  ----------  --------------  -------------------
/opt/airflow/dags/extract_data_git_repo.py                           1           0  0.18s           2026-03-28T20:53:17
/opt/airflow/dags/filter_questions.py                                0           1  0.12s           2026-03-28T20:53:38
/opt/airflow/dags/config.py                                          0           0  0.07s           2026-03-28T20:53:15
================================================================================
[2026-03-28T20:53:56.261+0000] {manager.py:737} INFO - Searching for files in /opt/airflow/dags
[2026-03-28T20:53:56.275+0000] {manager.py:740} INFO - There are 3 files in /opt/airflow/dags
[2026-03-28T20:54:12.552+0000] {manager.py:878} INFO - 
================================================================================
DAG File Processing Stats

File Path                                   PID    Runtime      # DAGs    # Errors  Last Runtime    Last Run
------------------------------------------  -----  ---------  --------  ----------  --------------  -------------------
/opt/airflow/dags/extract_data_git_repo.py                           1           0  1.10s           2026-03-28T20:53:49
/opt/airflow/dags/config.py                                          0           0  0.21s           2026-03-28T20:53:46
/opt/airflow/dags/filter_questions.py                                0           1  0.14s           2026-03-28T20:53:52
================================================================================
[2026-03-28T20:54:42.961+0000] {manager.py:878} INFO - 
================================================================================
DAG File Processing Stats

File Path                                   PID    Runtime      # DAGs    # Errors  Last Runtime    Last Run
------------------------------------------  -----  ---------  --------  ----------  --------------  -------------------
/opt/airflow/dags/extract_data_git_repo.py                           1           0  0.65s           2026-03-28T20:54:20
/opt/airflow/dags/filter_questions.py                                0           1  0.09s           2026-03-28T20:54:22
/opt/airflow/dags/config.py                                          0           0  0.08s           2026-03-28T20:54:16
================================================================================
[2026-03-28T20:55:13.617+0000] {manager.py:878} INFO - 
================================================================================
DAG File Processing Stats

File Path                                   PID    Runtime      # DAGs    # Errors  Last Runtime    Last Run
------------------------------------------  -----  ---------  --------  ----------  --------------  -------------------
/opt/airflow/dags/config.py                                          0           0  0.31s           2026-03-28T20:54:47
/opt/airflow/dags/extract_data_git_repo.py                           1           0  0.16s           2026-03-28T20:54:50
/opt/airflow/dags/filter_questions.py                                0           1  0.08s           2026-03-28T20:54:53
================================================================================
[2026-03-28T20:55:44.070+0000] {manager.py:878} INFO - 
================================================================================
DAG File Processing Stats

File Path                                   PID    Runtime      # DAGs    # Errors  Last Runtime    Last Run
------------------------------------------  -----  ---------  --------  ----------  --------------  -------------------
/opt/airflow/dags/extract_data_git_repo.py                           1           0  0.19s           2026-03-28T20:55:20
/opt/airflow/dags/filter_questions.py                                0           1  0.09s           2026-03-28T20:55:23
/opt/airflow/dags/config.py                                          0           0  0.07s           2026-03-28T20:55:17
================================================================================
[2026-03-28T20:56:14.568+0000] {manager.py:878} INFO - 
================================================================================
DAG File Processing Stats

File Path                                   PID    Runtime      # DAGs    # Errors  Last Runtime    Last Run
------------------------------------------  -----  ---------  --------  ----------  --------------  -------------------
/opt/airflow/dags/extract_data_git_repo.py                           1           0  0.27s           2026-03-28T20:55:51
/opt/airflow/dags/config.py                                          0           0  0.16s           2026-03-28T20:55:48
/opt/airflow/dags/filter_questions.py                                0           1  0.08s           2026-03-28T20:55:54
================================================================================
[2026-03-28T20:56:45.081+0000] {manager.py:878} INFO - 
================================================================================
DAG File Processing Stats

File Path                                   PID    Runtime      # DAGs    # Errors  Last Runtime    Last Run
------------------------------------------  -----  ---------  --------  ----------  --------------  -------------------
/opt/airflow/dags/filter_questions.py                                0           1  0.27s           2026-03-28T20:56:29
/opt/airflow/dags/extract_data_git_repo.py                           1           0  0.21s           2026-03-28T20:56:21
/opt/airflow/dags/config.py                                          0           0  0.08s           2026-03-28T20:56:18
================================================================================
[2026-03-28T20:57:15.484+0000] {manager.py:878} INFO - 
================================================================================
DAG File Processing Stats

File Path                                   PID    Runtime      # DAGs    # Errors  Last Runtime    Last Run
------------------------------------------  -----  ---------  --------  ----------  --------------  -------------------
/opt/airflow/dags/extract_data_git_repo.py                           1           0  0.18s           2026-03-28T20:56:52
/opt/airflow/dags/filter_questions.py                                0           1  0.09s           2026-03-28T20:56:59
/opt/airflow/dags/config.py                                          0           0  0.07s           2026-03-28T20:56:49
================================================================================
[2026-03-28T20:57:46.035+0000] {manager.py:878} INFO - 
================================================================================
DAG File Processing Stats

File Path                                   PID    Runtime      # DAGs    # Errors  Last Runtime    Last Run
------------------------------------------  -----  ---------  --------  ----------  --------------  -------------------
/opt/airflow/dags/filter_questions.py                                0           1  0.20s           2026-03-28T20:57:29
/opt/airflow/dags/extract_data_git_repo.py                           1           0  0.14s           2026-03-28T20:57:22
/opt/airflow/dags/config.py                                          0           0  0.09s           2026-03-28T20:57:19
================================================================================
[2026-03-28T20:58:16.463+0000] {manager.py:878} INFO - 
================================================================================
DAG File Processing Stats

File Path                                   PID    Runtime      # DAGs    # Errors  Last Runtime    Last Run
------------------------------------------  -----  ---------  --------  ----------  --------------  -------------------
/opt/airflow/dags/extract_data_git_repo.py                           1           0  0.19s           2026-03-28T20:57:53
/opt/airflow/dags/filter_questions.py                                0           1  0.09s           2026-03-28T20:58:00
/opt/airflow/dags/config.py                                          0           0  0.08s           2026-03-28T20:57:50
================================================================================
[2026-03-28T20:58:46.874+0000] {manager.py:878} INFO - 
================================================================================
DAG File Processing Stats

File Path                                   PID    Runtime      # DAGs    # Errors  Last Runtime    Last Run
------------------------------------------  -----  ---------  --------  ----------  --------------  -------------------
/opt/airflow/dags/extract_data_git_repo.py                           1           0  0.14s           2026-03-28T20:58:23
/opt/airflow/dags/filter_questions.py                                0           1  0.08s           2026-03-28T20:58:30
/opt/airflow/dags/config.py                                          0           0  0.06s           2026-03-28T20:58:20
================================================================================
[2026-03-28T20:58:57.014+0000] {manager.py:737} INFO - Searching for files in /opt/airflow/dags
[2026-03-28T20:58:57.020+0000] {manager.py:740} INFO - There are 3 files in /opt/airflow/dags
[2026-03-28T20:59:17.657+0000] {manager.py:878} INFO - 
================================================================================
DAG File Processing Stats

File Path                                   PID    Runtime      # DAGs    # Errors  Last Runtime    Last Run
------------------------------------------  -----  ---------  --------  ----------  --------------  -------------------
/opt/airflow/dags/filter_questions.py                                0           1  0.36s           2026-03-28T20:59:14
/opt/airflow/dags/extract_data_git_repo.py                           1           0  0.16s           2026-03-28T20:58:54
/opt/airflow/dags/config.py                                          0           0  0.08s           2026-03-28T20:58:50
================================================================================
[2026-03-28T20:59:48.134+0000] {manager.py:878} INFO - 
================================================================================
DAG File Processing Stats

File Path                                   PID    Runtime      # DAGs    # Errors  Last Runtime    Last Run
------------------------------------------  -----  ---------  --------  ----------  --------------  -------------------
/opt/airflow/dags/filter_questions.py                                0           1  0.64s           2026-03-28T20:59:42
/opt/airflow/dags/extract_data_git_repo.py                           1           0  0.24s           2026-03-28T20:59:25
/opt/airflow/dags/config.py                                          0           0  0.08s           2026-03-28T20:59:21
================================================================================
[2026-03-28T21:00:18.573+0000] {manager.py:878} INFO - 
================================================================================
DAG File Processing Stats

File Path                                   PID    Runtime      # DAGs    # Errors  Last Runtime    Last Run
------------------------------------------  -----  ---------  --------  ----------  --------------  -------------------
/opt/airflow/dags/extract_data_git_repo.py                           1           0  0.39s           2026-03-28T20:59:56
/opt/airflow/dags/filter_questions.py                                0           1  0.09s           2026-03-28T21:00:14
/opt/airflow/dags/config.py                                          0           0  0.09s           2026-03-28T20:59:51
================================================================================
[2026-03-28T21:00:49.248+0000] {manager.py:878} INFO - 
================================================================================
DAG File Processing Stats

File Path                                   PID    Runtime      # DAGs    # Errors  Last Runtime    Last Run
------------------------------------------  -----  ---------  --------  ----------  --------------  -------------------
/opt/airflow/dags/extract_data_git_repo.py                           1           0  0.27s           2026-03-28T21:00:27
/opt/airflow/dags/config.py                                          0           0  0.21s           2026-03-28T21:00:21
/opt/airflow/dags/filter_questions.py                                0           1  0.08s           2026-03-28T21:00:30
================================================================================
[2026-03-28T21:01:20.150+0000] {manager.py:878} INFO - 
================================================================================
DAG File Processing Stats

File Path                                   PID    Runtime      # DAGs    # Errors  Last Runtime    Last Run
------------------------------------------  -----  ---------  --------  ----------  --------------  -------------------
/opt/airflow/dags/extract_data_git_repo.py                           1           0  0.36s           2026-03-28T21:00:57
/opt/airflow/dags/filter_questions.py                                0           1  0.09s           2026-03-28T21:01:10
/opt/airflow/dags/config.py                                          0           0  0.08s           2026-03-28T21:00:52
================================================================================
[2026-03-28T21:01:50.626+0000] {manager.py:878} INFO - 
================================================================================
DAG File Processing Stats

File Path                                   PID    Runtime      # DAGs    # Errors  Last Runtime    Last Run
------------------------------------------  -----  ---------  --------  ----------  --------------  -------------------
/opt/airflow/dags/extract_data_git_repo.py                           1           0  0.15s           2026-03-28T21:01:28
/opt/airflow/dags/filter_questions.py                                0           1  0.10s           2026-03-28T21:01:41
/opt/airflow/dags/config.py                                          0           0  0.07s           2026-03-28T21:01:23
================================================================================
[2026-03-28T21:02:21.176+0000] {manager.py:878} INFO - 
================================================================================
DAG File Processing Stats

File Path                                   PID    Runtime      # DAGs    # Errors  Last Runtime    Last Run
------------------------------------------  -----  ---------  --------  ----------  --------------  -------------------
/opt/airflow/dags/extract_data_git_repo.py                           1           0  0.20s           2026-03-28T21:01:58
/opt/airflow/dags/filter_questions.py                                0           1  0.17s           2026-03-28T21:02:11
/opt/airflow/dags/config.py                                          0           0  0.08s           2026-03-28T21:01:53
================================================================================
[2026-03-28T21:02:51.582+0000] {manager.py:878} INFO - 
================================================================================
DAG File Processing Stats

File Path                                   PID    Runtime      # DAGs    # Errors  Last Runtime    Last Run
------------------------------------------  -----  ---------  --------  ----------  --------------  -------------------
/opt/airflow/dags/extract_data_git_repo.py                           1           0  0.19s           2026-03-28T21:02:29
/opt/airflow/dags/filter_questions.py                                0           1  0.09s           2026-03-28T21:02:42
/opt/airflow/dags/config.py                                          0           0  0.07s           2026-03-28T21:02:24
================================================================================
[2026-03-28T21:03:22.007+0000] {manager.py:878} INFO - 
================================================================================
DAG File Processing Stats

File Path                                   PID    Runtime      # DAGs    # Errors  Last Runtime    Last Run
------------------------------------------  -----  ---------  --------  ----------  --------------  -------------------
/opt/airflow/dags/extract_data_git_repo.py                           1           0  0.14s           2026-03-28T21:02:59
/opt/airflow/dags/filter_questions.py                                0           1  0.08s           2026-03-28T21:03:12
/opt/airflow/dags/config.py                                          0           0  0.07s           2026-03-28T21:02:54
================================================================================
[2026-03-28T21:03:52.430+0000] {manager.py:878} INFO - 
================================================================================
DAG File Processing Stats

File Path                                   PID    Runtime      # DAGs    # Errors  Last Runtime    Last Run
------------------------------------------  -----  ---------  --------  ----------  --------------  -------------------
/opt/airflow/dags/extract_data_git_repo.py                           1           0  0.15s           2026-03-28T21:03:30
/opt/airflow/dags/filter_questions.py                                0           1  0.10s           2026-03-28T21:03:43
/opt/airflow/dags/config.py                                          0           0  0.08s           2026-03-28T21:03:25
================================================================================
[2026-03-28T21:03:57.550+0000] {manager.py:737} INFO - Searching for files in /opt/airflow/dags
[2026-03-28T21:03:57.557+0000] {manager.py:740} INFO - There are 3 files in /opt/airflow/dags
[2026-03-28T21:04:23.308+0000] {manager.py:878} INFO - 
================================================================================
DAG File Processing Stats

File Path                                   PID    Runtime      # DAGs    # Errors  Last Runtime    Last Run
------------------------------------------  -----  ---------  --------  ----------  --------------  -------------------
/opt/airflow/dags/extract_data_git_repo.py                           1           0  0.13s           2026-03-28T21:04:00
/opt/airflow/dags/config.py                                          0           0  0.09s           2026-03-28T21:03:55
/opt/airflow/dags/filter_questions.py                                0           1  0.08s           2026-03-28T21:04:14
================================================================================
[2026-03-28T21:04:54.121+0000] {manager.py:878} INFO - 
================================================================================
DAG File Processing Stats

File Path                                   PID    Runtime      # DAGs    # Errors  Last Runtime    Last Run
------------------------------------------  -----  ---------  --------  ----------  --------------  -------------------
/opt/airflow/dags/extract_data_git_repo.py                           1           0  0.15s           2026-03-28T21:04:31
/opt/airflow/dags/filter_questions.py                                0           1  0.10s           2026-03-28T21:04:45
/opt/airflow/dags/config.py                                          0           0  0.09s           2026-03-28T21:04:26
================================================================================
[2026-03-28T21:05:24.532+0000] {manager.py:878} INFO - 
================================================================================
DAG File Processing Stats

File Path                                   PID    Runtime      # DAGs    # Errors  Last Runtime    Last Run
------------------------------------------  -----  ---------  --------  ----------  --------------  -------------------
/opt/airflow/dags/extract_data_git_repo.py                           1           0  0.28s           2026-03-28T21:05:02
/opt/airflow/dags/filter_questions.py                                0           1  0.09s           2026-03-28T21:05:15
/opt/airflow/dags/config.py                                          0           0  0.08s           2026-03-28T21:04:57
================================================================================
[2026-03-28T21:06:26.735+0000] {manager.py:470} INFO - Processing files using up to 2 processes at a time 
[2026-03-28T21:06:26.736+0000] {manager.py:471} INFO - Process each file at most once every 30 seconds
[2026-03-28T21:06:26.737+0000] {manager.py:472} INFO - Checking for new files in /opt/airflow/dags every 300 seconds
[2026-03-28T21:06:26.737+0000] {manager.py:737} INFO - Searching for files in /opt/airflow/dags
[2026-03-28T21:06:26.748+0000] {manager.py:740} INFO - There are 3 files in /opt/airflow/dags
[2026-03-28T21:06:27.051+0000] {manager.py:878} INFO - 
================================================================================
DAG File Processing Stats

File Path                                     PID  Runtime      # DAGs    # Errors  Last Runtime    Last Run
------------------------------------------  -----  ---------  --------  ----------  --------------  ----------
/opt/airflow/dags/filter_questions.py         160  0.23s             0           0
/opt/airflow/dags/config.py                                          0           0
/opt/airflow/dags/extract_data_git_repo.py    163  0.22s             0           0
================================================================================
[2026-03-28T21:06:57.635+0000] {manager.py:878} INFO - 
================================================================================
DAG File Processing Stats

File Path                                     PID  Runtime      # DAGs    # Errors  Last Runtime    Last Run
------------------------------------------  -----  ---------  --------  ----------  --------------  -------------------
/opt/airflow/dags/extract_data_git_repo.py                           1           0  0.78s           2026-03-28T21:06:27
/opt/airflow/dags/filter_questions.py         175  0.03s             0           1  0.35s           2026-03-28T21:06:27
/opt/airflow/dags/config.py                   178  0.01s             0           0  0.13s           2026-03-28T21:06:27
================================================================================
[2026-03-28T21:07:28.100+0000] {manager.py:878} INFO - 
================================================================================
DAG File Processing Stats

File Path                                     PID  Runtime      # DAGs    # Errors  Last Runtime    Last Run
------------------------------------------  -----  ---------  --------  ----------  --------------  -------------------
/opt/airflow/dags/extract_data_git_repo.py    193  0.01s             1           0  0.15s           2026-03-28T21:06:57
/opt/airflow/dags/filter_questions.py         190  0.03s             0           1  0.10s           2026-03-28T21:06:57
/opt/airflow/dags/config.py                                          0           0  0.09s           2026-03-28T21:06:57
================================================================================
[2026-03-28T21:07:59.015+0000] {manager.py:878} INFO - 
================================================================================
DAG File Processing Stats

File Path                                     PID  Runtime      # DAGs    # Errors  Last Runtime    Last Run
------------------------------------------  -----  ---------  --------  ----------  --------------  -------------------
/opt/airflow/dags/extract_data_git_repo.py    208  0.01s             1           0  0.19s           2026-03-28T21:07:28
/opt/airflow/dags/filter_questions.py         205  0.02s             0           1  0.11s           2026-03-28T21:07:28
/opt/airflow/dags/config.py                                          0           0  0.07s           2026-03-28T21:07:28
================================================================================
[2026-03-28T21:08:38.057+0000] {manager.py:470} INFO - Processing files using up to 2 processes at a time 
[2026-03-28T21:08:38.061+0000] {manager.py:471} INFO - Process each file at most once every 30 seconds
[2026-03-28T21:08:38.062+0000] {manager.py:472} INFO - Checking for new files in /opt/airflow/dags every 300 seconds
[2026-03-28T21:08:38.062+0000] {manager.py:737} INFO - Searching for files in /opt/airflow/dags
[2026-03-28T21:08:38.080+0000] {manager.py:740} INFO - There are 3 files in /opt/airflow/dags
[2026-03-28T21:08:38.589+0000] {manager.py:878} INFO - 
================================================================================
DAG File Processing Stats

File Path                                     PID  Runtime      # DAGs    # Errors  Last Runtime    Last Run
------------------------------------------  -----  ---------  --------  ----------  --------------  ----------
/opt/airflow/dags/filter_questions.py         159  0.31s             0           0
/opt/airflow/dags/config.py                                          0           0
/opt/airflow/dags/extract_data_git_repo.py    160  0.28s             0           0
================================================================================
[2026-03-28T21:09:09.843+0000] {manager.py:878} INFO - 
================================================================================
DAG File Processing Stats

File Path                                     PID  Runtime      # DAGs    # Errors  Last Runtime    Last Run
------------------------------------------  -----  ---------  --------  ----------  --------------  -------------------
/opt/airflow/dags/extract_data_git_repo.py    180  0.08s             1           0  0.74s           2026-03-28T21:08:39
/opt/airflow/dags/config.py                   183  0.02s             0           0  0.16s           2026-03-28T21:08:38
/opt/airflow/dags/filter_questions.py                                0           1  0.09s           2026-03-28T21:09:08
================================================================================
[2026-03-28T21:09:18.469+0000] {manager.py:452} INFO - Exiting gracefully upon receiving signal 15
[2026-03-28T21:09:57.372+0000] {manager.py:470} INFO - Processing files using up to 2 processes at a time 
[2026-03-28T21:09:57.374+0000] {manager.py:471} INFO - Process each file at most once every 30 seconds
[2026-03-28T21:09:57.375+0000] {manager.py:472} INFO - Checking for new files in /opt/airflow/dags every 300 seconds
[2026-03-28T21:09:57.376+0000] {manager.py:737} INFO - Searching for files in /opt/airflow/dags
[2026-03-28T21:09:57.391+0000] {manager.py:740} INFO - There are 3 files in /opt/airflow/dags
[2026-03-28T21:09:58.120+0000] {manager.py:878} INFO - 
================================================================================
DAG File Processing Stats

File Path                                     PID  Runtime      # DAGs    # Errors  Last Runtime    Last Run
------------------------------------------  -----  ---------  --------  ----------  --------------  ----------
/opt/airflow/dags/filter_questions.py         162  0.41s             0           0
/opt/airflow/dags/config.py                                          0           0
/opt/airflow/dags/extract_data_git_repo.py    165  0.33s             0           0
================================================================================
[2026-03-28T21:10:29.617+0000] {manager.py:878} INFO - 
================================================================================
DAG File Processing Stats

File Path                                     PID  Runtime      # DAGs    # Errors  Last Runtime    Last Run
------------------------------------------  -----  ---------  --------  ----------  --------------  -------------------
/opt/airflow/dags/extract_data_git_repo.py    187  0.01s             1           0  1.04s           2026-03-28T21:09:58
/opt/airflow/dags/filter_questions.py                                0           1  0.13s           2026-03-28T21:10:28
/opt/airflow/dags/config.py                                          0           0  0.10s           2026-03-28T21:10:28
================================================================================
[2026-03-28T21:11:00.742+0000] {manager.py:878} INFO - 
================================================================================
DAG File Processing Stats

File Path                                     PID  Runtime      # DAGs    # Errors  Last Runtime    Last Run
------------------------------------------  -----  ---------  --------  ----------  --------------  -------------------
/opt/airflow/dags/filter_questions.py                                0           1  0.37s           2026-03-28T21:10:59
/opt/airflow/dags/config.py                                          0           0  0.29s           2026-03-28T21:10:59
/opt/airflow/dags/extract_data_git_repo.py    202  0.01s             1           0  0.16s           2026-03-28T21:10:29
================================================================================
[2026-03-28T21:11:31.957+0000] {manager.py:878} INFO - 
================================================================================
DAG File Processing Stats

File Path                                     PID  Runtime      # DAGs    # Errors  Last Runtime    Last Run
------------------------------------------  -----  ---------  --------  ----------  --------------  -------------------
/opt/airflow/dags/extract_data_git_repo.py    217  0.01s             1           0  0.24s           2026-03-28T21:11:00
/opt/airflow/dags/filter_questions.py                                0           1  0.18s           2026-03-28T21:11:29
/opt/airflow/dags/config.py                                          0           0  0.17s           2026-03-28T21:11:29
================================================================================
[2026-03-28T21:12:02.931+0000] {manager.py:878} INFO - 
================================================================================
DAG File Processing Stats

File Path                                     PID  Runtime      # DAGs    # Errors  Last Runtime    Last Run
------------------------------------------  -----  ---------  --------  ----------  --------------  -------------------
/opt/airflow/dags/filter_questions.py                                0           1  0.24s           2026-03-28T21:12:00
/opt/airflow/dags/config.py                                          0           0  0.22s           2026-03-28T21:12:00
/opt/airflow/dags/extract_data_git_repo.py    232  0.01s             1           0  0.13s           2026-03-28T21:11:32
================================================================================
[2026-03-28T21:12:33.891+0000] {manager.py:878} INFO - 
================================================================================
DAG File Processing Stats

File Path                                     PID  Runtime      # DAGs    # Errors  Last Runtime    Last Run
------------------------------------------  -----  ---------  --------  ----------  --------------  -------------------
/opt/airflow/dags/filter_questions.py                                0           1  0.18s           2026-03-28T21:12:31
/opt/airflow/dags/extract_data_git_repo.py    247  0.01s             1           0  0.17s           2026-03-28T21:12:03
/opt/airflow/dags/config.py                                          0           0  0.15s           2026-03-28T21:12:31
================================================================================
[2026-03-28T21:13:05.052+0000] {manager.py:878} INFO - 
================================================================================
DAG File Processing Stats

File Path                                     PID  Runtime      # DAGs    # Errors  Last Runtime    Last Run
------------------------------------------  -----  ---------  --------  ----------  --------------  -------------------
/opt/airflow/dags/extract_data_git_repo.py    262  0.01s             1           0  0.22s           2026-03-28T21:12:34
/opt/airflow/dags/filter_questions.py                                0           1  0.12s           2026-03-28T21:13:02
/opt/airflow/dags/config.py                                          0           0  0.10s           2026-03-28T21:13:02
================================================================================
[2026-03-28T21:13:36.129+0000] {manager.py:878} INFO - 
================================================================================
DAG File Processing Stats

File Path                                   PID    Runtime      # DAGs    # Errors  Last Runtime    Last Run
------------------------------------------  -----  ---------  --------  ----------  --------------  -------------------
/opt/airflow/dags/extract_data_git_repo.py                           1           0  0.73s           2026-03-28T21:13:36
/opt/airflow/dags/filter_questions.py                                0           1  0.21s           2026-03-28T21:13:32
/opt/airflow/dags/config.py                                          0           0  0.20s           2026-03-28T21:13:32
================================================================================
[2026-03-28T21:14:07.006+0000] {manager.py:878} INFO - 
================================================================================
DAG File Processing Stats

File Path                                     PID  Runtime      # DAGs    # Errors  Last Runtime    Last Run
------------------------------------------  -----  ---------  --------  ----------  --------------  -------------------
/opt/airflow/dags/extract_data_git_repo.py    292  0.01s             1           0  0.73s           2026-03-28T21:13:36
/opt/airflow/dags/config.py                                          0           0  0.12s           2026-03-28T21:14:02
/opt/airflow/dags/filter_questions.py                                0           1  0.12s           2026-03-28T21:14:02
================================================================================
[2026-03-28T21:14:37.891+0000] {manager.py:878} INFO - 
================================================================================
DAG File Processing Stats

File Path                                     PID  Runtime      # DAGs    # Errors  Last Runtime    Last Run
------------------------------------------  -----  ---------  --------  ----------  --------------  -------------------
/opt/airflow/dags/extract_data_git_repo.py    307  0.01s             1           0  0.13s           2026-03-28T21:14:07
/opt/airflow/dags/filter_questions.py                                0           1  0.09s           2026-03-28T21:14:33
/opt/airflow/dags/config.py                                          0           0  0.09s           2026-03-28T21:14:33
================================================================================
[2026-03-28T21:14:57.640+0000] {manager.py:737} INFO - Searching for files in /opt/airflow/dags
[2026-03-28T21:14:57.650+0000] {manager.py:740} INFO - There are 3 files in /opt/airflow/dags
[2026-03-28T21:15:08.839+0000] {manager.py:878} INFO - 
================================================================================
DAG File Processing Stats

File Path                                     PID  Runtime      # DAGs    # Errors  Last Runtime    Last Run
------------------------------------------  -----  ---------  --------  ----------  --------------  -------------------
/opt/airflow/dags/extract_data_git_repo.py    322  0.01s             1           0  0.16s           2026-03-28T21:14:38
/opt/airflow/dags/filter_questions.py                                0           1  0.09s           2026-03-28T21:15:04
/opt/airflow/dags/config.py                                          0           0  0.08s           2026-03-28T21:15:04
================================================================================
[2026-03-28T21:15:39.798+0000] {manager.py:878} INFO - 
================================================================================
DAG File Processing Stats

File Path                                     PID  Runtime      # DAGs    # Errors  Last Runtime    Last Run
------------------------------------------  -----  ---------  --------  ----------  --------------  -------------------
/opt/airflow/dags/extract_data_git_repo.py    337  0.01s             1           0  0.13s           2026-03-28T21:15:08
/opt/airflow/dags/filter_questions.py                                0           1  0.10s           2026-03-28T21:15:35
/opt/airflow/dags/config.py                                          0           0  0.06s           2026-03-28T21:15:35
================================================================================
[2026-03-28T21:16:10.686+0000] {manager.py:878} INFO - 
================================================================================
DAG File Processing Stats

File Path                                     PID  Runtime      # DAGs    # Errors  Last Runtime    Last Run
------------------------------------------  -----  ---------  --------  ----------  --------------  -------------------
/opt/airflow/dags/filter_questions.py                                0           1  0.13s           2026-03-28T21:16:06
/opt/airflow/dags/extract_data_git_repo.py    352  0.01s             1           0  0.13s           2026-03-28T21:15:39
/opt/airflow/dags/config.py                                          0           0  0.10s           2026-03-28T21:16:06
================================================================================
[2026-03-28T21:16:41.509+0000] {manager.py:878} INFO - 
================================================================================
DAG File Processing Stats

File Path                                     PID  Runtime      # DAGs    # Errors  Last Runtime    Last Run
------------------------------------------  -----  ---------  --------  ----------  --------------  -------------------
/opt/airflow/dags/extract_data_git_repo.py    367  0.01s             1           0  0.14s           2026-03-28T21:16:10
/opt/airflow/dags/filter_questions.py                                0           1  0.11s           2026-03-28T21:16:37
/opt/airflow/dags/config.py                                          0           0  0.10s           2026-03-28T21:16:37
================================================================================
[2026-03-28T21:17:12.627+0000] {manager.py:878} INFO - 
================================================================================
DAG File Processing Stats

File Path                                     PID  Runtime      # DAGs    # Errors  Last Runtime    Last Run
------------------------------------------  -----  ---------  --------  ----------  --------------  -------------------
/opt/airflow/dags/filter_questions.py                                0           1  0.24s           2026-03-28T21:17:08
/opt/airflow/dags/config.py                                          0           0  0.20s           2026-03-28T21:17:08
/opt/airflow/dags/extract_data_git_repo.py    382  0.01s             1           0  0.15s           2026-03-28T21:16:41
================================================================================
[2026-03-28T21:17:43.651+0000] {manager.py:878} INFO - 
================================================================================
DAG File Processing Stats

File Path                                     PID  Runtime      # DAGs    # Errors  Last Runtime    Last Run
------------------------------------------  -----  ---------  --------  ----------  --------------  -------------------
/opt/airflow/dags/filter_questions.py                                0           1  0.20s           2026-03-28T21:17:39
/opt/airflow/dags/extract_data_git_repo.py    397  0.01s             1           0  0.14s           2026-03-28T21:17:12
/opt/airflow/dags/config.py                                          0           0  0.14s           2026-03-28T21:17:39
================================================================================
[2026-03-28T21:18:14.610+0000] {manager.py:878} INFO - 
================================================================================
DAG File Processing Stats

File Path                                     PID  Runtime      # DAGs    # Errors  Last Runtime    Last Run
------------------------------------------  -----  ---------  --------  ----------  --------------  -------------------
/opt/airflow/dags/extract_data_git_repo.py    412  0.01s             1           0  0.16s           2026-03-28T21:17:43
/opt/airflow/dags/filter_questions.py                                0           1  0.11s           2026-03-28T21:18:10
/opt/airflow/dags/config.py                                          0           0  0.09s           2026-03-28T21:18:10
================================================================================
[2026-03-28T21:18:45.500+0000] {manager.py:878} INFO - 
================================================================================
DAG File Processing Stats

File Path                                     PID  Runtime      # DAGs    # Errors  Last Runtime    Last Run
------------------------------------------  -----  ---------  --------  ----------  --------------  -------------------
/opt/airflow/dags/extract_data_git_repo.py    427  0.01s             1           0  0.22s           2026-03-28T21:18:14
/opt/airflow/dags/filter_questions.py                                0           1  0.10s           2026-03-28T21:18:41
/opt/airflow/dags/config.py                                          0           0  0.07s           2026-03-28T21:18:41
================================================================================
[2026-03-28T21:19:16.335+0000] {manager.py:878} INFO - 
================================================================================
DAG File Processing Stats

File Path                                     PID  Runtime      # DAGs    # Errors  Last Runtime    Last Run
------------------------------------------  -----  ---------  --------  ----------  --------------  -------------------
/opt/airflow/dags/extract_data_git_repo.py    442  0.01s             1           0  0.13s           2026-03-28T21:18:45
/opt/airflow/dags/filter_questions.py                                0           1  0.08s           2026-03-28T21:19:12
/opt/airflow/dags/config.py                                          0           0  0.07s           2026-03-28T21:19:12
================================================================================
[2026-03-28T21:20:22.208+0000] {manager.py:470} INFO - Processing files using up to 2 processes at a time 
[2026-03-28T21:20:22.210+0000] {manager.py:471} INFO - Process each file at most once every 30 seconds
[2026-03-28T21:20:22.211+0000] {manager.py:472} INFO - Checking for new files in /opt/airflow/dags every 300 seconds
[2026-03-28T21:20:22.211+0000] {manager.py:737} INFO - Searching for files in /opt/airflow/dags
[2026-03-28T21:20:22.221+0000] {manager.py:740} INFO - There are 3 files in /opt/airflow/dags
[2026-03-28T21:20:22.895+0000] {manager.py:878} INFO - 
================================================================================
DAG File Processing Stats

File Path                                     PID  Runtime      # DAGs    # Errors  Last Runtime    Last Run
------------------------------------------  -----  ---------  --------  ----------  --------------  ----------
/opt/airflow/dags/filter_questions.py         182  0.37s             0           0
/opt/airflow/dags/config.py                                          0           0
/opt/airflow/dags/extract_data_git_repo.py    185  0.31s             0           0
================================================================================
[2026-03-28T21:20:53.698+0000] {manager.py:878} INFO - 
================================================================================
DAG File Processing Stats

File Path                                   PID    Runtime      # DAGs    # Errors  Last Runtime    Last Run
------------------------------------------  -----  ---------  --------  ----------  --------------  -------------------
/opt/airflow/dags/filter_questions.py                                1           0  5.78s           2026-03-28T21:20:28
/opt/airflow/dags/extract_data_git_repo.py                           1           0  1.28s           2026-03-28T21:20:23
/opt/airflow/dags/config.py                                          0           0  0.07s           2026-03-28T21:20:23
================================================================================
[2026-03-28T21:21:24.839+0000] {manager.py:878} INFO - 
================================================================================
DAG File Processing Stats

File Path                                     PID  Runtime      # DAGs    # Errors  Last Runtime    Last Run
------------------------------------------  -----  ---------  --------  ----------  --------------  -------------------
/opt/airflow/dags/filter_questions.py                                1           0  3.62s           2026-03-28T21:21:02
/opt/airflow/dags/extract_data_git_repo.py                           1           0  0.75s           2026-03-28T21:20:54
/opt/airflow/dags/config.py                   214  0.09s             0           0  0.41s           2026-03-28T21:20:54
================================================================================
[2026-03-28T21:21:57.953+0000] {manager.py:878} INFO - 
================================================================================
DAG File Processing Stats

File Path                                     PID  Runtime      # DAGs    # Errors  Last Runtime    Last Run
------------------------------------------  -----  ---------  --------  ----------  --------------  -------------------
/opt/airflow/dags/filter_questions.py                                1           0  7.55s           2026-03-28T21:21:40
/opt/airflow/dags/config.py                   239  1.03s             0           0  1.56s           2026-03-28T21:21:26
/opt/airflow/dags/extract_data_git_repo.py                           1           0  1.29s           2026-03-28T21:21:26
================================================================================
[2026-03-28T21:22:28.750+0000] {manager.py:878} INFO - 
================================================================================
DAG File Processing Stats

File Path                                     PID  Runtime      # DAGs    # Errors  Last Runtime    Last Run
------------------------------------------  -----  ---------  --------  ----------  --------------  -------------------
/opt/airflow/dags/extract_data_git_repo.py                           1           0  26.84s          2026-03-28T21:22:27
/opt/airflow/dags/config.py                                          0           0  10.74s          2026-03-28T21:22:07
/opt/airflow/dags/filter_questions.py         247  18.41s            1           0  7.55s           2026-03-28T21:21:40
================================================================================
[2026-03-28T21:22:59.864+0000] {manager.py:878} INFO - 
================================================================================
DAG File Processing Stats

File Path                                   PID    Runtime      # DAGs    # Errors  Last Runtime    Last Run
------------------------------------------  -----  ---------  --------  ----------  --------------  -------------------
/opt/airflow/dags/filter_questions.py                                1           0  21.50s          2026-03-28T21:22:31
/opt/airflow/dags/extract_data_git_repo.py                           1           0  0.25s           2026-03-28T21:22:57
/opt/airflow/dags/config.py                                          0           0  0.15s           2026-03-28T21:22:37
================================================================================
[2026-03-28T21:23:31.150+0000] {manager.py:878} INFO - 
================================================================================
DAG File Processing Stats

File Path                                   PID    Runtime      # DAGs    # Errors  Last Runtime    Last Run
------------------------------------------  -----  ---------  --------  ----------  --------------  -------------------
/opt/airflow/dags/filter_questions.py                                1           0  1.40s           2026-03-28T21:23:03
/opt/airflow/dags/extract_data_git_repo.py                           1           0  0.15s           2026-03-28T21:23:28
/opt/airflow/dags/config.py                                          0           0  0.09s           2026-03-28T21:23:08
================================================================================
[2026-03-28T21:24:02.021+0000] {manager.py:878} INFO - 
================================================================================
DAG File Processing Stats

File Path                                   PID    Runtime      # DAGs    # Errors  Last Runtime    Last Run
------------------------------------------  -----  ---------  --------  ----------  --------------  -------------------
/opt/airflow/dags/filter_questions.py                                1           0  1.67s           2026-03-28T21:23:35
/opt/airflow/dags/extract_data_git_repo.py                           1           0  0.14s           2026-03-28T21:23:59
/opt/airflow/dags/config.py                                          0           0  0.07s           2026-03-28T21:23:38
================================================================================
[2026-03-28T21:24:32.952+0000] {manager.py:878} INFO - 
================================================================================
DAG File Processing Stats

File Path                                   PID    Runtime      # DAGs    # Errors  Last Runtime    Last Run
------------------------------------------  -----  ---------  --------  ----------  --------------  -------------------
/opt/airflow/dags/filter_questions.py                                1           0  2.99s           2026-03-28T21:24:09
/opt/airflow/dags/extract_data_git_repo.py                           1           0  0.38s           2026-03-28T21:24:30
/opt/airflow/dags/config.py                                          0           0  0.09s           2026-03-28T21:24:09
================================================================================
[2026-03-28T21:25:03.815+0000] {manager.py:878} INFO - 
================================================================================
DAG File Processing Stats

File Path                                   PID    Runtime      # DAGs    # Errors  Last Runtime    Last Run
------------------------------------------  -----  ---------  --------  ----------  --------------  -------------------
/opt/airflow/dags/filter_questions.py                                1           0  2.75s           2026-03-28T21:24:42
/opt/airflow/dags/extract_data_git_repo.py                           1           0  0.16s           2026-03-28T21:25:00
/opt/airflow/dags/config.py                                          0           0  0.10s           2026-03-28T21:24:40
================================================================================
[2026-03-28T21:25:22.675+0000] {manager.py:737} INFO - Searching for files in /opt/airflow/dags
[2026-03-28T21:25:22.680+0000] {manager.py:740} INFO - There are 3 files in /opt/airflow/dags
[2026-03-28T21:25:34.773+0000] {manager.py:878} INFO - 
================================================================================
DAG File Processing Stats

File Path                                   PID    Runtime      # DAGs    # Errors  Last Runtime    Last Run
------------------------------------------  -----  ---------  --------  ----------  --------------  -------------------
/opt/airflow/dags/filter_questions.py                                1           0  1.31s           2026-03-28T21:25:14
/opt/airflow/dags/extract_data_git_repo.py                           1           0  0.15s           2026-03-28T21:25:31
/opt/airflow/dags/config.py                                          0           0  0.09s           2026-03-28T21:25:10
================================================================================
[2026-03-28T21:26:05.682+0000] {manager.py:878} INFO - 
================================================================================
DAG File Processing Stats

File Path                                   PID    Runtime      # DAGs    # Errors  Last Runtime    Last Run
------------------------------------------  -----  ---------  --------  ----------  --------------  -------------------
/opt/airflow/dags/filter_questions.py                                1           0  0.94s           2026-03-28T21:25:46
/opt/airflow/dags/extract_data_git_repo.py                           1           0  0.16s           2026-03-28T21:26:02
/opt/airflow/dags/config.py                                          0           0  0.08s           2026-03-28T21:25:41
================================================================================
[2026-03-28T21:26:36.594+0000] {manager.py:878} INFO - 
================================================================================
DAG File Processing Stats

File Path                                   PID    Runtime      # DAGs    # Errors  Last Runtime    Last Run
------------------------------------------  -----  ---------  --------  ----------  --------------  -------------------
/opt/airflow/dags/filter_questions.py                                1           0  0.93s           2026-03-28T21:26:17
/opt/airflow/dags/extract_data_git_repo.py                           1           0  0.15s           2026-03-28T21:26:33
/opt/airflow/dags/config.py                                          0           0  0.07s           2026-03-28T21:26:12
================================================================================
[2026-03-28T21:27:07.882+0000] {manager.py:878} INFO - 
================================================================================
DAG File Processing Stats

File Path                                   PID    Runtime      # DAGs    # Errors  Last Runtime    Last Run
------------------------------------------  -----  ---------  --------  ----------  --------------  -------------------
/opt/airflow/dags/filter_questions.py                                1           0  1.32s           2026-03-28T21:26:48
/opt/airflow/dags/extract_data_git_repo.py                           1           0  0.16s           2026-03-28T21:27:04
/opt/airflow/dags/config.py                                          0           0  0.07s           2026-03-28T21:26:43
================================================================================
[2026-03-28T21:27:38.753+0000] {manager.py:878} INFO - 
================================================================================
DAG File Processing Stats

File Path                                   PID    Runtime      # DAGs    # Errors  Last Runtime    Last Run
------------------------------------------  -----  ---------  --------  ----------  --------------  -------------------
/opt/airflow/dags/filter_questions.py                                1           0  1.04s           2026-03-28T21:27:20
/opt/airflow/dags/extract_data_git_repo.py                           1           0  0.17s           2026-03-28T21:27:34
/opt/airflow/dags/config.py                                          0           0  0.08s           2026-03-28T21:27:13
================================================================================
[2026-03-28T21:28:09.663+0000] {manager.py:878} INFO - 
================================================================================
DAG File Processing Stats

File Path                                   PID    Runtime      # DAGs    # Errors  Last Runtime    Last Run
------------------------------------------  -----  ---------  --------  ----------  --------------  -------------------
/opt/airflow/dags/filter_questions.py                                1           0  0.96s           2026-03-28T21:27:52
/opt/airflow/dags/extract_data_git_repo.py                           1           0  0.15s           2026-03-28T21:28:05
/opt/airflow/dags/config.py                                          0           0  0.08s           2026-03-28T21:27:44
================================================================================
[2026-03-28T21:28:40.605+0000] {manager.py:878} INFO - 
================================================================================
DAG File Processing Stats

File Path                                   PID    Runtime      # DAGs    # Errors  Last Runtime    Last Run
------------------------------------------  -----  ---------  --------  ----------  --------------  -------------------
/opt/airflow/dags/filter_questions.py                                1           0  0.92s           2026-03-28T21:28:23
/opt/airflow/dags/extract_data_git_repo.py                           1           0  0.17s           2026-03-28T21:28:36
/opt/airflow/dags/config.py                                          0           0  0.07s           2026-03-28T21:28:15
================================================================================
[2026-03-28T21:29:11.665+0000] {manager.py:878} INFO - 
================================================================================
DAG File Processing Stats

File Path                                   PID    Runtime      # DAGs    # Errors  Last Runtime    Last Run
------------------------------------------  -----  ---------  --------  ----------  --------------  -------------------
/opt/airflow/dags/filter_questions.py                                1           0  1.07s           2026-03-28T21:28:54
/opt/airflow/dags/extract_data_git_repo.py                           1           0  0.16s           2026-03-28T21:29:07
/opt/airflow/dags/config.py                                          0           0  0.09s           2026-03-28T21:28:46
================================================================================
[2026-03-28T21:29:42.567+0000] {manager.py:878} INFO - 
================================================================================
DAG File Processing Stats

File Path                                   PID    Runtime      # DAGs    # Errors  Last Runtime    Last Run
------------------------------------------  -----  ---------  --------  ----------  --------------  -------------------
/opt/airflow/dags/filter_questions.py                                1           0  0.98s           2026-03-28T21:29:26
/opt/airflow/dags/extract_data_git_repo.py                           1           0  0.20s           2026-03-28T21:29:38
/opt/airflow/dags/config.py                                          0           0  0.07s           2026-03-28T21:29:17
================================================================================
[2026-03-28T21:30:13.860+0000] {manager.py:878} INFO - 
================================================================================
DAG File Processing Stats

File Path                                   PID    Runtime      # DAGs    # Errors  Last Runtime    Last Run
------------------------------------------  -----  ---------  --------  ----------  --------------  -------------------
/opt/airflow/dags/filter_questions.py                                1           0  1.08s           2026-03-28T21:29:57
/opt/airflow/dags/extract_data_git_repo.py                           1           0  0.14s           2026-03-28T21:30:09
/opt/airflow/dags/config.py                                          0           0  0.10s           2026-03-28T21:29:48
================================================================================
[2026-03-28T21:30:23.421+0000] {manager.py:737} INFO - Searching for files in /opt/airflow/dags
[2026-03-28T21:30:23.424+0000] {manager.py:740} INFO - There are 3 files in /opt/airflow/dags
[2026-03-28T21:30:45.508+0000] {manager.py:878} INFO - 
================================================================================
DAG File Processing Stats

File Path                                   PID    Runtime      # DAGs    # Errors  Last Runtime    Last Run
------------------------------------------  -----  ---------  --------  ----------  --------------  -------------------
/opt/airflow/dags/filter_questions.py                                1           0  1.12s           2026-03-28T21:30:28
/opt/airflow/dags/extract_data_git_repo.py                           1           0  0.15s           2026-03-28T21:30:39
/opt/airflow/dags/config.py                                          0           0  0.11s           2026-03-28T21:30:18
================================================================================
[2026-03-28T21:31:16.389+0000] {manager.py:878} INFO - 
================================================================================
DAG File Processing Stats

File Path                                   PID    Runtime      # DAGs    # Errors  Last Runtime    Last Run
------------------------------------------  -----  ---------  --------  ----------  --------------  -------------------
/opt/airflow/dags/filter_questions.py                                1           0  0.96s           2026-03-28T21:30:59
/opt/airflow/dags/extract_data_git_repo.py                           1           0  0.16s           2026-03-28T21:31:10
/opt/airflow/dags/config.py                                          0           0  0.09s           2026-03-28T21:30:48
================================================================================
[2026-03-28T21:31:47.240+0000] {manager.py:878} INFO - 
================================================================================
DAG File Processing Stats

File Path                                   PID    Runtime      # DAGs    # Errors  Last Runtime    Last Run
------------------------------------------  -----  ---------  --------  ----------  --------------  -------------------
/opt/airflow/dags/filter_questions.py                                1           0  2.02s           2026-03-28T21:31:43
/opt/airflow/dags/extract_data_git_repo.py                           1           0  0.21s           2026-03-28T21:31:41
/opt/airflow/dags/config.py                                          0           0  0.07s           2026-03-28T21:31:19
================================================================================
[2026-03-28T21:32:18.659+0000] {manager.py:878} INFO - 
================================================================================
DAG File Processing Stats

File Path                                   PID    Runtime      # DAGs    # Errors  Last Runtime    Last Run
------------------------------------------  -----  ---------  --------  ----------  --------------  -------------------
/opt/airflow/dags/filter_questions.py                                1           0  1.00s           2026-03-28T21:32:04
/opt/airflow/dags/extract_data_git_repo.py                           1           0  0.16s           2026-03-28T21:32:12
/opt/airflow/dags/config.py                                          0           0  0.07s           2026-03-28T21:31:50
================================================================================
[2026-03-28T21:32:50.134+0000] {manager.py:878} INFO - 
================================================================================
DAG File Processing Stats

File Path                                   PID    Runtime      # DAGs    # Errors  Last Runtime    Last Run
------------------------------------------  -----  ---------  --------  ----------  --------------  -------------------
/opt/airflow/dags/filter_questions.py                                1           0  3.56s           2026-03-28T21:32:38
/opt/airflow/dags/extract_data_git_repo.py                           1           0  0.14s           2026-03-28T21:32:42
/opt/airflow/dags/config.py                                          0           0  0.08s           2026-03-28T21:32:20
================================================================================
[2026-03-28T21:33:21.057+0000] {manager.py:878} INFO - 
================================================================================
DAG File Processing Stats

File Path                                   PID    Runtime      # DAGs    # Errors  Last Runtime    Last Run
------------------------------------------  -----  ---------  --------  ----------  --------------  -------------------
/opt/airflow/dags/filter_questions.py                                1           0  1.01s           2026-03-28T21:33:10
/opt/airflow/dags/extract_data_git_repo.py                           1           0  0.13s           2026-03-28T21:33:13
/opt/airflow/dags/config.py                                          0           0  0.07s           2026-03-28T21:32:51
================================================================================
[2026-03-28T21:33:51.996+0000] {manager.py:878} INFO - 
================================================================================
DAG File Processing Stats

File Path                                   PID    Runtime      # DAGs    # Errors  Last Runtime    Last Run
------------------------------------------  -----  ---------  --------  ----------  --------------  -------------------
/opt/airflow/dags/filter_questions.py                                1           0  0.99s           2026-03-28T21:33:42
/opt/airflow/dags/extract_data_git_repo.py                           1           0  0.15s           2026-03-28T21:33:44
/opt/airflow/dags/config.py                                          0           0  0.07s           2026-03-28T21:33:22
================================================================================
[2026-03-28T21:34:22.923+0000] {manager.py:878} INFO - 
================================================================================
DAG File Processing Stats

File Path                                   PID    Runtime      # DAGs    # Errors  Last Runtime    Last Run
------------------------------------------  -----  ---------  --------  ----------  --------------  -------------------
/opt/airflow/dags/filter_questions.py                                1           0  0.95s           2026-03-28T21:34:14
/opt/airflow/dags/extract_data_git_repo.py                           1           0  0.14s           2026-03-28T21:34:15
/opt/airflow/dags/config.py                                          0           0  0.07s           2026-03-28T21:33:53
================================================================================
[2026-03-28T21:34:53.915+0000] {manager.py:878} INFO - 
================================================================================
DAG File Processing Stats

File Path                                   PID    Runtime      # DAGs    # Errors  Last Runtime    Last Run
------------------------------------------  -----  ---------  --------  ----------  --------------  -------------------
/opt/airflow/dags/filter_questions.py                                1           0  1.02s           2026-03-28T21:34:45
/opt/airflow/dags/extract_data_git_repo.py                           1           0  0.15s           2026-03-28T21:34:46
/opt/airflow/dags/config.py                                          0           0  0.07s           2026-03-28T21:34:24
================================================================================
[2026-03-28T21:35:23.979+0000] {manager.py:737} INFO - Searching for files in /opt/airflow/dags
[2026-03-28T21:35:23.984+0000] {manager.py:740} INFO - There are 3 files in /opt/airflow/dags
[2026-03-28T21:35:25.014+0000] {manager.py:878} INFO - 
================================================================================
DAG File Processing Stats

File Path                                     PID  Runtime      # DAGs    # Errors  Last Runtime    Last Run
------------------------------------------  -----  ---------  --------  ----------  --------------  -------------------
/opt/airflow/dags/filter_questions.py                                1           0  1.01s           2026-03-28T21:35:16
/opt/airflow/dags/extract_data_git_repo.py                           1           0  0.14s           2026-03-28T21:35:17
/opt/airflow/dags/config.py                   765  0.01s             0           0  0.06s           2026-03-28T21:34:54
================================================================================
[2026-03-28T21:35:55.928+0000] {manager.py:878} INFO - 
================================================================================
DAG File Processing Stats

File Path                                     PID  Runtime      # DAGs    # Errors  Last Runtime    Last Run
------------------------------------------  -----  ---------  --------  ----------  --------------  -------------------
/opt/airflow/dags/filter_questions.py                                1           0  0.95s           2026-03-28T21:35:48
/opt/airflow/dags/extract_data_git_repo.py                           1           0  0.19s           2026-03-28T21:35:48
/opt/airflow/dags/config.py                   787  0.01s             0           0  0.06s           2026-03-28T21:35:25
================================================================================
[2026-03-28T21:36:26.916+0000] {manager.py:878} INFO - 
================================================================================
DAG File Processing Stats

File Path                                     PID  Runtime      # DAGs    # Errors  Last Runtime    Last Run
------------------------------------------  -----  ---------  --------  ----------  --------------  -------------------
/opt/airflow/dags/filter_questions.py                                1           0  1.04s           2026-03-28T21:36:19
/opt/airflow/dags/extract_data_git_repo.py                           1           0  0.16s           2026-03-28T21:36:19
/opt/airflow/dags/config.py                   808  0.01s             0           0  0.07s           2026-03-28T21:35:55
================================================================================
[2026-03-28T21:36:58.154+0000] {manager.py:878} INFO - 
================================================================================
DAG File Processing Stats

File Path                                   PID    Runtime      # DAGs    # Errors  Last Runtime    Last Run
------------------------------------------  -----  ---------  --------  ----------  --------------  -------------------
/opt/airflow/dags/filter_questions.py                                1           0  1.67s           2026-03-28T21:36:51
/opt/airflow/dags/extract_data_git_repo.py                           1           0  0.27s           2026-03-28T21:36:50
/opt/airflow/dags/config.py                                          0           0  0.06s           2026-03-28T21:36:57
================================================================================
[2026-03-28T21:37:29.039+0000] {manager.py:878} INFO - 
================================================================================
DAG File Processing Stats

File Path                                   PID    Runtime      # DAGs    # Errors  Last Runtime    Last Run
------------------------------------------  -----  ---------  --------  ----------  --------------  -------------------
/opt/airflow/dags/filter_questions.py                                1           0  0.96s           2026-03-28T21:37:23
/opt/airflow/dags/extract_data_git_repo.py                           1           0  0.16s           2026-03-28T21:37:21
/opt/airflow/dags/config.py                                          0           0  0.07s           2026-03-28T21:37:28
================================================================================
[2026-03-28T21:37:59.952+0000] {manager.py:878} INFO - 
================================================================================
DAG File Processing Stats

File Path                                   PID    Runtime      # DAGs    # Errors  Last Runtime    Last Run
------------------------------------------  -----  ---------  --------  ----------  --------------  -------------------
/opt/airflow/dags/filter_questions.py                                1           0  0.97s           2026-03-28T21:37:54
/opt/airflow/dags/extract_data_git_repo.py                           1           0  0.16s           2026-03-28T21:37:52
/opt/airflow/dags/config.py                                          0           0  0.06s           2026-03-28T21:37:59
================================================================================
[2026-03-28T21:38:30.762+0000] {manager.py:878} INFO - 
================================================================================
DAG File Processing Stats

File Path                                   PID    Runtime      # DAGs    # Errors  Last Runtime    Last Run
------------------------------------------  -----  ---------  --------  ----------  --------------  -------------------
/opt/airflow/dags/filter_questions.py                                1           0  1.60s           2026-03-28T21:38:26
/opt/airflow/dags/extract_data_git_repo.py                           1           0  0.14s           2026-03-28T21:38:23
/opt/airflow/dags/config.py                                          0           0  0.10s           2026-03-28T21:38:29
================================================================================
[2026-03-28T21:39:02.014+0000] {manager.py:878} INFO - 
================================================================================
DAG File Processing Stats

File Path                                   PID    Runtime      # DAGs    # Errors  Last Runtime    Last Run
------------------------------------------  -----  ---------  --------  ----------  --------------  -------------------
/opt/airflow/dags/filter_questions.py                                1           0  1.27s           2026-03-28T21:38:58
/opt/airflow/dags/extract_data_git_repo.py                           1           0  0.18s           2026-03-28T21:38:54
/opt/airflow/dags/config.py                                          0           0  0.08s           2026-03-28T21:39:00
================================================================================
[2026-03-28T21:39:33.402+0000] {manager.py:878} INFO - 
================================================================================
DAG File Processing Stats

File Path                                   PID    Runtime      # DAGs    # Errors  Last Runtime    Last Run
------------------------------------------  -----  ---------  --------  ----------  --------------  -------------------
/opt/airflow/dags/filter_questions.py                                1           0  1.32s           2026-03-28T21:39:30
/opt/airflow/dags/extract_data_git_repo.py                           1           0  0.15s           2026-03-28T21:39:24
/opt/airflow/dags/config.py                                          0           0  0.06s           2026-03-28T21:39:30
================================================================================
[2026-03-28T21:40:04.726+0000] {manager.py:878} INFO - 
================================================================================
DAG File Processing Stats

File Path                                   PID    Runtime      # DAGs    # Errors  Last Runtime    Last Run
------------------------------------------  -----  ---------  --------  ----------  --------------  -------------------
/opt/airflow/dags/filter_questions.py                                1           0  1.44s           2026-03-28T21:39:35
/opt/airflow/dags/extract_data_git_repo.py                           1           0  0.56s           2026-03-28T21:39:55
/opt/airflow/dags/config.py                                          0           0  0.08s           2026-03-28T21:40:00
================================================================================
[2026-03-28T21:40:24.048+0000] {manager.py:737} INFO - Searching for files in /opt/airflow/dags
[2026-03-28T21:40:24.054+0000] {manager.py:740} INFO - There are 3 files in /opt/airflow/dags
[2026-03-28T21:40:36.044+0000] {manager.py:878} INFO - 
================================================================================
DAG File Processing Stats

File Path                                   PID    Runtime      # DAGs    # Errors  Last Runtime    Last Run
------------------------------------------  -----  ---------  --------  ----------  --------------  -------------------
/opt/airflow/dags/filter_questions.py                                1           0  4.23s           2026-03-28T21:40:10
/opt/airflow/dags/extract_data_git_repo.py                           1           0  0.55s           2026-03-28T21:40:26
/opt/airflow/dags/config.py                                          0           0  0.14s           2026-03-28T21:40:31
================================================================================
[2026-03-28T21:41:07.285+0000] {manager.py:878} INFO - 
================================================================================
DAG File Processing Stats

File Path                                   PID    Runtime      # DAGs    # Errors  Last Runtime    Last Run
------------------------------------------  -----  ---------  --------  ----------  --------------  -------------------
/opt/airflow/dags/filter_questions.py                                1           0  1.78s           2026-03-28T21:40:42
/opt/airflow/dags/extract_data_git_repo.py                           1           0  0.14s           2026-03-28T21:40:56
/opt/airflow/dags/config.py                                          0           0  0.08s           2026-03-28T21:41:01
================================================================================
[2026-03-28T21:41:38.558+0000] {manager.py:878} INFO - 
================================================================================
DAG File Processing Stats

File Path                                   PID    Runtime      # DAGs    # Errors  Last Runtime    Last Run
------------------------------------------  -----  ---------  --------  ----------  --------------  -------------------
/opt/airflow/dags/filter_questions.py                                1           0  1.03s           2026-03-28T21:41:14
/opt/airflow/dags/extract_data_git_repo.py                           1           0  0.32s           2026-03-28T21:41:27
/opt/airflow/dags/config.py                                          0           0  0.06s           2026-03-28T21:41:31
================================================================================
[2026-03-28T21:42:10.149+0000] {manager.py:878} INFO - 
================================================================================
DAG File Processing Stats

File Path                                   PID    Runtime      # DAGs    # Errors  Last Runtime    Last Run
------------------------------------------  -----  ---------  --------  ----------  --------------  -------------------
/opt/airflow/dags/filter_questions.py                                1           0  1.67s           2026-03-28T21:41:46
/opt/airflow/dags/extract_data_git_repo.py                           1           0  0.21s           2026-03-28T21:41:58
/opt/airflow/dags/config.py                                          0           0  0.07s           2026-03-28T21:42:02
================================================================================
[2026-03-28T21:42:41.564+0000] {manager.py:878} INFO - 
================================================================================
DAG File Processing Stats

File Path                                   PID    Runtime      # DAGs    # Errors  Last Runtime    Last Run
------------------------------------------  -----  ---------  --------  ----------  --------------  -------------------
/opt/airflow/dags/filter_questions.py                                1           0  1.52s           2026-03-28T21:42:28
/opt/airflow/dags/extract_data_git_repo.py                           1           0  0.16s           2026-03-28T21:42:28
/opt/airflow/dags/config.py                                          0           0  0.15s           2026-03-28T21:42:32
================================================================================
[2026-03-28T21:43:12.828+0000] {manager.py:878} INFO - 
================================================================================
DAG File Processing Stats

File Path                                   PID    Runtime      # DAGs    # Errors  Last Runtime    Last Run
------------------------------------------  -----  ---------  --------  ----------  --------------  -------------------
/opt/airflow/dags/filter_questions.py                                1           0  1.43s           2026-03-28T21:43:06
/opt/airflow/dags/extract_data_git_repo.py                           1           0  0.18s           2026-03-28T21:42:59
/opt/airflow/dags/config.py                                          0           0  0.13s           2026-03-28T21:43:03
================================================================================
[2026-03-28T21:43:43.800+0000] {manager.py:878} INFO - 
================================================================================
DAG File Processing Stats

File Path                                   PID    Runtime      # DAGs    # Errors  Last Runtime    Last Run
------------------------------------------  -----  ---------  --------  ----------  --------------  -------------------
/opt/airflow/dags/filter_questions.py                                1           0  0.93s           2026-03-28T21:43:37
/opt/airflow/dags/config.py                                          0           0  0.20s           2026-03-28T21:43:34
/opt/airflow/dags/extract_data_git_repo.py                           1           0  0.15s           2026-03-28T21:43:30
================================================================================
[2026-03-28T21:44:14.956+0000] {manager.py:878} INFO - 
================================================================================
DAG File Processing Stats

File Path                                   PID    Runtime      # DAGs    # Errors  Last Runtime    Last Run
------------------------------------------  -----  ---------  --------  ----------  --------------  -------------------
/opt/airflow/dags/filter_questions.py                                1           0  1.01s           2026-03-28T21:44:05
/opt/airflow/dags/extract_data_git_repo.py                           1           0  0.14s           2026-03-28T21:44:00
/opt/airflow/dags/config.py                                          0           0  0.07s           2026-03-28T21:44:04
================================================================================
[2026-03-28T21:44:46.015+0000] {manager.py:878} INFO - 
================================================================================
DAG File Processing Stats

File Path                                   PID    Runtime      # DAGs    # Errors  Last Runtime    Last Run
------------------------------------------  -----  ---------  --------  ----------  --------------  -------------------
/opt/airflow/dags/filter_questions.py                                1           0  1.03s           2026-03-28T21:44:36
/opt/airflow/dags/extract_data_git_repo.py                           1           0  0.19s           2026-03-28T21:44:31
/opt/airflow/dags/config.py                                          0           0  0.07s           2026-03-28T21:44:35
================================================================================
[2026-03-28T21:45:17.019+0000] {manager.py:878} INFO - 
================================================================================
DAG File Processing Stats

File Path                                   PID    Runtime      # DAGs    # Errors  Last Runtime    Last Run
------------------------------------------  -----  ---------  --------  ----------  --------------  -------------------
/opt/airflow/dags/filter_questions.py                                1           0  0.96s           2026-03-28T21:45:07
/opt/airflow/dags/extract_data_git_repo.py                           1           0  0.14s           2026-03-28T21:45:02
/opt/airflow/dags/config.py                                          0           0  0.07s           2026-03-28T21:45:06
================================================================================
[2026-03-28T21:45:24.057+0000] {manager.py:737} INFO - Searching for files in /opt/airflow/dags
[2026-03-28T21:45:24.061+0000] {manager.py:740} INFO - There are 3 files in /opt/airflow/dags
[2026-03-28T21:45:48.028+0000] {manager.py:878} INFO - 
================================================================================
DAG File Processing Stats

File Path                                   PID    Runtime      # DAGs    # Errors  Last Runtime    Last Run
------------------------------------------  -----  ---------  --------  ----------  --------------  -------------------
/opt/airflow/dags/filter_questions.py                                1           0  0.94s           2026-03-28T21:45:38
/opt/airflow/dags/extract_data_git_repo.py                           1           0  0.15s           2026-03-28T21:45:33
/opt/airflow/dags/config.py                                          0           0  0.07s           2026-03-28T21:45:37
================================================================================
[2026-03-28T21:46:18.903+0000] {manager.py:878} INFO - 
================================================================================
DAG File Processing Stats

File Path                                   PID    Runtime      # DAGs    # Errors  Last Runtime    Last Run
------------------------------------------  -----  ---------  --------  ----------  --------------  -------------------
/opt/airflow/dags/filter_questions.py                                1           0  0.95s           2026-03-28T21:46:10
/opt/airflow/dags/extract_data_git_repo.py                           1           0  0.14s           2026-03-28T21:46:04
/opt/airflow/dags/config.py                                          0           0  0.07s           2026-03-28T21:46:07
================================================================================
[2026-03-28T21:46:49.952+0000] {manager.py:878} INFO - 
================================================================================
DAG File Processing Stats

File Path                                   PID    Runtime      # DAGs    # Errors  Last Runtime    Last Run
------------------------------------------  -----  ---------  --------  ----------  --------------  -------------------
/opt/airflow/dags/filter_questions.py                                1           0  0.98s           2026-03-28T21:46:41
/opt/airflow/dags/extract_data_git_repo.py                           1           0  0.14s           2026-03-28T21:46:35
/opt/airflow/dags/config.py                                          0           0  0.07s           2026-03-28T21:46:38
================================================================================
[2026-03-28T21:47:21.067+0000] {manager.py:878} INFO - 
================================================================================
DAG File Processing Stats

File Path                                   PID    Runtime      # DAGs    # Errors  Last Runtime    Last Run
------------------------------------------  -----  ---------  --------  ----------  --------------  -------------------
/opt/airflow/dags/filter_questions.py                                1           0  1.66s           2026-03-28T21:47:13
/opt/airflow/dags/extract_data_git_repo.py                           1           0  0.14s           2026-03-28T21:47:06
/opt/airflow/dags/config.py                                          0           0  0.07s           2026-03-28T21:47:09
================================================================================
[2026-03-28T21:47:52.645+0000] {manager.py:878} INFO - 
================================================================================
DAG File Processing Stats

File Path                                   PID    Runtime      # DAGs    # Errors  Last Runtime    Last Run
------------------------------------------  -----  ---------  --------  ----------  --------------  -------------------
/opt/airflow/dags/filter_questions.py                                1           0  1.24s           2026-03-28T21:47:45
/opt/airflow/dags/extract_data_git_repo.py                           1           0  0.39s           2026-03-28T21:47:37
/opt/airflow/dags/config.py                                          0           0  0.07s           2026-03-28T21:47:39
================================================================================
[2026-03-28T21:48:23.606+0000] {manager.py:878} INFO - 
================================================================================
DAG File Processing Stats

File Path                                   PID    Runtime      # DAGs    # Errors  Last Runtime    Last Run
------------------------------------------  -----  ---------  --------  ----------  --------------  -------------------
/opt/airflow/dags/filter_questions.py                                1           0  1.03s           2026-03-28T21:48:17
/opt/airflow/dags/extract_data_git_repo.py                           1           0  0.15s           2026-03-28T21:48:07
/opt/airflow/dags/config.py                                          0           0  0.06s           2026-03-28T21:48:10
================================================================================
[2026-03-28T21:48:54.556+0000] {manager.py:878} INFO - 
================================================================================
DAG File Processing Stats

File Path                                   PID    Runtime      # DAGs    # Errors  Last Runtime    Last Run
------------------------------------------  -----  ---------  --------  ----------  --------------  -------------------
/opt/airflow/dags/filter_questions.py                                1           0  0.92s           2026-03-28T21:48:48
/opt/airflow/dags/extract_data_git_repo.py                           1           0  0.18s           2026-03-28T21:48:38
/opt/airflow/dags/config.py                                          0           0  0.07s           2026-03-28T21:48:41
================================================================================
[2026-03-28T21:49:25.603+0000] {manager.py:878} INFO - 
================================================================================
DAG File Processing Stats

File Path                                   PID    Runtime      # DAGs    # Errors  Last Runtime    Last Run
------------------------------------------  -----  ---------  --------  ----------  --------------  -------------------
/opt/airflow/dags/filter_questions.py                                1           0  1.10s           2026-03-28T21:49:19
/opt/airflow/dags/extract_data_git_repo.py                           1           0  0.15s           2026-03-28T21:49:09
/opt/airflow/dags/config.py                                          0           0  0.07s           2026-03-28T21:49:12
================================================================================
[2026-03-28T21:49:56.647+0000] {manager.py:878} INFO - 
================================================================================
DAG File Processing Stats

File Path                                   PID    Runtime      # DAGs    # Errors  Last Runtime    Last Run
------------------------------------------  -----  ---------  --------  ----------  --------------  -------------------
/opt/airflow/dags/filter_questions.py                                1           0  1.07s           2026-03-28T21:49:51
/opt/airflow/dags/extract_data_git_repo.py                           1           0  0.17s           2026-03-28T21:49:40
/opt/airflow/dags/config.py                                          0           0  0.06s           2026-03-28T21:49:43
================================================================================
[2026-03-28T21:50:24.838+0000] {manager.py:737} INFO - Searching for files in /opt/airflow/dags
[2026-03-28T21:50:24.841+0000] {manager.py:740} INFO - There are 3 files in /opt/airflow/dags
[2026-03-28T21:50:27.876+0000] {manager.py:878} INFO - 
================================================================================
DAG File Processing Stats

File Path                                   PID    Runtime      # DAGs    # Errors  Last Runtime    Last Run
------------------------------------------  -----  ---------  --------  ----------  --------------  -------------------
/opt/airflow/dags/filter_questions.py                                1           0  1.22s           2026-03-28T21:50:22
/opt/airflow/dags/extract_data_git_repo.py                           1           0  0.16s           2026-03-28T21:50:11
/opt/airflow/dags/config.py                                          0           0  0.07s           2026-03-28T21:50:13
================================================================================
[2026-03-28T21:50:58.696+0000] {manager.py:878} INFO - 
================================================================================
DAG File Processing Stats

File Path                                   PID    Runtime      # DAGs    # Errors  Last Runtime    Last Run
------------------------------------------  -----  ---------  --------  ----------  --------------  -------------------
/opt/airflow/dags/filter_questions.py                                1           0  3.17s           2026-03-28T21:50:56
/opt/airflow/dags/extract_data_git_repo.py                           1           0  0.60s           2026-03-28T21:50:42
/opt/airflow/dags/config.py                                          0           0  0.16s           2026-03-28T21:50:44
================================================================================
[2026-03-28T21:51:29.667+0000] {manager.py:878} INFO - 
================================================================================
DAG File Processing Stats

File Path                                   PID    Runtime      # DAGs    # Errors  Last Runtime    Last Run
------------------------------------------  -----  ---------  --------  ----------  --------------  -------------------
/opt/airflow/dags/filter_questions.py                                1           0  1.11s           2026-03-28T21:51:28
/opt/airflow/dags/extract_data_git_repo.py                           1           0  0.15s           2026-03-28T21:51:12
/opt/airflow/dags/config.py                                          0           0  0.08s           2026-03-28T21:51:15
================================================================================
[2026-03-28T21:52:00.863+0000] {manager.py:878} INFO - 
================================================================================
DAG File Processing Stats

File Path                                     PID  Runtime      # DAGs    # Errors  Last Runtime    Last Run
------------------------------------------  -----  ---------  --------  ----------  --------------  -------------------
/opt/airflow/dags/filter_questions.py        1366  2.02s             1           0  1.11s           2026-03-28T21:51:28
/opt/airflow/dags/config.py                                          0           0  0.30s           2026-03-28T21:51:46
/opt/airflow/dags/extract_data_git_repo.py                           1           0  0.18s           2026-03-28T21:51:43
================================================================================
[2026-03-28T21:52:31.977+0000] {manager.py:878} INFO - 
================================================================================
DAG File Processing Stats

File Path                                   PID    Runtime      # DAGs    # Errors  Last Runtime    Last Run
------------------------------------------  -----  ---------  --------  ----------  --------------  -------------------
/opt/airflow/dags/filter_questions.py                                1           0  3.75s           2026-03-28T21:52:02
/opt/airflow/dags/extract_data_git_repo.py                           1           0  0.15s           2026-03-28T21:52:14
/opt/airflow/dags/config.py                                          0           0  0.07s           2026-03-28T21:52:16
================================================================================
[2026-03-28T21:53:03.223+0000] {manager.py:878} INFO - 
================================================================================
DAG File Processing Stats

File Path                                   PID    Runtime      # DAGs    # Errors  Last Runtime    Last Run
------------------------------------------  -----  ---------  --------  ----------  --------------  -------------------
/opt/airflow/dags/filter_questions.py                                1           0  1.27s           2026-03-28T21:52:34
/opt/airflow/dags/extract_data_git_repo.py                           1           0  0.20s           2026-03-28T21:52:44
/opt/airflow/dags/config.py                                          0           0  0.06s           2026-03-28T21:52:48
================================================================================
[2026-03-28T21:53:34.709+0000] {manager.py:878} INFO - 
================================================================================
DAG File Processing Stats

File Path                                   PID    Runtime      # DAGs    # Errors  Last Runtime    Last Run
------------------------------------------  -----  ---------  --------  ----------  --------------  -------------------
/opt/airflow/dags/filter_questions.py                                1           0  1.51s           2026-03-28T21:53:05
/opt/airflow/dags/extract_data_git_repo.py                           1           0  0.20s           2026-03-28T21:53:15
/opt/airflow/dags/config.py                                          0           0  0.08s           2026-03-28T21:53:18
================================================================================
[2026-03-28T21:54:06.036+0000] {manager.py:878} INFO - 
================================================================================
DAG File Processing Stats

File Path                                   PID    Runtime      # DAGs    # Errors  Last Runtime    Last Run
------------------------------------------  -----  ---------  --------  ----------  --------------  -------------------
/opt/airflow/dags/filter_questions.py                                1           0  1.38s           2026-03-28T21:53:38
/opt/airflow/dags/extract_data_git_repo.py                           1           0  0.14s           2026-03-28T21:53:45
/opt/airflow/dags/config.py                                          0           0  0.07s           2026-03-28T21:53:48
================================================================================
[2026-03-28T21:54:37.614+0000] {manager.py:878} INFO - 
================================================================================
DAG File Processing Stats

File Path                                   PID    Runtime      # DAGs    # Errors  Last Runtime    Last Run
------------------------------------------  -----  ---------  --------  ----------  --------------  -------------------
/opt/airflow/dags/filter_questions.py                                1           0  1.59s           2026-03-28T21:54:10
/opt/airflow/dags/extract_data_git_repo.py                           1           0  0.18s           2026-03-28T21:54:15
/opt/airflow/dags/config.py                                          0           0  0.08s           2026-03-28T21:54:19
================================================================================
[2026-03-28T21:55:08.625+0000] {manager.py:878} INFO - 
================================================================================
DAG File Processing Stats

File Path                                   PID    Runtime      # DAGs    # Errors  Last Runtime    Last Run
------------------------------------------  -----  ---------  --------  ----------  --------------  -------------------
/opt/airflow/dags/filter_questions.py                                1           0  1.02s           2026-03-28T21:54:41
/opt/airflow/dags/extract_data_git_repo.py                           1           0  0.14s           2026-03-28T21:54:46
/opt/airflow/dags/config.py                                          0           0  0.07s           2026-03-28T21:54:50
================================================================================
[2026-03-28T21:55:25.529+0000] {manager.py:737} INFO - Searching for files in /opt/airflow/dags
[2026-03-28T21:55:25.537+0000] {manager.py:740} INFO - There are 3 files in /opt/airflow/dags
[2026-03-28T21:55:39.626+0000] {manager.py:878} INFO - 
================================================================================
DAG File Processing Stats

File Path                                   PID    Runtime      # DAGs    # Errors  Last Runtime    Last Run
------------------------------------------  -----  ---------  --------  ----------  --------------  -------------------
/opt/airflow/dags/filter_questions.py                                1           0  0.99s           2026-03-28T21:55:13
/opt/airflow/dags/extract_data_git_repo.py                           1           0  0.16s           2026-03-28T21:55:17
/opt/airflow/dags/config.py                                          0           0  0.07s           2026-03-28T21:55:21
================================================================================
[2026-03-28T21:56:10.894+0000] {manager.py:878} INFO - 
================================================================================
DAG File Processing Stats

File Path                                   PID    Runtime      # DAGs    # Errors  Last Runtime    Last Run
------------------------------------------  -----  ---------  --------  ----------  --------------  -------------------
/opt/airflow/dags/filter_questions.py                                1           0  1.07s           2026-03-28T21:55:55
/opt/airflow/dags/extract_data_git_repo.py                           1           0  0.13s           2026-03-28T21:55:48
/opt/airflow/dags/config.py                                          0           0  0.06s           2026-03-28T21:55:52
================================================================================
[2026-03-28T21:56:42.027+0000] {manager.py:878} INFO - 
================================================================================
DAG File Processing Stats

File Path                                   PID    Runtime      # DAGs    # Errors  Last Runtime    Last Run
------------------------------------------  -----  ---------  --------  ----------  --------------  -------------------
/opt/airflow/dags/filter_questions.py                                1           0  1.00s           2026-03-28T21:56:26
/opt/airflow/dags/extract_data_git_repo.py                           1           0  0.20s           2026-03-28T21:56:19
/opt/airflow/dags/config.py                                          0           0  0.08s           2026-03-28T21:56:22
================================================================================
[2026-03-28T21:57:13.100+0000] {manager.py:878} INFO - 
================================================================================
DAG File Processing Stats

File Path                                   PID    Runtime      # DAGs    # Errors  Last Runtime    Last Run
------------------------------------------  -----  ---------  --------  ----------  --------------  -------------------
/opt/airflow/dags/filter_questions.py                                1           0  1.07s           2026-03-28T21:56:58
/opt/airflow/dags/extract_data_git_repo.py                           1           0  0.18s           2026-03-28T21:56:50
/opt/airflow/dags/config.py                                          0           0  0.08s           2026-03-28T21:56:53
================================================================================
[2026-03-28T21:57:44.102+0000] {manager.py:878} INFO - 
================================================================================
DAG File Processing Stats

File Path                                   PID    Runtime      # DAGs    # Errors  Last Runtime    Last Run
------------------------------------------  -----  ---------  --------  ----------  --------------  -------------------
/opt/airflow/dags/filter_questions.py                                1           0  1.01s           2026-03-28T21:57:29
/opt/airflow/dags/extract_data_git_repo.py                           1           0  0.16s           2026-03-28T21:57:21
/opt/airflow/dags/config.py                                          0           0  0.08s           2026-03-28T21:57:25
================================================================================
[2026-03-28T21:58:15.251+0000] {manager.py:878} INFO - 
================================================================================
DAG File Processing Stats

File Path                                   PID    Runtime      # DAGs    # Errors  Last Runtime    Last Run
------------------------------------------  -----  ---------  --------  ----------  --------------  -------------------
/opt/airflow/dags/filter_questions.py                                1           0  1.21s           2026-03-28T21:58:00
/opt/airflow/dags/extract_data_git_repo.py                           1           0  0.14s           2026-03-28T21:57:52
/opt/airflow/dags/config.py                                          0           0  0.06s           2026-03-28T21:57:55
================================================================================
[2026-03-28T21:58:46.354+0000] {manager.py:878} INFO - 
================================================================================
DAG File Processing Stats

File Path                                   PID    Runtime      # DAGs    # Errors  Last Runtime    Last Run
------------------------------------------  -----  ---------  --------  ----------  --------------  -------------------
/opt/airflow/dags/filter_questions.py                                1           0  1.05s           2026-03-28T21:58:32
/opt/airflow/dags/extract_data_git_repo.py                           1           0  0.15s           2026-03-28T21:58:22
/opt/airflow/dags/config.py                                          0           0  0.06s           2026-03-28T21:58:26
================================================================================
[2026-03-28T21:59:17.372+0000] {manager.py:878} INFO - 
================================================================================
DAG File Processing Stats

File Path                                   PID    Runtime      # DAGs    # Errors  Last Runtime    Last Run
------------------------------------------  -----  ---------  --------  ----------  --------------  -------------------
/opt/airflow/dags/filter_questions.py                                1           0  0.96s           2026-03-28T21:59:03
/opt/airflow/dags/extract_data_git_repo.py                           1           0  0.15s           2026-03-28T21:58:53
/opt/airflow/dags/config.py                                          0           0  0.07s           2026-03-28T21:58:57
================================================================================
[2026-03-28T21:59:48.336+0000] {manager.py:878} INFO - 
================================================================================
DAG File Processing Stats

File Path                                   PID    Runtime      # DAGs    # Errors  Last Runtime    Last Run
------------------------------------------  -----  ---------  --------  ----------  --------------  -------------------
/opt/airflow/dags/filter_questions.py                                1           0  0.99s           2026-03-28T21:59:34
/opt/airflow/dags/extract_data_git_repo.py                           1           0  0.14s           2026-03-28T21:59:24
/opt/airflow/dags/config.py                                          0           0  0.07s           2026-03-28T21:59:28
================================================================================
[2026-03-28T22:00:19.428+0000] {manager.py:878} INFO - 
================================================================================
DAG File Processing Stats

File Path                                   PID    Runtime      # DAGs    # Errors  Last Runtime    Last Run
------------------------------------------  -----  ---------  --------  ----------  --------------  -------------------
/opt/airflow/dags/filter_questions.py                                1           0  0.99s           2026-03-28T22:00:05
/opt/airflow/dags/extract_data_git_repo.py                           1           0  0.15s           2026-03-28T21:59:55
/opt/airflow/dags/config.py                                          0           0  0.07s           2026-03-28T21:59:58
================================================================================
[2026-03-28T22:00:26.469+0000] {manager.py:737} INFO - Searching for files in /opt/airflow/dags
[2026-03-28T22:00:26.474+0000] {manager.py:740} INFO - There are 3 files in /opt/airflow/dags
[2026-03-28T22:00:50.392+0000] {manager.py:878} INFO - 
================================================================================
DAG File Processing Stats

File Path                                   PID    Runtime      # DAGs    # Errors  Last Runtime    Last Run
------------------------------------------  -----  ---------  --------  ----------  --------------  -------------------
/opt/airflow/dags/filter_questions.py                                1           0  0.95s           2026-03-28T22:00:36
/opt/airflow/dags/extract_data_git_repo.py                           1           0  0.14s           2026-03-28T22:00:26
/opt/airflow/dags/config.py                                          0           0  0.06s           2026-03-28T22:00:29
================================================================================
[2026-03-28T22:01:21.490+0000] {manager.py:878} INFO - 
================================================================================
DAG File Processing Stats

File Path                                   PID    Runtime      # DAGs    # Errors  Last Runtime    Last Run
------------------------------------------  -----  ---------  --------  ----------  --------------  -------------------
/opt/airflow/dags/filter_questions.py                                1           0  0.98s           2026-03-28T22:01:07
/opt/airflow/dags/extract_data_git_repo.py                           1           0  0.15s           2026-03-28T22:00:57
/opt/airflow/dags/config.py                                          0           0  0.06s           2026-03-28T22:01:00
================================================================================
[2026-03-28T22:01:52.456+0000] {manager.py:878} INFO - 
================================================================================
DAG File Processing Stats

File Path                                   PID    Runtime      # DAGs    # Errors  Last Runtime    Last Run
------------------------------------------  -----  ---------  --------  ----------  --------------  -------------------
/opt/airflow/dags/filter_questions.py                                1           0  0.96s           2026-03-28T22:01:38
/opt/airflow/dags/extract_data_git_repo.py                           1           0  0.14s           2026-03-28T22:01:28
/opt/airflow/dags/config.py                                          0           0  0.07s           2026-03-28T22:01:31
================================================================================
[2026-03-28T22:02:23.516+0000] {manager.py:878} INFO - 
================================================================================
DAG File Processing Stats

File Path                                   PID    Runtime      # DAGs    # Errors  Last Runtime    Last Run
------------------------------------------  -----  ---------  --------  ----------  --------------  -------------------
/opt/airflow/dags/filter_questions.py                                1           0  0.97s           2026-03-28T22:02:09
/opt/airflow/dags/extract_data_git_repo.py                           1           0  0.13s           2026-03-28T22:01:59
/opt/airflow/dags/config.py                                          0           0  0.07s           2026-03-28T22:02:01
================================================================================
[2026-03-28T22:02:54.594+0000] {manager.py:878} INFO - 
================================================================================
DAG File Processing Stats

File Path                                   PID    Runtime      # DAGs    # Errors  Last Runtime    Last Run
------------------------------------------  -----  ---------  --------  ----------  --------------  -------------------
/opt/airflow/dags/filter_questions.py                                1           0  1.07s           2026-03-28T22:02:40
/opt/airflow/dags/extract_data_git_repo.py                           1           0  0.14s           2026-03-28T22:02:30
/opt/airflow/dags/config.py                                          0           0  0.07s           2026-03-28T22:02:32
================================================================================
[2026-03-28T22:03:25.579+0000] {manager.py:878} INFO - 
================================================================================
DAG File Processing Stats

File Path                                   PID    Runtime      # DAGs    # Errors  Last Runtime    Last Run
------------------------------------------  -----  ---------  --------  ----------  --------------  -------------------
/opt/airflow/dags/filter_questions.py                                1           0  0.99s           2026-03-28T22:03:11
/opt/airflow/dags/extract_data_git_repo.py                           1           0  0.14s           2026-03-28T22:03:01
/opt/airflow/dags/config.py                                          0           0  0.08s           2026-03-28T22:03:03
================================================================================
[2026-03-28T22:03:56.596+0000] {manager.py:878} INFO - 
================================================================================
DAG File Processing Stats

File Path                                   PID    Runtime      # DAGs    # Errors  Last Runtime    Last Run
------------------------------------------  -----  ---------  --------  ----------  --------------  -------------------
/opt/airflow/dags/filter_questions.py                                1           0  0.99s           2026-03-28T22:03:42
/opt/airflow/dags/extract_data_git_repo.py                           1           0  0.48s           2026-03-28T22:03:33
/opt/airflow/dags/config.py                                          0           0  0.07s           2026-03-28T22:03:34
================================================================================
[2026-03-28T22:04:27.648+0000] {manager.py:878} INFO - 
================================================================================
DAG File Processing Stats

File Path                                   PID    Runtime      # DAGs    # Errors  Last Runtime    Last Run
------------------------------------------  -----  ---------  --------  ----------  --------------  -------------------
/opt/airflow/dags/filter_questions.py                                1           0  0.95s           2026-03-28T22:04:13
/opt/airflow/dags/extract_data_git_repo.py                           1           0  0.61s           2026-03-28T22:04:04
/opt/airflow/dags/config.py                                          0           0  0.07s           2026-03-28T22:04:04
================================================================================
[2026-03-28T22:04:58.721+0000] {manager.py:878} INFO - 
================================================================================
DAG File Processing Stats

File Path                                   PID    Runtime      # DAGs    # Errors  Last Runtime    Last Run
------------------------------------------  -----  ---------  --------  ----------  --------------  -------------------
/opt/airflow/dags/filter_questions.py                                1           0  1.01s           2026-03-28T22:04:44
/opt/airflow/dags/extract_data_git_repo.py                           1           0  0.18s           2026-03-28T22:04:35
/opt/airflow/dags/config.py                                          0           0  0.09s           2026-03-28T22:04:35
================================================================================
[2026-03-28T22:05:26.836+0000] {manager.py:737} INFO - Searching for files in /opt/airflow/dags
[2026-03-28T22:05:26.840+0000] {manager.py:740} INFO - There are 3 files in /opt/airflow/dags
[2026-03-28T22:05:29.871+0000] {manager.py:878} INFO - 
================================================================================
DAG File Processing Stats

File Path                                   PID    Runtime      # DAGs    # Errors  Last Runtime    Last Run
------------------------------------------  -----  ---------  --------  ----------  --------------  -------------------
/opt/airflow/dags/filter_questions.py                                1           0  2.28s           2026-03-28T22:05:16
/opt/airflow/dags/extract_data_git_repo.py                           1           0  0.17s           2026-03-28T22:05:06
/opt/airflow/dags/config.py                                          0           0  0.08s           2026-03-28T22:05:06
================================================================================
[2026-03-28T22:06:01.166+0000] {manager.py:878} INFO - 
================================================================================
DAG File Processing Stats

File Path                                   PID    Runtime      # DAGs    # Errors  Last Runtime    Last Run
------------------------------------------  -----  ---------  --------  ----------  --------------  -------------------
/opt/airflow/dags/filter_questions.py                                1           0  1.39s           2026-03-28T22:05:48
/opt/airflow/dags/extract_data_git_repo.py                           1           0  0.15s           2026-03-28T22:05:37
/opt/airflow/dags/config.py                                          0           0  0.07s           2026-03-28T22:05:36
================================================================================
[2026-03-28T22:06:32.274+0000] {manager.py:878} INFO - 
================================================================================
DAG File Processing Stats

File Path                                   PID    Runtime      # DAGs    # Errors  Last Runtime    Last Run
------------------------------------------  -----  ---------  --------  ----------  --------------  -------------------
/opt/airflow/dags/filter_questions.py                                1           0  1.22s           2026-03-28T22:06:20
/opt/airflow/dags/extract_data_git_repo.py                           1           0  0.16s           2026-03-28T22:06:08
/opt/airflow/dags/config.py                                          0           0  0.08s           2026-03-28T22:06:08
================================================================================
[2026-03-28T22:07:03.376+0000] {manager.py:878} INFO - 
================================================================================
DAG File Processing Stats

File Path                                   PID    Runtime      # DAGs    # Errors  Last Runtime    Last Run
------------------------------------------  -----  ---------  --------  ----------  --------------  -------------------
/opt/airflow/dags/filter_questions.py                                1           0  1.09s           2026-03-28T22:06:52
/opt/airflow/dags/extract_data_git_repo.py                           1           0  0.15s           2026-03-28T22:06:39
/opt/airflow/dags/config.py                                          0           0  0.07s           2026-03-28T22:06:39
================================================================================
[2026-03-28T22:07:34.517+0000] {manager.py:878} INFO - 
================================================================================
DAG File Processing Stats

File Path                                   PID    Runtime      # DAGs    # Errors  Last Runtime    Last Run
------------------------------------------  -----  ---------  --------  ----------  --------------  -------------------
/opt/airflow/dags/filter_questions.py                                1           0  1.03s           2026-03-28T22:07:23
/opt/airflow/dags/extract_data_git_repo.py                           1           0  0.21s           2026-03-28T22:07:10
/opt/airflow/dags/config.py                                          0           0  0.12s           2026-03-28T22:07:10
================================================================================
[2026-03-28T22:08:05.614+0000] {manager.py:878} INFO - 
================================================================================
DAG File Processing Stats

File Path                                   PID    Runtime      # DAGs    # Errors  Last Runtime    Last Run
------------------------------------------  -----  ---------  --------  ----------  --------------  -------------------
/opt/airflow/dags/filter_questions.py                                1           0  1.07s           2026-03-28T22:07:54
/opt/airflow/dags/extract_data_git_repo.py                           1           0  0.15s           2026-03-28T22:07:40
/opt/airflow/dags/config.py                                          0           0  0.08s           2026-03-28T22:07:40
================================================================================
[2026-03-28T22:08:36.662+0000] {manager.py:878} INFO - 
================================================================================
DAG File Processing Stats

File Path                                   PID    Runtime      # DAGs    # Errors  Last Runtime    Last Run
------------------------------------------  -----  ---------  --------  ----------  --------------  -------------------
/opt/airflow/dags/filter_questions.py                                1           0  0.94s           2026-03-28T22:08:25
/opt/airflow/dags/extract_data_git_repo.py                           1           0  0.15s           2026-03-28T22:08:11
/opt/airflow/dags/config.py                                          0           0  0.07s           2026-03-28T22:08:11
================================================================================
[2026-03-28T22:09:07.835+0000] {manager.py:878} INFO - 
================================================================================
DAG File Processing Stats

File Path                                   PID    Runtime      # DAGs    # Errors  Last Runtime    Last Run
------------------------------------------  -----  ---------  --------  ----------  --------------  -------------------
/opt/airflow/dags/filter_questions.py                                1           0  1.10s           2026-03-28T22:08:56
/opt/airflow/dags/extract_data_git_repo.py                           1           0  0.19s           2026-03-28T22:08:42
/opt/airflow/dags/config.py                                          0           0  0.09s           2026-03-28T22:08:42
================================================================================
[2026-03-28T22:09:38.909+0000] {manager.py:878} INFO - 
================================================================================
DAG File Processing Stats

File Path                                   PID    Runtime      # DAGs    # Errors  Last Runtime    Last Run
------------------------------------------  -----  ---------  --------  ----------  --------------  -------------------
/opt/airflow/dags/filter_questions.py                                1           0  1.13s           2026-03-28T22:09:27
/opt/airflow/dags/extract_data_git_repo.py                           1           0  0.17s           2026-03-28T22:09:12
/opt/airflow/dags/config.py                                          0           0  0.08s           2026-03-28T22:09:12
================================================================================
[2026-03-28T22:10:09.954+0000] {manager.py:878} INFO - 
================================================================================
DAG File Processing Stats

File Path                                   PID    Runtime      # DAGs    # Errors  Last Runtime    Last Run
------------------------------------------  -----  ---------  --------  ----------  --------------  -------------------
/opt/airflow/dags/filter_questions.py                                1           0  1.01s           2026-03-28T22:09:59
/opt/airflow/dags/extract_data_git_repo.py                           1           0  0.15s           2026-03-28T22:09:43
/opt/airflow/dags/config.py                                          0           0  0.07s           2026-03-28T22:09:43
================================================================================
[2026-03-28T22:10:26.956+0000] {manager.py:737} INFO - Searching for files in /opt/airflow/dags
[2026-03-28T22:10:26.963+0000] {manager.py:740} INFO - There are 3 files in /opt/airflow/dags
[2026-03-28T22:10:41.086+0000] {manager.py:878} INFO - 
================================================================================
DAG File Processing Stats

File Path                                   PID    Runtime      # DAGs    # Errors  Last Runtime    Last Run
------------------------------------------  -----  ---------  --------  ----------  --------------  -------------------
/opt/airflow/dags/filter_questions.py                                1           0  1.05s           2026-03-28T22:10:31
/opt/airflow/dags/extract_data_git_repo.py                           1           0  0.14s           2026-03-28T22:10:14
/opt/airflow/dags/config.py                                          0           0  0.07s           2026-03-28T22:10:14
================================================================================
[2026-03-28T22:11:12.475+0000] {manager.py:878} INFO - 
================================================================================
DAG File Processing Stats

File Path                                   PID    Runtime      # DAGs    # Errors  Last Runtime    Last Run
------------------------------------------  -----  ---------  --------  ----------  --------------  -------------------
/opt/airflow/dags/filter_questions.py                                1           0  1.29s           2026-03-28T22:10:59
/opt/airflow/dags/extract_data_git_repo.py                           1           0  0.59s           2026-03-28T22:10:45
/opt/airflow/dags/config.py                                          0           0  0.31s           2026-03-28T22:10:45
================================================================================
[2026-03-28T22:11:43.748+0000] {manager.py:878} INFO - 
================================================================================
DAG File Processing Stats

File Path                                   PID    Runtime      # DAGs    # Errors  Last Runtime    Last Run
------------------------------------------  -----  ---------  --------  ----------  --------------  -------------------
/opt/airflow/dags/filter_questions.py                                1           0  1.90s           2026-03-28T22:11:38
/opt/airflow/dags/extract_data_git_repo.py                           1           0  0.29s           2026-03-28T22:11:16
/opt/airflow/dags/config.py                                          0           0  0.12s           2026-03-28T22:11:16
================================================================================
